surah,ayah,word_no,root
1,1,1,"س م و"
1,1,2,"ا ل ه"
1,1,3,"ر ح م"
1,1,4,"ر ح م"
1,2,1,"ح م د"
1,2,2,"ا ل ه"
1,2,3,"ر ب ب"
1,2,4,"ع ل م"
1,3,1,"ر ح م"
1,3,2,"ر ح م"
1,4,1,"م ل ك"
1,4,2,"ي و م"
1,4,3,"د ي ن"
1,5,2,"ع ب د"
1,5,4,"ع و ن"
1,6,1,"ه د ي"
1,6,2,"ص ر ط"
1,6,3,"ق و م"
1,7,1,"ص ر ط"
1,7,2,"ٱلَّذِى"
1,7,3,"ن ع م"
1,7,5,"غ ي ر"
1,7,6,"غ ض ب"
1,7,9,"ض ل ل"
2,2,2,"ك ت ب"
2,2,4,"ر ي ب"
2,2,6,"ه د ي"
2,2,7,"و ق ي"
2,3,1,"ٱلَّذِى"
2,3,2,"ا م ن"
2,3,3,"غ ي ب"
2,3,4,"ق و م"
2,3,5,"ص ل و"
2,3,7,"ر ز ق"
2,3,8,"ن ف ق"
2,4,1,"ٱلَّذِى"
2,4,2,"ا م ن"
2,4,4,"ن ز ل"
2,4,5,"إِلَىٰ"
2,4,7,"ن ز ل"
2,4,9,"ق ب ل"
2,4,10,"ا خ ر"
2,4,12,"ي ق ن"
2,5,3,"ه د ي"
2,5,5,"ر ب ب"
2,5,8,"ف ل ح"
2,6,2,"ٱلَّذِى"
2,6,3,"ك ف ر"
2,6,4,"س و ي"
2,6,6,"ن ذ ر"
2,6,7,"أَم"
2,6,9,"ن ذ ر"
2,6,11,"ا م ن"
2,7,1,"خ ت م"
2,7,2,"ا ل ه"
2,7,4,"ق ل ب"
2,7,6,"س م ع"
2,7,8,"ب ص ر"
2,7,9,"غ ش و"
2,7,11,"ع ذ ب"
2,7,12,"ع ظ م"
2,8,2,"ن و س"
2,8,4,"ق و ل"
2,8,5,"ا م ن"
2,8,6,"ا ل ه"
2,8,7,"ي و م"
2,8,8,"ا خ ر"
2,8,11,"ا م ن"
2,9,1,"خ د ع"
2,9,2,"ا ل ه"
2,9,3,"ٱلَّذِى"
2,9,4,"ا م ن"
2,9,6,"خ د ع"
2,9,7,"إِلَّا"
2,9,8,"ن ف س"
2,9,10,"ش ع ر"
2,10,2,"ق ل ب"
2,10,3,"م ر ض"
2,10,4,"ز ي د"
2,10,5,"ا ل ه"
2,10,6,"م ر ض"
2,10,8,"ع ذ ب"
2,10,9,"ا ل م"
2,10,11,"ك و ن"
2,10,12,"ك ذ ب"
2,11,1,"إِذَا"
2,11,2,"ق و ل"
2,11,5,"ف س د"
2,11,7,"ا ر ض"
2,11,8,"ق و ل"
2,11,11,"ص ل ح"
2,12,4,"ف س د"
2,12,7,"ش ع ر"
2,13,1,"إِذَا"
2,13,2,"ق و ل"
2,13,4,"ا م ن"
2,13,6,"ا م ن"
2,13,7,"ن و س"
2,13,8,"ق و ل"
2,13,9,"ا م ن"
2,13,11,"ا م ن"
2,13,12,"س ف ه"
2,13,16,"س ف ه"
2,13,19,"ع ل م"
2,14,1,"إِذَا"
2,14,2,"ل ق ي"
2,14,3,"ٱلَّذِى"
2,14,4,"ا م ن"
2,14,5,"ق و ل"
2,14,6,"ا م ن"
2,14,7,"إِذَا"
2,14,8,"خ ل و"
2,14,9,"إِلَىٰ"
2,14,10,"ش ط ن"
2,14,11,"ق و ل"
2,14,16,"ه ز ا"
2,15,1,"ا ل ه"
2,15,2,"ه ز ا"
2,15,4,"م د د"
2,15,6,"ط غ ي"
2,15,7,"ع م ه"
2,16,2,"ٱلَّذِى"
2,16,3,"ش ر ي"
2,16,4,"ض ل ل"
2,16,5,"ه د ي"
2,16,7,"ر ب ح"
2,16,8,"ت ج ر"
2,16,10,"ك و ن"
2,16,11,"ه د ي"
2,17,1,"م ث ل"
2,17,2,"م ث ل"
2,17,3,"ٱلَّذِى"
2,17,4,"و ق د"
2,17,5,"ن و ر"
2,17,7,"ض و ا"
2,17,9,"ح و ل"
2,17,10,"ذ ه ب"
2,17,11,"ا ل ه"
2,17,12,"ن و ر"
2,17,13,"ت ر ك"
2,17,15,"ظ ل م"
2,17,17,"ب ص ر"
2,18,1,"ص م م"
2,18,2,"ب ك م"
2,18,3,"ع م ي"
2,18,6,"ر ج ع"
2,19,2,"ص و ب"
2,19,4,"س م و"
2,19,6,"ظ ل م"
2,19,7,"ر ع د"
2,19,8,"ب ر ق"
2,19,9,"ج ع ل"
2,19,10,"ص ب ع"
2,19,12,"ا ذ ن"
2,19,14,"ص ع ق"
2,19,15,"ح ذ ر"
2,19,16,"م و ت"
2,19,17,"ا ل ه"
2,19,18,"ح و ط"
2,19,19,"ك ف ر"
2,20,1,"ك و د"
2,20,2,"ب ر ق"
2,20,3,"خ ط ف"
2,20,4,"ب ص ر"
2,20,5,"ك ل ل"
2,20,6,"ض و ا"
2,20,8,"م ش ي"
2,20,10,"إِذَا"
2,20,11,"ظ ل م"
2,20,13,"ق و م"
2,20,15,"ش ي ا"
2,20,16,"ا ل ه"
2,20,17,"ذ ه ب"
2,20,18,"س م ع"
2,20,19,"ب ص ر"
2,20,21,"ا ل ه"
2,20,23,"ك ل ل"
2,20,24,"ش ي ا"
2,20,25,"ق د ر"
2,21,2,"ن و س"
2,21,3,"ع ب د"
2,21,4,"ر ب ب"
2,21,5,"ٱلَّذِى"
2,21,6,"خ ل ق"
2,21,7,"ٱلَّذِى"
2,21,9,"ق ب ل"
2,21,11,"و ق ي"
2,22,1,"ٱلَّذِى"
2,22,2,"ج ع ل"
2,22,4,"ا ر ض"
2,22,5,"ف ر ش"
2,22,6,"س م و"
2,22,7,"ب ن ي"
2,22,8,"ن ز ل"
2,22,10,"س م و"
2,22,11,"م و ه"
2,22,12,"خ ر ج"
2,22,15,"ث م ر"
2,22,16,"ر ز ق"
2,22,19,"ج ع ل"
2,22,20,"ا ل ه"
2,22,21,"ن د د"
2,22,23,"ع ل م"
2,23,2,"ك و ن"
2,23,4,"ر ي ب"
2,23,6,"ن ز ل"
2,23,8,"ع ب د"
2,23,9,"ا ت ي"
2,23,10,"س و ر"
2,23,12,"م ث ل"
2,23,13,"د ع و"
2,23,14,"ش ه د"
2,23,16,"د و ن"
2,23,17,"ا ل ه"
2,23,19,"ك و ن"
2,23,20,"ص د ق"
2,24,3,"ف ع ل"
2,24,5,"ف ع ل"
2,24,6,"و ق ي"
2,24,7,"ن و ر"
2,24,8,"ٱلَّذِى"
2,24,9,"و ق د"
2,24,10,"ن و س"
2,24,11,"ح ج ر"
2,24,12,"ع د د"
2,24,13,"ك ف ر"
2,25,1,"ب ش ر"
2,25,2,"ٱلَّذِى"
2,25,3,"ا م ن"
2,25,4,"ع م ل"
2,25,5,"ص ل ح"
2,25,8,"ج ن ن"
2,25,9,"ج ر ي"
2,25,11,"ت ح ت"
2,25,12,"ن ه ر"
2,25,13,"ك ل ل"
2,25,14,"ر ز ق"
2,25,17,"ث م ر"
2,25,18,"ر ز ق"
2,25,19,"ق و ل"
2,25,21,"ٱلَّذِى"
2,25,22,"ر ز ق"
2,25,24,"ق ب ل"
2,25,25,"ا ت ي"
2,25,27,"ش ب ه"
2,25,30,"ز و ج"
2,25,31,"ط ه ر"
2,25,34,"خ ل د"
2,26,2,"ا ل ه"
2,26,4,"ح ي ي"
2,26,6,"ض ر ب"
2,26,7,"م ث ل"
2,26,9,"ب ع ض"
2,26,11,"ف و ق"
2,26,12,"أَمَّا"
2,26,13,"ٱلَّذِى"
2,26,14,"ا م ن"
2,26,15,"ع ل م"
2,26,17,"ح ق ق"
2,26,19,"ر ب ب"
2,26,20,"أَمَّا"
2,26,21,"ٱلَّذِى"
2,26,22,"ك ف ر"
2,26,23,"ق و ل"
2,26,25,"ر و د"
2,26,26,"ا ل ه"
2,26,28,"م ث ل"
2,26,29,"ض ل ل"
2,26,31,"ك ث ر"
2,26,32,"ه د ي"
2,26,34,"ك ث ر"
2,26,36,"ض ل ل"
2,26,38,"إِلَّا"
2,26,39,"ف س ق"
2,27,1,"ٱلَّذِى"
2,27,2,"ن ق ض"
2,27,3,"ع ه د"
2,27,4,"ا ل ه"
2,27,6,"ب ع د"
2,27,7,"و ث ق"
2,27,8,"ق ط ع"
2,27,10,"ا م ر"
2,27,11,"ا ل ه"
2,27,14,"و ص ل"
2,27,15,"ف س د"
2,27,17,"ا ر ض"
2,27,20,"خ س ر"
2,28,1,"ك ي ف"
2,28,2,"ك ف ر"
2,28,3,"ا ل ه"
2,28,4,"ك و ن"
2,28,5,"م و ت"
2,28,6,"ح ي ي"
2,28,8,"م و ت"
2,28,10,"ح ي ي"
2,28,12,"إِلَىٰ"
2,28,13,"ر ج ع"
2,29,2,"ٱلَّذِى"
2,29,3,"خ ل ق"
2,29,7,"ا ر ض"
2,29,8,"ج م ع"
2,29,10,"س و ي"
2,29,11,"إِلَىٰ"
2,29,12,"س م و"
2,29,13,"س و ي"
2,29,14,"س ب ع"
2,29,15,"س م و"
2,29,17,"ك ل ل"
2,29,18,"ش ي ا"
2,29,19,"ع ل م"
2,30,1,"إِذ"
2,30,2,"ق و ل"
2,30,3,"ر ب ب"
2,30,4,"م ل ك"
2,30,6,"ج ع ل"
2,30,8,"ا ر ض"
2,30,9,"خ ل ف"
2,30,10,"ق و ل"
2,30,11,"ج ع ل"
2,30,14,"ف س د"
2,30,16,"س ف ك"
2,30,17,"د م و"
2,30,19,"س ب ح"
2,30,20,"ح م د"
2,30,21,"ق د س"
2,30,23,"ق و ل"
2,30,25,"ع ل م"
2,30,28,"ع ل م"
2,31,1,"ع ل م"
2,31,2,"آدَم"
2,31,3,"س م و"
2,31,4,"ك ل ل"
2,31,6,"ع ر ض"
2,31,8,"م ل ك"
2,31,9,"ق و ل"
2,31,10,"ن ب ا"
2,31,11,"س م و"
2,31,14,"ك و ن"
2,31,15,"ص د ق"
2,32,1,"ق و ل"
2,32,2,"س ب ح"
2,32,4,"ع ل م"
2,32,6,"إِلَّا"
2,32,8,"ع ل م"
2,32,11,"ع ل م"
2,32,12,"ح ك م"
2,33,1,"ق و ل"
2,33,2,"آدَم"
2,33,3,"ن ب ا"
2,33,4,"س م و"
2,33,6,"ن ب ا"
2,33,7,"س م و"
2,33,8,"ق و ل"
2,33,10,"ق و ل"
2,33,13,"ع ل م"
2,33,14,"غ ي ب"
2,33,15,"س م و"
2,33,16,"ا ر ض"
2,33,17,"ع ل م"
2,33,19,"ب د و"
2,33,21,"ك و ن"
2,33,22,"ك ت م"
2,34,1,"إِذ"
2,34,2,"ق و ل"
2,34,3,"م ل ك"
2,34,4,"س ج د"
2,34,5,"آدَم"
2,34,6,"س ج د"
2,34,7,"إِلَّا"
2,34,8,"إِبْلِيس"
2,34,9,"ا ب ي"
2,34,10,"ك ب ر"
2,34,11,"ك و ن"
2,34,13,"ك ف ر"
2,35,1,"ق و ل"
2,35,2,"آدَم"
2,35,3,"س ك ن"
2,35,5,"ز و ج"
2,35,6,"ج ن ن"
2,35,7,"ا ك ل"
2,35,9,"ر غ د"
2,35,10,"ح ي ث"
2,35,11,"ش ي ا"
2,35,13,"ق ر ب"
2,35,15,"ش ج ر"
2,35,16,"ك و ن"
2,35,18,"ظ ل م"
2,36,1,"ز ل ل"
2,36,2,"ش ط ن"
2,36,4,"خ ر ج"
2,36,6,"ك و ن"
2,36,8,"ق و ل"
2,36,9,"ه ب ط"
2,36,10,"ب ع ض"
2,36,11,"ب ع ض"
2,36,12,"ع د و"
2,36,15,"ا ر ض"
2,36,16,"ق ر ر"
2,36,17,"م ت ع"
2,36,18,"إِلَىٰ"
2,36,19,"ح ي ن"
2,37,1,"ل ق ي"
2,37,2,"آدَم"
2,37,4,"ر ب ب"
2,37,5,"ك ل م"
2,37,6,"ت و ب"
2,37,10,"ت و ب"
2,37,11,"ر ح م"
2,38,1,"ق و ل"
2,38,2,"ه ب ط"
2,38,4,"ج م ع"
2,38,5,"إِمَّا"
2,38,6,"ا ت ي"
2,38,8,"ه د ي"
2,38,10,"ت ب ع"
2,38,11,"ه د ي"
2,38,13,"خ و ف"
2,38,17,"ح ز ن"
2,39,1,"ٱلَّذِى"
2,39,2,"ك ف ر"
2,39,3,"ك ذ ب"
2,39,4,"ا ي ي"
2,39,6,"ص ح ب"
2,39,7,"ن و ر"
2,39,10,"خ ل د"
2,40,1,"ب ن ي"
2,40,2,"إِسْرَائِيل"
2,40,3,"ذ ك ر"
2,40,4,"ن ع م"
2,40,5,"ٱلَّذِى"
2,40,6,"ن ع م"
2,40,8,"و ف ي"
2,40,9,"ع ه د"
2,40,10,"و ف ي"
2,40,11,"ع ه د"
2,40,13,"ر ه ب"
2,41,1,"ا م ن"
2,41,3,"ن ز ل"
2,41,4,"ص د ق"
2,41,8,"ك و ن"
2,41,9,"ا و ل"
2,41,10,"ك ف ر"
2,41,13,"ش ر ي"
2,41,14,"ا ي ي"
2,41,15,"ث م ن"
2,41,16,"ق ل ل"
2,41,18,"و ق ي"
2,42,2,"ل ب س"
2,42,3,"ح ق ق"
2,42,4,"ب ط ل"
2,42,5,"ك ت م"
2,42,6,"ح ق ق"
2,42,8,"ع ل م"
2,43,1,"ق و م"
2,43,2,"ص ل و"
2,43,3,"ا ت ي"
2,43,4,"ز ك و"
2,43,5,"ر ك ع"
2,43,7,"ر ك ع"
2,44,1,"ا م ر"
2,44,2,"ن و س"
2,44,3,"ب ر ر"
2,44,4,"ن س ي"
2,44,5,"ن ف س"
2,44,7,"ت ل و"
2,44,8,"ك ت ب"
2,44,10,"ع ق ل"
2,45,1,"ع و ن"
2,45,2,"ص ب ر"
2,45,3,"ص ل و"
2,45,5,"ك ب ر"
2,45,6,"إِلَّا"
2,45,8,"خ ش ع"
2,46,1,"ٱلَّذِى"
2,46,2,"ظ ن ن"
2,46,4,"ل ق ي"
2,46,5,"ر ب ب"
2,46,7,"إِلَىٰ"
2,46,8,"ر ج ع"
2,47,1,"ب ن ي"
2,47,2,"إِسْرَائِيل"
2,47,3,"ذ ك ر"
2,47,4,"ن ع م"
2,47,5,"ٱلَّذِى"
2,47,6,"ن ع م"
2,47,9,"ف ض ل"
2,47,11,"ع ل م"
2,48,1,"و ق ي"
2,48,2,"ي و م"
2,48,4,"ج ز ي"
2,48,5,"ن ف س"
2,48,7,"ن ف س"
2,48,8,"ش ي ا"
2,48,10,"ق ب ل"
2,48,12,"ش ف ع"
2,48,14,"ا خ ذ"
2,48,16,"ع د ل"
2,48,19,"ن ص ر"
2,49,1,"إِذ"
2,49,2,"ن ج و"
2,49,4,"ا و ل"
2,49,6,"س و م"
2,49,7,"س و ا"
2,49,8,"ع ذ ب"
2,49,9,"ذ ب ح"
2,49,10,"ب ن ي"
2,49,11,"ح ي ي"
2,49,12,"ن س و"
2,49,15,"ب ل و"
2,49,17,"ر ب ب"
2,49,18,"ع ظ م"
2,50,1,"إِذ"
2,50,2,"ف ر ق"
2,50,4,"ب ح ر"
2,50,5,"ن ج و"
2,50,6,"غ ر ق"
2,50,7,"ا و ل"
2,50,10,"ن ظ ر"
2,51,1,"إِذ"
2,51,2,"و ع د"
2,51,4,"ر ب ع"
2,51,5,"ل ي ل"
2,51,7,"ا خ ذ"
2,51,8,"ع ج ل"
2,51,10,"ب ع د"
2,51,12,"ظ ل م"
2,52,2,"ع ف و"
2,52,5,"ب ع د"
2,52,8,"ش ك ر"
2,53,1,"إِذ"
2,53,2,"ا ت ي"
2,53,4,"ك ت ب"
2,53,5,"ف ر ق"
2,53,7,"ه د ي"
2,54,1,"إِذ"
2,54,2,"ق و ل"
2,54,4,"ق و م"
2,54,5,"ق و م"
2,54,7,"ظ ل م"
2,54,8,"ن ف س"
2,54,9,"ا خ ذ"
2,54,10,"ع ج ل"
2,54,11,"ت و ب"
2,54,12,"إِلَىٰ"
2,54,13,"ب ر ا"
2,54,14,"ق ت ل"
2,54,15,"ن ف س"
2,54,17,"خ ي ر"
2,54,19,"ع ن د"
2,54,20,"ب ر ا"
2,54,21,"ت و ب"
2,54,25,"ت و ب"
2,54,26,"ر ح م"
2,55,1,"إِذ"
2,55,2,"ق و ل"
2,55,5,"ا م ن"
2,55,8,"ر ا ي"
2,55,9,"ا ل ه"
2,55,10,"ج ه ر"
2,55,11,"ا خ ذ"
2,55,12,"ص ع ق"
2,55,14,"ن ظ ر"
2,56,2,"ب ع ث"
2,56,4,"ب ع د"
2,56,5,"م و ت"
2,56,7,"ش ك ر"
2,57,1,"ظ ل ل"
2,57,3,"غ م م"
2,57,4,"ن ز ل"
2,57,6,"م ن ن"
2,57,7,"س ل و"
2,57,8,"ا ك ل"
2,57,10,"ط ي ب"
2,57,12,"ر ز ق"
2,57,14,"ظ ل م"
2,57,16,"ك و ن"
2,57,17,"ن ف س"
2,57,18,"ظ ل م"
2,58,1,"إِذ"
2,58,2,"ق و ل"
2,58,3,"د خ ل"
2,58,5,"ق ر ي"
2,58,6,"ا ك ل"
2,58,8,"ح ي ث"
2,58,9,"ش ي ا"
2,58,10,"ر غ د"
2,58,11,"د خ ل"
2,58,12,"ب و ب"
2,58,13,"س ج د"
2,58,14,"ق و ل"
2,58,15,"ح ط ط"
2,58,16,"غ ف ر"
2,58,18,"خ ط ا"
2,58,19,"ز ي د"
2,58,20,"ح س ن"
2,59,1,"ب د ل"
2,59,2,"ٱلَّذِى"
2,59,3,"ظ ل م"
2,59,4,"ق و ل"
2,59,5,"غ ي ر"
2,59,6,"ٱلَّذِى"
2,59,7,"ق و ل"
2,59,9,"ن ز ل"
2,59,11,"ٱلَّذِى"
2,59,12,"ظ ل م"
2,59,13,"ر ج ز"
2,59,15,"س م و"
2,59,17,"ك و ن"
2,59,18,"ف س ق"
2,60,1,"إِذ"
2,60,2,"س ق ي"
2,60,4,"ق و م"
2,60,5,"ق و ل"
2,60,6,"ض ر ب"
2,60,7,"ع ص و"
2,60,8,"ح ج ر"
2,60,9,"ف ج ر"
2,60,11,"ث ن ي"
2,60,12,"ع ش ر"
2,60,13,"ع ي ن"
2,60,15,"ع ل م"
2,60,16,"ك ل ل"
2,60,17,"ا ن س"
2,60,18,"ش ر ب"
2,60,19,"ا ك ل"
2,60,20,"ش ر ب"
2,60,22,"ر ز ق"
2,60,23,"ا ل ه"
2,60,25,"ع ث و"
2,60,27,"ا ر ض"
2,60,28,"ف س د"
2,61,1,"إِذ"
2,61,2,"ق و ل"
2,61,5,"ص ب ر"
2,61,7,"ط ع م"
2,61,8,"و ح د"
2,61,9,"د ع و"
2,61,11,"ر ب ب"
2,61,12,"خ ر ج"
2,61,15,"ن ب ت"
2,61,16,"ا ر ض"
2,61,18,"ب ق ل"
2,61,19,"ق ث ا"
2,61,20,"ف و م"
2,61,21,"ع د س"
2,61,22,"ب ص ل"
2,61,23,"ق و ل"
2,61,24,"ب د ل"
2,61,25,"ٱلَّذِى"
2,61,27,"د ن و"
2,61,28,"ٱلَّذِى"
2,61,30,"خ ي ر"
2,61,31,"ه ب ط"
2,61,32,"م ص ر"
2,61,36,"س ا ل"
2,61,37,"ض ر ب"
2,61,39,"ذ ل ل"
2,61,40,"س ك ن"
2,61,41,"ب و ا"
2,61,42,"غ ض ب"
2,61,44,"ا ل ه"
2,61,47,"ك و ن"
2,61,48,"ك ف ر"
2,61,49,"ا ي ي"
2,61,50,"ا ل ه"
2,61,51,"ق ت ل"
2,61,52,"ن ب ا"
2,61,53,"غ ي ر"
2,61,54,"ح ق ق"
2,61,57,"ع ص ي"
2,61,58,"ك و ن"
2,61,59,"ع د و"
2,62,2,"ٱلَّذِى"
2,62,3,"ا م ن"
2,62,4,"ٱلَّذِى"
2,62,5,"ه و د"
2,62,6,"ن ص ر"
2,62,7,"ص ب ا"
2,62,9,"ا م ن"
2,62,10,"ا ل ه"
2,62,11,"ي و م"
2,62,12,"ا خ ر"
2,62,13,"ع م ل"
2,62,14,"ص ل ح"
2,62,16,"ا ج ر"
2,62,17,"ع ن د"
2,62,18,"ر ب ب"
2,62,20,"خ و ف"
2,62,24,"ح ز ن"
2,63,1,"إِذ"
2,63,2,"ا خ ذ"
2,63,3,"و ث ق"
2,63,4,"ر ف ع"
2,63,5,"ف و ق"
2,63,6,"ط و ر"
2,63,7,"ا خ ذ"
2,63,9,"ا ت ي"
2,63,10,"ق و ي"
2,63,11,"ذ ك ر"
2,63,15,"و ق ي"
2,64,2,"و ل ي"
2,64,4,"ب ع د"
2,64,7,"ف ض ل"
2,64,8,"ا ل ه"
2,64,10,"ر ح م"
2,64,11,"ك و ن"
2,64,13,"خ س ر"
2,65,2,"ع ل م"
2,65,3,"ٱلَّذِى"
2,65,4,"ع د و"
2,65,7,"س ب ت"
2,65,8,"ق و ل"
2,65,10,"ك و ن"
2,65,11,"ق ر د"
2,65,12,"خ س ا"
2,66,1,"ج ع ل"
2,66,2,"ن ك ل"
2,66,4,"ب ي ن"
2,66,5,"ي د ي"
2,66,7,"خ ل ف"
2,66,8,"و ع ظ"
2,66,9,"و ق ي"
2,67,1,"إِذ"
2,67,2,"ق و ل"
2,67,4,"ق و م"
2,67,6,"ا ل ه"
2,67,7,"ا م ر"
2,67,9,"ذ ب ح"
2,67,10,"ب ق ر"
2,67,11,"ق و ل"
2,67,12,"ا خ ذ"
2,67,13,"ه ز ا"
2,67,14,"ق و ل"
2,67,15,"ع و ذ"
2,67,16,"ا ل ه"
2,67,18,"ك و ن"
2,67,20,"ج ه ل"
2,68,1,"ق و ل"
2,68,2,"د ع و"
2,68,4,"ر ب ب"
2,68,5,"ب ي ن"
2,68,9,"ق و ل"
2,68,11,"ق و ل"
2,68,13,"ب ق ر"
2,68,15,"ف ر ض"
2,68,17,"ب ك ر"
2,68,18,"ع و ن"
2,68,19,"ب ي ن"
2,68,21,"ف ع ل"
2,68,23,"ا م ر"
2,69,1,"ق و ل"
2,69,2,"د ع و"
2,69,4,"ر ب ب"
2,69,5,"ب ي ن"
2,69,8,"ل و ن"
2,69,9,"ق و ل"
2,69,11,"ق و ل"
2,69,13,"ب ق ر"
2,69,14,"ص ف ر"
2,69,15,"ف ق ع"
2,69,16,"ل و ن"
2,69,17,"س ر ر"
2,69,18,"ن ظ ر"
2,70,1,"ق و ل"
2,70,2,"د ع و"
2,70,4,"ر ب ب"
2,70,5,"ب ي ن"
2,70,10,"ب ق ر"
2,70,11,"ش ب ه"
2,70,15,"ش ي ا"
2,70,16,"ا ل ه"
2,70,17,"ه د ي"
2,71,1,"ق و ل"
2,71,3,"ق و ل"
2,71,5,"ب ق ر"
2,71,7,"ذ ل ل"
2,71,8,"ث و ر"
2,71,9,"ا ر ض"
2,71,11,"س ق ي"
2,71,12,"ح ر ث"
2,71,13,"س ل م"
2,71,15,"و ش ي"
2,71,17,"ق و ل"
2,71,19,"ج ي ا"
2,71,20,"ح ق ق"
2,71,21,"ذ ب ح"
2,71,23,"ك و د"
2,71,24,"ف ع ل"
2,72,1,"إِذ"
2,72,2,"ق ت ل"
2,72,3,"ن ف س"
2,72,4,"د ر ا"
2,72,6,"ا ل ه"
2,72,7,"خ ر ج"
2,72,9,"ك و ن"
2,72,10,"ك ت م"
2,73,1,"ق و ل"
2,73,2,"ض ر ب"
2,73,3,"ب ع ض"
2,73,5,"ح ي ي"
2,73,6,"ا ل ه"
2,73,7,"م و ت"
2,73,8,"ر ا ي"
2,73,9,"ا ي ي"
2,73,11,"ع ق ل"
2,74,2,"ق س و"
2,74,3,"ق ل ب"
2,74,5,"ب ع د"
2,74,8,"ح ج ر"
2,74,10,"ش د د"
2,74,11,"ق س و"
2,74,14,"ح ج ر"
2,74,16,"ف ج ر"
2,74,18,"ن ه ر"
2,74,22,"ش ق ق"
2,74,23,"خ ر ج"
2,74,25,"م و ه"
2,74,29,"ه ب ط"
2,74,31,"خ ش ي"
2,74,32,"ا ل ه"
2,74,34,"ا ل ه"
2,74,35,"غ ف ل"
2,74,37,"ع م ل"
2,75,1,"ط م ع"
2,75,3,"ا م ن"
2,75,6,"ك و ن"
2,75,7,"ف ر ق"
2,75,9,"س م ع"
2,75,10,"ك ل م"
2,75,11,"ا ل ه"
2,75,13,"ح ر ف"
2,75,15,"ب ع د"
2,75,17,"ع ق ل"
2,75,19,"ع ل م"
2,76,1,"إِذَا"
2,76,2,"ل ق ي"
2,76,3,"ٱلَّذِى"
2,76,4,"ا م ن"
2,76,5,"ق و ل"
2,76,6,"ا م ن"
2,76,7,"إِذَا"
2,76,8,"خ ل و"
2,76,9,"ب ع ض"
2,76,10,"إِلَىٰ"
2,76,11,"ب ع ض"
2,76,12,"ق و ل"
2,76,13,"ح د ث"
2,76,15,"ف ت ح"
2,76,16,"ا ل ه"
2,76,18,"ح ج ج"
2,76,20,"ع ن د"
2,76,21,"ر ب ب"
2,76,23,"ع ق ل"
2,77,2,"ع ل م"
2,77,4,"ا ل ه"
2,77,5,"ع ل م"
2,77,7,"س ر ر"
2,77,9,"ع ل ن"
2,78,2,"ا م م"
2,78,4,"ع ل م"
2,78,5,"ك ت ب"
2,78,6,"إِلَّا"
2,78,7,"م ن ي"
2,78,10,"إِلَّا"
2,78,11,"ظ ن ن"
2,79,2,"ٱلَّذِى"
2,79,3,"ك ت ب"
2,79,4,"ك ت ب"
2,79,5,"ي د ي"
2,79,7,"ق و ل"
2,79,10,"ع ن د"
2,79,11,"ا ل ه"
2,79,12,"ش ر ي"
2,79,14,"ث م ن"
2,79,15,"ق ل ل"
2,79,19,"ك ت ب"
2,79,20,"ي د ي"
2,79,24,"ك س ب"
2,80,1,"ق و ل"
2,80,3,"م س س"
2,80,4,"ن و ر"
2,80,5,"إِلَّا"
2,80,6,"ي و م"
2,80,7,"ع د د"
2,80,8,"ق و ل"
2,80,9,"ا خ ذ"
2,80,10,"ع ن د"
2,80,11,"ا ل ه"
2,80,12,"ع ه د"
2,80,14,"خ ل ف"
2,80,15,"ا ل ه"
2,80,16,"ع ه د"
2,80,17,"أَم"
2,80,18,"ق و ل"
2,80,20,"ا ل ه"
2,80,23,"ع ل م"
2,81,3,"ك س ب"
2,81,4,"س و ا"
2,81,5,"ح و ط"
2,81,7,"خ ط ا"
2,81,9,"ص ح ب"
2,81,10,"ن و ر"
2,81,13,"خ ل د"
2,82,1,"ٱلَّذِى"
2,82,2,"ا م ن"
2,82,3,"ع م ل"
2,82,4,"ص ل ح"
2,82,6,"ص ح ب"
2,82,7,"ج ن ن"
2,82,10,"خ ل د"
2,83,1,"إِذ"
2,83,2,"ا خ ذ"
2,83,3,"و ث ق"
2,83,4,"ب ن ي"
2,83,5,"إِسْرَائِيل"
2,83,7,"ع ب د"
2,83,8,"إِلَّا"
2,83,9,"ا ل ه"
2,83,10,"و ل د"
2,83,11,"ح س ن"
2,83,13,"ق ر ب"
2,83,14,"ي ت م"
2,83,15,"س ك ن"
2,83,16,"ق و ل"
2,83,17,"ن و س"
2,83,18,"ح س ن"
2,83,19,"ق و م"
2,83,20,"ص ل و"
2,83,21,"ا ت ي"
2,83,22,"ز ك و"
2,83,24,"و ل ي"
2,83,25,"إِلَّا"
2,83,26,"ق ل ل"
2,83,29,"ع ر ض"
2,84,1,"إِذ"
2,84,2,"ا خ ذ"
2,84,3,"و ث ق"
2,84,5,"س ف ك"
2,84,6,"د م و"
2,84,8,"خ ر ج"
2,84,9,"ن ف س"
2,84,11,"د و ر"
2,84,13,"ق ر ر"
2,84,15,"ش ه د"
2,85,4,"ق ت ل"
2,85,5,"ن ف س"
2,85,6,"خ ر ج"
2,85,7,"ف ر ق"
2,85,10,"د و ر"
2,85,11,"ظ ه ر"
2,85,13,"ا ث م"
2,85,14,"ع د و"
2,85,16,"ا ت ي"
2,85,17,"ا س ر"
2,85,18,"ف د ي"
2,85,20,"ح ر م"
2,85,22,"خ ر ج"
2,85,23,"ا م ن"
2,85,24,"ب ع ض"
2,85,25,"ك ت ب"
2,85,26,"ك ف ر"
2,85,27,"ب ع ض"
2,85,29,"ج ز ي"
2,85,31,"ف ع ل"
2,85,34,"إِلَّا"
2,85,35,"خ ز ي"
2,85,37,"ح ي ي"
2,85,38,"د ن و"
2,85,39,"ي و م"
2,85,40,"ق و م"
2,85,41,"ر د د"
2,85,42,"إِلَىٰ"
2,85,43,"ش د د"
2,85,44,"ع ذ ب"
2,85,46,"ا ل ه"
2,85,47,"غ ف ل"
2,85,49,"ع م ل"
2,86,2,"ٱلَّذِى"
2,86,3,"ش ر ي"
2,86,4,"ح ي ي"
2,86,5,"د ن و"
2,86,6,"ا خ ر"
2,86,8,"خ ف ف"
2,86,10,"ع ذ ب"
2,86,13,"ن ص ر"
2,87,2,"ا ت ي"
2,87,4,"ك ت ب"
2,87,5,"ق ف و"
2,87,7,"ب ع د"
2,87,8,"ر س ل"
2,87,9,"ا ت ي"
2,87,11,"ب ن ي"
2,87,13,"ب ي ن"
2,87,14,"ا ي د"
2,87,15,"ر و ح"
2,87,16,"ق د س"
2,87,17,"ك ل ل"
2,87,18,"ج ي ا"
2,87,19,"ر س ل"
2,87,22,"ه و ي"
2,87,23,"ن ف س"
2,87,24,"ك ب ر"
2,87,25,"ف ر ق"
2,87,26,"ك ذ ب"
2,87,27,"ف ر ق"
2,87,28,"ق ت ل"
2,88,1,"ق و ل"
2,88,2,"ق ل ب"
2,88,3,"غ ل ف"
2,88,5,"ل ع ن"
2,88,6,"ا ل ه"
2,88,7,"ك ف ر"
2,88,8,"ق ل ل"
2,88,10,"ا م ن"
2,89,2,"ج ي ا"
2,89,3,"ك ت ب"
2,89,5,"ع ن د"
2,89,6,"ا ل ه"
2,89,7,"ص د ق"
2,89,10,"ك و ن"
2,89,12,"ق ب ل"
2,89,13,"ف ت ح"
2,89,15,"ٱلَّذِى"
2,89,16,"ك ف ر"
2,89,18,"ج ي ا"
2,89,20,"ع ر ف"
2,89,21,"ك ف ر"
2,89,23,"ل ع ن"
2,89,24,"ا ل ه"
2,89,26,"ك ف ر"
2,90,1,"ب ا س"
2,90,2,"ش ر ي"
2,90,4,"ن ف س"
2,90,6,"ك ف ر"
2,90,8,"ن ز ل"
2,90,9,"ا ل ه"
2,90,10,"ب غ ي"
2,90,12,"ن ز ل"
2,90,13,"ا ل ه"
2,90,15,"ف ض ل"
2,90,18,"ش ي ا"
2,90,20,"ع ب د"
2,90,21,"ب و ا"
2,90,22,"غ ض ب"
2,90,24,"غ ض ب"
2,90,25,"ك ف ر"
2,90,26,"ع ذ ب"
2,90,27,"ه و ن"
2,91,1,"إِذَا"
2,91,2,"ق و ل"
2,91,4,"ا م ن"
2,91,6,"ن ز ل"
2,91,7,"ا ل ه"
2,91,8,"ق و ل"
2,91,9,"ا م ن"
2,91,11,"ن ز ل"
2,91,13,"ك ف ر"
2,91,15,"و ر ي"
2,91,17,"ح ق ق"
2,91,18,"ص د ق"
2,91,21,"ق و ل"
2,91,23,"ق ت ل"
2,91,24,"ن ب ا"
2,91,25,"ا ل ه"
2,91,27,"ق ب ل"
2,91,29,"ك و ن"
2,91,30,"ا م ن"
2,92,2,"ج ي ا"
2,92,4,"ب ي ن"
2,92,6,"ا خ ذ"
2,92,7,"ع ج ل"
2,92,9,"ب ع د"
2,92,11,"ظ ل م"
2,93,1,"إِذ"
2,93,2,"ا خ ذ"
2,93,3,"و ث ق"
2,93,4,"ر ف ع"
2,93,5,"ف و ق"
2,93,6,"ط و ر"
2,93,7,"ا خ ذ"
2,93,9,"ا ت ي"
2,93,10,"ق و ي"
2,93,11,"س م ع"
2,93,12,"ق و ل"
2,93,13,"س م ع"
2,93,14,"ع ص ي"
2,93,15,"ش ر ب"
2,93,17,"ق ل ب"
2,93,18,"ع ج ل"
2,93,19,"ك ف ر"
2,93,20,"ق و ل"
2,93,21,"ب ا س"
2,93,22,"ا م ر"
2,93,24,"ا م ن"
2,93,26,"ك و ن"
2,93,27,"ا م ن"
2,94,1,"ق و ل"
2,94,3,"ك و ن"
2,94,5,"د و ر"
2,94,6,"ا خ ر"
2,94,7,"ع ن د"
2,94,8,"ا ل ه"
2,94,9,"خ ل ص"
2,94,11,"د و ن"
2,94,12,"ن و س"
2,94,13,"م ن ي"
2,94,14,"م و ت"
2,94,16,"ك و ن"
2,94,17,"ص د ق"
2,95,2,"م ن ي"
2,95,3,"ا ب د"
2,95,5,"ق د م"
2,95,6,"ي د ي"
2,95,7,"ا ل ه"
2,95,8,"ع ل م"
2,95,9,"ظ ل م"
2,96,1,"و ج د"
2,96,2,"ح ر ص"
2,96,3,"ن و س"
2,96,5,"ح ي ي"
2,96,7,"ٱلَّذِى"
2,96,8,"ش ر ك"
2,96,9,"و د د"
2,96,10,"ا ح د"
2,96,12,"ع م ر"
2,96,13,"ا ل ف"
2,96,14,"س ن و"
2,96,17,"ز ح ز ح"
2,96,19,"ع ذ ب"
2,96,21,"ع م ر"
2,96,22,"ا ل ه"
2,96,23,"ب ص ر"
2,96,25,"ع م ل"
2,97,1,"ق و ل"
2,97,3,"ك و ن"
2,97,4,"ع د و"
2,97,7,"ن ز ل"
2,97,9,"ق ل ب"
2,97,10,"ا ذ ن"
2,97,11,"ا ل ه"
2,97,12,"ص د ق"
2,97,14,"ب ي ن"
2,97,15,"ي د ي"
2,97,16,"ه د ي"
2,97,17,"ب ش ر"
2,97,18,"ا م ن"
2,98,2,"ك و ن"
2,98,3,"ع د و"
2,98,4,"ا ل ه"
2,98,5,"م ل ك"
2,98,6,"ر س ل"
2,98,10,"ا ل ه"
2,98,11,"ع د و"
2,98,12,"ك ف ر"
2,99,2,"ن ز ل"
2,99,3,"إِلَىٰ"
2,99,4,"ا ي ي"
2,99,5,"ب ي ن"
2,99,7,"ك ف ر"
2,99,9,"إِلَّا"
2,99,10,"ف س ق"
2,100,1,"ك ل ل"
2,100,2,"ع ه د"
2,100,3,"ع ه د"
2,100,4,"ن ب ذ"
2,100,5,"ف ر ق"
2,100,8,"ك ث ر"
2,100,10,"ا م ن"
2,101,2,"ج ي ا"
2,101,3,"ر س ل"
2,101,5,"ع ن د"
2,101,6,"ا ل ه"
2,101,7,"ص د ق"
2,101,10,"ن ب ذ"
2,101,11,"ف ر ق"
2,101,13,"ٱلَّذِى"
2,101,14,"ا ت ي"
2,101,15,"ك ت ب"
2,101,16,"ك ت ب"
2,101,17,"ا ل ه"
2,101,18,"و ر ي"
2,101,19,"ظ ه ر"
2,101,22,"ع ل م"
2,102,1,"ت ب ع"
2,102,3,"ت ل و"
2,102,4,"ش ط ن"
2,102,6,"م ل ك"
2,102,9,"ك ف ر"
2,102,12,"ش ط ن"
2,102,13,"ك ف ر"
2,102,14,"ع ل م"
2,102,15,"ن و س"
2,102,16,"س ح ر"
2,102,18,"ن ز ل"
2,102,20,"م ل ك"
2,102,25,"ع ل م"
2,102,27,"ا ح د"
2,102,29,"ق و ل"
2,102,32,"ف ت ن"
2,102,34,"ك ف ر"
2,102,35,"ع ل م"
2,102,38,"ف ر ق"
2,102,40,"ب ي ن"
2,102,41,"م ر ا"
2,102,42,"ز و ج"
2,102,45,"ض ر ر"
2,102,48,"ا ح د"
2,102,49,"إِلَّا"
2,102,50,"ا ذ ن"
2,102,51,"ا ل ه"
2,102,52,"ع ل م"
2,102,54,"ض ر ر"
2,102,56,"ن ف ع"
2,102,58,"ع ل م"
2,102,60,"ش ر ي"
2,102,64,"ا خ ر"
2,102,66,"خ ل ق"
2,102,67,"ب ا س"
2,102,69,"ش ر ي"
2,102,71,"ن ف س"
2,102,73,"ك و ن"
2,102,74,"ع ل م"
2,103,3,"ا م ن"
2,103,4,"و ق ي"
2,103,5,"ث و ب"
2,103,7,"ع ن د"
2,103,8,"ا ل ه"
2,103,9,"خ ي ر"
2,103,11,"ك و ن"
2,103,12,"ع ل م"
2,104,2,"ٱلَّذِى"
2,104,3,"ا م ن"
2,104,5,"ق و ل"
2,104,6,"ر ع ي"
2,104,7,"ق و ل"
2,104,8,"ن ظ ر"
2,104,9,"س م ع"
2,104,10,"ك ف ر"
2,104,11,"ع ذ ب"
2,104,12,"ا ل م"
2,105,2,"و د د"
2,105,3,"ٱلَّذِى"
2,105,4,"ك ف ر"
2,105,6,"ا ه ل"
2,105,7,"ك ت ب"
2,105,9,"ش ر ك"
2,105,11,"ن ز ل"
2,105,14,"خ ي ر"
2,105,16,"ر ب ب"
2,105,17,"ا ل ه"
2,105,18,"خ ص ص"
2,105,19,"ر ح م"
2,105,21,"ش ي ا"
2,105,22,"ا ل ه"
2,105,24,"ف ض ل"
2,105,25,"ع ظ م"
2,106,2,"ن س خ"
2,106,4,"ا ي ي"
2,106,6,"ن س ي"
2,106,7,"ا ت ي"
2,106,8,"خ ي ر"
2,106,11,"م ث ل"
2,106,13,"ع ل م"
2,106,15,"ا ل ه"
2,106,17,"ك ل ل"
2,106,18,"ش ي ا"
2,106,19,"ق د ر"
2,107,2,"ع ل م"
2,107,4,"ا ل ه"
2,107,6,"م ل ك"
2,107,7,"س م و"
2,107,8,"ا ر ض"
2,107,12,"د و ن"
2,107,13,"ا ل ه"
2,107,15,"و ل ي"
2,107,17,"ن ص ر"
2,108,1,"أَم"
2,108,2,"ر و د"
2,108,4,"س ا ل"
2,108,5,"ر س ل"
2,108,7,"س ا ل"
2,108,10,"ق ب ل"
2,108,12,"ب د ل"
2,108,13,"ك ف ر"
2,108,14,"ا م ن"
2,108,16,"ض ل ل"
2,108,17,"س و ي"
2,108,18,"س ب ل"
2,109,1,"و د د"
2,109,2,"ك ث ر"
2,109,4,"ا ه ل"
2,109,5,"ك ت ب"
2,109,7,"ر د د"
2,109,9,"ب ع د"
2,109,10,"ا م ن"
2,109,11,"ك ف ر"
2,109,12,"ح س د"
2,109,14,"ع ن د"
2,109,15,"ن ف س"
2,109,17,"ب ع د"
2,109,19,"ب ي ن"
2,109,21,"ح ق ق"
2,109,22,"ع ف و"
2,109,23,"ص ف ح"
2,109,25,"ا ت ي"
2,109,26,"ا ل ه"
2,109,27,"ا م ر"
2,109,29,"ا ل ه"
2,109,31,"ك ل ل"
2,109,32,"ش ي ا"
2,109,33,"ق د ر"
2,110,1,"ق و م"
2,110,2,"ص ل و"
2,110,3,"ا ت ي"
2,110,4,"ز ك و"
2,110,6,"ق د م"
2,110,7,"ن ف س"
2,110,9,"خ ي ر"
2,110,10,"و ج د"
2,110,11,"ع ن د"
2,110,12,"ا ل ه"
2,110,14,"ا ل ه"
2,110,16,"ع م ل"
2,110,17,"ب ص ر"
2,111,1,"ق و ل"
2,111,3,"د خ ل"
2,111,4,"ج ن ن"
2,111,5,"إِلَّا"
2,111,7,"ك و ن"
2,111,8,"ه و د"
2,111,10,"ن ص ر"
2,111,12,"م ن ي"
2,111,13,"ق و ل"
2,111,14,"ه ا ت"
2,111,15,"ب ر ه ن"
2,111,17,"ك و ن"
2,111,18,"ص د ق"
2,112,3,"س ل م"
2,112,4,"و ج ه"
2,112,5,"ا ل ه"
2,112,7,"ح س ن"
2,112,9,"ا ج ر"
2,112,10,"ع ن د"
2,112,11,"ر ب ب"
2,112,13,"خ و ف"
2,112,17,"ح ز ن"
2,113,1,"ق و ل"
2,113,3,"ل ي س"
2,113,4,"ن ص ر"
2,113,6,"ش ي ا"
2,113,7,"ق و ل"
2,113,8,"ن ص ر"
2,113,9,"ل ي س"
2,113,12,"ش ي ا"
2,113,14,"ت ل و"
2,113,15,"ك ت ب"
2,113,17,"ق و ل"
2,113,18,"ٱلَّذِى"
2,113,20,"ع ل م"
2,113,21,"م ث ل"
2,113,22,"ق و ل"
2,113,23,"ا ل ه"
2,113,24,"ح ك م"
2,113,25,"ب ي ن"
2,113,26,"ي و م"
2,113,27,"ق و م"
2,113,29,"ك و ن"
2,113,31,"خ ل ف"
2,114,2,"ظ ل م"
2,114,4,"م ن ع"
2,114,5,"س ج د"
2,114,6,"ا ل ه"
2,114,8,"ذ ك ر"
2,114,10,"س م و"
2,114,11,"س ع ي"
2,114,13,"خ ر ب"
2,114,16,"ك و ن"
2,114,19,"د خ ل"
2,114,20,"إِلَّا"
2,114,21,"خ و ف"
2,114,24,"د ن و"
2,114,25,"خ ز ي"
2,114,28,"ا خ ر"
2,114,29,"ع ذ ب"
2,114,30,"ع ظ م"
2,115,1,"ا ل ه"
2,115,2,"ش ر ق"
2,115,3,"غ ر ب"
2,115,5,"و ل ي"
2,115,7,"و ج ه"
2,115,8,"ا ل ه"
2,115,10,"ا ل ه"
2,115,11,"و س ع"
2,115,12,"ع ل م"
2,116,1,"ق و ل"
2,116,2,"ا خ ذ"
2,116,3,"ا ل ه"
2,116,4,"و ل د"
2,116,5,"س ب ح"
2,116,10,"س م و"
2,116,11,"ا ر ض"
2,116,12,"ك ل ل"
2,116,14,"ق ن ت"
2,117,1,"ب د ع"
2,117,2,"س م و"
2,117,3,"ا ر ض"
2,117,4,"إِذَا"
2,117,5,"ق ض ي"
2,117,6,"ا م ر"
2,117,8,"ق و ل"
2,117,10,"ك و ن"
2,117,11,"ك و ن"
2,118,1,"ق و ل"
2,118,2,"ٱلَّذِى"
2,118,4,"ع ل م"
2,118,6,"ك ل م"
2,118,7,"ا ل ه"
2,118,9,"ا ت ي"
2,118,10,"ا ي ي"
2,118,12,"ق و ل"
2,118,13,"ٱلَّذِى"
2,118,15,"ق ب ل"
2,118,16,"م ث ل"
2,118,17,"ق و ل"
2,118,18,"ش ب ه"
2,118,19,"ق ل ب"
2,118,21,"ب ي ن"
2,118,22,"ا ي ي"
2,118,23,"ق و م"
2,118,24,"ي ق ن"
2,119,2,"ر س ل"
2,119,3,"ح ق ق"
2,119,4,"ب ش ر"
2,119,5,"ن ذ ر"
2,119,7,"س ا ل"
2,119,9,"ص ح ب"
2,119,10,"ج ح م"
2,120,2,"ر ض و"
2,120,6,"ن ص ر"
2,120,8,"ت ب ع"
2,120,9,"م ل ل"
2,120,10,"ق و ل"
2,120,12,"ه د ي"
2,120,13,"ا ل ه"
2,120,15,"ه د ي"
2,120,17,"ت ب ع"
2,120,18,"ه و ي"
2,120,19,"ب ع د"
2,120,20,"ٱلَّذِى"
2,120,21,"ج ي ا"
2,120,23,"ع ل م"
2,120,27,"ا ل ه"
2,120,29,"و ل ي"
2,120,31,"ن ص ر"
2,121,1,"ٱلَّذِى"
2,121,2,"ا ت ي"
2,121,3,"ك ت ب"
2,121,4,"ت ل و"
2,121,5,"ح ق ق"
2,121,6,"ت ل و"
2,121,8,"ا م ن"
2,121,11,"ك ف ر"
2,121,15,"خ س ر"
2,122,1,"ب ن ي"
2,122,2,"إِسْرَائِيل"
2,122,3,"ذ ك ر"
2,122,4,"ن ع م"
2,122,5,"ٱلَّذِى"
2,122,6,"ن ع م"
2,122,9,"ف ض ل"
2,122,11,"ع ل م"
2,123,1,"و ق ي"
2,123,2,"ي و م"
2,123,4,"ج ز ي"
2,123,5,"ن ف س"
2,123,7,"ن ف س"
2,123,8,"ش ي ا"
2,123,10,"ق ب ل"
2,123,12,"ع د ل"
2,123,14,"ن ف ع"
2,123,15,"ش ف ع"
2,123,18,"ن ص ر"
2,124,1,"إِذ"
2,124,2,"ب ل و"
2,124,3,"إِبْرَاهِيم"
2,124,4,"ر ب ب"
2,124,5,"ك ل م"
2,124,6,"ت م م"
2,124,7,"ق و ل"
2,124,9,"ج ع ل"
2,124,10,"ن و س"
2,124,11,"ا م م"
2,124,12,"ق و ل"
2,124,14,"ذ ر ر"
2,124,15,"ق و ل"
2,124,17,"ن ي ل"
2,124,18,"ع ه د"
2,124,19,"ظ ل م"
2,125,1,"إِذ"
2,125,2,"ج ع ل"
2,125,3,"ب ي ت"
2,125,4,"ث و ب"
2,125,5,"ن و س"
2,125,6,"ا م ن"
2,125,7,"ا خ ذ"
2,125,9,"ق و م"
2,125,10,"إِبْرَاهِيم"
2,125,11,"ص ل و"
2,125,12,"ع ه د"
2,125,13,"إِلَىٰ"
2,125,14,"إِبْرَاهِيم"
2,125,15,"إِسْمَاعِيل"
2,125,17,"ط ه ر"
2,125,18,"ب ي ت"
2,125,19,"ط و ف"
2,125,20,"ع ك ف"
2,125,21,"ر ك ع"
2,125,22,"س ج د"
2,126,1,"إِذ"
2,126,2,"ق و ل"
2,126,3,"إِبْرَاهِيم"
2,126,4,"ر ب ب"
2,126,5,"ج ع ل"
2,126,7,"ب ل د"
2,126,8,"ا م ن"
2,126,9,"ر ز ق"
2,126,10,"ا ه ل"
2,126,12,"ث م ر"
2,126,14,"ا م ن"
2,126,16,"ا ل ه"
2,126,17,"ي و م"
2,126,18,"ا خ ر"
2,126,19,"ق و ل"
2,126,21,"ك ف ر"
2,126,22,"م ت ع"
2,126,23,"ق ل ل"
2,126,25,"ض ر ر"
2,126,26,"إِلَىٰ"
2,126,27,"ع ذ ب"
2,126,28,"ن و ر"
2,126,29,"ب ا س"
2,126,30,"ص ي ر"
2,127,1,"إِذ"
2,127,2,"ر ف ع"
2,127,3,"إِبْرَاهِيم"
2,127,4,"ق ع د"
2,127,6,"ب ي ت"
2,127,7,"إِسْمَاعِيل"
2,127,8,"ر ب ب"
2,127,9,"ق ب ل"
2,127,13,"س م ع"
2,127,14,"ع ل م"
2,128,1,"ر ب ب"
2,128,2,"ج ع ل"
2,128,3,"س ل م"
2,128,6,"ذ ر ر"
2,128,7,"ا م م"
2,128,8,"س ل م"
2,128,10,"ر ا ي"
2,128,11,"ن س ك"
2,128,12,"ت و ب"
2,128,16,"ت و ب"
2,128,17,"ر ح م"
2,129,1,"ر ب ب"
2,129,2,"ب ع ث"
2,129,4,"ر س ل"
2,129,6,"ت ل و"
2,129,8,"ا ي ي"
2,129,9,"ع ل م"
2,129,10,"ك ت ب"
2,129,11,"ح ك م"
2,129,12,"ز ك و"
2,129,15,"ع ز ز"
2,129,16,"ح ك م"
2,130,2,"ر غ ب"
2,130,4,"م ل ل"
2,130,5,"إِبْرَاهِيم"
2,130,6,"إِلَّا"
2,130,8,"س ف ه"
2,130,9,"ن ف س"
2,130,11,"ص ف و"
2,130,13,"د ن و"
2,130,16,"ا خ ر"
2,130,18,"ص ل ح"
2,131,1,"إِذ"
2,131,2,"ق و ل"
2,131,4,"ر ب ب"
2,131,5,"س ل م"
2,131,6,"ق و ل"
2,131,7,"س ل م"
2,131,8,"ر ب ب"
2,131,9,"ع ل م"
2,132,1,"و ص ي"
2,132,3,"إِبْرَاهِيم"
2,132,4,"ب ن ي"
2,132,6,"ب ن ي"
2,132,8,"ا ل ه"
2,132,9,"ص ف و"
2,132,11,"د ي ن"
2,132,13,"م و ت"
2,132,14,"إِلَّا"
2,132,16,"س ل م"
2,133,1,"أَم"
2,133,2,"ك و ن"
2,133,3,"ش ه د"
2,133,4,"إِذ"
2,133,5,"ح ض ر"
2,133,7,"م و ت"
2,133,8,"إِذ"
2,133,9,"ق و ل"
2,133,10,"ب ن ي"
2,133,12,"ع ب د"
2,133,14,"ب ع د"
2,133,15,"ق و ل"
2,133,16,"ع ب د"
2,133,17,"ا ل ه"
2,133,18,"ا ل ه"
2,133,19,"ا ب و"
2,133,20,"إِبْرَاهِيم"
2,133,21,"إِسْمَاعِيل"
2,133,22,"إِسْحَاق"
2,133,23,"ا ل ه"
2,133,24,"و ح د"
2,133,27,"س ل م"
2,134,2,"ا م م"
2,134,4,"خ ل و"
2,134,7,"ك س ب"
2,134,10,"ك س ب"
2,134,12,"س ا ل"
2,134,14,"ك و ن"
2,134,15,"ع م ل"
2,135,1,"ق و ل"
2,135,2,"ك و ن"
2,135,3,"ه و د"
2,135,5,"ن ص ر"
2,135,6,"ه د ي"
2,135,7,"ق و ل"
2,135,9,"م ل ل"
2,135,10,"إِبْرَاهِيم"
2,135,11,"ح ن ف"
2,135,13,"ك و ن"
2,135,15,"ش ر ك"
2,136,1,"ق و ل"
2,136,2,"ا م ن"
2,136,3,"ا ل ه"
2,136,5,"ن ز ل"
2,136,6,"إِلَىٰ"
2,136,8,"ن ز ل"
2,136,9,"إِلَىٰ"
2,136,10,"إِبْرَاهِيم"
2,136,11,"إِسْمَاعِيل"
2,136,12,"إِسْحَاق"
2,136,14,"س ب ط"
2,136,16,"ا ت ي"
2,136,20,"ا ت ي"
2,136,21,"ن ب ا"
2,136,23,"ر ب ب"
2,136,25,"ف ر ق"
2,136,26,"ب ي ن"
2,136,27,"ا ح د"
2,136,31,"س ل م"
2,137,2,"ا م ن"
2,137,3,"م ث ل"
2,137,5,"ا م ن"
2,137,8,"ه د ي"
2,137,10,"و ل ي"
2,137,14,"ش ق ق"
2,137,15,"ك ف ي"
2,137,16,"ا ل ه"
2,137,18,"س م ع"
2,137,19,"ع ل م"
2,138,1,"ص ب غ"
2,138,2,"ا ل ه"
2,138,4,"ح س ن"
2,138,6,"ا ل ه"
2,138,7,"ص ب غ"
2,138,10,"ع ب د"
2,139,1,"ق و ل"
2,139,2,"ح ج ج"
2,139,4,"ا ل ه"
2,139,6,"ر ب ب"
2,139,7,"ر ب ب"
2,139,9,"ع م ل"
2,139,11,"ع م ل"
2,139,14,"خ ل ص"
2,140,1,"أَم"
2,140,2,"ق و ل"
2,140,4,"إِبْرَاهِيم"
2,140,5,"إِسْمَاعِيل"
2,140,6,"إِسْحَاق"
2,140,8,"س ب ط"
2,140,9,"ك و ن"
2,140,10,"ه و د"
2,140,12,"ن ص ر"
2,140,13,"ق و ل"
2,140,15,"ع ل م"
2,140,16,"أَم"
2,140,17,"ا ل ه"
2,140,19,"ظ ل م"
2,140,21,"ك ت م"
2,140,22,"ش ه د"
2,140,23,"ع ن د"
2,140,25,"ا ل ه"
2,140,27,"ا ل ه"
2,140,28,"غ ف ل"
2,140,30,"ع م ل"
2,141,2,"ا م م"
2,141,4,"خ ل و"
2,141,7,"ك س ب"
2,141,10,"ك س ب"
2,141,12,"س ا ل"
2,141,14,"ك و ن"
2,141,15,"ع م ل"
2,142,1,"ق و ل"
2,142,2,"س ف ه"
2,142,4,"ن و س"
2,142,6,"و ل ي"
2,142,8,"ق ب ل"
2,142,9,"ٱلَّذِى"
2,142,10,"ك و ن"
2,142,12,"ق و ل"
2,142,13,"ا ل ه"
2,142,14,"ش ر ق"
2,142,15,"غ ر ب"
2,142,16,"ه د ي"
2,142,18,"ش ي ا"
2,142,19,"إِلَىٰ"
2,142,20,"ص ر ط"
2,142,21,"ق و م"
2,143,2,"ج ع ل"
2,143,3,"ا م م"
2,143,4,"و س ط"
2,143,5,"ك و ن"
2,143,6,"ش ه د"
2,143,8,"ن و س"
2,143,9,"ك و ن"
2,143,10,"ر س ل"
2,143,12,"ش ه د"
2,143,14,"ج ع ل"
2,143,15,"ق ب ل"
2,143,16,"ٱلَّذِى"
2,143,17,"ك و ن"
2,143,19,"إِلَّا"
2,143,20,"ع ل م"
2,143,22,"ت ب ع"
2,143,23,"ر س ل"
2,143,25,"ق ل ب"
2,143,27,"ع ق ب"
2,143,29,"ك و ن"
2,143,30,"ك ب ر"
2,143,31,"إِلَّا"
2,143,33,"ٱلَّذِى"
2,143,34,"ه د ي"
2,143,35,"ا ل ه"
2,143,37,"ك و ن"
2,143,38,"ا ل ه"
2,143,39,"ض ي ع"
2,143,40,"ا م ن"
2,143,42,"ا ل ه"
2,143,43,"ن و س"
2,143,44,"ر ا ف"
2,143,45,"ر ح م"
2,144,2,"ر ا ي"
2,144,3,"ق ل ب"
2,144,4,"و ج ه"
2,144,6,"س م و"
2,144,7,"و ل ي"
2,144,8,"ق ب ل"
2,144,9,"ر ض و"
2,144,10,"و ل ي"
2,144,11,"و ج ه"
2,144,12,"ش ط ر"
2,144,13,"س ج د"
2,144,14,"ح ر م"
2,144,15,"ح ي ث"
2,144,17,"ك و ن"
2,144,18,"و ل ي"
2,144,19,"و ج ه"
2,144,20,"ش ط ر"
2,144,22,"ٱلَّذِى"
2,144,23,"ا ت ي"
2,144,24,"ك ت ب"
2,144,25,"ع ل م"
2,144,27,"ح ق ق"
2,144,29,"ر ب ب"
2,144,31,"ا ل ه"
2,144,32,"غ ف ل"
2,144,34,"ع م ل"
2,145,2,"ا ت ي"
2,145,3,"ٱلَّذِى"
2,145,4,"ا ت ي"
2,145,5,"ك ت ب"
2,145,6,"ك ل ل"
2,145,7,"ا ي ي"
2,145,9,"ت ب ع"
2,145,10,"ق ب ل"
2,145,13,"ت ب ع"
2,145,14,"ق ب ل"
2,145,16,"ب ع ض"
2,145,17,"ت ب ع"
2,145,18,"ق ب ل"
2,145,19,"ب ع ض"
2,145,21,"ت ب ع"
2,145,22,"ه و ي"
2,145,24,"ب ع د"
2,145,26,"ج ي ا"
2,145,28,"ع ل م"
2,145,30,"إِذًا"
2,145,32,"ظ ل م"
2,146,1,"ٱلَّذِى"
2,146,2,"ا ت ي"
2,146,3,"ك ت ب"
2,146,4,"ع ر ف"
2,146,6,"ع ر ف"
2,146,7,"ب ن ي"
2,146,9,"ف ر ق"
2,146,11,"ك ت م"
2,146,12,"ح ق ق"
2,146,14,"ع ل م"
2,147,1,"ح ق ق"
2,147,3,"ر ب ب"
2,147,5,"ك و ن"
2,147,7,"م ر ي"
2,148,1,"ك ل ل"
2,148,2,"و ج ه"
2,148,4,"و ل ي"
2,148,5,"س ب ق"
2,148,6,"خ ي ر"
2,148,9,"ك و ن"
2,148,10,"ا ت ي"
2,148,12,"ا ل ه"
2,148,13,"ج م ع"
2,148,15,"ا ل ه"
2,148,17,"ك ل ل"
2,148,18,"ش ي ا"
2,148,19,"ق د ر"
2,149,2,"ح ي ث"
2,149,3,"خ ر ج"
2,149,4,"و ل ي"
2,149,5,"و ج ه"
2,149,6,"ش ط ر"
2,149,7,"س ج د"
2,149,8,"ح ر م"
2,149,10,"ح ق ق"
2,149,12,"ر ب ب"
2,149,14,"ا ل ه"
2,149,15,"غ ف ل"
2,149,17,"ع م ل"
2,150,2,"ح ي ث"
2,150,3,"خ ر ج"
2,150,4,"و ل ي"
2,150,5,"و ج ه"
2,150,6,"ش ط ر"
2,150,7,"س ج د"
2,150,8,"ح ر م"
2,150,9,"ح ي ث"
2,150,11,"ك و ن"
2,150,12,"و ل ي"
2,150,13,"و ج ه"
2,150,14,"ش ط ر"
2,150,16,"ك و ن"
2,150,17,"ن و س"
2,150,19,"ح ج ج"
2,150,20,"إِلَّا"
2,150,21,"ٱلَّذِى"
2,150,22,"ظ ل م"
2,150,25,"خ ش ي"
2,150,26,"خ ش ي"
2,150,27,"ت م م"
2,150,28,"ن ع م"
2,150,31,"ه د ي"
2,151,2,"ر س ل"
2,151,4,"ر س ل"
2,151,6,"ت ل و"
2,151,8,"ا ي ي"
2,151,9,"ز ك و"
2,151,10,"ع ل م"
2,151,11,"ك ت ب"
2,151,12,"ح ك م"
2,151,13,"ع ل م"
2,151,16,"ك و ن"
2,151,17,"ع ل م"
2,152,1,"ذ ك ر"
2,152,2,"ذ ك ر"
2,152,3,"ش ك ر"
2,152,6,"ك ف ر"
2,153,2,"ٱلَّذِى"
2,153,3,"ا م ن"
2,153,4,"ع و ن"
2,153,5,"ص ب ر"
2,153,6,"ص ل و"
2,153,8,"ا ل ه"
2,153,10,"ص ب ر"
2,154,2,"ق و ل"
2,154,4,"ق ت ل"
2,154,6,"س ب ل"
2,154,7,"ا ل ه"
2,154,8,"م و ت"
2,154,10,"ح ي ي"
2,154,13,"ش ع ر"
2,155,1,"ب ل و"
2,155,2,"ش ي ا"
2,155,4,"خ و ف"
2,155,5,"ج و ع"
2,155,6,"ن ق ص"
2,155,8,"م و ل"
2,155,9,"ن ف س"
2,155,10,"ث م ر"
2,155,11,"ب ش ر"
2,155,12,"ص ب ر"
2,156,1,"ٱلَّذِى"
2,156,2,"إِذَا"
2,156,3,"ص و ب"
2,156,4,"ص و ب"
2,156,5,"ق و ل"
2,156,7,"ا ل ه"
2,156,9,"إِلَىٰ"
2,156,10,"ر ج ع"
2,157,3,"ص ل و"
2,157,5,"ر ب ب"
2,157,6,"ر ح م"
2,157,9,"ه د ي"
2,158,5,"ش ع ر"
2,158,6,"ا ل ه"
2,158,8,"ح ج ج"
2,158,9,"ب ي ت"
2,158,11,"ع م ر"
2,158,13,"ج ن ح"
2,158,16,"ط و ف"
2,158,19,"ط و ع"
2,158,20,"خ ي ر"
2,158,22,"ا ل ه"
2,158,23,"ش ك ر"
2,158,24,"ع ل م"
2,159,2,"ٱلَّذِى"
2,159,3,"ك ت م"
2,159,5,"ن ز ل"
2,159,7,"ب ي ن"
2,159,8,"ه د ي"
2,159,10,"ب ع د"
2,159,12,"ب ي ن"
2,159,13,"ن و س"
2,159,15,"ك ت ب"
2,159,17,"ل ع ن"
2,159,18,"ا ل ه"
2,159,19,"ل ع ن"
2,159,20,"ل ع ن"
2,160,1,"إِلَّا"
2,160,2,"ٱلَّذِى"
2,160,3,"ت و ب"
2,160,4,"ص ل ح"
2,160,5,"ب ي ن"
2,160,7,"ت و ب"
2,160,10,"ت و ب"
2,160,11,"ر ح م"
2,161,2,"ٱلَّذِى"
2,161,3,"ك ف ر"
2,161,4,"م و ت"
2,161,6,"ك ف ر"
2,161,9,"ل ع ن"
2,161,10,"ا ل ه"
2,161,11,"م ل ك"
2,161,12,"ن و س"
2,161,13,"ج م ع"
2,162,1,"خ ل د"
2,162,4,"خ ف ف"
2,162,6,"ع ذ ب"
2,162,9,"ن ظ ر"
2,163,1,"ا ل ه"
2,163,2,"ا ل ه"
2,163,3,"و ح د"
2,163,5,"ا ل ه"
2,163,6,"إِلَّا"
2,163,8,"ر ح م"
2,163,9,"ر ح م"
2,164,3,"خ ل ق"
2,164,4,"س م و"
2,164,5,"ا ر ض"
2,164,6,"خ ل ف"
2,164,7,"ل ي ل"
2,164,8,"ن ه ر"
2,164,9,"ف ل ك"
2,164,10,"ٱلَّذِى"
2,164,11,"ج ر ي"
2,164,13,"ب ح ر"
2,164,15,"ن ف ع"
2,164,16,"ن و س"
2,164,18,"ن ز ل"
2,164,19,"ا ل ه"
2,164,21,"س م و"
2,164,23,"م و ه"
2,164,24,"ح ي ي"
2,164,26,"ا ر ض"
2,164,27,"ب ع د"
2,164,28,"م و ت"
2,164,29,"ب ث ث"
2,164,32,"ك ل ل"
2,164,33,"د ب ب"
2,164,34,"ص ر ف"
2,164,35,"ر و ح"
2,164,36,"س ح ب"
2,164,37,"س خ ر"
2,164,38,"ب ي ن"
2,164,39,"س م و"
2,164,40,"ا ر ض"
2,164,41,"ا ي ي"
2,164,42,"ق و م"
2,164,43,"ع ق ل"
2,165,2,"ن و س"
2,165,4,"ا خ ذ"
2,165,6,"د و ن"
2,165,7,"ا ل ه"
2,165,8,"ن د د"
2,165,9,"ح ب ب"
2,165,10,"ح ب ب"
2,165,11,"ا ل ه"
2,165,12,"ٱلَّذِى"
2,165,13,"ا م ن"
2,165,14,"ش د د"
2,165,15,"ح ب ب"
2,165,16,"ا ل ه"
2,165,18,"ر ا ي"
2,165,19,"ٱلَّذِى"
2,165,20,"ظ ل م"
2,165,21,"إِذ"
2,165,22,"ر ا ي"
2,165,23,"ع ذ ب"
2,165,25,"ق و ي"
2,165,26,"ا ل ه"
2,165,27,"ج م ع"
2,165,29,"ا ل ه"
2,165,30,"ش د د"
2,165,31,"ع ذ ب"
2,166,1,"إِذ"
2,166,2,"ب ر ا"
2,166,3,"ٱلَّذِى"
2,166,4,"ت ب ع"
2,166,6,"ٱلَّذِى"
2,166,7,"ت ب ع"
2,166,8,"ر ا ي"
2,166,9,"ع ذ ب"
2,166,10,"ق ط ع"
2,166,12,"س ب ب"
2,167,1,"ق و ل"
2,167,2,"ٱلَّذِى"
2,167,3,"ت ب ع"
2,167,7,"ك ر ر"
2,167,8,"ب ر ا"
2,167,11,"ب ر ا"
2,167,14,"ر ا ي"
2,167,15,"ا ل ه"
2,167,16,"ع م ل"
2,167,17,"ح س ر"
2,167,21,"خ ر ج"
2,167,23,"ن و ر"
2,168,2,"ن و س"
2,168,3,"ا ك ل"
2,168,6,"ا ر ض"
2,168,7,"ح ل ل"
2,168,8,"ط ي ب"
2,168,10,"ت ب ع"
2,168,11,"خ ط و"
2,168,12,"ش ط ن"
2,168,15,"ع د و"
2,168,16,"ب ي ن"
2,169,2,"ا م ر"
2,169,3,"س و ا"
2,169,4,"ف ح ش"
2,169,6,"ق و ل"
2,169,8,"ا ل ه"
2,169,11,"ع ل م"
2,170,1,"إِذَا"
2,170,2,"ق و ل"
2,170,4,"ت ب ع"
2,170,6,"ن ز ل"
2,170,7,"ا ل ه"
2,170,8,"ق و ل"
2,170,10,"ت ب ع"
2,170,12,"ل ف و"
2,170,14,"ا ب و"
2,170,16,"ك و ن"
2,170,17,"ا ب و"
2,170,19,"ع ق ل"
2,170,20,"ش ي ا"
2,170,22,"ه د ي"
2,171,1,"م ث ل"
2,171,2,"ٱلَّذِى"
2,171,3,"ك ف ر"
2,171,4,"م ث ل"
2,171,5,"ٱلَّذِى"
2,171,6,"ن ع ق"
2,171,9,"س م ع"
2,171,10,"إِلَّا"
2,171,11,"د ع و"
2,171,12,"ن د و"
2,171,13,"ص م م"
2,171,14,"ب ك م"
2,171,15,"ع م ي"
2,171,18,"ع ق ل"
2,172,2,"ٱلَّذِى"
2,172,3,"ا م ن"
2,172,4,"ا ك ل"
2,172,6,"ط ي ب"
2,172,8,"ر ز ق"
2,172,9,"ش ك ر"
2,172,10,"ا ل ه"
2,172,12,"ك و ن"
2,172,14,"ع ب د"
2,173,2,"ح ر م"
2,173,4,"م و ت"
2,173,5,"د م و"
2,173,6,"ل ح م"
2,173,7,"خ ن ز ر"
2,173,9,"ه ل ل"
2,173,11,"غ ي ر"
2,173,12,"ا ل ه"
2,173,14,"ض ر ر"
2,173,15,"غ ي ر"
2,173,16,"ب غ ي"
2,173,18,"ع د و"
2,173,20,"ا ث م"
2,173,23,"ا ل ه"
2,173,24,"غ ف ر"
2,173,25,"ر ح م"
2,174,2,"ٱلَّذِى"
2,174,3,"ك ت م"
2,174,5,"ن ز ل"
2,174,6,"ا ل ه"
2,174,8,"ك ت ب"
2,174,9,"ش ر ي"
2,174,11,"ث م ن"
2,174,12,"ق ل ل"
2,174,15,"ا ك ل"
2,174,17,"ب ط ن"
2,174,18,"إِلَّا"
2,174,19,"ن و ر"
2,174,21,"ك ل م"
2,174,22,"ا ل ه"
2,174,23,"ي و م"
2,174,24,"ق و م"
2,174,26,"ز ك و"
2,174,28,"ع ذ ب"
2,174,29,"ا ل م"
2,175,2,"ٱلَّذِى"
2,175,3,"ش ر ي"
2,175,4,"ض ل ل"
2,175,5,"ه د ي"
2,175,6,"ع ذ ب"
2,175,7,"غ ف ر"
2,175,9,"ص ب ر"
2,175,11,"ن و ر"
2,176,3,"ا ل ه"
2,176,4,"ن ز ل"
2,176,5,"ك ت ب"
2,176,6,"ح ق ق"
2,176,8,"ٱلَّذِى"
2,176,9,"خ ل ف"
2,176,11,"ك ت ب"
2,176,13,"ش ق ق"
2,176,14,"ب ع د"
2,177,1,"ل ي س"
2,177,2,"ب ر ر"
2,177,4,"و ل ي"
2,177,5,"و ج ه"
2,177,6,"ق ب ل"
2,177,7,"ش ر ق"
2,177,8,"غ ر ب"
2,177,10,"ب ر ر"
2,177,12,"ا م ن"
2,177,13,"ا ل ه"
2,177,14,"ي و م"
2,177,15,"ا خ ر"
2,177,16,"م ل ك"
2,177,17,"ك ت ب"
2,177,18,"ن ب ا"
2,177,19,"ا ت ي"
2,177,20,"م و ل"
2,177,22,"ح ب ب"
2,177,24,"ق ر ب"
2,177,25,"ي ت م"
2,177,26,"س ك ن"
2,177,27,"ب ن ي"
2,177,28,"س ب ل"
2,177,29,"س ا ل"
2,177,31,"ر ق ب"
2,177,32,"ق و م"
2,177,33,"ص ل و"
2,177,34,"ا ت ي"
2,177,35,"ز ك و"
2,177,36,"و ف ي"
2,177,37,"ع ه د"
2,177,38,"إِذَا"
2,177,39,"ع ه د"
2,177,40,"ص ب ر"
2,177,42,"ب ا س"
2,177,43,"ض ر ر"
2,177,44,"ح ي ن"
2,177,45,"ب ا س"
2,177,47,"ٱلَّذِى"
2,177,48,"ص د ق"
2,177,51,"و ق ي"
2,178,2,"ٱلَّذِى"
2,178,3,"ا م ن"
2,178,4,"ك ت ب"
2,178,6,"ق ص ص"
2,178,8,"ق ت ل"
2,178,9,"ح ر ر"
2,178,10,"ح ر ر"
2,178,11,"ع ب د"
2,178,12,"ع ب د"
2,178,13,"ا ن ث"
2,178,14,"ا ن ث"
2,178,16,"ع ف و"
2,178,19,"ا خ و"
2,178,20,"ش ي ا"
2,178,21,"ت ب ع"
2,178,22,"ع ر ف"
2,178,23,"ا د ي"
2,178,24,"إِلَىٰ"
2,178,25,"ح س ن"
2,178,27,"خ ف ف"
2,178,29,"ر ب ب"
2,178,30,"ر ح م"
2,178,32,"ع د و"
2,178,33,"ب ع د"
2,178,36,"ع ذ ب"
2,178,37,"ا ل م"
2,179,3,"ق ص ص"
2,179,4,"ح ي ي"
2,179,5,"ا و ل"
2,179,6,"ل ب ب"
2,179,8,"و ق ي"
2,180,1,"ك ت ب"
2,180,3,"إِذَا"
2,180,4,"ح ض ر"
2,180,5,"ا ح د"
2,180,6,"م و ت"
2,180,8,"ت ر ك"
2,180,9,"خ ي ر"
2,180,10,"و ص ي"
2,180,11,"و ل د"
2,180,12,"ق ر ب"
2,180,13,"ع ر ف"
2,180,14,"ح ق ق"
2,180,16,"و ق ي"
2,181,2,"ب د ل"
2,181,3,"ب ع د"
2,181,4,"س م ع"
2,181,6,"ا ث م"
2,181,8,"ٱلَّذِى"
2,181,9,"ب د ل"
2,181,11,"ا ل ه"
2,181,12,"س م ع"
2,181,13,"ع ل م"
2,182,2,"خ و ف"
2,182,4,"و ص ي"
2,182,5,"ج ن ف"
2,182,7,"ا ث م"
2,182,8,"ص ل ح"
2,182,9,"ب ي ن"
2,182,11,"ا ث م"
2,182,14,"ا ل ه"
2,182,15,"غ ف ر"
2,182,16,"ر ح م"
2,183,2,"ٱلَّذِى"
2,183,3,"ا م ن"
2,183,4,"ك ت ب"
2,183,6,"ص و م"
2,183,8,"ك ت ب"
2,183,10,"ٱلَّذِى"
2,183,12,"ق ب ل"
2,183,14,"و ق ي"
2,184,1,"ي و م"
2,184,2,"ع د د"
2,184,4,"ك و ن"
2,184,6,"م ر ض"
2,184,9,"س ف ر"
2,184,10,"ع د د"
2,184,12,"ي و م"
2,184,13,"ا خ ر"
2,184,15,"ٱلَّذِى"
2,184,16,"ط و ق"
2,184,17,"ف د ي"
2,184,18,"ط ع م"
2,184,19,"س ك ن"
2,184,21,"ط و ع"
2,184,22,"خ ي ر"
2,184,24,"خ ي ر"
2,184,27,"ص و م"
2,184,28,"خ ي ر"
2,184,31,"ك و ن"
2,184,32,"ع ل م"
2,185,1,"ش ه ر"
2,185,3,"ٱلَّذِى"
2,185,4,"ن ز ل"
2,185,6,"ق ر ا"
2,185,7,"ه د ي"
2,185,8,"ن و س"
2,185,9,"ب ي ن"
2,185,11,"ه د ي"
2,185,12,"ف ر ق"
2,185,14,"ش ه د"
2,185,16,"ش ه ر"
2,185,17,"ص و م"
2,185,19,"ك و ن"
2,185,20,"م ر ض"
2,185,23,"س ف ر"
2,185,24,"ع د د"
2,185,26,"ي و م"
2,185,27,"ا خ ر"
2,185,28,"ر و د"
2,185,29,"ا ل ه"
2,185,31,"ي س ر"
2,185,33,"ر و د"
2,185,35,"ع س ر"
2,185,36,"ك م ل"
2,185,37,"ع د د"
2,185,38,"ك ب ر"
2,185,39,"ا ل ه"
2,185,42,"ه د ي"
2,185,44,"ش ك ر"
2,186,1,"إِذَا"
2,186,2,"س ا ل"
2,186,3,"ع ب د"
2,186,6,"ق ر ب"
2,186,7,"ج و ب"
2,186,8,"د ع و"
2,186,9,"د ع و"
2,186,10,"إِذَا"
2,186,11,"د ع و"
2,186,12,"ج و ب"
2,186,14,"ا م ن"
2,186,17,"ر ش د"
2,187,1,"ح ل ل"
2,187,3,"ل ي ل"
2,187,4,"ص و م"
2,187,5,"ر ف ث"
2,187,6,"إِلَىٰ"
2,187,7,"ن س و"
2,187,9,"ل ب س"
2,187,12,"ل ب س"
2,187,14,"ع ل م"
2,187,15,"ا ل ه"
2,187,17,"ك و ن"
2,187,18,"خ و ن"
2,187,19,"ن ف س"
2,187,20,"ت و ب"
2,187,22,"ع ف و"
2,187,25,"ب ش ر"
2,187,26,"ب غ ي"
2,187,28,"ك ت ب"
2,187,29,"ا ل ه"
2,187,31,"ا ك ل"
2,187,32,"ش ر ب"
2,187,34,"ب ي ن"
2,187,36,"خ ي ط"
2,187,37,"ب ي ض"
2,187,39,"خ ي ط"
2,187,40,"س و د"
2,187,42,"ف ج ر"
2,187,44,"ت م م"
2,187,45,"ص و م"
2,187,46,"إِلَىٰ"
2,187,47,"ل ي ل"
2,187,49,"ب ش ر"
2,187,51,"ع ك ف"
2,187,53,"س ج د"
2,187,55,"ح د د"
2,187,56,"ا ل ه"
2,187,58,"ق ر ب"
2,187,60,"ب ي ن"
2,187,61,"ا ل ه"
2,187,62,"ا ي ي"
2,187,63,"ن و س"
2,187,65,"و ق ي"
2,188,2,"ا ك ل"
2,188,3,"م و ل"
2,188,4,"ب ي ن"
2,188,5,"ب ط ل"
2,188,6,"د ل و"
2,188,8,"إِلَىٰ"
2,188,9,"ح ك م"
2,188,10,"ا ك ل"
2,188,11,"ف ر ق"
2,188,13,"م و ل"
2,188,14,"ن و س"
2,188,15,"ا ث م"
2,188,17,"ع ل م"
2,189,1,"س ا ل"
2,189,3,"ه ل ل"
2,189,4,"ق و ل"
2,189,6,"و ق ت"
2,189,7,"ن و س"
2,189,8,"ح ج ج"
2,189,9,"ل ي س"
2,189,10,"ب ر ر"
2,189,12,"ا ت ي"
2,189,13,"ب ي ت"
2,189,15,"ظ ه ر"
2,189,17,"ب ر ر"
2,189,19,"و ق ي"
2,189,20,"ا ت ي"
2,189,21,"ب ي ت"
2,189,23,"ب و ب"
2,189,24,"و ق ي"
2,189,25,"ا ل ه"
2,189,27,"ف ل ح"
2,190,1,"ق ت ل"
2,190,3,"س ب ل"
2,190,4,"ا ل ه"
2,190,5,"ٱلَّذِى"
2,190,6,"ق ت ل"
2,190,8,"ع د و"
2,190,10,"ا ل ه"
2,190,12,"ح ب ب"
2,190,13,"ع د و"
2,191,1,"ق ت ل"
2,191,2,"ح ي ث"
2,191,3,"ث ق ف"
2,191,4,"خ ر ج"
2,191,6,"ح ي ث"
2,191,7,"خ ر ج"
2,191,8,"ف ت ن"
2,191,9,"ش د د"
2,191,11,"ق ت ل"
2,191,13,"ق ت ل"
2,191,14,"ع ن د"
2,191,15,"س ج د"
2,191,16,"ح ر م"
2,191,18,"ق ت ل"
2,191,21,"ق ت ل"
2,191,22,"ق ت ل"
2,191,24,"ج ز ي"
2,191,25,"ك ف ر"
2,192,2,"ن ه ي"
2,192,4,"ا ل ه"
2,192,5,"غ ف ر"
2,192,6,"ر ح م"
2,193,1,"ق ت ل"
2,193,4,"ك و ن"
2,193,5,"ف ت ن"
2,193,6,"ك و ن"
2,193,7,"د ي ن"
2,193,8,"ا ل ه"
2,193,10,"ن ه ي"
2,193,12,"ع د و"
2,193,13,"إِلَّا"
2,193,15,"ظ ل م"
2,194,1,"ش ه ر"
2,194,2,"ح ر م"
2,194,3,"ش ه ر"
2,194,4,"ح ر م"
2,194,5,"ح ر م"
2,194,6,"ق ص ص"
2,194,8,"ع د و"
2,194,10,"ع د و"
2,194,12,"م ث ل"
2,194,14,"ع د و"
2,194,16,"و ق ي"
2,194,17,"ا ل ه"
2,194,18,"ع ل م"
2,194,20,"ا ل ه"
2,194,22,"و ق ي"
2,195,1,"ن ف ق"
2,195,3,"س ب ل"
2,195,4,"ا ل ه"
2,195,6,"ل ق ي"
2,195,7,"ي د ي"
2,195,8,"إِلَىٰ"
2,195,9,"ه ل ك"
2,195,10,"ح س ن"
2,195,12,"ا ل ه"
2,195,13,"ح ب ب"
2,195,14,"ح س ن"
2,196,1,"ت م م"
2,196,2,"ح ج ج"
2,196,3,"ع م ر"
2,196,4,"ا ل ه"
2,196,6,"ح ص ر"
2,196,8,"ي س ر"
2,196,10,"ه د ي"
2,196,12,"ح ل ق"
2,196,13,"ر ا س"
2,196,15,"ب ل غ"
2,196,16,"ه د ي"
2,196,17,"ح ل ل"
2,196,19,"ك و ن"
2,196,21,"م ر ض"
2,196,24,"ا ذ ي"
2,196,26,"ر ا س"
2,196,27,"ف د ي"
2,196,29,"ص و م"
2,196,31,"ص د ق"
2,196,33,"ن س ك"
2,196,34,"إِذَا"
2,196,35,"ا م ن"
2,196,37,"م ت ع"
2,196,38,"ع م ر"
2,196,39,"إِلَىٰ"
2,196,40,"ح ج ج"
2,196,42,"ي س ر"
2,196,44,"ه د ي"
2,196,47,"و ج د"
2,196,48,"ص و م"
2,196,49,"ث ل ث"
2,196,50,"ي و م"
2,196,52,"ح ج ج"
2,196,53,"س ب ع"
2,196,54,"إِذَا"
2,196,55,"ر ج ع"
2,196,57,"ع ش ر"
2,196,58,"ك م ل"
2,196,62,"ك و ن"
2,196,63,"ا ه ل"
2,196,64,"ح ض ر"
2,196,65,"س ج د"
2,196,66,"ح ر م"
2,196,67,"و ق ي"
2,196,68,"ا ل ه"
2,196,69,"ع ل م"
2,196,71,"ا ل ه"
2,196,72,"ش د د"
2,196,73,"ع ق ب"
2,197,1,"ح ج ج"
2,197,2,"ش ه ر"
2,197,3,"ع ل م"
2,197,5,"ف ر ض"
2,197,7,"ح ج ج"
2,197,9,"ر ف ث"
2,197,11,"ف س ق"
2,197,13,"ج د ل"
2,197,15,"ح ج ج"
2,197,17,"ف ع ل"
2,197,19,"خ ي ر"
2,197,20,"ع ل م"
2,197,21,"ا ل ه"
2,197,22,"ز و د"
2,197,24,"خ ي ر"
2,197,25,"ز و د"
2,197,26,"و ق ي"
2,197,27,"و ق ي"
2,197,28,"ا و ل"
2,197,29,"ل ب ب"
2,198,1,"ل ي س"
2,198,3,"ج ن ح"
2,198,5,"ب غ ي"
2,198,6,"ف ض ل"
2,198,8,"ر ب ب"
2,198,9,"إِذَا"
2,198,10,"ف ي ض"
2,198,13,"ذ ك ر"
2,198,14,"ا ل ه"
2,198,15,"ع ن د"
2,198,16,"ش ع ر"
2,198,17,"ح ر م"
2,198,18,"ذ ك ر"
2,198,20,"ه د ي"
2,198,22,"ك و ن"
2,198,24,"ق ب ل"
2,198,26,"ض ل ل"
2,199,2,"ف ي ض"
2,199,4,"ح ي ث"
2,199,5,"ف ي ض"
2,199,6,"ن و س"
2,199,7,"غ ف ر"
2,199,8,"ا ل ه"
2,199,10,"ا ل ه"
2,199,11,"غ ف ر"
2,199,12,"ر ح م"
2,200,1,"إِذَا"
2,200,2,"ق ض ي"
2,200,3,"ن س ك"
2,200,4,"ذ ك ر"
2,200,5,"ا ل ه"
2,200,6,"ذ ك ر"
2,200,7,"ا ب و"
2,200,9,"ش د د"
2,200,10,"ذ ك ر"
2,200,12,"ن و س"
2,200,14,"ق و ل"
2,200,15,"ر ب ب"
2,200,16,"ا ت ي"
2,200,18,"د ن و"
2,200,22,"ا خ ر"
2,200,24,"خ ل ق"
2,201,3,"ق و ل"
2,201,4,"ر ب ب"
2,201,5,"ا ت ي"
2,201,7,"د ن و"
2,201,8,"ح س ن"
2,201,10,"ا خ ر"
2,201,11,"ح س ن"
2,201,12,"و ق ي"
2,201,13,"ع ذ ب"
2,201,14,"ن و ر"
2,202,3,"ن ص ب"
2,202,5,"ك س ب"
2,202,6,"ا ل ه"
2,202,7,"س ر ع"
2,202,8,"ح س ب"
2,203,1,"ذ ك ر"
2,203,2,"ا ل ه"
2,203,4,"ي و م"
2,203,5,"ع د د"
2,203,7,"ع ج ل"
2,203,9,"ي و م"
2,203,11,"ا ث م"
2,203,14,"ا خ ر"
2,203,16,"ا ث م"
2,203,19,"و ق ي"
2,203,20,"و ق ي"
2,203,21,"ا ل ه"
2,203,22,"ع ل م"
2,203,24,"إِلَىٰ"
2,203,25,"ح ش ر"
2,204,2,"ن و س"
2,204,4,"ع ج ب"
2,204,5,"ق و ل"
2,204,7,"ح ي ي"
2,204,8,"د ن و"
2,204,9,"ش ه د"
2,204,10,"ا ل ه"
2,204,14,"ق ل ب"
2,204,16,"ل د د"
2,204,17,"خ ص م"
2,205,1,"إِذَا"
2,205,2,"و ل ي"
2,205,3,"س ع ي"
2,205,5,"ا ر ض"
2,205,6,"ف س د"
2,205,8,"ه ل ك"
2,205,9,"ح ر ث"
2,205,10,"ن س ل"
2,205,11,"ا ل ه"
2,205,13,"ح ب ب"
2,205,14,"ف س د"
2,206,1,"إِذَا"
2,206,2,"ق و ل"
2,206,4,"و ق ي"
2,206,5,"ا ل ه"
2,206,6,"ا خ ذ"
2,206,7,"ع ز ز"
2,206,8,"ا ث م"
2,206,9,"ح س ب"
2,206,11,"ب ا س"
2,206,12,"م ه د"
2,207,2,"ن و س"
2,207,4,"ش ر ي"
2,207,5,"ن ف س"
2,207,6,"ب غ ي"
2,207,7,"ر ض و"
2,207,8,"ا ل ه"
2,207,9,"ا ل ه"
2,207,10,"ر ا ف"
2,207,11,"ع ب د"
2,208,2,"ٱلَّذِى"
2,208,3,"ا م ن"
2,208,4,"د خ ل"
2,208,6,"س ل م"
2,208,7,"ك ف ف"
2,208,9,"ت ب ع"
2,208,10,"خ ط و"
2,208,11,"ش ط ن"
2,208,14,"ع د و"
2,208,15,"ب ي ن"
2,209,2,"ز ل ل"
2,209,4,"ب ع د"
2,209,6,"ج ي ا"
2,209,7,"ب ي ن"
2,209,8,"ع ل م"
2,209,10,"ا ل ه"
2,209,11,"ع ز ز"
2,209,12,"ح ك م"
2,210,2,"ن ظ ر"
2,210,3,"إِلَّا"
2,210,5,"ا ت ي"
2,210,6,"ا ل ه"
2,210,8,"ظ ل ل"
2,210,10,"غ م م"
2,210,11,"م ل ك"
2,210,12,"ق ض ي"
2,210,13,"ا م ر"
2,210,14,"إِلَىٰ"
2,210,15,"ا ل ه"
2,210,16,"ر ج ع"
2,210,17,"ا م ر"
2,211,1,"س ا ل"
2,211,2,"ب ن ي"
2,211,3,"إِسْرَائِيل"
2,211,5,"ا ت ي"
2,211,7,"ا ي ي"
2,211,8,"ب ي ن"
2,211,10,"ب د ل"
2,211,11,"ن ع م"
2,211,12,"ا ل ه"
2,211,14,"ب ع د"
2,211,16,"ج ي ا"
2,211,18,"ا ل ه"
2,211,19,"ش د د"
2,211,20,"ع ق ب"
2,212,1,"ز ي ن"
2,212,2,"ٱلَّذِى"
2,212,3,"ك ف ر"
2,212,4,"ح ي ي"
2,212,5,"د ن و"
2,212,6,"س خ ر"
2,212,8,"ٱلَّذِى"
2,212,9,"ا م ن"
2,212,10,"ٱلَّذِى"
2,212,11,"و ق ي"
2,212,12,"ف و ق"
2,212,13,"ي و م"
2,212,14,"ق و م"
2,212,15,"ا ل ه"
2,212,16,"ر ز ق"
2,212,18,"ش ي ا"
2,212,19,"غ ي ر"
2,212,20,"ح س ب"
2,213,1,"ك و ن"
2,213,2,"ن و س"
2,213,3,"ا م م"
2,213,4,"و ح د"
2,213,5,"ب ع ث"
2,213,6,"ا ل ه"
2,213,7,"ن ب ا"
2,213,8,"ب ش ر"
2,213,9,"ن ذ ر"
2,213,10,"ن ز ل"
2,213,12,"ك ت ب"
2,213,13,"ح ق ق"
2,213,14,"ح ك م"
2,213,15,"ب ي ن"
2,213,16,"ن و س"
2,213,18,"خ ل ف"
2,213,21,"خ ل ف"
2,213,23,"إِلَّا"
2,213,24,"ٱلَّذِى"
2,213,25,"ا ت ي"
2,213,27,"ب ع د"
2,213,29,"ج ي ا"
2,213,30,"ب ي ن"
2,213,31,"ب غ ي"
2,213,32,"ب ي ن"
2,213,33,"ه د ي"
2,213,34,"ا ل ه"
2,213,35,"ٱلَّذِى"
2,213,36,"ا م ن"
2,213,38,"خ ل ف"
2,213,41,"ح ق ق"
2,213,42,"ا ذ ن"
2,213,43,"ا ل ه"
2,213,44,"ه د ي"
2,213,46,"ش ي ا"
2,213,47,"إِلَىٰ"
2,213,48,"ص ر ط"
2,213,49,"ق و م"
2,214,1,"أَم"
2,214,2,"ح س ب"
2,214,4,"د خ ل"
2,214,5,"ج ن ن"
2,214,7,"ا ت ي"
2,214,8,"م ث ل"
2,214,9,"ٱلَّذِى"
2,214,10,"خ ل و"
2,214,12,"ق ب ل"
2,214,13,"م س س"
2,214,14,"ب ا س"
2,214,15,"ض ر ر"
2,214,16,"ز ل ز ل"
2,214,18,"ق و ل"
2,214,19,"ر س ل"
2,214,20,"ٱلَّذِى"
2,214,21,"ا م ن"
2,214,24,"ن ص ر"
2,214,25,"ا ل ه"
2,214,28,"ن ص ر"
2,214,29,"ا ل ه"
2,214,30,"ق ر ب"
2,215,1,"س ا ل"
2,215,3,"ن ف ق"
2,215,4,"ق و ل"
2,215,6,"ن ف ق"
2,215,8,"خ ي ر"
2,215,9,"و ل د"
2,215,10,"ق ر ب"
2,215,11,"ي ت م"
2,215,12,"س ك ن"
2,215,13,"ب ن ي"
2,215,14,"س ب ل"
2,215,16,"ف ع ل"
2,215,18,"خ ي ر"
2,215,20,"ا ل ه"
2,215,22,"ع ل م"
2,216,1,"ك ت ب"
2,216,3,"ق ت ل"
2,216,5,"ك ر ه"
2,216,7,"ع س ي"
2,216,9,"ك ر ه"
2,216,10,"ش ي ا"
2,216,12,"خ ي ر"
2,216,14,"ع س ي"
2,216,16,"ح ب ب"
2,216,17,"ش ي ا"
2,216,19,"ش ر ر"
2,216,21,"ا ل ه"
2,216,22,"ع ل م"
2,216,25,"ع ل م"
2,217,1,"س ا ل"
2,217,3,"ش ه ر"
2,217,4,"ح ر م"
2,217,5,"ق ت ل"
2,217,7,"ق و ل"
2,217,8,"ق ت ل"
2,217,10,"ك ب ر"
2,217,11,"ص د د"
2,217,13,"س ب ل"
2,217,14,"ا ل ه"
2,217,15,"ك ف ر"
2,217,17,"س ج د"
2,217,18,"ح ر م"
2,217,19,"خ ر ج"
2,217,20,"ا ه ل"
2,217,22,"ك ب ر"
2,217,23,"ع ن د"
2,217,24,"ا ل ه"
2,217,25,"ف ت ن"
2,217,26,"ك ب ر"
2,217,28,"ق ت ل"
2,217,30,"ز ي ل"
2,217,31,"ق ت ل"
2,217,33,"ر د د"
2,217,35,"د ي ن"
2,217,37,"ط و ع"
2,217,39,"ر د د"
2,217,42,"د ي ن"
2,217,43,"م و ت"
2,217,45,"ك ف ر"
2,217,47,"ح ب ط"
2,217,48,"ع م ل"
2,217,50,"د ن و"
2,217,51,"ا خ ر"
2,217,53,"ص ح ب"
2,217,54,"ن و ر"
2,217,57,"خ ل د"
2,218,2,"ٱلَّذِى"
2,218,3,"ا م ن"
2,218,4,"ٱلَّذِى"
2,218,5,"ه ج ر"
2,218,6,"ج ه د"
2,218,8,"س ب ل"
2,218,9,"ا ل ه"
2,218,11,"ر ج و"
2,218,12,"ر ح م"
2,218,13,"ا ل ه"
2,218,14,"ا ل ه"
2,218,15,"غ ف ر"
2,218,16,"ر ح م"
2,219,1,"س ا ل"
2,219,3,"خ م ر"
2,219,4,"ي س ر"
2,219,5,"ق و ل"
2,219,7,"ا ث م"
2,219,8,"ك ب ر"
2,219,9,"ن ف ع"
2,219,10,"ن و س"
2,219,11,"ا ث م"
2,219,12,"ك ب ر"
2,219,14,"ن ف ع"
2,219,15,"س ا ل"
2,219,17,"ن ف ق"
2,219,18,"ق و ل"
2,219,19,"ع ف و"
2,219,21,"ب ي ن"
2,219,22,"ا ل ه"
2,219,24,"ا ي ي"
2,219,26,"ف ك ر"
2,220,2,"د ن و"
2,220,3,"ا خ ر"
2,220,4,"س ا ل"
2,220,6,"ي ت م"
2,220,7,"ق و ل"
2,220,8,"ص ل ح"
2,220,10,"خ ي ر"
2,220,12,"خ ل ط"
2,220,13,"ا خ و"
2,220,14,"ا ل ه"
2,220,15,"ع ل م"
2,220,16,"ف س د"
2,220,18,"ص ل ح"
2,220,20,"ش ي ا"
2,220,21,"ا ل ه"
2,220,22,"ع ن ت"
2,220,24,"ا ل ه"
2,220,25,"ع ز ز"
2,220,26,"ح ك م"
2,221,2,"ن ك ح"
2,221,3,"ش ر ك"
2,221,5,"ا م ن"
2,221,6,"ا م و"
2,221,7,"ا م ن"
2,221,8,"خ ي ر"
2,221,10,"ش ر ك"
2,221,12,"ع ج ب"
2,221,14,"ن ك ح"
2,221,15,"ش ر ك"
2,221,17,"ا م ن"
2,221,18,"ع ب د"
2,221,19,"ا م ن"
2,221,20,"خ ي ر"
2,221,22,"ش ر ك"
2,221,24,"ع ج ب"
2,221,26,"د ع و"
2,221,27,"إِلَىٰ"
2,221,28,"ن و ر"
2,221,29,"ا ل ه"
2,221,30,"د ع و"
2,221,31,"إِلَىٰ"
2,221,32,"ج ن ن"
2,221,33,"غ ف ر"
2,221,34,"ا ذ ن"
2,221,35,"ب ي ن"
2,221,36,"ا ي ي"
2,221,37,"ن و س"
2,221,39,"ذ ك ر"
2,222,1,"س ا ل"
2,222,3,"ح ي ض"
2,222,4,"ق و ل"
2,222,6,"ا ذ ي"
2,222,7,"ع ز ل"
2,222,8,"ن س و"
2,222,10,"ح ي ض"
2,222,12,"ق ر ب"
2,222,14,"ط ه ر"
2,222,15,"إِذَا"
2,222,16,"ط ه ر"
2,222,17,"ا ت ي"
2,222,19,"ح ي ث"
2,222,20,"ا م ر"
2,222,21,"ا ل ه"
2,222,23,"ا ل ه"
2,222,24,"ح ب ب"
2,222,25,"ت و ب"
2,222,26,"ح ب ب"
2,222,27,"ط ه ر"
2,223,1,"ن س و"
2,223,2,"ح ر ث"
2,223,4,"ا ت ي"
2,223,5,"ح ر ث"
2,223,6,"ا ن ي"
2,223,7,"ش ي ا"
2,223,8,"ق د م"
2,223,9,"ن ف س"
2,223,10,"و ق ي"
2,223,11,"ا ل ه"
2,223,12,"ع ل م"
2,223,14,"ل ق ي"
2,223,15,"ب ش ر"
2,223,16,"ا م ن"
2,224,2,"ج ع ل"
2,224,3,"ا ل ه"
2,224,4,"ع ر ض"
2,224,5,"ي م ن"
2,224,7,"ب ر ر"
2,224,8,"و ق ي"
2,224,9,"ص ل ح"
2,224,10,"ب ي ن"
2,224,11,"ن و س"
2,224,12,"ا ل ه"
2,224,13,"س م ع"
2,224,14,"ع ل م"
2,225,2,"ا خ ذ"
2,225,3,"ا ل ه"
2,225,4,"ل غ و"
2,225,6,"ي م ن"
2,225,8,"ا خ ذ"
2,225,10,"ك س ب"
2,225,11,"ق ل ب"
2,225,12,"ا ل ه"
2,225,13,"غ ف ر"
2,225,14,"ح ل م"
2,226,1,"ٱلَّذِى"
2,226,2,"ا ل و"
2,226,4,"ن س و"
2,226,5,"ر ب ص"
2,226,6,"ر ب ع"
2,226,7,"ش ه ر"
2,226,9,"ف ي ا"
2,226,11,"ا ل ه"
2,226,12,"غ ف ر"
2,226,13,"ر ح م"
2,227,2,"ع ز م"
2,227,3,"ط ل ق"
2,227,5,"ا ل ه"
2,227,6,"س م ع"
2,227,7,"ع ل م"
2,228,1,"ط ل ق"
2,228,2,"ر ب ص"
2,228,3,"ن ف س"
2,228,4,"ث ل ث"
2,228,5,"ق ر ا"
2,228,7,"ح ل ل"
2,228,10,"ك ت م"
2,228,12,"خ ل ق"
2,228,13,"ا ل ه"
2,228,15,"ر ح م"
2,228,17,"ك و ن"
2,228,18,"ا م ن"
2,228,19,"ا ل ه"
2,228,20,"ي و م"
2,228,21,"ا خ ر"
2,228,22,"ب ع ل"
2,228,23,"ح ق ق"
2,228,24,"ر د د"
2,228,28,"ر و د"
2,228,29,"ص ل ح"
2,228,31,"م ث ل"
2,228,32,"ٱلَّذِى"
2,228,34,"ع ر ف"
2,228,35,"ر ج ل"
2,228,37,"د ر ج"
2,228,38,"ا ل ه"
2,228,39,"ع ز ز"
2,228,40,"ح ك م"
2,229,1,"ط ل ق"
2,229,2,"م ر ر"
2,229,3,"م س ك"
2,229,4,"ع ر ف"
2,229,6,"س ر ح"
2,229,7,"ح س ن"
2,229,9,"ح ل ل"
2,229,12,"ا خ ذ"
2,229,14,"ا ت ي"
2,229,15,"ش ي ا"
2,229,16,"إِلَّا"
2,229,18,"خ و ف"
2,229,20,"ق و م"
2,229,21,"ح د د"
2,229,22,"ا ل ه"
2,229,24,"خ و ف"
2,229,26,"ق و م"
2,229,27,"ح د د"
2,229,28,"ا ل ه"
2,229,30,"ج ن ح"
2,229,33,"ف د ي"
2,229,36,"ح د د"
2,229,37,"ا ل ه"
2,229,39,"ع د و"
2,229,41,"ع د و"
2,229,42,"ح د د"
2,229,43,"ا ل ه"
2,229,46,"ظ ل م"
2,230,2,"ط ل ق"
2,230,4,"ح ل ل"
2,230,7,"ب ع د"
2,230,9,"ن ك ح"
2,230,10,"ز و ج"
2,230,11,"غ ي ر"
2,230,13,"ط ل ق"
2,230,15,"ج ن ح"
2,230,18,"ر ج ع"
2,230,20,"ظ ن ن"
2,230,22,"ق و م"
2,230,23,"ح د د"
2,230,24,"ا ل ه"
2,230,26,"ح د د"
2,230,27,"ا ل ه"
2,230,28,"ب ي ن"
2,230,29,"ق و م"
2,230,30,"ع ل م"
2,231,1,"إِذَا"
2,231,2,"ط ل ق"
2,231,3,"ن س و"
2,231,4,"ب ل غ"
2,231,5,"ا ج ل"
2,231,6,"م س ك"
2,231,7,"ع ر ف"
2,231,9,"س ر ح"
2,231,10,"ع ر ف"
2,231,12,"م س ك"
2,231,13,"ض ر ر"
2,231,14,"ع د و"
2,231,16,"ف ع ل"
2,231,19,"ظ ل م"
2,231,20,"ن ف س"
2,231,22,"ا خ ذ"
2,231,23,"ا ي ي"
2,231,24,"ا ل ه"
2,231,25,"ه ز ا"
2,231,26,"ذ ك ر"
2,231,27,"ن ع م"
2,231,28,"ا ل ه"
2,231,31,"ن ز ل"
2,231,34,"ك ت ب"
2,231,35,"ح ك م"
2,231,36,"و ع ظ"
2,231,38,"و ق ي"
2,231,39,"ا ل ه"
2,231,40,"ع ل م"
2,231,42,"ا ل ه"
2,231,43,"ك ل ل"
2,231,44,"ش ي ا"
2,231,45,"ع ل م"
2,232,1,"إِذَا"
2,232,2,"ط ل ق"
2,232,3,"ن س و"
2,232,4,"ب ل غ"
2,232,5,"ا ج ل"
2,232,7,"ع ض ل"
2,232,9,"ن ك ح"
2,232,10,"ز و ج"
2,232,11,"إِذَا"
2,232,12,"ر ض و"
2,232,13,"ب ي ن"
2,232,14,"ع ر ف"
2,232,16,"و ع ظ"
2,232,19,"ك و ن"
2,232,21,"ا م ن"
2,232,22,"ا ل ه"
2,232,23,"ي و م"
2,232,24,"ا خ ر"
2,232,26,"ز ك و"
2,232,28,"ط ه ر"
2,232,29,"ا ل ه"
2,232,30,"ع ل م"
2,232,33,"ع ل م"
2,233,1,"و ل د"
2,233,2,"ر ض ع"
2,233,3,"و ل د"
2,233,4,"ح و ل"
2,233,5,"ك م ل"
2,233,7,"ر و د"
2,233,9,"ت م م"
2,233,10,"ر ض ع"
2,233,12,"و ل د"
2,233,14,"ر ز ق"
2,233,15,"ك س و"
2,233,16,"ع ر ف"
2,233,18,"ك ل ف"
2,233,19,"ن ف س"
2,233,20,"إِلَّا"
2,233,21,"و س ع"
2,233,23,"ض ر ر"
2,233,24,"و ل د"
2,233,25,"و ل د"
2,233,27,"و ل د"
2,233,29,"و ل د"
2,233,31,"و ر ث"
2,233,32,"م ث ل"
2,233,35,"ر و د"
2,233,36,"ف ص ل"
2,233,38,"ر ض و"
2,233,40,"ش و ر"
2,233,42,"ج ن ح"
2,233,45,"ر و د"
2,233,47,"ر ض ع"
2,233,48,"و ل د"
2,233,50,"ج ن ح"
2,233,52,"إِذَا"
2,233,53,"س ل م"
2,233,55,"ا ت ي"
2,233,56,"ع ر ف"
2,233,57,"و ق ي"
2,233,58,"ا ل ه"
2,233,59,"ع ل م"
2,233,61,"ا ل ه"
2,233,63,"ع م ل"
2,233,64,"ب ص ر"
2,234,1,"ٱلَّذِى"
2,234,2,"و ف ي"
2,234,4,"و ذ ر"
2,234,5,"ز و ج"
2,234,6,"ر ب ص"
2,234,7,"ن ف س"
2,234,8,"ر ب ع"
2,234,9,"ش ه ر"
2,234,10,"ع ش ر"
2,234,11,"إِذَا"
2,234,12,"ب ل غ"
2,234,13,"ا ج ل"
2,234,15,"ج ن ح"
2,234,18,"ف ع ل"
2,234,20,"ن ف س"
2,234,21,"ع ر ف"
2,234,22,"ا ل ه"
2,234,24,"ع م ل"
2,234,25,"خ ب ر"
2,235,2,"ج ن ح"
2,235,5,"ع ر ض"
2,235,8,"خ ط ب"
2,235,9,"ن س و"
2,235,11,"ك ن ن"
2,235,13,"ن ف س"
2,235,14,"ع ل م"
2,235,15,"ا ل ه"
2,235,17,"ذ ك ر"
2,235,20,"و ع د"
2,235,21,"س ر ر"
2,235,22,"إِلَّا"
2,235,24,"ق و ل"
2,235,25,"ق و ل"
2,235,26,"ع ر ف"
2,235,28,"ع ز م"
2,235,29,"ع ق د"
2,235,30,"ن ك ح"
2,235,32,"ب ل غ"
2,235,33,"ك ت ب"
2,235,34,"ا ج ل"
2,235,35,"ع ل م"
2,235,37,"ا ل ه"
2,235,38,"ع ل م"
2,235,41,"ن ف س"
2,235,42,"ح ذ ر"
2,235,43,"ع ل م"
2,235,45,"ا ل ه"
2,235,46,"غ ف ر"
2,235,47,"ح ل م"
2,236,2,"ج ن ح"
2,236,5,"ط ل ق"
2,236,6,"ن س و"
2,236,9,"م س س"
2,236,11,"ف ر ض"
2,236,13,"ف ر ض"
2,236,14,"م ت ع"
2,236,16,"و س ع"
2,236,17,"ق د ر"
2,236,19,"ق ت ر"
2,236,20,"ق د ر"
2,236,21,"م ت ع"
2,236,22,"ع ر ف"
2,236,23,"ح ق ق"
2,236,25,"ح س ن"
2,237,2,"ط ل ق"
2,237,4,"ق ب ل"
2,237,6,"م س س"
2,237,8,"ف ر ض"
2,237,10,"ف ر ض"
2,237,11,"ن ص ف"
2,237,13,"ف ر ض"
2,237,14,"إِلَّا"
2,237,16,"ع ف و"
2,237,18,"ع ف و"
2,237,19,"ٱلَّذِى"
2,237,20,"ي د ي"
2,237,21,"ع ق د"
2,237,22,"ن ك ح"
2,237,24,"ع ف و"
2,237,25,"ق ر ب"
2,237,26,"و ق ي"
2,237,28,"ن س ي"
2,237,29,"ف ض ل"
2,237,30,"ب ي ن"
2,237,32,"ا ل ه"
2,237,34,"ع م ل"
2,237,35,"ب ص ر"
2,238,1,"ح ف ظ"
2,238,3,"ص ل و"
2,238,4,"ص ل و"
2,238,5,"و س ط"
2,238,6,"ق و م"
2,238,7,"ا ل ه"
2,238,8,"ق ن ت"
2,239,2,"خ و ف"
2,239,3,"ر ج ل"
2,239,5,"ر ك ب"
2,239,6,"إِذَا"
2,239,7,"ا م ن"
2,239,8,"ذ ك ر"
2,239,9,"ا ل ه"
2,239,11,"ع ل م"
2,239,14,"ك و ن"
2,239,15,"ع ل م"
2,240,1,"ٱلَّذِى"
2,240,2,"و ف ي"
2,240,4,"و ذ ر"
2,240,5,"ز و ج"
2,240,6,"و ص ي"
2,240,7,"ز و ج"
2,240,8,"م ت ع"
2,240,9,"إِلَىٰ"
2,240,10,"ح و ل"
2,240,11,"غ ي ر"
2,240,12,"خ ر ج"
2,240,14,"خ ر ج"
2,240,16,"ج ن ح"
2,240,20,"ف ع ل"
2,240,22,"ن ف س"
2,240,24,"ع ر ف"
2,240,25,"ا ل ه"
2,240,26,"ع ز ز"
2,240,27,"ح ك م"
2,241,1,"ط ل ق"
2,241,2,"م ت ع"
2,241,3,"ع ر ف"
2,241,4,"ح ق ق"
2,241,6,"و ق ي"
2,242,2,"ب ي ن"
2,242,3,"ا ل ه"
2,242,5,"ا ي ي"
2,242,7,"ع ق ل"
2,243,2,"ر ا ي"
2,243,3,"إِلَىٰ"
2,243,4,"ٱلَّذِى"
2,243,5,"خ ر ج"
2,243,7,"د و ر"
2,243,9,"ا ل ف"
2,243,10,"ح ذ ر"
2,243,11,"م و ت"
2,243,12,"ق و ل"
2,243,14,"ا ل ه"
2,243,15,"م و ت"
2,243,17,"ح ي ي"
2,243,19,"ا ل ه"
2,243,21,"ف ض ل"
2,243,23,"ن و س"
2,243,25,"ك ث ر"
2,243,26,"ن و س"
2,243,28,"ش ك ر"
2,244,1,"ق ت ل"
2,244,3,"س ب ل"
2,244,4,"ا ل ه"
2,244,5,"ع ل م"
2,244,7,"ا ل ه"
2,244,8,"س م ع"
2,244,9,"ع ل م"
2,245,3,"ٱلَّذِى"
2,245,4,"ق ر ض"
2,245,5,"ا ل ه"
2,245,6,"ق ر ض"
2,245,7,"ح س ن"
2,245,8,"ض ع ف"
2,245,10,"ض ع ف"
2,245,11,"ك ث ر"
2,245,12,"ا ل ه"
2,245,13,"ق ب ض"
2,245,14,"ب س ط"
2,245,15,"إِلَىٰ"
2,245,16,"ر ج ع"
2,246,2,"ر ا ي"
2,246,3,"إِلَىٰ"
2,246,4,"م ل ا"
2,246,6,"ب ن ي"
2,246,7,"إِسْرَائِيل"
2,246,9,"ب ع د"
2,246,11,"إِذ"
2,246,12,"ق و ل"
2,246,13,"ن ب ا"
2,246,15,"ب ع ث"
2,246,17,"م ل ك"
2,246,18,"ق ت ل"
2,246,20,"س ب ل"
2,246,21,"ا ل ه"
2,246,22,"ق و ل"
2,246,24,"ع س ي"
2,246,26,"ك ت ب"
2,246,28,"ق ت ل"
2,246,30,"ق ت ل"
2,246,31,"ق و ل"
2,246,35,"ق ت ل"
2,246,37,"س ب ل"
2,246,38,"ا ل ه"
2,246,40,"خ ر ج"
2,246,42,"د و ر"
2,246,43,"ب ن ي"
2,246,45,"ك ت ب"
2,246,47,"ق ت ل"
2,246,48,"و ل ي"
2,246,49,"إِلَّا"
2,246,50,"ق ل ل"
2,246,52,"ا ل ه"
2,246,53,"ع ل م"
2,246,54,"ظ ل م"
2,247,1,"ق و ل"
2,247,3,"ن ب ا"
2,247,5,"ا ل ه"
2,247,7,"ب ع ث"
2,247,10,"م ل ك"
2,247,11,"ق و ل"
2,247,12,"ا ن ي"
2,247,13,"ك و ن"
2,247,15,"م ل ك"
2,247,18,"ح ق ق"
2,247,19,"م ل ك"
2,247,22,"ا ت ي"
2,247,23,"و س ع"
2,247,25,"م و ل"
2,247,26,"ق و ل"
2,247,28,"ا ل ه"
2,247,29,"ص ف و"
2,247,31,"ز ي د"
2,247,32,"ب س ط"
2,247,34,"ع ل م"
2,247,35,"ج س م"
2,247,36,"ا ل ه"
2,247,37,"ا ت ي"
2,247,38,"م ل ك"
2,247,40,"ش ي ا"
2,247,41,"ا ل ه"
2,247,42,"و س ع"
2,247,43,"ع ل م"
2,248,1,"ق و ل"
2,248,3,"ن ب ا"
2,248,5,"ا ي ي"
2,248,6,"م ل ك"
2,248,8,"ا ت ي"
2,248,11,"س ك ن"
2,248,13,"ر ب ب"
2,248,14,"ب ق ي"
2,248,16,"ت ر ك"
2,248,17,"ا و ل"
2,248,19,"ا و ل"
2,248,21,"ح م ل"
2,248,22,"م ل ك"
2,248,26,"ا ي ي"
2,248,29,"ك و ن"
2,248,30,"ا م ن"
2,249,2,"ف ص ل"
2,249,4,"ج ن د"
2,249,5,"ق و ل"
2,249,7,"ا ل ه"
2,249,8,"ب ل و"
2,249,9,"ن ه ر"
2,249,11,"ش ر ب"
2,249,13,"ل ي س"
2,249,17,"ط ع م"
2,249,20,"إِلَّا"
2,249,22,"غ ر ف"
2,249,23,"غ ر ف"
2,249,24,"ي د ي"
2,249,25,"ش ر ب"
2,249,27,"إِلَّا"
2,249,28,"ق ل ل"
2,249,31,"ج و ز"
2,249,33,"ٱلَّذِى"
2,249,34,"ا م ن"
2,249,36,"ق و ل"
2,249,38,"ط و ق"
2,249,40,"ي و م"
2,249,42,"ج ن د"
2,249,43,"ق و ل"
2,249,44,"ٱلَّذِى"
2,249,45,"ظ ن ن"
2,249,47,"ل ق ي"
2,249,48,"ا ل ه"
2,249,51,"ف ا ي"
2,249,52,"ق ل ل"
2,249,53,"غ ل ب"
2,249,54,"ف ا ي"
2,249,55,"ك ث ر"
2,249,56,"ا ذ ن"
2,249,57,"ا ل ه"
2,249,58,"ا ل ه"
2,249,60,"ص ب ر"
2,250,2,"ب ر ز"
2,250,4,"ج ن د"
2,250,5,"ق و ل"
2,250,6,"ر ب ب"
2,250,7,"ف ر غ"
2,250,9,"ص ب ر"
2,250,10,"ث ب ت"
2,250,11,"ق د م"
2,250,12,"ن ص ر"
2,250,14,"ق و م"
2,250,15,"ك ف ر"
2,251,1,"ه ز م"
2,251,2,"ا ذ ن"
2,251,3,"ا ل ه"
2,251,4,"ق ت ل"
2,251,7,"ا ت ي"
2,251,8,"ا ل ه"
2,251,9,"م ل ك"
2,251,10,"ح ك م"
2,251,11,"ع ل م"
2,251,13,"ش ي ا"
2,251,15,"د ف ع"
2,251,16,"ا ل ه"
2,251,17,"ن و س"
2,251,18,"ب ع ض"
2,251,19,"ب ع ض"
2,251,20,"ف س د"
2,251,21,"ا ر ض"
2,251,23,"ا ل ه"
2,251,25,"ف ض ل"
2,251,27,"ع ل م"
2,252,2,"ا ي ي"
2,252,3,"ا ل ه"
2,252,4,"ت ل و"
2,252,6,"ح ق ق"
2,252,9,"ر س ل"
2,253,2,"ر س ل"
2,253,3,"ف ض ل"
2,253,4,"ب ع ض"
2,253,6,"ب ع ض"
2,253,9,"ك ل م"
2,253,10,"ا ل ه"
2,253,11,"ر ف ع"
2,253,12,"ب ع ض"
2,253,13,"د ر ج"
2,253,14,"ا ت ي"
2,253,16,"ب ن ي"
2,253,18,"ب ي ن"
2,253,19,"ا ي د"
2,253,20,"ر و ح"
2,253,21,"ق د س"
2,253,23,"ش ي ا"
2,253,24,"ا ل ه"
2,253,26,"ق ت ل"
2,253,27,"ٱلَّذِى"
2,253,29,"ب ع د"
2,253,31,"ب ع د"
2,253,33,"ج ي ا"
2,253,34,"ب ي ن"
2,253,36,"خ ل ف"
2,253,39,"ا م ن"
2,253,42,"ك ف ر"
2,253,44,"ش ي ا"
2,253,45,"ا ل ه"
2,253,47,"ق ت ل"
2,253,49,"ا ل ه"
2,253,50,"ف ع ل"
2,253,52,"ر و د"
2,254,2,"ٱلَّذِى"
2,254,3,"ا م ن"
2,254,4,"ن ف ق"
2,254,6,"ر ز ق"
2,254,8,"ق ب ل"
2,254,10,"ا ت ي"
2,254,11,"ي و م"
2,254,13,"ب ي ع"
2,254,16,"خ ل ل"
2,254,18,"ش ف ع"
2,254,19,"ك ف ر"
2,254,21,"ظ ل م"
2,255,1,"ا ل ه"
2,255,3,"ا ل ه"
2,255,4,"إِلَّا"
2,255,6,"ح ي ي"
2,255,7,"ق و م"
2,255,9,"ا خ ذ"
2,255,10,"و س ن"
2,255,12,"ن و م"
2,255,16,"س م و"
2,255,19,"ا ر ض"
2,255,22,"ٱلَّذِى"
2,255,23,"ش ف ع"
2,255,24,"ع ن د"
2,255,25,"إِلَّا"
2,255,26,"ا ذ ن"
2,255,27,"ع ل م"
2,255,29,"ب ي ن"
2,255,30,"ي د ي"
2,255,32,"خ ل ف"
2,255,34,"ح و ط"
2,255,35,"ش ي ا"
2,255,37,"ع ل م"
2,255,38,"إِلَّا"
2,255,40,"ش ي ا"
2,255,41,"و س ع"
2,255,42,"ك ر س"
2,255,43,"س م و"
2,255,44,"ا ر ض"
2,255,46,"ا و د"
2,255,47,"ح ف ظ"
2,255,49,"ع ل و"
2,255,50,"ع ظ م"
2,256,2,"ك ر ه"
2,256,4,"د ي ن"
2,256,6,"ب ي ن"
2,256,7,"ر ش د"
2,256,9,"غ و ي"
2,256,11,"ك ف ر"
2,256,12,"ط غ ي"
2,256,13,"ا م ن"
2,256,14,"ا ل ه"
2,256,16,"م س ك"
2,256,17,"ع ر و"
2,256,18,"و ث ق"
2,256,20,"ف ص م"
2,256,22,"ا ل ه"
2,256,23,"س م ع"
2,256,24,"ع ل م"
2,257,1,"ا ل ه"
2,257,2,"و ل ي"
2,257,3,"ٱلَّذِى"
2,257,4,"ا م ن"
2,257,5,"خ ر ج"
2,257,7,"ظ ل م"
2,257,8,"إِلَىٰ"
2,257,9,"ن و ر"
2,257,10,"ٱلَّذِى"
2,257,11,"ك ف ر"
2,257,12,"و ل ي"
2,257,13,"ط غ ي"
2,257,14,"خ ر ج"
2,257,16,"ن و ر"
2,257,17,"إِلَىٰ"
2,257,18,"ظ ل م"
2,257,20,"ص ح ب"
2,257,21,"ن و ر"
2,257,24,"خ ل د"
2,258,2,"ر ا ي"
2,258,3,"إِلَىٰ"
2,258,4,"ٱلَّذِى"
2,258,5,"ح ج ج"
2,258,6,"إِبْرَاهِيم"
2,258,8,"ر ب ب"
2,258,10,"ا ت ي"
2,258,11,"ا ل ه"
2,258,12,"م ل ك"
2,258,13,"إِذ"
2,258,14,"ق و ل"
2,258,15,"إِبْرَاهِيم"
2,258,16,"ر ب ب"
2,258,17,"ٱلَّذِى"
2,258,18,"ح ي ي"
2,258,19,"م و ت"
2,258,20,"ق و ل"
2,258,22,"ح ي ي"
2,258,23,"م و ت"
2,258,24,"ق و ل"
2,258,25,"إِبْرَاهِيم"
2,258,27,"ا ل ه"
2,258,28,"ا ت ي"
2,258,29,"ش م س"
2,258,31,"ش ر ق"
2,258,32,"ا ت ي"
2,258,35,"غ ر ب"
2,258,36,"ب ه ت"
2,258,37,"ٱلَّذِى"
2,258,38,"ك ف ر"
2,258,39,"ا ل ه"
2,258,41,"ه د ي"
2,258,42,"ق و م"
2,258,43,"ظ ل م"
2,259,2,"ٱلَّذِى"
2,259,3,"م ر ر"
2,259,5,"ق ر ي"
2,259,7,"خ و ي"
2,259,9,"ع ر ش"
2,259,10,"ق و ل"
2,259,11,"ا ن ي"
2,259,12,"ح ي ي"
2,259,14,"ا ل ه"
2,259,15,"ب ع د"
2,259,16,"م و ت"
2,259,17,"م و ت"
2,259,18,"ا ل ه"
2,259,19,"م ا ي"
2,259,20,"ع و م"
2,259,22,"ب ع ث"
2,259,23,"ق و ل"
2,259,25,"ل ب ث"
2,259,26,"ق و ل"
2,259,27,"ل ب ث"
2,259,28,"ي و م"
2,259,30,"ب ع ض"
2,259,31,"ي و م"
2,259,32,"ق و ل"
2,259,34,"ل ب ث"
2,259,35,"م ا ي"
2,259,36,"ع و م"
2,259,37,"ن ظ ر"
2,259,38,"إِلَىٰ"
2,259,39,"ط ع م"
2,259,40,"ش ر ب"
2,259,42,"س ن ه"
2,259,43,"ن ظ ر"
2,259,44,"إِلَىٰ"
2,259,45,"ح م ر"
2,259,46,"ج ع ل"
2,259,47,"ا ي ي"
2,259,48,"ن و س"
2,259,49,"ن ظ ر"
2,259,50,"إِلَىٰ"
2,259,51,"ع ظ م"
2,259,52,"ك ي ف"
2,259,53,"ن ش ز"
2,259,55,"ك س و"
2,259,56,"ل ح م"
2,259,58,"ب ي ن"
2,259,60,"ق و ل"
2,259,61,"ع ل م"
2,259,63,"ا ل ه"
2,259,65,"ك ل ل"
2,259,66,"ش ي ا"
2,259,67,"ق د ر"
2,260,1,"إِذ"
2,260,2,"ق و ل"
2,260,3,"إِبْرَاهِيم"
2,260,4,"ر ب ب"
2,260,5,"ر ا ي"
2,260,6,"ك ي ف"
2,260,7,"ح ي ي"
2,260,8,"م و ت"
2,260,9,"ق و ل"
2,260,11,"ا م ن"
2,260,12,"ق و ل"
2,260,15,"ط م ن"
2,260,16,"ق ل ب"
2,260,17,"ق و ل"
2,260,18,"ا خ ذ"
2,260,19,"ر ب ع"
2,260,21,"ط ي ر"
2,260,22,"ص و ر"
2,260,23,"إِلَىٰ"
2,260,25,"ج ع ل"
2,260,27,"ك ل ل"
2,260,28,"ج ب ل"
2,260,30,"ج ز ا"
2,260,32,"د ع و"
2,260,33,"ا ت ي"
2,260,34,"س ع ي"
2,260,35,"ع ل م"
2,260,37,"ا ل ه"
2,260,38,"ع ز ز"
2,260,39,"ح ك م"
2,261,1,"م ث ل"
2,261,2,"ٱلَّذِى"
2,261,3,"ن ف ق"
2,261,4,"م و ل"
2,261,6,"س ب ل"
2,261,7,"ا ل ه"
2,261,8,"م ث ل"
2,261,9,"ح ب ب"
2,261,10,"ن ب ت"
2,261,11,"س ب ع"
2,261,12,"س ن ب ل"
2,261,14,"ك ل ل"
2,261,15,"س ن ب ل"
2,261,16,"م ا ي"
2,261,17,"ح ب ب"
2,261,18,"ا ل ه"
2,261,19,"ض ع ف"
2,261,21,"ش ي ا"
2,261,22,"ا ل ه"
2,261,23,"و س ع"
2,261,24,"ع ل م"
2,262,1,"ٱلَّذِى"
2,262,2,"ن ف ق"
2,262,3,"م و ل"
2,262,5,"س ب ل"
2,262,6,"ا ل ه"
2,262,9,"ت ب ع"
2,262,11,"ن ف ق"
2,262,12,"م ن ن"
2,262,14,"ا ذ ي"
2,262,16,"ا ج ر"
2,262,17,"ع ن د"
2,262,18,"ر ب ب"
2,262,20,"خ و ف"
2,262,24,"ح ز ن"
2,263,1,"ق و ل"
2,263,2,"ع ر ف"
2,263,3,"غ ف ر"
2,263,4,"خ ي ر"
2,263,6,"ص د ق"
2,263,7,"ت ب ع"
2,263,8,"ا ذ ي"
2,263,9,"ا ل ه"
2,263,10,"غ ن ي"
2,263,11,"ح ل م"
2,264,2,"ٱلَّذِى"
2,264,3,"ا م ن"
2,264,5,"ب ط ل"
2,264,6,"ص د ق"
2,264,7,"م ن ن"
2,264,8,"ا ذ ي"
2,264,9,"ٱلَّذِى"
2,264,10,"ن ف ق"
2,264,11,"م و ل"
2,264,12,"ر ا ي"
2,264,13,"ن و س"
2,264,15,"ا م ن"
2,264,16,"ا ل ه"
2,264,17,"ي و م"
2,264,18,"ا خ ر"
2,264,19,"م ث ل"
2,264,20,"م ث ل"
2,264,21,"ص ف و"
2,264,23,"ت ر ب"
2,264,24,"ص و ب"
2,264,25,"و ب ل"
2,264,26,"ت ر ك"
2,264,27,"ص ل د"
2,264,29,"ق د ر"
2,264,31,"ش ي ا"
2,264,33,"ك س ب"
2,264,34,"ا ل ه"
2,264,36,"ه د ي"
2,264,37,"ق و م"
2,264,38,"ك ف ر"
2,265,1,"م ث ل"
2,265,2,"ٱلَّذِى"
2,265,3,"ن ف ق"
2,265,4,"م و ل"
2,265,5,"ب غ ي"
2,265,6,"ر ض و"
2,265,7,"ا ل ه"
2,265,8,"ث ب ت"
2,265,10,"ن ف س"
2,265,11,"م ث ل"
2,265,12,"ج ن ن"
2,265,13,"ر ب و"
2,265,14,"ص و ب"
2,265,15,"و ب ل"
2,265,16,"ا ت ي"
2,265,17,"ا ك ل"
2,265,18,"ض ع ف"
2,265,21,"ص و ب"
2,265,22,"و ب ل"
2,265,23,"ط ل ل"
2,265,24,"ا ل ه"
2,265,26,"ع م ل"
2,265,27,"ب ص ر"
2,266,1,"و د د"
2,266,2,"ا ح د"
2,266,4,"ك و ن"
2,266,6,"ج ن ن"
2,266,8,"ن خ ل"
2,266,9,"ع ن ب"
2,266,10,"ج ر ي"
2,266,12,"ت ح ت"
2,266,13,"ن ه ر"
2,266,17,"ك ل ل"
2,266,18,"ث م ر"
2,266,19,"ص و ب"
2,266,20,"ك ب ر"
2,266,22,"ذ ر ر"
2,266,23,"ض ع ف"
2,266,24,"ص و ب"
2,266,25,"ع ص ر"
2,266,27,"ن و ر"
2,266,28,"ح ر ق"
2,266,30,"ب ي ن"
2,266,31,"ا ل ه"
2,266,33,"ا ي ي"
2,266,35,"ف ك ر"
2,267,2,"ٱلَّذِى"
2,267,3,"ا م ن"
2,267,4,"ن ف ق"
2,267,6,"ط ي ب"
2,267,8,"ك س ب"
2,267,10,"خ ر ج"
2,267,13,"ا ر ض"
2,267,15,"ي م م"
2,267,16,"خ ب ث"
2,267,18,"ن ف ق"
2,267,19,"ل ي س"
2,267,20,"ا خ ذ"
2,267,21,"إِلَّا"
2,267,23,"غ م ض"
2,267,25,"ع ل م"
2,267,27,"ا ل ه"
2,267,28,"غ ن ي"
2,267,29,"ح م د"
2,268,1,"ش ط ن"
2,268,2,"و ع د"
2,268,3,"ف ق ر"
2,268,4,"ا م ر"
2,268,5,"ف ح ش"
2,268,6,"ا ل ه"
2,268,7,"و ع د"
2,268,8,"غ ف ر"
2,268,10,"ف ض ل"
2,268,11,"ا ل ه"
2,268,12,"و س ع"
2,268,13,"ع ل م"
2,269,1,"ا ت ي"
2,269,2,"ح ك م"
2,269,4,"ش ي ا"
2,269,6,"ا ت ي"
2,269,7,"ح ك م"
2,269,9,"ا ت ي"
2,269,10,"خ ي ر"
2,269,11,"ك ث ر"
2,269,13,"ذ ك ر"
2,269,14,"إِلَّا"
2,269,15,"ا و ل"
2,269,16,"ل ب ب"
2,270,2,"ن ف ق"
2,270,4,"ن ف ق"
2,270,6,"ن ذ ر"
2,270,8,"ن ذ ر"
2,270,10,"ا ل ه"
2,270,11,"ع ل م"
2,270,13,"ظ ل م"
2,270,15,"ن ص ر"
2,271,2,"ب د و"
2,271,3,"ص د ق"
2,271,4,"ن ع م"
2,271,7,"خ ف ي"
2,271,8,"ا ت ي"
2,271,9,"ف ق ر"
2,271,11,"خ ي ر"
2,271,13,"ك ف ر"
2,271,16,"س و ا"
2,271,17,"ا ل ه"
2,271,19,"ع م ل"
2,271,20,"خ ب ر"
2,272,1,"ل ي س"
2,272,3,"ه د ي"
2,272,5,"ا ل ه"
2,272,6,"ه د ي"
2,272,8,"ش ي ا"
2,272,10,"ن ف ق"
2,272,12,"خ ي ر"
2,272,13,"ن ف س"
2,272,15,"ن ف ق"
2,272,16,"إِلَّا"
2,272,17,"ب غ ي"
2,272,18,"و ج ه"
2,272,19,"ا ل ه"
2,272,21,"ن ف ق"
2,272,23,"خ ي ر"
2,272,24,"و ف ي"
2,272,25,"إِلَىٰ"
2,272,28,"ظ ل م"
2,273,1,"ف ق ر"
2,273,2,"ٱلَّذِى"
2,273,3,"ح ص ر"
2,273,5,"س ب ل"
2,273,6,"ا ل ه"
2,273,8,"ط و ع"
2,273,9,"ض ر ب"
2,273,11,"ا ر ض"
2,273,12,"ح س ب"
2,273,13,"ج ه ل"
2,273,14,"غ ن ي"
2,273,16,"ع ف ف"
2,273,17,"ع ر ف"
2,273,18,"س و م"
2,273,20,"س ا ل"
2,273,21,"ن و س"
2,273,22,"ل ح ف"
2,273,24,"ن ف ق"
2,273,26,"خ ي ر"
2,273,28,"ا ل ه"
2,273,30,"ع ل م"
2,274,1,"ٱلَّذِى"
2,274,2,"ن ف ق"
2,274,3,"م و ل"
2,274,4,"ل ي ل"
2,274,5,"ن ه ر"
2,274,6,"س ر ر"
2,274,7,"ع ل ن"
2,274,9,"ا ج ر"
2,274,10,"ع ن د"
2,274,11,"ر ب ب"
2,274,13,"خ و ف"
2,274,17,"ح ز ن"
2,275,1,"ٱلَّذِى"
2,275,2,"ا ك ل"
2,275,3,"ر ب و"
2,275,5,"ق و م"
2,275,6,"إِلَّا"
2,275,8,"ق و م"
2,275,9,"ٱلَّذِى"
2,275,10,"خ ب ط"
2,275,11,"ش ط ن"
2,275,13,"م س س"
2,275,16,"ق و ل"
2,275,18,"ب ي ع"
2,275,19,"م ث ل"
2,275,20,"ر ب و"
2,275,21,"ح ل ل"
2,275,22,"ا ل ه"
2,275,23,"ب ي ع"
2,275,24,"ح ر م"
2,275,25,"ر ب و"
2,275,27,"ج ي ا"
2,275,28,"و ع ظ"
2,275,30,"ر ب ب"
2,275,31,"ن ه ي"
2,275,34,"س ل ف"
2,275,35,"ا م ر"
2,275,36,"إِلَىٰ"
2,275,37,"ا ل ه"
2,275,39,"ع و د"
2,275,41,"ص ح ب"
2,275,42,"ن و ر"
2,275,45,"خ ل د"
2,276,1,"م ح ق"
2,276,2,"ا ل ه"
2,276,3,"ر ب و"
2,276,4,"ر ب و"
2,276,5,"ص د ق"
2,276,6,"ا ل ه"
2,276,8,"ح ب ب"
2,276,9,"ك ل ل"
2,276,10,"ك ف ر"
2,276,11,"ا ث م"
2,277,2,"ٱلَّذِى"
2,277,3,"ا م ن"
2,277,4,"ع م ل"
2,277,5,"ص ل ح"
2,277,6,"ق و م"
2,277,7,"ص ل و"
2,277,8,"ا ت ي"
2,277,9,"ز ك و"
2,277,11,"ا ج ر"
2,277,12,"ع ن د"
2,277,13,"ر ب ب"
2,277,15,"خ و ف"
2,277,19,"ح ز ن"
2,278,2,"ٱلَّذِى"
2,278,3,"ا م ن"
2,278,4,"و ق ي"
2,278,5,"ا ل ه"
2,278,6,"و ذ ر"
2,278,8,"ب ق ي"
2,278,10,"ر ب و"
2,278,12,"ك و ن"
2,278,13,"ا م ن"
2,279,3,"ف ع ل"
2,279,4,"ا ذ ن"
2,279,5,"ح ر ب"
2,279,7,"ا ل ه"
2,279,8,"ر س ل"
2,279,10,"ت و ب"
2,279,12,"ر ا س"
2,279,13,"م و ل"
2,279,15,"ظ ل م"
2,279,17,"ظ ل م"
2,280,2,"ك و ن"
2,280,4,"ع س ر"
2,280,5,"ن ظ ر"
2,280,6,"إِلَىٰ"
2,280,7,"ي س ر"
2,280,9,"ص د ق"
2,280,10,"خ ي ر"
2,280,13,"ك و ن"
2,280,14,"ع ل م"
2,281,1,"و ق ي"
2,281,2,"ي و م"
2,281,3,"ر ج ع"
2,281,5,"إِلَىٰ"
2,281,6,"ا ل ه"
2,281,8,"و ف ي"
2,281,9,"ك ل ل"
2,281,10,"ن ف س"
2,281,12,"ك س ب"
2,281,15,"ظ ل م"
2,282,2,"ٱلَّذِى"
2,282,3,"ا م ن"
2,282,4,"إِذَا"
2,282,5,"د ي ن"
2,282,6,"د ي ن"
2,282,7,"إِلَىٰ"
2,282,8,"ا ج ل"
2,282,9,"س م و"
2,282,10,"ك ت ب"
2,282,11,"ك ت ب"
2,282,12,"ب ي ن"
2,282,13,"ك ت ب"
2,282,14,"ع د ل"
2,282,16,"ا ب ي"
2,282,17,"ك ت ب"
2,282,19,"ك ت ب"
2,282,21,"ع ل م"
2,282,22,"ا ل ه"
2,282,23,"ك ت ب"
2,282,24,"م ل ل"
2,282,25,"ٱلَّذِى"
2,282,27,"ح ق ق"
2,282,28,"و ق ي"
2,282,29,"ا ل ه"
2,282,30,"ر ب ب"
2,282,32,"ب خ س"
2,282,34,"ش ي ا"
2,282,36,"ك و ن"
2,282,37,"ٱلَّذِى"
2,282,39,"ح ق ق"
2,282,40,"س ف ه"
2,282,42,"ض ع ف"
2,282,45,"ط و ع"
2,282,47,"م ل ل"
2,282,49,"م ل ل"
2,282,50,"و ل ي"
2,282,51,"ع د ل"
2,282,52,"ش ه د"
2,282,53,"ش ه د"
2,282,55,"ر ج ل"
2,282,58,"ك و ن"
2,282,59,"ر ج ل"
2,282,60,"ر ج ل"
2,282,61,"م ر ا"
2,282,63,"ر ض و"
2,282,65,"ش ه د"
2,282,67,"ض ل ل"
2,282,68,"ا ح د"
2,282,69,"ذ ك ر"
2,282,70,"ا ح د"
2,282,71,"ا خ ر"
2,282,73,"ا ب ي"
2,282,74,"ش ه د"
2,282,75,"إِذَا"
2,282,77,"د ع و"
2,282,79,"س ا م"
2,282,81,"ك ت ب"
2,282,82,"ص غ ر"
2,282,84,"ك ب ر"
2,282,85,"إِلَىٰ"
2,282,86,"ا ج ل"
2,282,88,"ق س ط"
2,282,89,"ع ن د"
2,282,90,"ا ل ه"
2,282,91,"ق و م"
2,282,92,"ش ه د"
2,282,93,"د ن و"
2,282,95,"ر ي ب"
2,282,96,"إِلَّا"
2,282,98,"ك و ن"
2,282,99,"ت ج ر"
2,282,100,"ح ض ر"
2,282,101,"د و ر"
2,282,102,"ب ي ن"
2,282,103,"ل ي س"
2,282,105,"ج ن ح"
2,282,107,"ك ت ب"
2,282,108,"ش ه د"
2,282,109,"إِذَا"
2,282,110,"ب ي ع"
2,282,112,"ض ر ر"
2,282,113,"ك ت ب"
2,282,115,"ش ه د"
2,282,117,"ف ع ل"
2,282,119,"ف س ق"
2,282,121,"و ق ي"
2,282,122,"ا ل ه"
2,282,123,"ع ل م"
2,282,124,"ا ل ه"
2,282,125,"ا ل ه"
2,282,126,"ك ل ل"
2,282,127,"ش ي ا"
2,282,128,"ع ل م"
2,283,2,"ك و ن"
2,283,4,"س ف ر"
2,283,6,"و ج د"
2,283,7,"ك ت ب"
2,283,8,"ر ه ن"
2,283,9,"ق ب ض"
2,283,11,"ا م ن"
2,283,12,"ب ع ض"
2,283,13,"ب ع ض"
2,283,14,"ا د ي"
2,283,15,"ٱلَّذِى"
2,283,16,"ا م ن"
2,283,17,"ا م ن"
2,283,18,"و ق ي"
2,283,19,"ا ل ه"
2,283,20,"ر ب ب"
2,283,22,"ك ت م"
2,283,23,"ش ه د"
2,283,25,"ك ت م"
2,283,27,"ا ث م"
2,283,28,"ق ل ب"
2,283,29,"ا ل ه"
2,283,31,"ع م ل"
2,283,32,"ع ل م"
2,284,1,"ا ل ه"
2,284,4,"س م و"
2,284,7,"ا ر ض"
2,284,9,"ب د و"
2,284,12,"ن ف س"
2,284,14,"خ ف ي"
2,284,15,"ح س ب"
2,284,17,"ا ل ه"
2,284,18,"غ ف ر"
2,284,20,"ش ي ا"
2,284,21,"ع ذ ب"
2,284,23,"ش ي ا"
2,284,24,"ا ل ه"
2,284,26,"ك ل ل"
2,284,27,"ش ي ا"
2,284,28,"ق د ر"
2,285,1,"ا م ن"
2,285,2,"ر س ل"
2,285,4,"ن ز ل"
2,285,5,"إِلَىٰ"
2,285,7,"ر ب ب"
2,285,8,"ا م ن"
2,285,9,"ك ل ل"
2,285,10,"ا م ن"
2,285,11,"ا ل ه"
2,285,12,"م ل ك"
2,285,13,"ك ت ب"
2,285,14,"ر س ل"
2,285,16,"ف ر ق"
2,285,17,"ب ي ن"
2,285,18,"ا ح د"
2,285,20,"ر س ل"
2,285,21,"ق و ل"
2,285,22,"س م ع"
2,285,23,"ط و ع"
2,285,24,"غ ف ر"
2,285,25,"ر ب ب"
2,285,26,"إِلَىٰ"
2,285,27,"ص ي ر"
2,286,2,"ك ل ف"
2,286,3,"ا ل ه"
2,286,4,"ن ف س"
2,286,5,"إِلَّا"
2,286,6,"و س ع"
2,286,9,"ك س ب"
2,286,12,"ك س ب"
2,286,13,"ر ب ب"
2,286,15,"ا خ ذ"
2,286,17,"ن س ي"
2,286,19,"خ ط ا"
2,286,20,"ر ب ب"
2,286,22,"ح م ل"
2,286,24,"ا ص ر"
2,286,26,"ح م ل"
2,286,28,"ٱلَّذِى"
2,286,30,"ق ب ل"
2,286,31,"ر ب ب"
2,286,33,"ح م ل"
2,286,36,"ط و ق"
2,286,39,"ع ف و"
2,286,41,"غ ف ر"
2,286,43,"ر ح م"
2,286,45,"و ل ي"
2,286,46,"ن ص ر"
2,286,48,"ق و م"
2,286,49,"ك ف ر"
3,2,1,"ا ل ه"
3,2,3,"ا ل ه"
3,2,4,"إِلَّا"
3,2,6,"ح ي ي"
3,2,7,"ق و م"
3,3,1,"ن ز ل"
3,3,3,"ك ت ب"
3,3,4,"ح ق ق"
3,3,5,"ص د ق"
3,3,7,"ب ي ن"
3,3,8,"ي د ي"
3,3,9,"ن ز ل"
3,4,2,"ق ب ل"
3,4,3,"ه د ي"
3,4,4,"ن و س"
3,4,5,"ن ز ل"
3,4,6,"ف ر ق"
3,4,8,"ٱلَّذِى"
3,4,9,"ك ف ر"
3,4,10,"ا ي ي"
3,4,11,"ا ل ه"
3,4,13,"ع ذ ب"
3,4,14,"ش د د"
3,4,15,"ا ل ه"
3,4,16,"ع ز ز"
3,4,18,"ن ق م"
3,5,2,"ا ل ه"
3,5,4,"خ ف ي"
3,5,6,"ش ي ا"
3,5,8,"ا ر ض"
3,5,11,"س م و"
3,6,2,"ٱلَّذِى"
3,6,3,"ص و ر"
3,6,5,"ر ح م"
3,6,6,"ك ي ف"
3,6,7,"ش ي ا"
3,6,9,"ا ل ه"
3,6,10,"إِلَّا"
3,6,12,"ع ز ز"
3,6,13,"ح ك م"
3,7,2,"ٱلَّذِى"
3,7,3,"ن ز ل"
3,7,5,"ك ت ب"
3,7,7,"ا ي ي"
3,7,8,"ح ك م"
3,7,10,"ا م م"
3,7,11,"ك ت ب"
3,7,12,"ا خ ر"
3,7,13,"ش ب ه"
3,7,14,"أَمَّا"
3,7,15,"ٱلَّذِى"
3,7,17,"ق ل ب"
3,7,18,"ز ي غ"
3,7,19,"ت ب ع"
3,7,21,"ش ب ه"
3,7,23,"ب غ ي"
3,7,24,"ف ت ن"
3,7,25,"ب غ ي"
3,7,26,"ا و ل"
3,7,28,"ع ل م"
3,7,29,"ا و ل"
3,7,30,"إِلَّا"
3,7,31,"ا ل ه"
3,7,32,"ر س خ"
3,7,34,"ع ل م"
3,7,35,"ق و ل"
3,7,36,"ا م ن"
3,7,38,"ك ل ل"
3,7,40,"ع ن د"
3,7,41,"ر ب ب"
3,7,43,"ذ ك ر"
3,7,44,"إِلَّا"
3,7,45,"ا و ل"
3,7,46,"ل ب ب"
3,8,1,"ر ب ب"
3,8,3,"ز ي غ"
3,8,4,"ق ل ب"
3,8,5,"ب ع د"
3,8,6,"إِذ"
3,8,7,"ه د ي"
3,8,8,"و ه ب"
3,8,11,"ل د ن"
3,8,12,"ر ح م"
3,8,15,"و ه ب"
3,9,1,"ر ب ب"
3,9,3,"ج م ع"
3,9,4,"ن و س"
3,9,5,"ي و م"
3,9,7,"ر ي ب"
3,9,10,"ا ل ه"
3,9,12,"خ ل ف"
3,9,13,"و ع د"
3,10,2,"ٱلَّذِى"
3,10,3,"ك ف ر"
3,10,5,"غ ن ي"
3,10,7,"م و ل"
3,10,9,"و ل د"
3,10,11,"ا ل ه"
3,10,12,"ش ي ا"
3,10,15,"و ق د"
3,10,16,"ن و ر"
3,11,1,"د ا ب"
3,11,2,"ا و ل"
3,11,4,"ٱلَّذِى"
3,11,6,"ق ب ل"
3,11,7,"ك ذ ب"
3,11,8,"ا ي ي"
3,11,9,"ا خ ذ"
3,11,10,"ا ل ه"
3,11,11,"ذ ن ب"
3,11,12,"ا ل ه"
3,11,13,"ش د د"
3,11,14,"ع ق ب"
3,12,1,"ق و ل"
3,12,2,"ٱلَّذِى"
3,12,3,"ك ف ر"
3,12,4,"غ ل ب"
3,12,5,"ح ش ر"
3,12,6,"إِلَىٰ"
3,12,8,"ب ا س"
3,12,9,"م ه د"
3,13,2,"ك و ن"
3,13,4,"ا ي ي"
3,13,6,"ف ا ي"
3,13,7,"ل ق ي"
3,13,8,"ف ا ي"
3,13,9,"ق ت ل"
3,13,11,"س ب ل"
3,13,12,"ا ل ه"
3,13,13,"ا خ ر"
3,13,14,"ك ف ر"
3,13,15,"ر ا ي"
3,13,16,"م ث ل"
3,13,17,"ر ا ي"
3,13,18,"ع ي ن"
3,13,19,"ا ل ه"
3,13,20,"ا ي د"
3,13,21,"ن ص ر"
3,13,23,"ش ي ا"
3,13,27,"ع ب ر"
3,13,28,"ا و ل"
3,13,29,"ب ص ر"
3,14,1,"ز ي ن"
3,14,2,"ن و س"
3,14,3,"ح ب ب"
3,14,4,"ش ه و"
3,14,6,"ن س و"
3,14,7,"ب ن ي"
3,14,8,"ق ن ط ر"
3,14,9,"ق ن ط ر"
3,14,11,"ذ ه ب"
3,14,12,"ف ض ض"
3,14,13,"خ ي ل"
3,14,14,"س و م"
3,14,15,"ن ع م"
3,14,16,"ح ر ث"
3,14,18,"م ت ع"
3,14,19,"ح ي ي"
3,14,20,"د ن و"
3,14,21,"ا ل ه"
3,14,22,"ع ن د"
3,14,23,"ح س ن"
3,14,24,"ا و ب"
3,15,1,"ق و ل"
3,15,2,"ن ب ا"
3,15,3,"خ ي ر"
3,15,6,"ٱلَّذِى"
3,15,7,"و ق ي"
3,15,8,"ع ن د"
3,15,9,"ر ب ب"
3,15,10,"ج ن ن"
3,15,11,"ج ر ي"
3,15,13,"ت ح ت"
3,15,14,"ن ه ر"
3,15,15,"خ ل د"
3,15,17,"ز و ج"
3,15,18,"ط ه ر"
3,15,19,"ر ض و"
3,15,21,"ا ل ه"
3,15,22,"ا ل ه"
3,15,23,"ب ص ر"
3,15,24,"ع ب د"
3,16,1,"ٱلَّذِى"
3,16,2,"ق و ل"
3,16,3,"ر ب ب"
3,16,5,"ا م ن"
3,16,6,"غ ف ر"
3,16,8,"ذ ن ب"
3,16,9,"و ق ي"
3,16,10,"ع ذ ب"
3,16,11,"ن و ر"
3,17,1,"ص ب ر"
3,17,2,"ص د ق"
3,17,3,"ق ن ت"
3,17,4,"ن ف ق"
3,17,5,"غ ف ر"
3,17,6,"س ح ر"
3,18,1,"ش ه د"
3,18,2,"ا ل ه"
3,18,5,"ا ل ه"
3,18,6,"إِلَّا"
3,18,8,"م ل ك"
3,18,9,"ا و ل"
3,18,10,"ع ل م"
3,18,11,"ق و م"
3,18,12,"ق س ط"
3,18,14,"ا ل ه"
3,18,15,"إِلَّا"
3,18,17,"ع ز ز"
3,18,18,"ح ك م"
3,19,2,"د ي ن"
3,19,3,"ع ن د"
3,19,4,"ا ل ه"
3,19,5,"س ل م"
3,19,7,"خ ل ف"
3,19,8,"ٱلَّذِى"
3,19,9,"ا ت ي"
3,19,10,"ك ت ب"
3,19,11,"إِلَّا"
3,19,13,"ب ع د"
3,19,15,"ج ي ا"
3,19,16,"ع ل م"
3,19,17,"ب غ ي"
3,19,18,"ب ي ن"
3,19,20,"ك ف ر"
3,19,21,"ا ي ي"
3,19,22,"ا ل ه"
3,19,24,"ا ل ه"
3,19,25,"س ر ع"
3,19,26,"ح س ب"
3,20,2,"ح ج ج"
3,20,3,"ق و ل"
3,20,4,"س ل م"
3,20,5,"و ج ه"
3,20,6,"ا ل ه"
3,20,8,"ت ب ع"
3,20,9,"ق و ل"
3,20,10,"ٱلَّذِى"
3,20,11,"ا ت ي"
3,20,12,"ك ت ب"
3,20,13,"ا م م"
3,20,14,"س ل م"
3,20,16,"س ل م"
3,20,18,"ه د ي"
3,20,20,"و ل ي"
3,20,23,"ب ل غ"
3,20,24,"ا ل ه"
3,20,25,"ب ص ر"
3,20,26,"ع ب د"
3,21,2,"ٱلَّذِى"
3,21,3,"ك ف ر"
3,21,4,"ا ي ي"
3,21,5,"ا ل ه"
3,21,6,"ق ت ل"
3,21,7,"ن ب ا"
3,21,8,"غ ي ر"
3,21,9,"ح ق ق"
3,21,10,"ق ت ل"
3,21,11,"ٱلَّذِى"
3,21,12,"ا م ر"
3,21,13,"ق س ط"
3,21,15,"ن و س"
3,21,16,"ب ش ر"
3,21,17,"ع ذ ب"
3,21,18,"ا ل م"
3,22,2,"ٱلَّذِى"
3,22,3,"ح ب ط"
3,22,4,"ع م ل"
3,22,6,"د ن و"
3,22,7,"ا خ ر"
3,22,11,"ن ص ر"
3,23,2,"ر ا ي"
3,23,3,"إِلَىٰ"
3,23,4,"ٱلَّذِى"
3,23,5,"ا ت ي"
3,23,6,"ن ص ب"
3,23,8,"ك ت ب"
3,23,9,"د ع و"
3,23,10,"إِلَىٰ"
3,23,11,"ك ت ب"
3,23,12,"ا ل ه"
3,23,13,"ح ك م"
3,23,14,"ب ي ن"
3,23,16,"و ل ي"
3,23,17,"ف ر ق"
3,23,20,"ع ر ض"
3,24,3,"ق و ل"
3,24,5,"م س س"
3,24,6,"ن و ر"
3,24,7,"إِلَّا"
3,24,8,"ي و م"
3,24,9,"ع د د"
3,24,10,"غ ر ر"
3,24,12,"د ي ن"
3,24,14,"ك و ن"
3,24,15,"ف ر ي"
3,25,1,"ك ي ف"
3,25,2,"إِذَا"
3,25,3,"ج م ع"
3,25,4,"ي و م"
3,25,6,"ر ي ب"
3,25,8,"و ف ي"
3,25,9,"ك ل ل"
3,25,10,"ن ف س"
3,25,12,"ك س ب"
3,25,15,"ظ ل م"
3,26,1,"ق و ل"
3,26,2,"ا ل ه"
3,26,3,"م ل ك"
3,26,4,"م ل ك"
3,26,5,"ا ت ي"
3,26,6,"م ل ك"
3,26,8,"ش ي ا"
3,26,9,"ن ز ع"
3,26,10,"م ل ك"
3,26,12,"ش ي ا"
3,26,13,"ع ز ز"
3,26,15,"ش ي ا"
3,26,16,"ذ ل ل"
3,26,18,"ش ي ا"
3,26,19,"ي د ي"
3,26,20,"خ ي ر"
3,26,23,"ك ل ل"
3,26,24,"ش ي ا"
3,26,25,"ق د ر"
3,27,1,"و ل ج"
3,27,2,"ل ي ل"
3,27,4,"ن ه ر"
3,27,5,"و ل ج"
3,27,6,"ن ه ر"
3,27,8,"ل ي ل"
3,27,9,"خ ر ج"
3,27,10,"ح ي ي"
3,27,12,"م و ت"
3,27,13,"خ ر ج"
3,27,14,"م و ت"
3,27,16,"ح ي ي"
3,27,17,"ر ز ق"
3,27,19,"ش ي ا"
3,27,20,"غ ي ر"
3,27,21,"ح س ب"
3,28,2,"ا خ ذ"
3,28,3,"ا م ن"
3,28,4,"ك ف ر"
3,28,5,"و ل ي"
3,28,7,"د و ن"
3,28,8,"ا م ن"
3,28,10,"ف ع ل"
3,28,12,"ل ي س"
3,28,14,"ا ل ه"
3,28,16,"ش ي ا"
3,28,17,"إِلَّا"
3,28,19,"و ق ي"
3,28,21,"و ق ي"
3,28,22,"ح ذ ر"
3,28,23,"ا ل ه"
3,28,24,"ن ف س"
3,28,25,"إِلَىٰ"
3,28,26,"ا ل ه"
3,28,27,"ص ي ر"
3,29,1,"ق و ل"
3,29,3,"خ ف ي"
3,29,6,"ص د ر"
3,29,8,"ب د و"
3,29,9,"ع ل م"
3,29,10,"ا ل ه"
3,29,11,"ع ل م"
3,29,14,"س م و"
3,29,17,"ا ر ض"
3,29,18,"ا ل ه"
3,29,20,"ك ل ل"
3,29,21,"ش ي ا"
3,29,22,"ق د ر"
3,30,1,"ي و م"
3,30,2,"و ج د"
3,30,3,"ك ل ل"
3,30,4,"ن ف س"
3,30,6,"ع م ل"
3,30,8,"خ ي ر"
3,30,9,"ح ض ر"
3,30,11,"ع م ل"
3,30,13,"س و ا"
3,30,14,"و د د"
3,30,17,"ب ي ن"
3,30,18,"ب ي ن"
3,30,19,"ا م د"
3,30,20,"ب ع د"
3,30,21,"ح ذ ر"
3,30,22,"ا ل ه"
3,30,23,"ن ف س"
3,30,24,"ا ل ه"
3,30,25,"ر ا ف"
3,30,26,"ع ب د"
3,31,1,"ق و ل"
3,31,3,"ك و ن"
3,31,4,"ح ب ب"
3,31,5,"ا ل ه"
3,31,6,"ت ب ع"
3,31,7,"ح ب ب"
3,31,8,"ا ل ه"
3,31,9,"غ ف ر"
3,31,11,"ذ ن ب"
3,31,12,"ا ل ه"
3,31,13,"غ ف ر"
3,31,14,"ر ح م"
3,32,1,"ق و ل"
3,32,2,"ط و ع"
3,32,3,"ا ل ه"
3,32,4,"ر س ل"
3,32,6,"و ل ي"
3,32,8,"ا ل ه"
3,32,10,"ح ب ب"
3,32,11,"ك ف ر"
3,33,2,"ا ل ه"
3,33,3,"ص ف و"
3,33,4,"آدَم"
3,33,6,"ا و ل"
3,33,7,"إِبْرَاهِيم"
3,33,8,"ا و ل"
3,33,11,"ع ل م"
3,34,1,"ذ ر ر"
3,34,2,"ب ع ض"
3,34,4,"ب ع ض"
3,34,5,"ا ل ه"
3,34,6,"س م ع"
3,34,7,"ع ل م"
3,35,1,"إِذ"
3,35,2,"ق و ل"
3,35,3,"م ر ا"
3,35,5,"ر ب ب"
3,35,7,"ن ذ ر"
3,35,11,"ب ط ن"
3,35,12,"ح ر ر"
3,35,13,"ق ب ل"
3,35,17,"س م ع"
3,35,18,"ع ل م"
3,36,2,"و ض ع"
3,36,3,"ق و ل"
3,36,4,"ر ب ب"
3,36,6,"و ض ع"
3,36,7,"ا ن ث"
3,36,8,"ا ل ه"
3,36,9,"ع ل م"
3,36,11,"و ض ع"
3,36,12,"ل ي س"
3,36,13,"ذ ك ر"
3,36,14,"ا ن ث"
3,36,16,"س م و"
3,36,19,"ع و ذ"
3,36,21,"ذ ر ر"
3,36,23,"ش ط ن"
3,36,24,"ر ج م"
3,37,1,"ق ب ل"
3,37,2,"ر ب ب"
3,37,3,"ق ب ل"
3,37,4,"ح س ن"
3,37,5,"ن ب ت"
3,37,6,"ن ب ت"
3,37,7,"ح س ن"
3,37,8,"ك ف ل"
3,37,10,"ك ل ل"
3,37,11,"د خ ل"
3,37,14,"ح ر ب"
3,37,15,"و ج د"
3,37,16,"ع ن د"
3,37,17,"ر ز ق"
3,37,18,"ق و ل"
3,37,20,"ا ن ي"
3,37,23,"ق و ل"
3,37,26,"ع ن د"
3,37,27,"ا ل ه"
3,37,29,"ا ل ه"
3,37,30,"ر ز ق"
3,37,32,"ش ي ا"
3,37,33,"غ ي ر"
3,37,34,"ح س ب"
3,38,2,"د ع و"
3,38,4,"ر ب ب"
3,38,5,"ق و ل"
3,38,6,"ر ب ب"
3,38,7,"و ه ب"
3,38,10,"ل د ن"
3,38,11,"ذ ر ر"
3,38,12,"ط ي ب"
3,38,14,"س م ع"
3,38,15,"د ع و"
3,39,1,"ن د و"
3,39,2,"م ل ك"
3,39,4,"ق و م"
3,39,5,"ص ل و"
3,39,7,"ح ر ب"
3,39,9,"ا ل ه"
3,39,10,"ب ش ر"
3,39,12,"ص د ق"
3,39,13,"ك ل م"
3,39,15,"ا ل ه"
3,39,16,"س و د"
3,39,17,"ح ص ر"
3,39,18,"ن ب ا"
3,39,20,"ص ل ح"
3,40,1,"ق و ل"
3,40,2,"ر ب ب"
3,40,3,"ا ن ي"
3,40,4,"ك و ن"
3,40,6,"غ ل م"
3,40,8,"ب ل غ"
3,40,9,"ك ب ر"
3,40,10,"م ر ا"
3,40,11,"ع ق ر"
3,40,12,"ق و ل"
3,40,14,"ا ل ه"
3,40,15,"ف ع ل"
3,40,17,"ش ي ا"
3,41,1,"ق و ل"
3,41,2,"ر ب ب"
3,41,3,"ج ع ل"
3,41,5,"ا ي ي"
3,41,6,"ق و ل"
3,41,7,"ا ي ي"
3,41,9,"ك ل م"
3,41,10,"ن و س"
3,41,11,"ث ل ث"
3,41,12,"ي و م"
3,41,13,"إِلَّا"
3,41,14,"ر م ز"
3,41,15,"ذ ك ر"
3,41,16,"ر ب ب"
3,41,17,"ك ث ر"
3,41,18,"س ب ح"
3,41,19,"ع ش و"
3,41,20,"ب ك ر"
3,42,1,"إِذ"
3,42,2,"ق و ل"
3,42,3,"م ل ك"
3,42,6,"ا ل ه"
3,42,7,"ص ف و"
3,42,8,"ط ه ر"
3,42,9,"ص ف و"
3,42,11,"ن س و"
3,42,12,"ع ل م"
3,43,2,"ق ن ت"
3,43,3,"ر ب ب"
3,43,4,"س ج د"
3,43,5,"ر ك ع"
3,43,7,"ر ك ع"
3,44,3,"ن ب ا"
3,44,4,"غ ي ب"
3,44,5,"و ح ي"
3,44,6,"إِلَىٰ"
3,44,8,"ك و ن"
3,44,10,"إِذ"
3,44,11,"ل ق ي"
3,44,12,"ق ل م"
3,44,14,"ك ف ل"
3,44,17,"ك و ن"
3,44,19,"إِذ"
3,44,20,"خ ص م"
3,45,1,"إِذ"
3,45,2,"ق و ل"
3,45,3,"م ل ك"
3,45,6,"ا ل ه"
3,45,7,"ب ش ر"
3,45,8,"ك ل م"
3,45,10,"س م و"
3,45,13,"ب ن ي"
3,45,15,"و ج ه"
3,45,17,"د ن و"
3,45,18,"ا خ ر"
3,45,20,"ق ر ب"
3,46,1,"ك ل م"
3,46,2,"ن و س"
3,46,4,"م ه د"
3,46,5,"ك ه ل"
3,46,7,"ص ل ح"
3,47,1,"ق و ل"
3,47,2,"ر ب ب"
3,47,3,"ا ن ي"
3,47,4,"ك و ن"
3,47,6,"و ل د"
3,47,8,"م س س"
3,47,9,"ب ش ر"
3,47,10,"ق و ل"
3,47,12,"ا ل ه"
3,47,13,"خ ل ق"
3,47,15,"ش ي ا"
3,47,16,"إِذَا"
3,47,17,"ق ض ي"
3,47,18,"ا م ر"
3,47,20,"ق و ل"
3,47,22,"ك و ن"
3,47,23,"ك و ن"
3,48,1,"ع ل م"
3,48,2,"ك ت ب"
3,48,3,"ح ك م"
3,49,1,"ر س ل"
3,49,2,"إِلَىٰ"
3,49,3,"ب ن ي"
3,49,4,"إِسْرَائِيل"
3,49,7,"ج ي ا"
3,49,8,"ا ي ي"
3,49,10,"ر ب ب"
3,49,12,"خ ل ق"
3,49,15,"ط ي ن"
3,49,16,"ه ي ا"
3,49,17,"ط ي ر"
3,49,18,"ن ف خ"
3,49,20,"ك و ن"
3,49,21,"ط ي ر"
3,49,22,"ا ذ ن"
3,49,23,"ا ل ه"
3,49,24,"ب ر ا"
3,49,25,"ك م ه"
3,49,26,"ب ر ص"
3,49,27,"ح ي ي"
3,49,28,"م و ت"
3,49,29,"ا ذ ن"
3,49,30,"ا ل ه"
3,49,31,"ن ب ا"
3,49,33,"ا ك ل"
3,49,35,"ذ خ ر"
3,49,37,"ب ي ت"
3,49,41,"ا ي ي"
3,49,44,"ك و ن"
3,49,45,"ا م ن"
3,50,1,"ص د ق"
3,50,3,"ب ي ن"
3,50,4,"ي د ي"
3,50,7,"ح ل ل"
3,50,9,"ب ع ض"
3,50,10,"ٱلَّذِى"
3,50,11,"ح ر م"
3,50,13,"ج ي ا"
3,50,14,"ا ي ي"
3,50,16,"ر ب ب"
3,50,17,"و ق ي"
3,50,18,"ا ل ه"
3,50,19,"ط و ع"
3,51,2,"ا ل ه"
3,51,3,"ر ب ب"
3,51,4,"ر ب ب"
3,51,5,"ع ب د"
3,51,7,"ص ر ط"
3,51,8,"ق و م"
3,52,2,"ح س س"
3,52,5,"ك ف ر"
3,52,6,"ق و ل"
3,52,8,"ن ص ر"
3,52,9,"إِلَىٰ"
3,52,10,"ا ل ه"
3,52,11,"ق و ل"
3,52,12,"ح و ر"
3,52,14,"ن ص ر"
3,52,15,"ا ل ه"
3,52,16,"ا م ن"
3,52,17,"ا ل ه"
3,52,18,"ش ه د"
3,52,20,"س ل م"
3,53,1,"ر ب ب"
3,53,2,"ا م ن"
3,53,4,"ن ز ل"
3,53,5,"ت ب ع"
3,53,6,"ر س ل"
3,53,7,"ك ت ب"
3,53,9,"ش ه د"
3,54,1,"م ك ر"
3,54,2,"م ك ر"
3,54,3,"ا ل ه"
3,54,4,"ا ل ه"
3,54,5,"خ ي ر"
3,54,6,"م ك ر"
3,55,1,"إِذ"
3,55,2,"ق و ل"
3,55,3,"ا ل ه"
3,55,6,"و ف ي"
3,55,7,"ر ف ع"
3,55,8,"إِلَىٰ"
3,55,9,"ط ه ر"
3,55,11,"ٱلَّذِى"
3,55,12,"ك ف ر"
3,55,13,"ج ع ل"
3,55,14,"ٱلَّذِى"
3,55,15,"ت ب ع"
3,55,16,"ف و ق"
3,55,17,"ٱلَّذِى"
3,55,18,"ك ف ر"
3,55,19,"إِلَىٰ"
3,55,20,"ي و م"
3,55,21,"ق و م"
3,55,23,"إِلَىٰ"
3,55,24,"ر ج ع"
3,55,25,"ح ك م"
3,55,26,"ب ي ن"
3,55,28,"ك و ن"
3,55,30,"خ ل ف"
3,56,1,"أَمَّا"
3,56,2,"ٱلَّذِى"
3,56,3,"ك ف ر"
3,56,4,"ع ذ ب"
3,56,5,"ع ذ ب"
3,56,6,"ش د د"
3,56,8,"د ن و"
3,56,9,"ا خ ر"
3,56,13,"ن ص ر"
3,57,1,"أَمَّا"
3,57,2,"ٱلَّذِى"
3,57,3,"ا م ن"
3,57,4,"ع م ل"
3,57,5,"ص ل ح"
3,57,6,"و ف ي"
3,57,7,"ا ج ر"
3,57,8,"ا ل ه"
3,57,10,"ح ب ب"
3,57,11,"ظ ل م"
3,58,2,"ت ل و"
3,58,5,"ا ي ي"
3,58,6,"ذ ك ر"
3,58,7,"ح ك م"
3,59,2,"م ث ل"
3,59,4,"ع ن د"
3,59,5,"ا ل ه"
3,59,6,"م ث ل"
3,59,7,"آدَم"
3,59,8,"خ ل ق"
3,59,10,"ت ر ب"
3,59,12,"ق و ل"
3,59,14,"ك و ن"
3,59,15,"ك و ن"
3,60,1,"ح ق ق"
3,60,3,"ر ب ب"
3,60,5,"ك و ن"
3,60,7,"م ر ي"
3,61,2,"ح ج ج"
3,61,5,"ب ع د"
3,61,7,"ج ي ا"
3,61,9,"ع ل م"
3,61,10,"ق و ل"
3,61,11,"ع ل و"
3,61,12,"د ع و"
3,61,13,"ب ن ي"
3,61,14,"ب ن ي"
3,61,15,"ن س و"
3,61,16,"ن س و"
3,61,17,"ن ف س"
3,61,18,"ن ف س"
3,61,20,"ب ه ل"
3,61,21,"ج ع ل"
3,61,22,"ل ع ن"
3,61,23,"ا ل ه"
3,61,25,"ك ذ ب"
3,62,4,"ق ص ص"
3,62,5,"ح ق ق"
3,62,8,"ا ل ه"
3,62,9,"إِلَّا"
3,62,10,"ا ل ه"
3,62,12,"ا ل ه"
3,62,14,"ع ز ز"
3,62,15,"ح ك م"
3,63,2,"و ل ي"
3,63,4,"ا ل ه"
3,63,5,"ع ل م"
3,63,6,"ف س د"
3,64,1,"ق و ل"
3,64,2,"ا ه ل"
3,64,3,"ك ت ب"
3,64,4,"ع ل و"
3,64,5,"إِلَىٰ"
3,64,6,"ك ل م"
3,64,7,"س و ي"
3,64,8,"ب ي ن"
3,64,9,"ب ي ن"
3,64,11,"ع ب د"
3,64,12,"إِلَّا"
3,64,13,"ا ل ه"
3,64,15,"ش ر ك"
3,64,17,"ش ي ا"
3,64,19,"ا خ ذ"
3,64,20,"ب ع ض"
3,64,21,"ب ع ض"
3,64,22,"ر ب ب"
3,64,24,"د و ن"
3,64,25,"ا ل ه"
3,64,27,"و ل ي"
3,64,28,"ق و ل"
3,64,29,"ش ه د"
3,64,31,"س ل م"
3,65,1,"ا ه ل"
3,65,2,"ك ت ب"
3,65,4,"ح ج ج"
3,65,6,"إِبْرَاهِيم"
3,65,8,"ن ز ل"
3,65,11,"إِلَّا"
3,65,13,"ب ع د"
3,65,15,"ع ق ل"
3,66,3,"ح ج ج"
3,66,7,"ع ل م"
3,66,9,"ح ج ج"
3,66,11,"ل ي س"
3,66,14,"ع ل م"
3,66,15,"ا ل ه"
3,66,16,"ع ل م"
3,66,19,"ع ل م"
3,67,2,"ك و ن"
3,67,3,"إِبْرَاهِيم"
3,67,6,"ن ص ر"
3,67,8,"ك و ن"
3,67,9,"ح ن ف"
3,67,10,"س ل م"
3,67,12,"ك و ن"
3,67,14,"ش ر ك"
3,68,2,"و ل ي"
3,68,3,"ن و س"
3,68,4,"إِبْرَاهِيم"
3,68,5,"ٱلَّذِى"
3,68,6,"ت ب ع"
3,68,8,"ن ب ا"
3,68,9,"ٱلَّذِى"
3,68,10,"ا م ن"
3,68,11,"ا ل ه"
3,68,12,"و ل ي"
3,68,13,"ا م ن"
3,69,1,"و د د"
3,69,2,"ط و ف"
3,69,4,"ا ه ل"
3,69,5,"ك ت ب"
3,69,7,"ض ل ل"
3,69,9,"ض ل ل"
3,69,10,"إِلَّا"
3,69,11,"ن ف س"
3,69,13,"ش ع ر"
3,70,1,"ا ه ل"
3,70,2,"ك ت ب"
3,70,4,"ك ف ر"
3,70,5,"ا ي ي"
3,70,6,"ا ل ه"
3,70,8,"ش ه د"
3,71,1,"ا ه ل"
3,71,2,"ك ت ب"
3,71,4,"ل ب س"
3,71,5,"ح ق ق"
3,71,6,"ب ط ل"
3,71,7,"ك ت م"
3,71,8,"ح ق ق"
3,71,10,"ع ل م"
3,72,1,"ق و ل"
3,72,2,"ط و ف"
3,72,4,"ا ه ل"
3,72,5,"ك ت ب"
3,72,6,"ا م ن"
3,72,7,"ٱلَّذِى"
3,72,8,"ن ز ل"
3,72,10,"ٱلَّذِى"
3,72,11,"ا م ن"
3,72,12,"و ج ه"
3,72,13,"ن ه ر"
3,72,14,"ك ف ر"
3,72,15,"ا خ ر"
3,72,17,"ر ج ع"
3,73,2,"ا م ن"
3,73,3,"إِلَّا"
3,73,5,"ت ب ع"
3,73,6,"د ي ن"
3,73,7,"ق و ل"
3,73,9,"ه د ي"
3,73,10,"ه د ي"
3,73,11,"ا ل ه"
3,73,13,"ا ت ي"
3,73,14,"ا ح د"
3,73,15,"م ث ل"
3,73,17,"ا ت ي"
3,73,19,"ح ج ج"
3,73,20,"ع ن د"
3,73,21,"ر ب ب"
3,73,22,"ق و ل"
3,73,24,"ف ض ل"
3,73,25,"ي د ي"
3,73,26,"ا ل ه"
3,73,27,"ا ت ي"
3,73,29,"ش ي ا"
3,73,30,"ا ل ه"
3,73,31,"و س ع"
3,73,32,"ع ل م"
3,74,1,"خ ص ص"
3,74,2,"ر ح م"
3,74,4,"ش ي ا"
3,74,5,"ا ل ه"
3,74,7,"ف ض ل"
3,74,8,"ع ظ م"
3,75,2,"ا ه ل"
3,75,3,"ك ت ب"
3,75,6,"ا م ن"
3,75,7,"ق ن ط ر"
3,75,8,"ا د ي"
3,75,9,"إِلَىٰ"
3,75,13,"ا م ن"
3,75,14,"د ن ر"
3,75,16,"ا د ي"
3,75,17,"إِلَىٰ"
3,75,18,"إِلَّا"
3,75,20,"د و م"
3,75,22,"ق و م"
3,75,25,"ق و ل"
3,75,26,"ل ي س"
3,75,29,"ا م م"
3,75,30,"س ب ل"
3,75,31,"ق و ل"
3,75,33,"ا ل ه"
3,75,34,"ك ذ ب"
3,75,36,"ع ل م"
3,76,3,"و ف ي"
3,76,4,"ع ه د"
3,76,5,"و ق ي"
3,76,7,"ا ل ه"
3,76,8,"ح ب ب"
3,76,9,"و ق ي"
3,77,2,"ٱلَّذِى"
3,77,3,"ش ر ي"
3,77,4,"ع ه د"
3,77,5,"ا ل ه"
3,77,6,"ي م ن"
3,77,7,"ث م ن"
3,77,8,"ق ل ل"
3,77,11,"خ ل ق"
3,77,14,"ا خ ر"
3,77,16,"ك ل م"
3,77,17,"ا ل ه"
3,77,19,"ن ظ ر"
3,77,20,"إِلَىٰ"
3,77,21,"ي و م"
3,77,22,"ق و م"
3,77,24,"ز ك و"
3,77,26,"ع ذ ب"
3,77,27,"ا ل م"
3,78,3,"ف ر ق"
3,78,4,"ل و ي"
3,78,5,"ل س ن"
3,78,6,"ك ت ب"
3,78,7,"ح س ب"
3,78,9,"ك ت ب"
3,78,13,"ك ت ب"
3,78,14,"ق و ل"
3,78,17,"ع ن د"
3,78,18,"ا ل ه"
3,78,22,"ع ن د"
3,78,23,"ا ل ه"
3,78,24,"ق و ل"
3,78,26,"ا ل ه"
3,78,27,"ك ذ ب"
3,78,29,"ع ل م"
3,79,2,"ك و ن"
3,79,3,"ب ش ر"
3,79,5,"ا ت ي"
3,79,6,"ا ل ه"
3,79,7,"ك ت ب"
3,79,8,"ح ك م"
3,79,9,"ن ب ا"
3,79,11,"ق و ل"
3,79,12,"ن و س"
3,79,13,"ك و ن"
3,79,14,"ع ب د"
3,79,17,"د و ن"
3,79,18,"ا ل ه"
3,79,20,"ك و ن"
3,79,21,"ر ب ب"
3,79,23,"ك و ن"
3,79,24,"ع ل م"
3,79,25,"ك ت ب"
3,79,27,"ك و ن"
3,79,28,"د ر س"
3,80,2,"ا م ر"
3,80,4,"ا خ ذ"
3,80,5,"م ل ك"
3,80,6,"ن ب ا"
3,80,7,"ر ب ب"
3,80,8,"ا م ر"
3,80,9,"ك ف ر"
3,80,10,"ب ع د"
3,80,11,"إِذ"
3,80,13,"س ل م"
3,81,1,"إِذ"
3,81,2,"ا خ ذ"
3,81,3,"ا ل ه"
3,81,4,"و ث ق"
3,81,5,"ن ب ا"
3,81,7,"ا ت ي"
3,81,9,"ك ت ب"
3,81,10,"ح ك م"
3,81,12,"ج ي ا"
3,81,13,"ر س ل"
3,81,14,"ص د ق"
3,81,17,"ا م ن"
3,81,19,"ن ص ر"
3,81,20,"ق و ل"
3,81,21,"ق ر ر"
3,81,22,"ا خ ذ"
3,81,25,"ا ص ر"
3,81,26,"ق و ل"
3,81,27,"ق ر ر"
3,81,28,"ق و ل"
3,81,29,"ش ه د"
3,81,33,"ش ه د"
3,82,2,"و ل ي"
3,82,3,"ب ع د"
3,82,7,"ف س ق"
3,83,1,"غ ي ر"
3,83,2,"د ي ن"
3,83,3,"ا ل ه"
3,83,4,"ب غ ي"
3,83,6,"س ل م"
3,83,9,"س م و"
3,83,10,"ا ر ض"
3,83,11,"ط و ع"
3,83,12,"ك ر ه"
3,83,13,"إِلَىٰ"
3,83,14,"ر ج ع"
3,84,1,"ق و ل"
3,84,2,"ا م ن"
3,84,3,"ا ل ه"
3,84,5,"ن ز ل"
3,84,8,"ن ز ل"
3,84,10,"إِبْرَاهِيم"
3,84,11,"إِسْمَاعِيل"
3,84,12,"إِسْحَاق"
3,84,14,"س ب ط"
3,84,16,"ا ت ي"
3,84,19,"ن ب ا"
3,84,21,"ر ب ب"
3,84,23,"ف ر ق"
3,84,24,"ب ي ن"
3,84,25,"ا ح د"
3,84,29,"س ل م"
3,85,2,"ب غ ي"
3,85,3,"غ ي ر"
3,85,4,"س ل م"
3,85,5,"د ي ن"
3,85,7,"ق ب ل"
3,85,11,"ا خ ر"
3,85,13,"خ س ر"
3,86,1,"ك ي ف"
3,86,2,"ه د ي"
3,86,3,"ا ل ه"
3,86,4,"ق و م"
3,86,5,"ك ف ر"
3,86,6,"ب ع د"
3,86,7,"ا م ن"
3,86,8,"ش ه د"
3,86,10,"ر س ل"
3,86,11,"ح ق ق"
3,86,12,"ج ي ا"
3,86,13,"ب ي ن"
3,86,14,"ا ل ه"
3,86,16,"ه د ي"
3,86,17,"ق و م"
3,86,18,"ظ ل م"
3,87,2,"ج ز ي"
3,87,5,"ل ع ن"
3,87,6,"ا ل ه"
3,87,7,"م ل ك"
3,87,8,"ن و س"
3,87,9,"ج م ع"
3,88,1,"خ ل د"
3,88,4,"خ ف ف"
3,88,6,"ع ذ ب"
3,88,9,"ن ظ ر"
3,89,1,"إِلَّا"
3,89,2,"ٱلَّذِى"
3,89,3,"ت و ب"
3,89,5,"ب ع د"
3,89,7,"ص ل ح"
3,89,9,"ا ل ه"
3,89,10,"غ ف ر"
3,89,11,"ر ح م"
3,90,2,"ٱلَّذِى"
3,90,3,"ك ف ر"
3,90,4,"ب ع د"
3,90,5,"ا م ن"
3,90,7,"ز ي د"
3,90,8,"ك ف ر"
3,90,10,"ق ب ل"
3,90,11,"ت و ب"
3,90,14,"ض ل ل"
3,91,2,"ٱلَّذِى"
3,91,3,"ك ف ر"
3,91,4,"م و ت"
3,91,6,"ك ف ر"
3,91,8,"ق ب ل"
3,91,10,"ا ح د"
3,91,11,"م ل ا"
3,91,12,"ا ر ض"
3,91,13,"ذ ه ب"
3,91,15,"ف د ي"
3,91,19,"ع ذ ب"
3,91,20,"ا ل م"
3,91,24,"ن ص ر"
3,92,2,"ن ي ل"
3,92,3,"ب ر ر"
3,92,5,"ن ف ق"
3,92,7,"ح ب ب"
3,92,9,"ن ف ق"
3,92,11,"ش ي ا"
3,92,13,"ا ل ه"
3,92,15,"ع ل م"
3,93,1,"ك ل ل"
3,93,2,"ط ع م"
3,93,3,"ك و ن"
3,93,4,"ح ل ل"
3,93,5,"ب ن ي"
3,93,6,"إِسْرَائِيل"
3,93,7,"إِلَّا"
3,93,9,"ح ر م"
3,93,10,"إِسْرَائِيل"
3,93,12,"ن ف س"
3,93,14,"ق ب ل"
3,93,16,"ن ز ل"
3,93,18,"ق و ل"
3,93,19,"ا ت ي"
3,93,21,"ت ل و"
3,93,23,"ك و ن"
3,93,24,"ص د ق"
3,94,2,"ف ر ي"
3,94,4,"ا ل ه"
3,94,5,"ك ذ ب"
3,94,7,"ب ع د"
3,94,11,"ظ ل م"
3,95,1,"ق و ل"
3,95,2,"ص د ق"
3,95,3,"ا ل ه"
3,95,4,"ت ب ع"
3,95,5,"م ل ل"
3,95,6,"إِبْرَاهِيم"
3,95,7,"ح ن ف"
3,95,9,"ك و ن"
3,95,11,"ش ر ك"
3,96,2,"ا و ل"
3,96,3,"ب ي ت"
3,96,4,"و ض ع"
3,96,5,"ن و س"
3,96,6,"ٱلَّذِى"
3,96,8,"ب ر ك"
3,96,9,"ه د ي"
3,96,10,"ع ل م"
3,97,2,"ا ي ي"
3,97,3,"ب ي ن"
3,97,4,"ق و م"
3,97,5,"إِبْرَاهِيم"
3,97,7,"د خ ل"
3,97,8,"ك و ن"
3,97,9,"ا م ن"
3,97,10,"ا ل ه"
3,97,12,"ن و س"
3,97,13,"ح ج ج"
3,97,14,"ب ي ت"
3,97,16,"ط و ع"
3,97,17,"إِلَىٰ"
3,97,18,"س ب ل"
3,97,20,"ك ف ر"
3,97,22,"ا ل ه"
3,97,23,"غ ن ي"
3,97,25,"ع ل م"
3,98,1,"ق و ل"
3,98,2,"ا ه ل"
3,98,3,"ك ت ب"
3,98,5,"ك ف ر"
3,98,6,"ا ي ي"
3,98,7,"ا ل ه"
3,98,8,"ا ل ه"
3,98,9,"ش ه د"
3,98,12,"ع م ل"
3,99,1,"ق و ل"
3,99,2,"ا ه ل"
3,99,3,"ك ت ب"
3,99,5,"ص د د"
3,99,7,"س ب ل"
3,99,8,"ا ل ه"
3,99,10,"ا م ن"
3,99,11,"ب غ ي"
3,99,12,"ع و ج"
3,99,14,"ش ه د"
3,99,16,"ا ل ه"
3,99,17,"غ ف ل"
3,99,19,"ع م ل"
3,100,2,"ٱلَّذِى"
3,100,3,"ا م ن"
3,100,5,"ط و ع"
3,100,6,"ف ر ق"
3,100,8,"ٱلَّذِى"
3,100,9,"ا ت ي"
3,100,10,"ك ت ب"
3,100,11,"ر د د"
3,100,12,"ب ع د"
3,100,13,"ا م ن"
3,100,14,"ك ف ر"
3,101,1,"ك ي ف"
3,101,2,"ك ف ر"
3,101,4,"ت ل و"
3,101,6,"ا ي ي"
3,101,7,"ا ل ه"
3,101,9,"ر س ل"
3,101,11,"ع ص م"
3,101,12,"ا ل ه"
3,101,14,"ه د ي"
3,101,15,"إِلَىٰ"
3,101,16,"ص ر ط"
3,101,17,"ق و م"
3,102,2,"ٱلَّذِى"
3,102,3,"ا م ن"
3,102,4,"و ق ي"
3,102,5,"ا ل ه"
3,102,6,"ح ق ق"
3,102,7,"و ق ي"
3,102,9,"م و ت"
3,102,10,"إِلَّا"
3,102,12,"س ل م"
3,103,1,"ع ص م"
3,103,2,"ح ب ل"
3,103,3,"ا ل ه"
3,103,4,"ج م ع"
3,103,6,"ف ر ق"
3,103,7,"ذ ك ر"
3,103,8,"ن ع م"
3,103,9,"ا ل ه"
3,103,11,"إِذ"
3,103,12,"ك و ن"
3,103,13,"ع د و"
3,103,14,"ا ل ف"
3,103,15,"ب ي ن"
3,103,16,"ق ل ب"
3,103,17,"ص ب ح"
3,103,18,"ن ع م"
3,103,19,"ا خ و"
3,103,20,"ك و ن"
3,103,22,"ش ف و"
3,103,23,"ح ف ر"
3,103,25,"ن و ر"
3,103,26,"ن ق ذ"
3,103,29,"ب ي ن"
3,103,30,"ا ل ه"
3,103,32,"ا ي ي"
3,103,34,"ه د ي"
3,104,1,"ك و ن"
3,104,3,"ا م م"
3,104,4,"د ع و"
3,104,5,"إِلَىٰ"
3,104,6,"خ ي ر"
3,104,7,"ا م ر"
3,104,8,"ع ر ف"
3,104,9,"ن ه ي"
3,104,11,"ن ك ر"
3,104,14,"ف ل ح"
3,105,2,"ك و ن"
3,105,3,"ٱلَّذِى"
3,105,4,"ف ر ق"
3,105,5,"خ ل ف"
3,105,7,"ب ع د"
3,105,9,"ج ي ا"
3,105,10,"ب ي ن"
3,105,13,"ع ذ ب"
3,105,14,"ع ظ م"
3,106,1,"ي و م"
3,106,2,"ب ي ض"
3,106,3,"و ج ه"
3,106,4,"س و د"
3,106,5,"و ج ه"
3,106,6,"أَمَّا"
3,106,7,"ٱلَّذِى"
3,106,8,"س و د"
3,106,9,"و ج ه"
3,106,10,"ك ف ر"
3,106,11,"ب ع د"
3,106,12,"ا م ن"
3,106,13,"ذ و ق"
3,106,14,"ع ذ ب"
3,106,16,"ك و ن"
3,106,17,"ك ف ر"
3,107,1,"أَمَّا"
3,107,2,"ٱلَّذِى"
3,107,3,"ب ي ض"
3,107,4,"و ج ه"
3,107,6,"ر ح م"
3,107,7,"ا ل ه"
3,107,10,"خ ل د"
3,108,2,"ا ي ي"
3,108,3,"ا ل ه"
3,108,4,"ت ل و"
3,108,6,"ح ق ق"
3,108,8,"ا ل ه"
3,108,9,"ر و د"
3,108,10,"ظ ل م"
3,108,11,"ع ل م"
3,109,1,"ا ل ه"
3,109,4,"س م و"
3,109,7,"ا ر ض"
3,109,8,"إِلَىٰ"
3,109,9,"ا ل ه"
3,109,10,"ر ج ع"
3,109,11,"ا م ر"
3,110,1,"ك و ن"
3,110,2,"خ ي ر"
3,110,3,"ا م م"
3,110,4,"خ ر ج"
3,110,5,"ن و س"
3,110,6,"ا م ر"
3,110,7,"ع ر ف"
3,110,8,"ن ه ي"
3,110,10,"ن ك ر"
3,110,11,"ا م ن"
3,110,12,"ا ل ه"
3,110,14,"ا م ن"
3,110,15,"ا ه ل"
3,110,16,"ك ت ب"
3,110,17,"ك و ن"
3,110,18,"خ ي ر"
3,110,21,"ا م ن"
3,110,22,"ك ث ر"
3,110,23,"ف س ق"
3,111,2,"ض ر ر"
3,111,3,"إِلَّا"
3,111,4,"ا ذ ي"
3,111,6,"ق ت ل"
3,111,7,"و ل ي"
3,111,8,"د ب ر"
3,111,11,"ن ص ر"
3,112,1,"ض ر ب"
3,112,3,"ذ ل ل"
3,112,6,"ث ق ف"
3,112,7,"إِلَّا"
3,112,8,"ح ب ل"
3,112,10,"ا ل ه"
3,112,11,"ح ب ل"
3,112,13,"ن و س"
3,112,14,"ب و ا"
3,112,15,"غ ض ب"
3,112,17,"ا ل ه"
3,112,18,"ض ر ب"
3,112,20,"س ك ن"
3,112,23,"ك و ن"
3,112,24,"ك ف ر"
3,112,25,"ا ي ي"
3,112,26,"ا ل ه"
3,112,27,"ق ت ل"
3,112,28,"ن ب ا"
3,112,29,"غ ي ر"
3,112,30,"ح ق ق"
3,112,33,"ع ص ي"
3,112,34,"ك و ن"
3,112,35,"ع د و"
3,113,1,"ل ي س"
3,113,2,"س و ي"
3,113,4,"ا ه ل"
3,113,5,"ك ت ب"
3,113,6,"ا م م"
3,113,7,"ق و م"
3,113,8,"ت ل و"
3,113,9,"ا ي ي"
3,113,10,"ا ل ه"
3,113,11,"ا ن ي"
3,113,12,"ل ي ل"
3,113,14,"س ج د"
3,114,1,"ا م ن"
3,114,2,"ا ل ه"
3,114,3,"ي و م"
3,114,4,"ا خ ر"
3,114,5,"ا م ر"
3,114,6,"ع ر ف"
3,114,7,"ن ه ي"
3,114,9,"ن ك ر"
3,114,10,"س ر ع"
3,114,12,"خ ي ر"
3,114,15,"ص ل ح"
3,115,2,"ف ع ل"
3,115,4,"خ ي ر"
3,115,6,"ك ف ر"
3,115,7,"ا ل ه"
3,115,8,"ع ل م"
3,115,9,"و ق ي"
3,116,2,"ٱلَّذِى"
3,116,3,"ك ف ر"
3,116,5,"غ ن ي"
3,116,7,"م و ل"
3,116,9,"و ل د"
3,116,11,"ا ل ه"
3,116,12,"ش ي ا"
3,116,14,"ص ح ب"
3,116,15,"ن و ر"
3,116,18,"خ ل د"
3,117,1,"م ث ل"
3,117,3,"ن ف ق"
3,117,6,"ح ي ي"
3,117,7,"د ن و"
3,117,8,"م ث ل"
3,117,9,"ر و ح"
3,117,11,"ص ر ر"
3,117,12,"ص و ب"
3,117,13,"ح ر ث"
3,117,14,"ق و م"
3,117,15,"ظ ل م"
3,117,16,"ن ف س"
3,117,17,"ه ل ك"
3,117,19,"ظ ل م"
3,117,20,"ا ل ه"
3,117,22,"ن ف س"
3,117,23,"ظ ل م"
3,118,2,"ٱلَّذِى"
3,118,3,"ا م ن"
3,118,5,"ا خ ذ"
3,118,6,"ب ط ن"
3,118,8,"د و ن"
3,118,10,"ا ل و"
3,118,11,"خ ب ل"
3,118,12,"و د د"
3,118,14,"ع ن ت"
3,118,16,"ب د و"
3,118,17,"ب غ ض"
3,118,19,"ف و ه"
3,118,21,"خ ف ي"
3,118,22,"ص د ر"
3,118,23,"ك ب ر"
3,118,25,"ب ي ن"
3,118,27,"ا ي ي"
3,118,29,"ك و ن"
3,118,30,"ع ق ل"
3,119,3,"ح ب ب"
3,119,5,"ح ب ب"
3,119,6,"ا م ن"
3,119,7,"ك ت ب"
3,119,8,"ك ل ل"
3,119,9,"إِذَا"
3,119,10,"ل ق ي"
3,119,11,"ق و ل"
3,119,12,"ا م ن"
3,119,13,"إِذَا"
3,119,14,"خ ل و"
3,119,15,"ع ض ض"
3,119,17,"ن م ل"
3,119,19,"غ ي ظ"
3,119,20,"ق و ل"
3,119,21,"م و ت"
3,119,22,"غ ي ظ"
3,119,24,"ا ل ه"
3,119,25,"ع ل م"
3,119,27,"ص د ر"
3,120,2,"م س س"
3,120,3,"ح س ن"
3,120,4,"س و ا"
3,120,6,"ص و ب"
3,120,7,"س و ا"
3,120,8,"ف ر ح"
3,120,11,"ص ب ر"
3,120,12,"و ق ي"
3,120,14,"ض ر ر"
3,120,15,"ك ي د"
3,120,16,"ش ي ا"
3,120,18,"ا ل ه"
3,120,20,"ع م ل"
3,120,21,"ح و ط"
3,121,1,"إِذ"
3,121,2,"غ د و"
3,121,4,"ا ه ل"
3,121,5,"ب و ا"
3,121,6,"ا م ن"
3,121,7,"ق ع د"
3,121,8,"ق ت ل"
3,121,9,"ا ل ه"
3,121,10,"س م ع"
3,121,11,"ع ل م"
3,122,1,"إِذ"
3,122,2,"ه م م"
3,122,3,"ط و ف"
3,122,6,"ف ش ل"
3,122,7,"ا ل ه"
3,122,8,"و ل ي"
3,122,10,"ا ل ه"
3,122,11,"و ك ل"
3,122,12,"ا م ن"
3,123,2,"ن ص ر"
3,123,3,"ا ل ه"
3,123,6,"ذ ل ل"
3,123,7,"و ق ي"
3,123,8,"ا ل ه"
3,123,10,"ش ك ر"
3,124,1,"إِذ"
3,124,2,"ق و ل"
3,124,3,"ا م ن"
3,124,5,"ك ف ي"
3,124,7,"م د د"
3,124,8,"ر ب ب"
3,124,9,"ث ل ث"
3,124,10,"ا ل ف"
3,124,12,"م ل ك"
3,124,13,"ن ز ل"
3,125,3,"ص ب ر"
3,125,4,"و ق ي"
3,125,5,"ا ت ي"
3,125,7,"ف و ر"
3,125,9,"م د د"
3,125,10,"ر ب ب"
3,125,11,"خ م س"
3,125,12,"ا ل ف"
3,125,14,"م ل ك"
3,125,15,"س و م"
3,126,2,"ج ع ل"
3,126,3,"ا ل ه"
3,126,4,"إِلَّا"
3,126,5,"ب ش ر"
3,126,7,"ط م ن"
3,126,8,"ق ل ب"
3,126,11,"ن ص ر"
3,126,12,"إِلَّا"
3,126,14,"ع ن د"
3,126,15,"ا ل ه"
3,126,16,"ع ز ز"
3,126,17,"ح ك م"
3,127,1,"ق ط ع"
3,127,2,"ط ر ف"
3,127,4,"ٱلَّذِى"
3,127,5,"ك ف ر"
3,127,7,"ك ب ت"
3,127,8,"ق ل ب"
3,127,9,"خ ي ب"
3,128,1,"ل ي س"
3,128,4,"ا م ر"
3,128,5,"ش ي ا"
3,128,7,"ت و ب"
3,128,10,"ع ذ ب"
3,128,12,"ظ ل م"
3,129,1,"ا ل ه"
3,129,4,"س م و"
3,129,7,"ا ر ض"
3,129,8,"غ ف ر"
3,129,10,"ش ي ا"
3,129,11,"ع ذ ب"
3,129,13,"ش ي ا"
3,129,14,"ا ل ه"
3,129,15,"غ ف ر"
3,129,16,"ر ح م"
3,130,2,"ٱلَّذِى"
3,130,3,"ا م ن"
3,130,5,"ا ك ل"
3,130,6,"ر ب و"
3,130,7,"ض ع ف"
3,130,8,"ض ع ف"
3,130,9,"و ق ي"
3,130,10,"ا ل ه"
3,130,12,"ف ل ح"
3,131,1,"و ق ي"
3,131,2,"ن و ر"
3,131,3,"ٱلَّذِى"
3,131,4,"ع د د"
3,131,5,"ك ف ر"
3,132,1,"ط و ع"
3,132,2,"ا ل ه"
3,132,3,"ر س ل"
3,132,5,"ر ح م"
3,133,1,"س ر ع"
3,133,2,"إِلَىٰ"
3,133,3,"غ ف ر"
3,133,5,"ر ب ب"
3,133,6,"ج ن ن"
3,133,7,"ع ر ض"
3,133,8,"س م و"
3,133,9,"ا ر ض"
3,133,10,"ع د د"
3,133,11,"و ق ي"
3,134,1,"ٱلَّذِى"
3,134,2,"ن ف ق"
3,134,4,"س ر ر"
3,134,5,"ض ر ر"
3,134,6,"ك ظ م"
3,134,7,"غ ي ظ"
3,134,8,"ع ف و"
3,134,10,"ن و س"
3,134,11,"ا ل ه"
3,134,12,"ح ب ب"
3,134,13,"ح س ن"
3,135,1,"ٱلَّذِى"
3,135,2,"إِذَا"
3,135,3,"ف ع ل"
3,135,4,"ف ح ش"
3,135,6,"ظ ل م"
3,135,7,"ن ف س"
3,135,8,"ذ ك ر"
3,135,9,"ا ل ه"
3,135,10,"غ ف ر"
3,135,11,"ذ ن ب"
3,135,13,"غ ف ر"
3,135,14,"ذ ن ب"
3,135,15,"إِلَّا"
3,135,16,"ا ل ه"
3,135,18,"ص ر ر"
3,135,21,"ف ع ل"
3,135,23,"ع ل م"
3,136,2,"ج ز ي"
3,136,3,"غ ف ر"
3,136,5,"ر ب ب"
3,136,6,"ج ن ن"
3,136,7,"ج ر ي"
3,136,9,"ت ح ت"
3,136,10,"ن ه ر"
3,136,11,"خ ل د"
3,136,13,"ن ع م"
3,136,14,"ا ج ر"
3,136,15,"ع م ل"
3,137,2,"خ ل و"
3,137,4,"ق ب ل"
3,137,5,"س ن ن"
3,137,6,"س ي ر"
3,137,8,"ا ر ض"
3,137,9,"ن ظ ر"
3,137,10,"ك ي ف"
3,137,11,"ك و ن"
3,137,12,"ع ق ب"
3,137,13,"ك ذ ب"
3,138,2,"ب ي ن"
3,138,3,"ن و س"
3,138,4,"ه د ي"
3,138,5,"و ع ظ"
3,138,6,"و ق ي"
3,139,2,"و ه ن"
3,139,4,"ح ز ن"
3,139,6,"ع ل و"
3,139,8,"ك و ن"
3,139,9,"ا م ن"
3,140,2,"م س س"
3,140,3,"ق ر ح"
3,140,5,"م س س"
3,140,6,"ق و م"
3,140,7,"ق ر ح"
3,140,8,"م ث ل"
3,140,10,"ي و م"
3,140,11,"د و ل"
3,140,12,"ب ي ن"
3,140,13,"ن و س"
3,140,14,"ع ل م"
3,140,15,"ا ل ه"
3,140,16,"ٱلَّذِى"
3,140,17,"ا م ن"
3,140,18,"ا خ ذ"
3,140,20,"ش ه د"
3,140,21,"ا ل ه"
3,140,23,"ح ب ب"
3,140,24,"ظ ل م"
3,141,1,"م ح ص"
3,141,2,"ا ل ه"
3,141,3,"ٱلَّذِى"
3,141,4,"ا م ن"
3,141,5,"م ح ق"
3,141,6,"ك ف ر"
3,142,1,"أَم"
3,142,2,"ح س ب"
3,142,4,"د خ ل"
3,142,5,"ج ن ن"
3,142,7,"ع ل م"
3,142,8,"ا ل ه"
3,142,9,"ٱلَّذِى"
3,142,10,"ج ه د"
3,142,12,"ع ل م"
3,142,13,"ص ب ر"
3,143,2,"ك و ن"
3,143,3,"م ن ي"
3,143,4,"م و ت"
3,143,6,"ق ب ل"
3,143,8,"ل ق ي"
3,143,10,"ر ا ي"
3,143,12,"ن ظ ر"
3,144,3,"إِلَّا"
3,144,4,"ر س ل"
3,144,6,"خ ل و"
3,144,8,"ق ب ل"
3,144,9,"ر س ل"
3,144,11,"م و ت"
3,144,13,"ق ت ل"
3,144,14,"ق ل ب"
3,144,16,"ع ق ب"
3,144,18,"ق ل ب"
3,144,20,"ع ق ب"
3,144,22,"ض ر ر"
3,144,23,"ا ل ه"
3,144,24,"ش ي ا"
3,144,25,"ج ز ي"
3,144,26,"ا ل ه"
3,144,27,"ش ك ر"
3,145,2,"ك و ن"
3,145,3,"ن ف س"
3,145,5,"م و ت"
3,145,6,"إِلَّا"
3,145,7,"ا ذ ن"
3,145,8,"ا ل ه"
3,145,9,"ك ت ب"
3,145,10,"ا ج ل"
3,145,12,"ر و د"
3,145,13,"ث و ب"
3,145,14,"د ن و"
3,145,15,"ا ت ي"
3,145,18,"ر و د"
3,145,19,"ث و ب"
3,145,20,"ا خ ر"
3,145,21,"ا ت ي"
3,145,23,"ج ز ي"
3,145,24,"ش ك ر"
3,146,3,"ن ب ا"
3,146,4,"ق ت ل"
3,146,6,"ر ب ب"
3,146,7,"ك ث ر"
3,146,9,"و ه ن"
3,146,11,"ص و ب"
3,146,13,"س ب ل"
3,146,14,"ا ل ه"
3,146,16,"ض ع ف"
3,146,18,"ك ي ن"
3,146,19,"ا ل ه"
3,146,20,"ح ب ب"
3,146,21,"ص ب ر"
3,147,2,"ك و ن"
3,147,3,"ق و ل"
3,147,4,"إِلَّا"
3,147,6,"ق و ل"
3,147,7,"ر ب ب"
3,147,8,"غ ف ر"
3,147,10,"ذ ن ب"
3,147,11,"س ر ف"
3,147,13,"ا م ر"
3,147,14,"ث ب ت"
3,147,15,"ق د م"
3,147,16,"ن ص ر"
3,147,18,"ق و م"
3,147,19,"ك ف ر"
3,148,1,"ا ت ي"
3,148,2,"ا ل ه"
3,148,3,"ث و ب"
3,148,4,"د ن و"
3,148,5,"ح س ن"
3,148,6,"ث و ب"
3,148,7,"ا خ ر"
3,148,8,"ا ل ه"
3,148,9,"ح ب ب"
3,148,10,"ح س ن"
3,149,2,"ٱلَّذِى"
3,149,3,"ا م ن"
3,149,5,"ط و ع"
3,149,6,"ٱلَّذِى"
3,149,7,"ك ف ر"
3,149,8,"ر د د"
3,149,10,"ع ق ب"
3,149,11,"ق ل ب"
3,149,12,"خ س ر"
3,150,2,"ا ل ه"
3,150,3,"و ل ي"
3,150,5,"خ ي ر"
3,150,6,"ن ص ر"
3,151,1,"ل ق ي"
3,151,3,"ق ل ب"
3,151,4,"ٱلَّذِى"
3,151,5,"ك ف ر"
3,151,6,"ر ع ب"
3,151,8,"ش ر ك"
3,151,9,"ا ل ه"
3,151,12,"ن ز ل"
3,151,14,"س ل ط"
3,151,15,"ا و ي"
3,151,16,"ن و ر"
3,151,17,"ب ا س"
3,151,18,"ث و ي"
3,151,19,"ظ ل م"
3,152,2,"ص د ق"
3,152,3,"ا ل ه"
3,152,4,"و ع د"
3,152,5,"إِذ"
3,152,6,"ح س س"
3,152,7,"ا ذ ن"
3,152,9,"إِذَا"
3,152,10,"ف ش ل"
3,152,11,"ن ز ع"
3,152,13,"ا م ر"
3,152,14,"ع ص ي"
3,152,16,"ب ع د"
3,152,18,"ر ا ي"
3,152,20,"ح ب ب"
3,152,23,"ر و د"
3,152,24,"د ن و"
3,152,27,"ر و د"
3,152,28,"ا خ ر"
3,152,30,"ص ر ف"
3,152,32,"ب ل و"
3,152,34,"ع ف و"
3,152,36,"ا ل ه"
3,152,38,"ف ض ل"
3,152,40,"ا م ن"
3,153,1,"إِذ"
3,153,2,"ص ع د"
3,153,4,"ل و ي"
3,153,6,"ا ح د"
3,153,7,"ر س ل"
3,153,8,"د ع و"
3,153,10,"ا خ ر"
3,153,11,"ث و ب"
3,153,12,"غ م م"
3,153,13,"غ م م"
3,153,15,"ح ز ن"
3,153,18,"ف و ت"
3,153,21,"ص و ب"
3,153,22,"ا ل ه"
3,153,23,"خ ب ر"
3,153,25,"ع م ل"
3,154,2,"ن ز ل"
3,154,5,"ب ع د"
3,154,6,"غ م م"
3,154,7,"ا م ن"
3,154,8,"ن ع س"
3,154,9,"غ ش و"
3,154,10,"ط و ف"
3,154,12,"ط و ف"
3,154,14,"ه م م"
3,154,15,"ن ف س"
3,154,16,"ظ ن ن"
3,154,17,"ا ل ه"
3,154,18,"غ ي ر"
3,154,19,"ح ق ق"
3,154,20,"ظ ن ن"
3,154,21,"ج ه ل"
3,154,22,"ق و ل"
3,154,26,"ا م ر"
3,154,28,"ش ي ا"
3,154,29,"ق و ل"
3,154,31,"ا م ر"
3,154,32,"ك ل ل"
3,154,33,"ا ل ه"
3,154,34,"خ ف ي"
3,154,36,"ن ف س"
3,154,39,"ب د و"
3,154,41,"ق و ل"
3,154,43,"ك و ن"
3,154,46,"ا م ر"
3,154,47,"ش ي ا"
3,154,49,"ق ت ل"
3,154,51,"ق و ل"
3,154,53,"ك و ن"
3,154,55,"ب ي ت"
3,154,56,"ب ر ز"
3,154,57,"ٱلَّذِى"
3,154,58,"ك ت ب"
3,154,60,"ق ت ل"
3,154,61,"إِلَىٰ"
3,154,62,"ض ج ع"
3,154,63,"ب ل و"
3,154,64,"ا ل ه"
3,154,67,"ص د ر"
3,154,68,"م ح ص"
3,154,71,"ق ل ب"
3,154,72,"ا ل ه"
3,154,73,"ع ل م"
3,154,75,"ص د ر"
3,155,2,"ٱلَّذِى"
3,155,3,"و ل ي"
3,155,5,"ي و م"
3,155,6,"ل ق ي"
3,155,7,"ج م ع"
3,155,9,"ز ل ل"
3,155,10,"ش ط ن"
3,155,11,"ب ع ض"
3,155,13,"ك س ب"
3,155,15,"ع ف و"
3,155,16,"ا ل ه"
3,155,19,"ا ل ه"
3,155,20,"غ ف ر"
3,155,21,"ح ل م"
3,156,2,"ٱلَّذِى"
3,156,3,"ا م ن"
3,156,5,"ك و ن"
3,156,6,"ٱلَّذِى"
3,156,7,"ك ف ر"
3,156,8,"ق و ل"
3,156,9,"ا خ و"
3,156,10,"إِذَا"
3,156,11,"ض ر ب"
3,156,13,"ا ر ض"
3,156,15,"ك و ن"
3,156,16,"غ ز و"
3,156,18,"ك و ن"
3,156,19,"ع ن د"
3,156,21,"م و ت"
3,156,23,"ق ت ل"
3,156,24,"ج ع ل"
3,156,25,"ا ل ه"
3,156,27,"ح س ر"
3,156,29,"ق ل ب"
3,156,30,"ا ل ه"
3,156,31,"ح ي ي"
3,156,32,"م و ت"
3,156,33,"ا ل ه"
3,156,35,"ع م ل"
3,156,36,"ب ص ر"
3,157,2,"ق ت ل"
3,157,4,"س ب ل"
3,157,5,"ا ل ه"
3,157,7,"م و ت"
3,157,8,"غ ف ر"
3,157,10,"ا ل ه"
3,157,11,"ر ح م"
3,157,12,"خ ي ر"
3,157,14,"ج م ع"
3,158,2,"م و ت"
3,158,4,"ق ت ل"
3,158,5,"إِلَىٰ"
3,158,6,"ا ل ه"
3,158,7,"ح ش ر"
3,159,2,"ر ح م"
3,159,4,"ا ل ه"
3,159,5,"ل ي ن"
3,159,8,"ك و ن"
3,159,9,"ف ظ ظ"
3,159,10,"غ ل ظ"
3,159,11,"ق ل ب"
3,159,12,"ف ض ض"
3,159,14,"ح و ل"
3,159,15,"ع ف و"
3,159,17,"غ ف ر"
3,159,19,"ش و ر"
3,159,21,"ا م ر"
3,159,22,"إِذَا"
3,159,23,"ع ز م"
3,159,24,"و ك ل"
3,159,26,"ا ل ه"
3,159,28,"ا ل ه"
3,159,29,"ح ب ب"
3,159,30,"و ك ل"
3,160,2,"ن ص ر"
3,160,3,"ا ل ه"
3,160,5,"غ ل ب"
3,160,8,"خ ذ ل"
3,160,11,"ٱلَّذِى"
3,160,12,"ن ص ر"
3,160,14,"ب ع د"
3,160,16,"ا ل ه"
3,160,17,"و ك ل"
3,160,18,"ا م ن"
3,161,2,"ك و ن"
3,161,3,"ن ب ا"
3,161,5,"غ ل ل"
3,161,7,"غ ل ل"
3,161,8,"ا ت ي"
3,161,10,"غ ل ل"
3,161,11,"ي و م"
3,161,12,"ق و م"
3,161,14,"و ف ي"
3,161,15,"ك ل ل"
3,161,16,"ن ف س"
3,161,18,"ك س ب"
3,161,21,"ظ ل م"
3,162,2,"ت ب ع"
3,162,3,"ر ض و"
3,162,4,"ا ل ه"
3,162,6,"ب و ا"
3,162,7,"س خ ط"
3,162,9,"ا ل ه"
3,162,10,"ا و ي"
3,162,12,"ب ا س"
3,162,13,"ص ي ر"
3,163,2,"د ر ج"
3,163,3,"ع ن د"
3,163,4,"ا ل ه"
3,163,5,"ا ل ه"
3,163,6,"ب ص ر"
3,163,8,"ع م ل"
3,164,2,"م ن ن"
3,164,3,"ا ل ه"
3,164,5,"ا م ن"
3,164,6,"إِذ"
3,164,7,"ب ع ث"
3,164,9,"ر س ل"
3,164,11,"ن ف س"
3,164,12,"ت ل و"
3,164,14,"ا ي ي"
3,164,15,"ز ك و"
3,164,16,"ع ل م"
3,164,17,"ك ت ب"
3,164,18,"ح ك م"
3,164,20,"ك و ن"
3,164,22,"ق ب ل"
3,164,24,"ض ل ل"
3,164,25,"ب ي ن"
3,165,2,"ص و ب"
3,165,3,"ص و ب"
3,165,5,"ص و ب"
3,165,6,"م ث ل"
3,165,7,"ق و ل"
3,165,8,"ا ن ي"
3,165,10,"ق و ل"
3,165,13,"ع ن د"
3,165,14,"ن ف س"
3,165,16,"ا ل ه"
3,165,18,"ك ل ل"
3,165,19,"ش ي ا"
3,165,20,"ق د ر"
3,166,2,"ص و ب"
3,166,3,"ي و م"
3,166,4,"ل ق ي"
3,166,5,"ج م ع"
3,166,6,"ا ذ ن"
3,166,7,"ا ل ه"
3,166,8,"ع ل م"
3,166,9,"ا م ن"
3,167,1,"ع ل م"
3,167,2,"ٱلَّذِى"
3,167,3,"ن ف ق"
3,167,4,"ق و ل"
3,167,6,"ع ل و"
3,167,7,"ق ت ل"
3,167,9,"س ب ل"
3,167,10,"ا ل ه"
3,167,12,"د ف ع"
3,167,13,"ق و ل"
3,167,15,"ع ل م"
3,167,16,"ق ت ل"
3,167,17,"ت ب ع"
3,167,19,"ك ف ر"
3,167,21,"ق ر ب"
3,167,23,"ا م ن"
3,167,24,"ق و ل"
3,167,25,"ف و ه"
3,167,27,"ل ي س"
3,167,29,"ق ل ب"
3,167,30,"ا ل ه"
3,167,31,"ع ل م"
3,167,33,"ك ت م"
3,168,1,"ٱلَّذِى"
3,168,2,"ق و ل"
3,168,3,"ا خ و"
3,168,4,"ق ع د"
3,168,6,"ط و ع"
3,168,8,"ق ت ل"
3,168,9,"ق و ل"
3,168,10,"د ر ا"
3,168,12,"ن ف س"
3,168,13,"م و ت"
3,168,15,"ك و ن"
3,168,16,"ص د ق"
3,169,2,"ح س ب"
3,169,3,"ٱلَّذِى"
3,169,4,"ق ت ل"
3,169,6,"س ب ل"
3,169,7,"ا ل ه"
3,169,8,"م و ت"
3,169,10,"ح ي ي"
3,169,11,"ع ن د"
3,169,12,"ر ب ب"
3,169,13,"ر ز ق"
3,170,1,"ف ر ح"
3,170,3,"ا ت ي"
3,170,4,"ا ل ه"
3,170,6,"ف ض ل"
3,170,7,"ب ش ر"
3,170,8,"ٱلَّذِى"
3,170,10,"ل ح ق"
3,170,13,"خ ل ف"
3,170,15,"خ و ف"
3,170,19,"ح ز ن"
3,171,1,"ب ش ر"
3,171,2,"ن ع م"
3,171,4,"ا ل ه"
3,171,5,"ف ض ل"
3,171,7,"ا ل ه"
3,171,9,"ض ي ع"
3,171,10,"ا ج ر"
3,171,11,"ا م ن"
3,172,1,"ٱلَّذِى"
3,172,2,"ج و ب"
3,172,3,"ا ل ه"
3,172,4,"ر س ل"
3,172,6,"ب ع د"
3,172,8,"ص و ب"
3,172,9,"ق ر ح"
3,172,10,"ٱلَّذِى"
3,172,11,"ح س ن"
3,172,13,"و ق ي"
3,172,14,"ا ج ر"
3,172,15,"ع ظ م"
3,173,1,"ٱلَّذِى"
3,173,2,"ق و ل"
3,173,4,"ن و س"
3,173,6,"ن و س"
3,173,8,"ج م ع"
3,173,10,"خ ش ي"
3,173,11,"ز ي د"
3,173,12,"ا م ن"
3,173,13,"ق و ل"
3,173,14,"ح س ب"
3,173,15,"ا ل ه"
3,173,16,"ن ع م"
3,173,17,"و ك ل"
3,174,1,"ق ل ب"
3,174,2,"ن ع م"
3,174,4,"ا ل ه"
3,174,5,"ف ض ل"
3,174,7,"م س س"
3,174,8,"س و ا"
3,174,9,"ت ب ع"
3,174,10,"ر ض و"
3,174,11,"ا ل ه"
3,174,12,"ا ل ه"
3,174,14,"ف ض ل"
3,174,15,"ع ظ م"
3,175,3,"ش ط ن"
3,175,4,"خ و ف"
3,175,5,"و ل ي"
3,175,7,"خ و ف"
3,175,8,"خ و ف"
3,175,10,"ك و ن"
3,175,11,"ا م ن"
3,176,2,"ح ز ن"
3,176,3,"ٱلَّذِى"
3,176,4,"س ر ع"
3,176,6,"ك ف ر"
3,176,9,"ض ر ر"
3,176,10,"ا ل ه"
3,176,11,"ش ي ا"
3,176,12,"ر و د"
3,176,13,"ا ل ه"
3,176,15,"ج ع ل"
3,176,17,"ح ظ ظ"
3,176,19,"ا خ ر"
3,176,21,"ع ذ ب"
3,176,22,"ع ظ م"
3,177,2,"ٱلَّذِى"
3,177,3,"ش ر ي"
3,177,4,"ك ف ر"
3,177,5,"ا م ن"
3,177,7,"ض ر ر"
3,177,8,"ا ل ه"
3,177,9,"ش ي ا"
3,177,11,"ع ذ ب"
3,177,12,"ا ل م"
3,178,2,"ح س ب"
3,178,3,"ٱلَّذِى"
3,178,4,"ك ف ر"
3,178,6,"م ل و"
3,178,8,"خ ي ر"
3,178,9,"ن ف س"
3,178,11,"م ل و"
3,178,13,"ز ي د"
3,178,14,"ا ث م"
3,178,16,"ع ذ ب"
3,178,17,"ه و ن"
3,179,2,"ك و ن"
3,179,3,"ا ل ه"
3,179,4,"و ذ ر"
3,179,5,"ا م ن"
3,179,11,"م ي ز"
3,179,12,"خ ب ث"
3,179,14,"ط ي ب"
3,179,16,"ك و ن"
3,179,17,"ا ل ه"
3,179,18,"ط ل ع"
3,179,20,"غ ي ب"
3,179,22,"ا ل ه"
3,179,23,"ج ب ي"
3,179,25,"ر س ل"
3,179,27,"ش ي ا"
3,179,28,"ا م ن"
3,179,29,"ا ل ه"
3,179,30,"ر س ل"
3,179,32,"ا م ن"
3,179,33,"و ق ي"
3,179,35,"ا ج ر"
3,179,36,"ع ظ م"
3,180,2,"ح س ب"
3,180,3,"ٱلَّذِى"
3,180,4,"ب خ ل"
3,180,6,"ا ت ي"
3,180,7,"ا ل ه"
3,180,9,"ف ض ل"
3,180,11,"خ ي ر"
3,180,15,"ش ر ر"
3,180,17,"ط و ق"
3,180,19,"ب خ ل"
3,180,21,"ي و م"
3,180,22,"ق و م"
3,180,23,"ا ل ه"
3,180,24,"و ر ث"
3,180,25,"س م و"
3,180,26,"ا ر ض"
3,180,27,"ا ل ه"
3,180,29,"ع م ل"
3,180,30,"خ ب ر"
3,181,2,"س م ع"
3,181,3,"ا ل ه"
3,181,4,"ق و ل"
3,181,5,"ٱلَّذِى"
3,181,6,"ق و ل"
3,181,8,"ا ل ه"
3,181,9,"ف ق ر"
3,181,11,"غ ن ي"
3,181,12,"ك ت ب"
3,181,14,"ق و ل"
3,181,15,"ق ت ل"
3,181,16,"ن ب ا"
3,181,17,"غ ي ر"
3,181,18,"ح ق ق"
3,181,19,"ق و ل"
3,181,20,"ذ و ق"
3,181,21,"ع ذ ب"
3,181,22,"ح ر ق"
3,182,3,"ق د م"
3,182,4,"ي د ي"
3,182,6,"ا ل ه"
3,182,7,"ل ي س"
3,182,8,"ظ ل م"
3,182,9,"ع ب د"
3,183,1,"ٱلَّذِى"
3,183,2,"ق و ل"
3,183,4,"ا ل ه"
3,183,5,"ع ه د"
3,183,6,"إِلَىٰ"
3,183,8,"ا م ن"
3,183,9,"ر س ل"
3,183,11,"ا ت ي"
3,183,12,"ق ر ب"
3,183,13,"ا ك ل"
3,183,14,"ن و ر"
3,183,15,"ق و ل"
3,183,17,"ج ي ا"
3,183,18,"ر س ل"
3,183,20,"ق ب ل"
3,183,21,"ب ي ن"
3,183,22,"ٱلَّذِى"
3,183,23,"ق و ل"
3,183,25,"ق ت ل"
3,183,27,"ك و ن"
3,183,28,"ص د ق"
3,184,2,"ك ذ ب"
3,184,4,"ك ذ ب"
3,184,5,"ر س ل"
3,184,7,"ق ب ل"
3,184,8,"ج ي ا"
3,184,9,"ب ي ن"
3,184,10,"ز ب ر"
3,184,11,"ك ت ب"
3,184,12,"ن و ر"
3,185,1,"ك ل ل"
3,185,2,"ن ف س"
3,185,3,"ذ و ق"
3,185,4,"م و ت"
3,185,6,"و ف ي"
3,185,7,"ا ج ر"
3,185,8,"ي و م"
3,185,9,"ق و م"
3,185,11,"ز ح ز ح"
3,185,13,"ن و ر"
3,185,14,"د خ ل"
3,185,15,"ج ن ن"
3,185,17,"ف و ز"
3,185,19,"ح ي ي"
3,185,20,"د ن و"
3,185,21,"إِلَّا"
3,185,22,"م ت ع"
3,185,23,"غ ر ر"
3,186,1,"ب ل و"
3,186,3,"م و ل"
3,186,4,"ن ف س"
3,186,5,"س م ع"
3,186,7,"ٱلَّذِى"
3,186,8,"ا ت ي"
3,186,9,"ك ت ب"
3,186,11,"ق ب ل"
3,186,13,"ٱلَّذِى"
3,186,14,"ش ر ك"
3,186,15,"ا ذ ي"
3,186,16,"ك ث ر"
3,186,18,"ص ب ر"
3,186,19,"و ق ي"
3,186,23,"ع ز م"
3,186,24,"ا م ر"
3,187,1,"إِذ"
3,187,2,"ا خ ذ"
3,187,3,"ا ل ه"
3,187,4,"و ث ق"
3,187,5,"ٱلَّذِى"
3,187,6,"ا ت ي"
3,187,7,"ك ت ب"
3,187,8,"ب ي ن"
3,187,9,"ن و س"
3,187,11,"ك ت م"
3,187,12,"ن ب ذ"
3,187,13,"و ر ي"
3,187,14,"ظ ه ر"
3,187,15,"ش ر ي"
3,187,17,"ث م ن"
3,187,18,"ق ل ل"
3,187,19,"ب ا س"
3,187,21,"ش ر ي"
3,188,2,"ح س ب"
3,188,3,"ٱلَّذِى"
3,188,4,"ف ر ح"
3,188,6,"ا ت ي"
3,188,7,"ح ب ب"
3,188,9,"ح م د"
3,188,12,"ف ع ل"
3,188,14,"ح س ب"
3,188,15,"ف و ز"
3,188,17,"ع ذ ب"
3,188,19,"ع ذ ب"
3,188,20,"ا ل م"
3,189,1,"ا ل ه"
3,189,2,"م ل ك"
3,189,3,"س م و"
3,189,4,"ا ر ض"
3,189,5,"ا ل ه"
3,189,7,"ك ل ل"
3,189,8,"ش ي ا"
3,189,9,"ق د ر"
3,190,3,"خ ل ق"
3,190,4,"س م و"
3,190,5,"ا ر ض"
3,190,6,"خ ل ف"
3,190,7,"ل ي ل"
3,190,8,"ن ه ر"
3,190,9,"ا ي ي"
3,190,10,"ا و ل"
3,190,11,"ل ب ب"
3,191,1,"ٱلَّذِى"
3,191,2,"ذ ك ر"
3,191,3,"ا ل ه"
3,191,4,"ق و م"
3,191,5,"ق ع د"
3,191,7,"ج ن ب"
3,191,8,"ف ك ر"
3,191,10,"خ ل ق"
3,191,11,"س م و"
3,191,12,"ا ر ض"
3,191,13,"ر ب ب"
3,191,15,"خ ل ق"
3,191,17,"ب ط ل"
3,191,18,"س ب ح"
3,191,19,"و ق ي"
3,191,20,"ع ذ ب"
3,191,21,"ن و ر"
3,192,1,"ر ب ب"
3,192,4,"د خ ل"
3,192,5,"ن و ر"
3,192,7,"خ ز ي"
3,192,9,"ظ ل م"
3,192,11,"ن ص ر"
3,193,1,"ر ب ب"
3,193,3,"س م ع"
3,193,4,"ن د و"
3,193,5,"ن د و"
3,193,6,"ا م ن"
3,193,8,"ا م ن"
3,193,9,"ر ب ب"
3,193,10,"ا م ن"
3,193,11,"ر ب ب"
3,193,12,"غ ف ر"
3,193,14,"ذ ن ب"
3,193,15,"ك ف ر"
3,193,17,"س و ا"
3,193,18,"و ف ي"
3,193,20,"ب ر ر"
3,194,1,"ر ب ب"
3,194,2,"ا ت ي"
3,194,4,"و ع د"
3,194,6,"ر س ل"
3,194,8,"خ ز ي"
3,194,9,"ي و م"
3,194,10,"ق و م"
3,194,13,"خ ل ف"
3,194,14,"و ع د"
3,195,1,"ج و ب"
3,195,3,"ر ب ب"
3,195,6,"ض ي ع"
3,195,7,"ع م ل"
3,195,8,"ع م ل"
3,195,11,"ذ ك ر"
3,195,13,"ا ن ث"
3,195,14,"ب ع ض"
3,195,16,"ب ع ض"
3,195,17,"ٱلَّذِى"
3,195,18,"ه ج ر"
3,195,19,"خ ر ج"
3,195,21,"د و ر"
3,195,22,"ا ذ ي"
3,195,24,"س ب ل"
3,195,25,"ق ت ل"
3,195,26,"ق ت ل"
3,195,27,"ك ف ر"
3,195,29,"س و ا"
3,195,30,"د خ ل"
3,195,31,"ج ن ن"
3,195,32,"ج ر ي"
3,195,34,"ت ح ت"
3,195,35,"ن ه ر"
3,195,36,"ث و ب"
3,195,38,"ع ن د"
3,195,39,"ا ل ه"
3,195,40,"ا ل ه"
3,195,41,"ع ن د"
3,195,42,"ح س ن"
3,195,43,"ث و ب"
3,196,2,"غ ر ر"
3,196,3,"ق ل ب"
3,196,4,"ٱلَّذِى"
3,196,5,"ك ف ر"
3,196,7,"ب ل د"
3,197,1,"م ت ع"
3,197,2,"ق ل ل"
3,197,4,"ا و ي"
3,197,6,"ب ا س"
3,197,7,"م ه د"
3,198,2,"ٱلَّذِى"
3,198,3,"و ق ي"
3,198,4,"ر ب ب"
3,198,6,"ج ن ن"
3,198,7,"ج ر ي"
3,198,9,"ت ح ت"
3,198,10,"ن ه ر"
3,198,11,"خ ل د"
3,198,13,"ن ز ل"
3,198,15,"ع ن د"
3,198,16,"ا ل ه"
3,198,18,"ع ن د"
3,198,19,"ا ل ه"
3,198,20,"خ ي ر"
3,198,21,"ب ر ر"
3,199,3,"ا ه ل"
3,199,4,"ك ت ب"
3,199,6,"ا م ن"
3,199,7,"ا ل ه"
3,199,9,"ن ز ل"
3,199,10,"إِلَىٰ"
3,199,12,"ن ز ل"
3,199,13,"إِلَىٰ"
3,199,14,"خ ش ع"
3,199,15,"ا ل ه"
3,199,17,"ش ر ي"
3,199,18,"ا ي ي"
3,199,19,"ا ل ه"
3,199,20,"ث م ن"
3,199,21,"ق ل ل"
3,199,24,"ا ج ر"
3,199,25,"ع ن د"
3,199,26,"ر ب ب"
3,199,28,"ا ل ه"
3,199,29,"س ر ع"
3,199,30,"ح س ب"
3,200,2,"ٱلَّذِى"
3,200,3,"ا م ن"
3,200,4,"ص ب ر"
3,200,5,"ص ب ر"
3,200,6,"ر ب ط"
3,200,7,"و ق ي"
3,200,8,"ا ل ه"
3,200,10,"ف ل ح"
4,1,2,"ن و س"
4,1,3,"و ق ي"
4,1,4,"ر ب ب"
4,1,5,"ٱلَّذِى"
4,1,6,"خ ل ق"
4,1,8,"ن ف س"
4,1,9,"و ح د"
4,1,10,"خ ل ق"
4,1,12,"ز و ج"
4,1,13,"ب ث ث"
4,1,15,"ر ج ل"
4,1,16,"ك ث ر"
4,1,17,"ن س و"
4,1,18,"و ق ي"
4,1,19,"ا ل ه"
4,1,20,"ٱلَّذِى"
4,1,21,"س ا ل"
4,1,23,"ر ح م"
4,1,25,"ا ل ه"
4,1,26,"ك و ن"
4,1,28,"ر ق ب"
4,2,1,"ا ت ي"
4,2,2,"ي ت م"
4,2,3,"م و ل"
4,2,5,"ب د ل"
4,2,6,"خ ب ث"
4,2,7,"ط ي ب"
4,2,9,"ا ك ل"
4,2,10,"م و ل"
4,2,11,"إِلَىٰ"
4,2,12,"م و ل"
4,2,14,"ك و ن"
4,2,15,"ح و ب"
4,2,16,"ك ب ر"
4,3,2,"خ و ف"
4,3,4,"ق س ط"
4,3,6,"ي ت م"
4,3,7,"ن ك ح"
4,3,9,"ط ي ب"
4,3,12,"ن س و"
4,3,13,"ث ن ي"
4,3,14,"ث ل ث"
4,3,15,"ر ب ع"
4,3,17,"خ و ف"
4,3,19,"ع د ل"
4,3,20,"و ح د"
4,3,23,"م ل ك"
4,3,24,"ي م ن"
4,3,26,"د ن و"
4,3,28,"ع و ل"
4,4,1,"ا ت ي"
4,4,2,"ن س و"
4,4,3,"ص د ق"
4,4,4,"ن ح ل"
4,4,6,"ط ي ب"
4,4,9,"ش ي ا"
4,4,11,"ن ف س"
4,4,12,"ا ك ل"
4,4,13,"ه ن ا"
4,4,14,"م ر ا"
4,5,2,"ا ت ي"
4,5,3,"س ف ه"
4,5,4,"م و ل"
4,5,5,"ٱلَّذِى"
4,5,6,"ج ع ل"
4,5,7,"ا ل ه"
4,5,9,"ق و م"
4,5,10,"ر ز ق"
4,5,12,"ك س و"
4,5,13,"ق و ل"
4,5,15,"ق و ل"
4,5,16,"ع ر ف"
4,6,1,"ب ل و"
4,6,2,"ي ت م"
4,6,4,"إِذَا"
4,6,5,"ب ل غ"
4,6,6,"ن ك ح"
4,6,8,"ا ن س"
4,6,10,"ر ش د"
4,6,11,"د ف ع"
4,6,12,"إِلَىٰ"
4,6,13,"م و ل"
4,6,15,"ا ك ل"
4,6,16,"س ر ف"
4,6,17,"ب د ر"
4,6,19,"ك ب ر"
4,6,21,"ك و ن"
4,6,22,"غ ن ي"
4,6,23,"ع ف ف"
4,6,25,"ك و ن"
4,6,26,"ف ق ر"
4,6,27,"ا ك ل"
4,6,28,"ع ر ف"
4,6,29,"إِذَا"
4,6,30,"د ف ع"
4,6,31,"إِلَىٰ"
4,6,32,"م و ل"
4,6,33,"ش ه د"
4,6,35,"ك ف ي"
4,6,36,"ا ل ه"
4,6,37,"ح س ب"
4,7,1,"ر ج ل"
4,7,2,"ن ص ب"
4,7,4,"ت ر ك"
4,7,5,"و ل د"
4,7,6,"ق ر ب"
4,7,7,"ن س و"
4,7,8,"ن ص ب"
4,7,10,"ت ر ك"
4,7,11,"و ل د"
4,7,12,"ق ر ب"
4,7,14,"ق ل ل"
4,7,17,"ك ث ر"
4,7,18,"ن ص ب"
4,7,19,"ف ر ض"
4,8,1,"إِذَا"
4,8,2,"ح ض ر"
4,8,3,"ق س م"
4,8,4,"ا و ل"
4,8,5,"ق ر ب"
4,8,6,"ي ت م"
4,8,7,"س ك ن"
4,8,8,"ر ز ق"
4,8,10,"ق و ل"
4,8,12,"ق و ل"
4,8,13,"ع ر ف"
4,9,1,"خ ش ي"
4,9,2,"ٱلَّذِى"
4,9,4,"ت ر ك"
4,9,6,"خ ل ف"
4,9,7,"ذ ر ر"
4,9,8,"ض ع ف"
4,9,9,"خ و ف"
4,9,11,"و ق ي"
4,9,12,"ا ل ه"
4,9,13,"ق و ل"
4,9,14,"ق و ل"
4,9,15,"س د د"
4,10,2,"ٱلَّذِى"
4,10,3,"ا ك ل"
4,10,4,"م و ل"
4,10,5,"ي ت م"
4,10,6,"ظ ل م"
4,10,8,"ا ك ل"
4,10,10,"ب ط ن"
4,10,11,"ن و ر"
4,10,12,"ص ل ي"
4,10,13,"س ع ر"
4,11,1,"و ص ي"
4,11,2,"ا ل ه"
4,11,4,"و ل د"
4,11,5,"ذ ك ر"
4,11,6,"م ث ل"
4,11,7,"ح ظ ظ"
4,11,8,"ا ن ث"
4,11,10,"ك و ن"
4,11,11,"ن س و"
4,11,12,"ف و ق"
4,11,13,"ث ن ي"
4,11,15,"ث ل ث"
4,11,17,"ت ر ك"
4,11,19,"ك و ن"
4,11,20,"و ح د"
4,11,22,"ن ص ف"
4,11,23,"ا ب و"
4,11,24,"ك ل ل"
4,11,25,"و ح د"
4,11,27,"س د س"
4,11,29,"ت ر ك"
4,11,31,"ك و ن"
4,11,33,"و ل د"
4,11,36,"ك و ن"
4,11,38,"و ل د"
4,11,39,"و ر ث"
4,11,40,"ا ب و"
4,11,41,"ا م م"
4,11,42,"ث ل ث"
4,11,44,"ك و ن"
4,11,46,"ا خ و"
4,11,47,"ا م م"
4,11,48,"س د س"
4,11,50,"ب ع د"
4,11,51,"و ص ي"
4,11,52,"و ص ي"
4,11,55,"د ي ن"
4,11,56,"ا ب و"
4,11,57,"ب ن ي"
4,11,59,"د ر ي"
4,11,61,"ق ر ب"
4,11,63,"ن ف ع"
4,11,64,"ف ر ض"
4,11,66,"ا ل ه"
4,11,68,"ا ل ه"
4,11,69,"ك و ن"
4,11,70,"ع ل م"
4,11,71,"ح ك م"
4,12,2,"ن ص ف"
4,12,4,"ت ر ك"
4,12,5,"ز و ج"
4,12,8,"ك و ن"
4,12,10,"و ل د"
4,12,12,"ك و ن"
4,12,14,"و ل د"
4,12,16,"ر ب ع"
4,12,18,"ت ر ك"
4,12,20,"ب ع د"
4,12,21,"و ص ي"
4,12,22,"و ص ي"
4,12,25,"د ي ن"
4,12,27,"ر ب ع"
4,12,29,"ت ر ك"
4,12,32,"ك و ن"
4,12,34,"و ل د"
4,12,36,"ك و ن"
4,12,38,"و ل د"
4,12,40,"ث م ن"
4,12,42,"ت ر ك"
4,12,44,"ب ع د"
4,12,45,"و ص ي"
4,12,46,"و ص ي"
4,12,49,"د ي ن"
4,12,51,"ك و ن"
4,12,52,"ر ج ل"
4,12,53,"و ر ث"
4,12,54,"ك ل ل"
4,12,56,"م ر ا"
4,12,58,"ا خ و"
4,12,60,"ا خ و"
4,12,61,"ك ل ل"
4,12,62,"و ح د"
4,12,64,"س د س"
4,12,66,"ك و ن"
4,12,67,"ك ث ر"
4,12,71,"ش ر ك"
4,12,73,"ث ل ث"
4,12,75,"ب ع د"
4,12,76,"و ص ي"
4,12,77,"و ص ي"
4,12,80,"د ي ن"
4,12,81,"غ ي ر"
4,12,82,"ض ر ر"
4,12,83,"و ص ي"
4,12,85,"ا ل ه"
4,12,86,"ا ل ه"
4,12,87,"ع ل م"
4,12,88,"ح ل م"
4,13,2,"ح د د"
4,13,3,"ا ل ه"
4,13,5,"ط و ع"
4,13,6,"ا ل ه"
4,13,7,"ر س ل"
4,13,8,"د خ ل"
4,13,9,"ج ن ن"
4,13,10,"ج ر ي"
4,13,12,"ت ح ت"
4,13,13,"ن ه ر"
4,13,14,"خ ل د"
4,13,17,"ف و ز"
4,13,18,"ع ظ م"
4,14,2,"ع ص ي"
4,14,3,"ا ل ه"
4,14,4,"ر س ل"
4,14,5,"ع د و"
4,14,6,"ح د د"
4,14,7,"د خ ل"
4,14,8,"ن و ر"
4,14,9,"خ ل د"
4,14,12,"ع ذ ب"
4,14,13,"ه و ن"
4,15,1,"ٱلَّذِى"
4,15,2,"ا ت ي"
4,15,3,"ف ح ش"
4,15,5,"ن س و"
4,15,6,"ش ه د"
4,15,8,"ر ب ع"
4,15,11,"ش ه د"
4,15,12,"م س ك"
4,15,14,"ب ي ت"
4,15,16,"و ف ي"
4,15,17,"م و ت"
4,15,19,"ج ع ل"
4,15,20,"ا ل ه"
4,15,22,"س ب ل"
4,16,1,"ٱلَّذِى"
4,16,2,"ا ت ي"
4,16,4,"ا ذ ي"
4,16,6,"ت و ب"
4,16,7,"ص ل ح"
4,16,8,"ع ر ض"
4,16,11,"ا ل ه"
4,16,12,"ك و ن"
4,16,13,"ت و ب"
4,16,14,"ر ح م"
4,17,2,"ت و ب"
4,17,4,"ا ل ه"
4,17,5,"ٱلَّذِى"
4,17,6,"ع م ل"
4,17,7,"س و ا"
4,17,8,"ج ه ل"
4,17,10,"ت و ب"
4,17,12,"ق ر ب"
4,17,14,"ت و ب"
4,17,15,"ا ل ه"
4,17,17,"ك و ن"
4,17,18,"ا ل ه"
4,17,19,"ع ل م"
4,17,20,"ح ك م"
4,18,1,"ل ي س"
4,18,2,"ت و ب"
4,18,3,"ٱلَّذِى"
4,18,4,"ع م ل"
4,18,5,"س و ا"
4,18,7,"إِذَا"
4,18,8,"ح ض ر"
4,18,9,"ا ح د"
4,18,10,"م و ت"
4,18,11,"ق و ل"
4,18,13,"ت و ب"
4,18,16,"ٱلَّذِى"
4,18,17,"م و ت"
4,18,19,"ك ف ر"
4,18,21,"ع ت د"
4,18,23,"ع ذ ب"
4,18,24,"ا ل م"
4,19,2,"ٱلَّذِى"
4,19,3,"ا م ن"
4,19,5,"ح ل ل"
4,19,8,"و ر ث"
4,19,9,"ن س و"
4,19,10,"ك ر ه"
4,19,12,"ع ض ل"
4,19,13,"ذ ه ب"
4,19,14,"ب ع ض"
4,19,16,"ا ت ي"
4,19,17,"إِلَّا"
4,19,19,"ا ت ي"
4,19,20,"ف ح ش"
4,19,21,"ب ي ن"
4,19,22,"ع ش ر"
4,19,23,"ع ر ف"
4,19,25,"ك ر ه"
4,19,26,"ع س ي"
4,19,28,"ك ر ه"
4,19,29,"ش ي ا"
4,19,30,"ج ع ل"
4,19,31,"ا ل ه"
4,19,33,"خ ي ر"
4,19,34,"ك ث ر"
4,20,2,"ر و د"
4,20,3,"ب د ل"
4,20,4,"ز و ج"
4,20,5,"ك و ن"
4,20,6,"ز و ج"
4,20,7,"ا ت ي"
4,20,8,"ا ح د"
4,20,9,"ق ن ط ر"
4,20,11,"ا خ ذ"
4,20,13,"ش ي ا"
4,20,14,"ا خ ذ"
4,20,15,"ب ه ت"
4,20,16,"ا ث م"
4,20,17,"ب ي ن"
4,21,1,"ك ي ف"
4,21,2,"ا خ ذ"
4,21,4,"ف ض و"
4,21,5,"ب ع ض"
4,21,6,"إِلَىٰ"
4,21,7,"ب ع ض"
4,21,8,"ا خ ذ"
4,21,10,"و ث ق"
4,21,11,"غ ل ظ"
4,22,2,"ن ك ح"
4,22,4,"ن ك ح"
4,22,5,"ا ب و"
4,22,7,"ن س و"
4,22,8,"إِلَّا"
4,22,11,"س ل ف"
4,22,13,"ك و ن"
4,22,14,"ف ح ش"
4,22,15,"م ق ت"
4,22,16,"س و ا"
4,22,17,"س ب ل"
4,23,1,"ح ر م"
4,23,3,"ا م م"
4,23,4,"ب ن ي"
4,23,5,"ا خ و"
4,23,6,"ع م م"
4,23,7,"خ و ل"
4,23,8,"ب ن ي"
4,23,9,"ا خ و"
4,23,10,"ب ن ي"
4,23,11,"ا خ و"
4,23,12,"ا م م"
4,23,13,"ٱلَّذِى"
4,23,14,"ر ض ع"
4,23,15,"ا خ و"
4,23,17,"ر ض ع"
4,23,18,"ا م م"
4,23,19,"ن س و"
4,23,20,"ر ب ب"
4,23,21,"ٱلَّذِى"
4,23,23,"ح ج ر"
4,23,25,"ن س و"
4,23,26,"ٱلَّذِى"
4,23,27,"د خ ل"
4,23,31,"ك و ن"
4,23,32,"د خ ل"
4,23,35,"ج ن ح"
4,23,37,"ح ل ل"
4,23,38,"ب ن ي"
4,23,39,"ٱلَّذِى"
4,23,41,"ص ل ب"
4,23,43,"ج م ع"
4,23,44,"ب ي ن"
4,23,45,"ا خ و"
4,23,46,"إِلَّا"
4,23,49,"س ل ف"
4,23,51,"ا ل ه"
4,23,52,"ك و ن"
4,23,53,"غ ف ر"
4,23,54,"ر ح م"
4,24,1,"ح ص ن"
4,24,3,"ن س و"
4,24,4,"إِلَّا"
4,24,6,"م ل ك"
4,24,7,"ي م ن"
4,24,8,"ك ت ب"
4,24,9,"ا ل ه"
4,24,11,"ح ل ل"
4,24,14,"و ر ي"
4,24,17,"ب غ ي"
4,24,18,"م و ل"
4,24,19,"ح ص ن"
4,24,20,"غ ي ر"
4,24,21,"س ف ح"
4,24,23,"م ت ع"
4,24,26,"ا ت ي"
4,24,27,"ا ج ر"
4,24,28,"ف ر ض"
4,24,30,"ج ن ح"
4,24,33,"ر ض و"
4,24,36,"ب ع د"
4,24,37,"ف ر ض"
4,24,39,"ا ل ه"
4,24,40,"ك و ن"
4,24,41,"ع ل م"
4,24,42,"ح ك م"
4,25,3,"ط و ع"
4,25,5,"ط و ل"
4,25,7,"ن ك ح"
4,25,8,"ح ص ن"
4,25,9,"ا م ن"
4,25,12,"م ل ك"
4,25,13,"ي م ن"
4,25,15,"ف ت ي"
4,25,16,"ا م ن"
4,25,17,"ا ل ه"
4,25,18,"ع ل م"
4,25,19,"ا م ن"
4,25,20,"ب ع ض"
4,25,22,"ب ع ض"
4,25,23,"ن ك ح"
4,25,24,"ا ذ ن"
4,25,25,"ا ه ل"
4,25,26,"ا ت ي"
4,25,27,"ا ج ر"
4,25,28,"ع ر ف"
4,25,29,"ح ص ن"
4,25,30,"غ ي ر"
4,25,31,"س ف ح"
4,25,33,"ا خ ذ"
4,25,34,"خ د ن"
4,25,35,"إِذَا"
4,25,36,"ح ص ن"
4,25,38,"ا ت ي"
4,25,39,"ف ح ش"
4,25,41,"ن ص ف"
4,25,44,"ح ص ن"
4,25,46,"ع ذ ب"
4,25,49,"خ ش ي"
4,25,50,"ع ن ت"
4,25,53,"ص ب ر"
4,25,54,"خ ي ر"
4,25,56,"ا ل ه"
4,25,57,"غ ف ر"
4,25,58,"ر ح م"
4,26,1,"ر و د"
4,26,2,"ا ل ه"
4,26,3,"ب ي ن"
4,26,5,"ه د ي"
4,26,6,"س ن ن"
4,26,7,"ٱلَّذِى"
4,26,9,"ق ب ل"
4,26,10,"ت و ب"
4,26,12,"ا ل ه"
4,26,13,"ع ل م"
4,26,14,"ح ك م"
4,27,1,"ا ل ه"
4,27,2,"ر و د"
4,27,4,"ت و ب"
4,27,6,"ر و د"
4,27,7,"ٱلَّذِى"
4,27,8,"ت ب ع"
4,27,9,"ش ه و"
4,27,11,"م ي ل"
4,27,12,"م ي ل"
4,27,13,"ع ظ م"
4,28,1,"ر و د"
4,28,2,"ا ل ه"
4,28,4,"خ ف ف"
4,28,6,"خ ل ق"
4,28,7,"ا ن س"
4,28,8,"ض ع ف"
4,29,2,"ٱلَّذِى"
4,29,3,"ا م ن"
4,29,5,"ا ك ل"
4,29,6,"م و ل"
4,29,7,"ب ي ن"
4,29,8,"ب ط ل"
4,29,9,"إِلَّا"
4,29,11,"ك و ن"
4,29,12,"ت ج ر"
4,29,14,"ر ض و"
4,29,17,"ق ت ل"
4,29,18,"ن ف س"
4,29,20,"ا ل ه"
4,29,21,"ك و ن"
4,29,23,"ر ح م"
4,30,2,"ف ع ل"
4,30,4,"ع د و"
4,30,5,"ظ ل م"
4,30,7,"ص ل ي"
4,30,8,"ن و ر"
4,30,9,"ك و ن"
4,30,12,"ا ل ه"
4,30,13,"ي س ر"
4,31,2,"ج ن ب"
4,31,3,"ك ب ر"
4,31,5,"ن ه ي"
4,31,7,"ك ف ر"
4,31,9,"س و ا"
4,31,10,"د خ ل"
4,31,11,"د خ ل"
4,31,12,"ك ر م"
4,32,2,"م ن ي"
4,32,4,"ف ض ل"
4,32,5,"ا ل ه"
4,32,7,"ب ع ض"
4,32,9,"ب ع ض"
4,32,10,"ر ج ل"
4,32,11,"ن ص ب"
4,32,13,"ك س ب"
4,32,14,"ن س و"
4,32,15,"ن ص ب"
4,32,17,"ك س ب"
4,32,18,"س ا ل"
4,32,19,"ا ل ه"
4,32,21,"ف ض ل"
4,32,23,"ا ل ه"
4,32,24,"ك و ن"
4,32,25,"ك ل ل"
4,32,26,"ش ي ا"
4,32,27,"ع ل م"
4,33,1,"ك ل ل"
4,33,2,"ج ع ل"
4,33,3,"و ل ي"
4,33,5,"ت ر ك"
4,33,6,"و ل د"
4,33,7,"ق ر ب"
4,33,8,"ٱلَّذِى"
4,33,9,"ع ق د"
4,33,10,"ي م ن"
4,33,11,"ا ت ي"
4,33,12,"ن ص ب"
4,33,14,"ا ل ه"
4,33,15,"ك و ن"
4,33,17,"ك ل ل"
4,33,18,"ش ي ا"
4,33,19,"ش ه د"
4,34,1,"ر ج ل"
4,34,2,"ق و م"
4,34,4,"ن س و"
4,34,6,"ف ض ل"
4,34,7,"ا ل ه"
4,34,8,"ب ع ض"
4,34,10,"ب ع ض"
4,34,12,"ن ف ق"
4,34,14,"م و ل"
4,34,15,"ص ل ح"
4,34,16,"ق ن ت"
4,34,17,"ح ف ظ"
4,34,18,"غ ي ب"
4,34,20,"ح ف ظ"
4,34,21,"ا ل ه"
4,34,22,"ٱلَّذِى"
4,34,23,"خ و ف"
4,34,24,"ن ش ز"
4,34,25,"و ع ظ"
4,34,26,"ه ج ر"
4,34,28,"ض ج ع"
4,34,29,"ض ر ب"
4,34,31,"ط و ع"
4,34,33,"ب غ ي"
4,34,35,"س ب ل"
4,34,37,"ا ل ه"
4,34,38,"ك و ن"
4,34,39,"ع ل و"
4,34,40,"ك ب ر"
4,35,2,"خ و ف"
4,35,3,"ش ق ق"
4,35,4,"ب ي ن"
4,35,5,"ب ع ث"
4,35,6,"ح ك م"
4,35,8,"ا ه ل"
4,35,9,"ح ك م"
4,35,11,"ا ه ل"
4,35,13,"ر و د"
4,35,14,"ص ل ح"
4,35,15,"و ف ق"
4,35,16,"ا ل ه"
4,35,17,"ب ي ن"
4,35,19,"ا ل ه"
4,35,20,"ك و ن"
4,35,21,"ع ل م"
4,35,22,"خ ب ر"
4,36,1,"ع ب د"
4,36,2,"ا ل ه"
4,36,4,"ش ر ك"
4,36,6,"ش ي ا"
4,36,7,"و ل د"
4,36,8,"ح س ن"
4,36,10,"ق ر ب"
4,36,11,"ي ت م"
4,36,12,"س ك ن"
4,36,13,"ج و ر"
4,36,15,"ق ر ب"
4,36,16,"ج و ر"
4,36,17,"ج ن ب"
4,36,18,"ص ح ب"
4,36,19,"ج ن ب"
4,36,20,"ب ن ي"
4,36,21,"س ب ل"
4,36,23,"م ل ك"
4,36,24,"ي م ن"
4,36,26,"ا ل ه"
4,36,28,"ح ب ب"
4,36,30,"ك و ن"
4,36,31,"خ ي ل"
4,36,32,"ف خ ر"
4,37,1,"ٱلَّذِى"
4,37,2,"ب خ ل"
4,37,3,"ا م ر"
4,37,4,"ن و س"
4,37,5,"ب خ ل"
4,37,6,"ك ت م"
4,37,8,"ا ت ي"
4,37,9,"ا ل ه"
4,37,11,"ف ض ل"
4,37,12,"ع ت د"
4,37,13,"ك ف ر"
4,37,14,"ع ذ ب"
4,37,15,"ه و ن"
4,38,1,"ٱلَّذِى"
4,38,2,"ن ف ق"
4,38,3,"م و ل"
4,38,4,"ر ا ي"
4,38,5,"ن و س"
4,38,7,"ا م ن"
4,38,8,"ا ل ه"
4,38,10,"ي و م"
4,38,11,"ا خ ر"
4,38,13,"ك و ن"
4,38,14,"ش ط ن"
4,38,16,"ق ر ن"
4,38,17,"س و ا"
4,38,18,"ق ر ن"
4,39,4,"ا م ن"
4,39,5,"ا ل ه"
4,39,6,"ي و م"
4,39,7,"ا خ ر"
4,39,8,"ن ف ق"
4,39,10,"ر ز ق"
4,39,11,"ا ل ه"
4,39,12,"ك و ن"
4,39,13,"ا ل ه"
4,39,15,"ع ل م"
4,40,2,"ا ل ه"
4,40,4,"ظ ل م"
4,40,5,"ث ق ل"
4,40,6,"ذ ر ر"
4,40,8,"ك و ن"
4,40,9,"ح س ن"
4,40,10,"ض ع ف"
4,40,11,"ا ت ي"
4,40,13,"ل د ن"
4,40,14,"ا ج ر"
4,40,15,"ع ظ م"
4,41,1,"ك ي ف"
4,41,2,"إِذَا"
4,41,3,"ج ي ا"
4,41,5,"ك ل ل"
4,41,6,"ا م م"
4,41,7,"ش ه د"
4,41,8,"ج ي ا"
4,41,12,"ش ه د"
4,42,2,"و د د"
4,42,3,"ٱلَّذِى"
4,42,4,"ك ف ر"
4,42,5,"ع ص ي"
4,42,6,"ر س ل"
4,42,8,"س و ي"
4,42,10,"ا ر ض"
4,42,12,"ك ت م"
4,42,13,"ا ل ه"
4,42,14,"ح د ث"
4,43,2,"ٱلَّذِى"
4,43,3,"ا م ن"
4,43,5,"ق ر ب"
4,43,6,"ص ل و"
4,43,8,"س ك ر"
4,43,10,"ع ل م"
4,43,12,"ق و ل"
4,43,14,"ج ن ب"
4,43,15,"إِلَّا"
4,43,16,"ع ب ر"
4,43,17,"س ب ل"
4,43,19,"غ س ل"
4,43,21,"ك و ن"
4,43,22,"م ر ض"
4,43,25,"س ف ر"
4,43,27,"ج ي ا"
4,43,28,"ا ح د"
4,43,31,"غ و ط"
4,43,33,"ل م س"
4,43,34,"ن س و"
4,43,36,"و ج د"
4,43,37,"م و ه"
4,43,38,"ي م م"
4,43,39,"ص ع د"
4,43,40,"ط ي ب"
4,43,41,"م س ح"
4,43,42,"و ج ه"
4,43,43,"ي د ي"
4,43,45,"ا ل ه"
4,43,46,"ك و ن"
4,43,47,"ع ف و"
4,43,48,"غ ف ر"
4,44,2,"ر ا ي"
4,44,3,"إِلَىٰ"
4,44,4,"ٱلَّذِى"
4,44,5,"ا ت ي"
4,44,6,"ن ص ب"
4,44,8,"ك ت ب"
4,44,9,"ش ر ي"
4,44,10,"ض ل ل"
4,44,11,"ر و د"
4,44,13,"ض ل ل"
4,44,14,"س ب ل"
4,45,1,"ا ل ه"
4,45,2,"ع ل م"
4,45,3,"ع د و"
4,45,4,"ك ف ي"
4,45,5,"ا ل ه"
4,45,6,"و ل ي"
4,45,7,"ك ف ي"
4,45,8,"ا ل ه"
4,45,9,"ن ص ر"
4,46,2,"ٱلَّذِى"
4,46,3,"ه و د"
4,46,4,"ح ر ف"
4,46,5,"ك ل م"
4,46,7,"و ض ع"
4,46,8,"ق و ل"
4,46,9,"س م ع"
4,46,10,"ع ص ي"
4,46,11,"س م ع"
4,46,12,"غ ي ر"
4,46,13,"س م ع"
4,46,14,"ر ع ي"
4,46,15,"ل و ي"
4,46,16,"ل س ن"
4,46,17,"ط ع ن"
4,46,19,"د ي ن"
4,46,22,"ق و ل"
4,46,23,"س م ع"
4,46,24,"ط و ع"
4,46,25,"س م ع"
4,46,26,"ن ظ ر"
4,46,27,"ك و ن"
4,46,28,"خ ي ر"
4,46,30,"ق و م"
4,46,32,"ل ع ن"
4,46,33,"ا ل ه"
4,46,34,"ك ف ر"
4,46,36,"ا م ن"
4,46,37,"إِلَّا"
4,46,38,"ق ل ل"
4,47,2,"ٱلَّذِى"
4,47,3,"ا ت ي"
4,47,4,"ك ت ب"
4,47,5,"ا م ن"
4,47,7,"ن ز ل"
4,47,8,"ص د ق"
4,47,12,"ق ب ل"
4,47,14,"ط م س"
4,47,15,"و ج ه"
4,47,16,"ر د د"
4,47,18,"د ب ر"
4,47,20,"ل ع ن"
4,47,22,"ل ع ن"
4,47,23,"ص ح ب"
4,47,24,"س ب ت"
4,47,25,"ك و ن"
4,47,26,"ا م ر"
4,47,27,"ا ل ه"
4,47,28,"ف ع ل"
4,48,2,"ا ل ه"
4,48,4,"غ ف ر"
4,48,6,"ش ر ك"
4,48,8,"غ ف ر"
4,48,10,"د و ن"
4,48,13,"ش ي ا"
4,48,15,"ش ر ك"
4,48,16,"ا ل ه"
4,48,18,"ف ر ي"
4,48,19,"ا ث م"
4,48,20,"ع ظ م"
4,49,2,"ر ا ي"
4,49,3,"إِلَىٰ"
4,49,4,"ٱلَّذِى"
4,49,5,"ز ك و"
4,49,6,"ن ف س"
4,49,8,"ا ل ه"
4,49,9,"ز ك و"
4,49,11,"ش ي ا"
4,49,13,"ظ ل م"
4,49,14,"ف ت ل"
4,50,1,"ن ظ ر"
4,50,2,"ك ي ف"
4,50,3,"ف ر ي"
4,50,5,"ا ل ه"
4,50,6,"ك ذ ب"
4,50,7,"ك ف ي"
4,50,9,"ا ث م"
4,50,10,"ب ي ن"
4,51,2,"ر ا ي"
4,51,3,"إِلَىٰ"
4,51,4,"ٱلَّذِى"
4,51,5,"ا ت ي"
4,51,6,"ن ص ب"
4,51,8,"ك ت ب"
4,51,9,"ا م ن"
4,51,10,"ج ب ت"
4,51,11,"ط غ ي"
4,51,12,"ق و ل"
4,51,13,"ٱلَّذِى"
4,51,14,"ك ف ر"
4,51,16,"ه د ي"
4,51,18,"ٱلَّذِى"
4,51,19,"ا م ن"
4,51,20,"س ب ل"
4,52,2,"ٱلَّذِى"
4,52,3,"ل ع ن"
4,52,4,"ا ل ه"
4,52,6,"ل ع ن"
4,52,7,"ا ل ه"
4,52,9,"و ج د"
4,52,11,"ن ص ر"
4,53,1,"أَم"
4,53,3,"ن ص ب"
4,53,5,"م ل ك"
4,53,6,"إِذًا"
4,53,8,"ا ت ي"
4,53,9,"ن و س"
4,53,10,"ن ق ر"
4,54,1,"أَم"
4,54,2,"ح س د"
4,54,3,"ن و س"
4,54,6,"ا ت ي"
4,54,7,"ا ل ه"
4,54,9,"ف ض ل"
4,54,11,"ا ت ي"
4,54,12,"ا و ل"
4,54,13,"إِبْرَاهِيم"
4,54,14,"ك ت ب"
4,54,15,"ح ك م"
4,54,16,"ا ت ي"
4,54,17,"م ل ك"
4,54,18,"ع ظ م"
4,55,3,"ا م ن"
4,55,7,"ص د د"
4,55,9,"ك ف ي"
4,55,11,"س ع ر"
4,56,2,"ٱلَّذِى"
4,56,3,"ك ف ر"
4,56,4,"ا ي ي"
4,56,6,"ص ل ي"
4,56,7,"ن و ر"
4,56,8,"ك ل ل"
4,56,9,"ن ض ج"
4,56,10,"ج ل د"
4,56,11,"ب د ل"
4,56,12,"ج ل د"
4,56,13,"غ ي ر"
4,56,14,"ذ و ق"
4,56,15,"ع ذ ب"
4,56,17,"ا ل ه"
4,56,18,"ك و ن"
4,56,19,"ع ز ز"
4,56,20,"ح ك م"
4,57,1,"ٱلَّذِى"
4,57,2,"ا م ن"
4,57,3,"ع م ل"
4,57,4,"ص ل ح"
4,57,5,"د خ ل"
4,57,6,"ج ن ن"
4,57,7,"ج ر ي"
4,57,9,"ت ح ت"
4,57,10,"ن ه ر"
4,57,11,"خ ل د"
4,57,13,"ا ب د"
4,57,16,"ز و ج"
4,57,17,"ط ه ر"
4,57,18,"د خ ل"
4,57,19,"ظ ل ل"
4,57,20,"ظ ل ل"
4,58,2,"ا ل ه"
4,58,3,"ا م ر"
4,58,5,"ا د ي"
4,58,6,"ا م ن"
4,58,7,"إِلَىٰ"
4,58,8,"ا ه ل"
4,58,9,"إِذَا"
4,58,10,"ح ك م"
4,58,11,"ب ي ن"
4,58,12,"ن و س"
4,58,14,"ح ك م"
4,58,15,"ع د ل"
4,58,17,"ا ل ه"
4,58,18,"ن ع م"
4,58,19,"و ع ظ"
4,58,22,"ا ل ه"
4,58,23,"ك و ن"
4,58,24,"س م ع"
4,58,25,"ب ص ر"
4,59,2,"ٱلَّذِى"
4,59,3,"ا م ن"
4,59,4,"ط و ع"
4,59,5,"ا ل ه"
4,59,6,"ط و ع"
4,59,7,"ر س ل"
4,59,8,"ا و ل"
4,59,9,"ا م ر"
4,59,12,"ن ز ع"
4,59,14,"ش ي ا"
4,59,15,"ر د د"
4,59,16,"إِلَىٰ"
4,59,17,"ا ل ه"
4,59,18,"ر س ل"
4,59,20,"ك و ن"
4,59,21,"ا م ن"
4,59,22,"ا ل ه"
4,59,23,"ي و م"
4,59,24,"ا خ ر"
4,59,26,"خ ي ر"
4,59,27,"ح س ن"
4,59,28,"ا و ل"
4,60,2,"ر ا ي"
4,60,3,"إِلَىٰ"
4,60,4,"ٱلَّذِى"
4,60,5,"ز ع م"
4,60,7,"ا م ن"
4,60,9,"ن ز ل"
4,60,10,"إِلَىٰ"
4,60,12,"ن ز ل"
4,60,14,"ق ب ل"
4,60,15,"ر و د"
4,60,17,"ح ك م"
4,60,18,"إِلَىٰ"
4,60,19,"ط غ ي"
4,60,21,"ا م ر"
4,60,23,"ك ف ر"
4,60,25,"ر و د"
4,60,26,"ش ط ن"
4,60,28,"ض ل ل"
4,60,29,"ض ل ل"
4,60,30,"ب ع د"
4,61,1,"إِذَا"
4,61,2,"ق و ل"
4,61,4,"ع ل و"
4,61,5,"إِلَىٰ"
4,61,7,"ن ز ل"
4,61,8,"ا ل ه"
4,61,9,"إِلَىٰ"
4,61,10,"ر س ل"
4,61,11,"ر ا ي"
4,61,12,"ن ف ق"
4,61,13,"ص د د"
4,61,15,"ص د د"
4,62,1,"ك ي ف"
4,62,2,"إِذَا"
4,62,3,"ص و ب"
4,62,4,"ص و ب"
4,62,6,"ق د م"
4,62,7,"ي د ي"
4,62,9,"ج ي ا"
4,62,10,"ح ل ف"
4,62,11,"ا ل ه"
4,62,13,"ر و د"
4,62,14,"إِلَّا"
4,62,15,"ح س ن"
4,62,16,"و ف ق"
4,63,2,"ٱلَّذِى"
4,63,3,"ع ل م"
4,63,4,"ا ل ه"
4,63,7,"ق ل ب"
4,63,8,"ع ر ض"
4,63,10,"و ع ظ"
4,63,11,"ق و ل"
4,63,14,"ن ف س"
4,63,15,"ق و ل"
4,63,16,"ب ل غ"
4,64,2,"ر س ل"
4,64,4,"ر س ل"
4,64,5,"إِلَّا"
4,64,6,"ط و ع"
4,64,7,"ا ذ ن"
4,64,8,"ا ل ه"
4,64,11,"إِذ"
4,64,12,"ظ ل م"
4,64,13,"ن ف س"
4,64,14,"ج ي ا"
4,64,15,"غ ف ر"
4,64,16,"ا ل ه"
4,64,17,"غ ف ر"
4,64,19,"ر س ل"
4,64,20,"و ج د"
4,64,21,"ا ل ه"
4,64,22,"ت و ب"
4,64,23,"ر ح م"
4,65,2,"ر ب ب"
4,65,4,"ا م ن"
4,65,6,"ح ك م"
4,65,8,"ش ج ر"
4,65,9,"ب ي ن"
4,65,12,"و ج د"
4,65,14,"ن ف س"
4,65,15,"ح ر ج"
4,65,17,"ق ض ي"
4,65,18,"س ل م"
4,65,19,"س ل م"
4,66,3,"ك ت ب"
4,66,6,"ق ت ل"
4,66,7,"ن ف س"
4,66,9,"خ ر ج"
4,66,11,"د و ر"
4,66,13,"ف ع ل"
4,66,14,"إِلَّا"
4,66,15,"ق ل ل"
4,66,19,"ف ع ل"
4,66,21,"و ع ظ"
4,66,23,"ك و ن"
4,66,24,"خ ي ر"
4,66,26,"ش د د"
4,66,27,"ث ب ت"
4,67,1,"إِذًا"
4,67,2,"ا ت ي"
4,67,4,"ل د ن"
4,67,5,"ا ج ر"
4,67,6,"ع ظ م"
4,68,1,"ه د ي"
4,68,2,"ص ر ط"
4,68,3,"ق و م"
4,69,2,"ط و ع"
4,69,3,"ا ل ه"
4,69,4,"ر س ل"
4,69,7,"ٱلَّذِى"
4,69,8,"ن ع م"
4,69,9,"ا ل ه"
4,69,12,"ن ب ا"
4,69,13,"ص د ق"
4,69,14,"ش ه د"
4,69,15,"ص ل ح"
4,69,16,"ح س ن"
4,69,18,"ر ف ق"
4,70,2,"ف ض ل"
4,70,4,"ا ل ه"
4,70,5,"ك ف ي"
4,70,6,"ا ل ه"
4,70,7,"ع ل م"
4,71,2,"ٱلَّذِى"
4,71,3,"ا م ن"
4,71,4,"ا خ ذ"
4,71,5,"ح ذ ر"
4,71,6,"ن ف ر"
4,71,7,"ث ب ي"
4,71,9,"ن ف ر"
4,71,10,"ج م ع"
4,72,4,"ب ط ا"
4,72,6,"ص و ب"
4,72,7,"ص و ب"
4,72,8,"ق و ل"
4,72,10,"ن ع م"
4,72,11,"ا ل ه"
4,72,13,"إِذ"
4,72,15,"ك و ن"
4,72,17,"ش ه د"
4,73,2,"ص و ب"
4,73,3,"ف ض ل"
4,73,5,"ا ل ه"
4,73,6,"ق و ل"
4,73,9,"ك و ن"
4,73,10,"ب ي ن"
4,73,11,"ب ي ن"
4,73,12,"و د د"
4,73,14,"ك و ن"
4,73,16,"ف و ز"
4,73,17,"ف و ز"
4,73,18,"ع ظ م"
4,74,1,"ق ت ل"
4,74,3,"س ب ل"
4,74,4,"ا ل ه"
4,74,5,"ٱلَّذِى"
4,74,6,"ش ر ي"
4,74,7,"ح ي ي"
4,74,8,"د ن و"
4,74,9,"ا خ ر"
4,74,11,"ق ت ل"
4,74,13,"س ب ل"
4,74,14,"ا ل ه"
4,74,15,"ق ت ل"
4,74,17,"غ ل ب"
4,74,19,"ا ت ي"
4,74,20,"ا ج ر"
4,74,21,"ع ظ م"
4,75,4,"ق ت ل"
4,75,6,"س ب ل"
4,75,7,"ا ل ه"
4,75,8,"ض ع ف"
4,75,10,"ر ج ل"
4,75,11,"ن س و"
4,75,12,"و ل د"
4,75,13,"ٱلَّذِى"
4,75,14,"ق و ل"
4,75,15,"ر ب ب"
4,75,16,"خ ر ج"
4,75,19,"ق ر ي"
4,75,20,"ظ ل م"
4,75,21,"ا ه ل"
4,75,22,"ج ع ل"
4,75,25,"ل د ن"
4,75,26,"و ل ي"
4,75,27,"ج ع ل"
4,75,30,"ل د ن"
4,75,31,"ن ص ر"
4,76,1,"ٱلَّذِى"
4,76,2,"ا م ن"
4,76,3,"ق ت ل"
4,76,5,"س ب ل"
4,76,6,"ا ل ه"
4,76,7,"ٱلَّذِى"
4,76,8,"ك ف ر"
4,76,9,"ق ت ل"
4,76,11,"س ب ل"
4,76,12,"ط غ ي"
4,76,13,"ق ت ل"
4,76,14,"و ل ي"
4,76,15,"ش ط ن"
4,76,17,"ك ي د"
4,76,18,"ش ط ن"
4,76,19,"ك و ن"
4,76,20,"ض ع ف"
4,77,2,"ر ا ي"
4,77,3,"إِلَىٰ"
4,77,4,"ٱلَّذِى"
4,77,5,"ق و ل"
4,77,7,"ك ف ف"
4,77,8,"ي د ي"
4,77,9,"ق و م"
4,77,10,"ص ل و"
4,77,11,"ا ت ي"
4,77,12,"ز ك و"
4,77,14,"ك ت ب"
4,77,16,"ق ت ل"
4,77,18,"ف ر ق"
4,77,20,"خ ش ي"
4,77,21,"ن و س"
4,77,22,"خ ش ي"
4,77,23,"ا ل ه"
4,77,25,"ش د د"
4,77,26,"خ ش ي"
4,77,27,"ق و ل"
4,77,28,"ر ب ب"
4,77,30,"ك ت ب"
4,77,32,"ق ت ل"
4,77,34,"ا خ ر"
4,77,35,"إِلَىٰ"
4,77,36,"ا ج ل"
4,77,37,"ق ر ب"
4,77,38,"ق و ل"
4,77,39,"م ت ع"
4,77,40,"د ن و"
4,77,41,"ق ل ل"
4,77,42,"ا خ ر"
4,77,43,"خ ي ر"
4,77,45,"و ق ي"
4,77,47,"ظ ل م"
4,77,48,"ف ت ل"
4,78,2,"ك و ن"
4,78,3,"د ر ك"
4,78,4,"م و ت"
4,78,6,"ك و ن"
4,78,8,"ب ر ج"
4,78,9,"ش ي د"
4,78,11,"ص و ب"
4,78,12,"ح س ن"
4,78,13,"ق و ل"
4,78,16,"ع ن د"
4,78,17,"ا ل ه"
4,78,19,"ص و ب"
4,78,20,"س و ا"
4,78,21,"ق و ل"
4,78,24,"ع ن د"
4,78,25,"ق و ل"
4,78,26,"ك ل ل"
4,78,28,"ع ن د"
4,78,29,"ا ل ه"
4,78,32,"ق و م"
4,78,34,"ك و د"
4,78,35,"ف ق ه"
4,78,36,"ح د ث"
4,79,2,"ص و ب"
4,79,4,"ح س ن"
4,79,6,"ا ل ه"
4,79,8,"ص و ب"
4,79,10,"س و ا"
4,79,12,"ن ف س"
4,79,13,"ر س ل"
4,79,14,"ن و س"
4,79,15,"ر س ل"
4,79,16,"ك ف ي"
4,79,17,"ا ل ه"
4,79,18,"ش ه د"
4,80,2,"ط و ع"
4,80,3,"ر س ل"
4,80,5,"ط و ع"
4,80,6,"ا ل ه"
4,80,8,"و ل ي"
4,80,10,"ر س ل"
4,80,12,"ح ف ظ"
4,81,1,"ق و ل"
4,81,2,"ط و ع"
4,81,3,"إِذَا"
4,81,4,"ب ر ز"
4,81,6,"ع ن د"
4,81,7,"ب ي ت"
4,81,8,"ط و ف"
4,81,10,"غ ي ر"
4,81,11,"ٱلَّذِى"
4,81,12,"ق و ل"
4,81,13,"ا ل ه"
4,81,14,"ك ت ب"
4,81,16,"ب ي ت"
4,81,17,"ع ر ض"
4,81,19,"و ك ل"
4,81,21,"ا ل ه"
4,81,22,"ك ف ي"
4,81,23,"ا ل ه"
4,81,24,"و ك ل"
4,82,2,"د ب ر"
4,82,3,"ق ر ا"
4,82,5,"ك و ن"
4,82,7,"ع ن د"
4,82,8,"غ ي ر"
4,82,9,"ا ل ه"
4,82,10,"و ج د"
4,82,12,"خ ل ف"
4,82,13,"ك ث ر"
4,83,1,"إِذَا"
4,83,2,"ج ي ا"
4,83,3,"ا م ر"
4,83,5,"ا م ن"
4,83,7,"خ و ف"
4,83,8,"ذ ي ع"
4,83,11,"ر د د"
4,83,12,"إِلَىٰ"
4,83,13,"ر س ل"
4,83,14,"إِلَىٰ"
4,83,15,"ا و ل"
4,83,16,"ا م ر"
4,83,18,"ع ل م"
4,83,19,"ٱلَّذِى"
4,83,20,"ن ب ط"
4,83,23,"ف ض ل"
4,83,24,"ا ل ه"
4,83,26,"ر ح م"
4,83,27,"ت ب ع"
4,83,28,"ش ط ن"
4,83,29,"إِلَّا"
4,83,30,"ق ل ل"
4,84,1,"ق ت ل"
4,84,3,"س ب ل"
4,84,4,"ا ل ه"
4,84,6,"ك ل ف"
4,84,7,"إِلَّا"
4,84,8,"ن ف س"
4,84,9,"ح ر ض"
4,84,10,"ا م ن"
4,84,11,"ع س ي"
4,84,12,"ا ل ه"
4,84,14,"ك ف ف"
4,84,15,"ب ا س"
4,84,16,"ٱلَّذِى"
4,84,17,"ك ف ر"
4,84,18,"ا ل ه"
4,84,19,"ش د د"
4,84,20,"ب ا س"
4,84,21,"ش د د"
4,84,22,"ن ك ل"
4,85,2,"ش ف ع"
4,85,3,"ش ف ع"
4,85,4,"ح س ن"
4,85,5,"ك و ن"
4,85,7,"ن ص ب"
4,85,10,"ش ف ع"
4,85,11,"ش ف ع"
4,85,12,"س و ا"
4,85,13,"ك و ن"
4,85,15,"ك ف ل"
4,85,17,"ك و ن"
4,85,18,"ا ل ه"
4,85,20,"ك ل ل"
4,85,21,"ش ي ا"
4,85,22,"ق و ت"
4,86,1,"إِذَا"
4,86,2,"ح ي ي"
4,86,3,"ح ي ي"
4,86,4,"ح ي ي"
4,86,5,"ح س ن"
4,86,8,"ر د د"
4,86,10,"ا ل ه"
4,86,11,"ك و ن"
4,86,13,"ك ل ل"
4,86,14,"ش ي ا"
4,86,15,"ح س ب"
4,87,1,"ا ل ه"
4,87,3,"ا ل ه"
4,87,4,"إِلَّا"
4,87,6,"ج م ع"
4,87,7,"إِلَىٰ"
4,87,8,"ي و م"
4,87,9,"ق و م"
4,87,11,"ر ي ب"
4,87,14,"ص د ق"
4,87,16,"ا ل ه"
4,87,17,"ح د ث"
4,88,4,"ن ف ق"
4,88,5,"ف ا ي"
4,88,6,"ا ل ه"
4,88,7,"ر ك س"
4,88,9,"ك س ب"
4,88,10,"ر و د"
4,88,12,"ه د ي"
4,88,14,"ض ل ل"
4,88,15,"ا ل ه"
4,88,17,"ض ل ل"
4,88,18,"ا ل ه"
4,88,20,"و ج د"
4,88,22,"س ب ل"
4,89,1,"و د د"
4,89,3,"ك ف ر"
4,89,5,"ك ف ر"
4,89,6,"ك و ن"
4,89,7,"س و ي"
4,89,9,"ا خ ذ"
4,89,11,"و ل ي"
4,89,13,"ه ج ر"
4,89,15,"س ب ل"
4,89,16,"ا ل ه"
4,89,18,"و ل ي"
4,89,19,"ا خ ذ"
4,89,20,"ق ت ل"
4,89,21,"ح ي ث"
4,89,22,"و ج د"
4,89,24,"ا خ ذ"
4,89,26,"و ل ي"
4,89,28,"ن ص ر"
4,90,1,"إِلَّا"
4,90,2,"ٱلَّذِى"
4,90,3,"و ص ل"
4,90,4,"إِلَىٰ"
4,90,5,"ق و م"
4,90,6,"ب ي ن"
4,90,7,"ب ي ن"
4,90,8,"و ث ق"
4,90,10,"ج ي ا"
4,90,11,"ح ص ر"
4,90,12,"ص د ر"
4,90,14,"ق ت ل"
4,90,16,"ق ت ل"
4,90,17,"ق و م"
4,90,19,"ش ي ا"
4,90,20,"ا ل ه"
4,90,21,"س ل ط"
4,90,23,"ق ت ل"
4,90,25,"ع ز ل"
4,90,27,"ق ت ل"
4,90,28,"ل ق ي"
4,90,29,"إِلَىٰ"
4,90,30,"س ل م"
4,90,32,"ج ع ل"
4,90,33,"ا ل ه"
4,90,36,"س ب ل"
4,91,1,"و ج د"
4,91,2,"ا خ ر"
4,91,3,"ر و د"
4,91,5,"ا م ن"
4,91,6,"ا م ن"
4,91,7,"ق و م"
4,91,8,"ك ل ل"
4,91,10,"ر د د"
4,91,11,"إِلَىٰ"
4,91,12,"ف ت ن"
4,91,13,"ر ك س"
4,91,17,"ع ز ل"
4,91,18,"ل ق ي"
4,91,19,"إِلَىٰ"
4,91,20,"س ل م"
4,91,21,"ك ف ف"
4,91,22,"ي د ي"
4,91,23,"ا خ ذ"
4,91,24,"ق ت ل"
4,91,25,"ح ي ث"
4,91,26,"ث ق ف"
4,91,28,"ج ع ل"
4,91,31,"س ل ط"
4,91,32,"ب ي ن"
4,92,2,"ك و ن"
4,92,3,"ا م ن"
4,92,5,"ق ت ل"
4,92,6,"ا م ن"
4,92,7,"إِلَّا"
4,92,8,"خ ط ا"
4,92,10,"ق ت ل"
4,92,11,"ا م ن"
4,92,12,"خ ط ا"
4,92,13,"ح ر ر"
4,92,14,"ر ق ب"
4,92,15,"ا م ن"
4,92,16,"و د ي"
4,92,17,"س ل م"
4,92,18,"إِلَىٰ"
4,92,19,"ا ه ل"
4,92,20,"إِلَّا"
4,92,22,"ص د ق"
4,92,24,"ك و ن"
4,92,26,"ق و م"
4,92,27,"ع د و"
4,92,30,"ا م ن"
4,92,31,"ح ر ر"
4,92,32,"ر ق ب"
4,92,33,"ا م ن"
4,92,35,"ك و ن"
4,92,37,"ق و م"
4,92,38,"ب ي ن"
4,92,39,"ب ي ن"
4,92,40,"و ث ق"
4,92,41,"و د ي"
4,92,42,"س ل م"
4,92,43,"إِلَىٰ"
4,92,44,"ا ه ل"
4,92,45,"ح ر ر"
4,92,46,"ر ق ب"
4,92,47,"ا م ن"
4,92,50,"و ج د"
4,92,51,"ص و م"
4,92,52,"ش ه ر"
4,92,53,"ت ب ع"
4,92,54,"ت و ب"
4,92,56,"ا ل ه"
4,92,57,"ك و ن"
4,92,58,"ا ل ه"
4,92,59,"ع ل م"
4,92,60,"ح ك م"
4,93,2,"ق ت ل"
4,93,3,"ا م ن"
4,93,4,"ع م د"
4,93,5,"ج ز ي"
4,93,7,"خ ل د"
4,93,9,"غ ض ب"
4,93,10,"ا ل ه"
4,93,12,"ل ع ن"
4,93,13,"ع د د"
4,93,15,"ع ذ ب"
4,93,16,"ع ظ م"
4,94,2,"ٱلَّذِى"
4,94,3,"ا م ن"
4,94,4,"إِذَا"
4,94,5,"ض ر ب"
4,94,7,"س ب ل"
4,94,8,"ا ل ه"
4,94,9,"ب ي ن"
4,94,11,"ق و ل"
4,94,13,"ل ق ي"
4,94,14,"إِلَىٰ"
4,94,15,"س ل م"
4,94,16,"ل ي س"
4,94,17,"ا م ن"
4,94,18,"ب غ ي"
4,94,19,"ع ر ض"
4,94,20,"ح ي ي"
4,94,21,"د ن و"
4,94,22,"ع ن د"
4,94,23,"ا ل ه"
4,94,24,"غ ن م"
4,94,25,"ك ث ر"
4,94,27,"ك و ن"
4,94,29,"ق ب ل"
4,94,30,"م ن ن"
4,94,31,"ا ل ه"
4,94,33,"ب ي ن"
4,94,35,"ا ل ه"
4,94,36,"ك و ن"
4,94,38,"ع م ل"
4,94,39,"خ ب ر"
4,95,2,"س و ي"
4,95,3,"ق ع د"
4,95,5,"ا م ن"
4,95,6,"غ ي ر"
4,95,7,"ا و ل"
4,95,8,"ض ر ر"
4,95,9,"ج ه د"
4,95,11,"س ب ل"
4,95,12,"ا ل ه"
4,95,13,"م و ل"
4,95,14,"ن ف س"
4,95,15,"ف ض ل"
4,95,16,"ا ل ه"
4,95,17,"ج ه د"
4,95,18,"م و ل"
4,95,19,"ن ف س"
4,95,21,"ق ع د"
4,95,22,"د ر ج"
4,95,23,"ك ل ل"
4,95,24,"و ع د"
4,95,25,"ا ل ه"
4,95,26,"ح س ن"
4,95,27,"ف ض ل"
4,95,28,"ا ل ه"
4,95,29,"ج ه د"
4,95,31,"ق ع د"
4,95,32,"ا ج ر"
4,95,33,"ع ظ م"
4,96,1,"د ر ج"
4,96,3,"غ ف ر"
4,96,4,"ر ح م"
4,96,5,"ك و ن"
4,96,6,"ا ل ه"
4,96,7,"غ ف ر"
4,96,8,"ر ح م"
4,97,2,"ٱلَّذِى"
4,97,3,"و ف ي"
4,97,4,"م ل ك"
4,97,5,"ظ ل م"
4,97,6,"ن ف س"
4,97,7,"ق و ل"
4,97,9,"ك و ن"
4,97,10,"ق و ل"
4,97,11,"ك و ن"
4,97,12,"ض ع ف"
4,97,14,"ا ر ض"
4,97,15,"ق و ل"
4,97,17,"ك و ن"
4,97,18,"ا ر ض"
4,97,19,"ا ل ه"
4,97,20,"و س ع"
4,97,21,"ه ج ر"
4,97,24,"ا و ي"
4,97,26,"س و ا"
4,97,27,"ص ي ر"
4,98,1,"إِلَّا"
4,98,2,"ض ع ف"
4,98,4,"ر ج ل"
4,98,5,"ن س و"
4,98,6,"و ل د"
4,98,8,"ط و ع"
4,98,9,"ح و ل"
4,98,11,"ه د ي"
4,98,12,"س ب ل"
4,99,2,"ع س ي"
4,99,3,"ا ل ه"
4,99,5,"ع ف و"
4,99,7,"ك و ن"
4,99,8,"ا ل ه"
4,99,9,"ع ف و"
4,99,10,"غ ف ر"
4,100,2,"ه ج ر"
4,100,4,"س ب ل"
4,100,5,"ا ل ه"
4,100,6,"و ج د"
4,100,8,"ا ر ض"
4,100,9,"ر غ م"
4,100,10,"ك ث ر"
4,100,11,"و س ع"
4,100,13,"خ ر ج"
4,100,15,"ب ي ت"
4,100,16,"ه ج ر"
4,100,17,"إِلَىٰ"
4,100,18,"ا ل ه"
4,100,19,"ر س ل"
4,100,21,"د ر ك"
4,100,22,"م و ت"
4,100,24,"و ق ع"
4,100,25,"ا ج ر"
4,100,27,"ا ل ه"
4,100,28,"ك و ن"
4,100,29,"ا ل ه"
4,100,30,"غ ف ر"
4,100,31,"ر ح م"
4,101,1,"إِذَا"
4,101,2,"ض ر ب"
4,101,4,"ا ر ض"
4,101,5,"ل ي س"
4,101,7,"ج ن ح"
4,101,9,"ق ص ر"
4,101,11,"ص ل و"
4,101,13,"خ و ف"
4,101,15,"ف ت ن"
4,101,16,"ٱلَّذِى"
4,101,17,"ك ف ر"
4,101,19,"ك ف ر"
4,101,20,"ك و ن"
4,101,22,"ع د و"
4,101,23,"ب ي ن"
4,102,1,"إِذَا"
4,102,2,"ك و ن"
4,102,4,"ق و م"
4,102,6,"ص ل و"
4,102,7,"ق و م"
4,102,8,"ط و ف"
4,102,11,"ا خ ذ"
4,102,12,"س ل ح"
4,102,13,"إِذَا"
4,102,14,"س ج د"
4,102,15,"ك و ن"
4,102,17,"و ر ي"
4,102,18,"ا ت ي"
4,102,19,"ط و ف"
4,102,20,"ا خ ر"
4,102,22,"ص ل و"
4,102,23,"ص ل و"
4,102,25,"ا خ ذ"
4,102,26,"ح ذ ر"
4,102,27,"س ل ح"
4,102,28,"و د د"
4,102,29,"ٱلَّذِى"
4,102,30,"ك ف ر"
4,102,32,"غ ف ل"
4,102,34,"س ل ح"
4,102,35,"م ت ع"
4,102,36,"م ي ل"
4,102,38,"م ي ل"
4,102,39,"و ح د"
4,102,41,"ج ن ح"
4,102,44,"ك و ن"
4,102,46,"ا ذ ي"
4,102,48,"م ط ر"
4,102,50,"ك و ن"
4,102,51,"م ر ض"
4,102,53,"و ض ع"
4,102,54,"س ل ح"
4,102,55,"ا خ ذ"
4,102,56,"ح ذ ر"
4,102,58,"ا ل ه"
4,102,59,"ع د د"
4,102,60,"ك ف ر"
4,102,61,"ع ذ ب"
4,102,62,"ه و ن"
4,103,1,"إِذَا"
4,103,2,"ق ض ي"
4,103,3,"ص ل و"
4,103,4,"ذ ك ر"
4,103,5,"ا ل ه"
4,103,6,"ق و م"
4,103,7,"ق ع د"
4,103,9,"ج ن ب"
4,103,10,"إِذَا"
4,103,11,"ط م ن"
4,103,12,"ق و م"
4,103,13,"ص ل و"
4,103,15,"ص ل و"
4,103,16,"ك و ن"
4,103,18,"ا م ن"
4,103,19,"ك ت ب"
4,103,20,"و ق ت"
4,104,2,"و ه ن"
4,104,4,"ب غ ي"
4,104,5,"ق و م"
4,104,7,"ك و ن"
4,104,8,"ا ل م"
4,104,10,"ا ل م"
4,104,12,"ا ل م"
4,104,13,"ر ج و"
4,104,15,"ا ل ه"
4,104,18,"ر ج و"
4,104,19,"ك و ن"
4,104,20,"ا ل ه"
4,104,21,"ع ل م"
4,104,22,"ح ك م"
4,105,2,"ن ز ل"
4,105,3,"إِلَىٰ"
4,105,4,"ك ت ب"
4,105,5,"ح ق ق"
4,105,6,"ح ك م"
4,105,7,"ب ي ن"
4,105,8,"ن و س"
4,105,10,"ر ا ي"
4,105,11,"ا ل ه"
4,105,13,"ك و ن"
4,105,14,"خ و ن"
4,105,15,"خ ص م"
4,106,1,"غ ف ر"
4,106,2,"ا ل ه"
4,106,4,"ا ل ه"
4,106,5,"ك و ن"
4,106,6,"غ ف ر"
4,106,7,"ر ح م"
4,107,2,"ج د ل"
4,107,4,"ٱلَّذِى"
4,107,5,"خ و ن"
4,107,6,"ن ف س"
4,107,8,"ا ل ه"
4,107,10,"ح ب ب"
4,107,12,"ك و ن"
4,107,13,"خ و ن"
4,107,14,"ا ث م"
4,108,1,"خ ف ي"
4,108,3,"ن و س"
4,108,5,"خ ف ي"
4,108,7,"ا ل ه"
4,108,10,"إِذ"
4,108,11,"ب ي ت"
4,108,14,"ر ض و"
4,108,16,"ق و ل"
4,108,17,"ك و ن"
4,108,18,"ا ل ه"
4,108,20,"ع م ل"
4,108,21,"ح و ط"
4,109,3,"ج د ل"
4,109,6,"ح ي ي"
4,109,7,"د ن و"
4,109,9,"ج د ل"
4,109,10,"ا ل ه"
4,109,12,"ي و م"
4,109,13,"ق و م"
4,109,14,"أَم"
4,109,16,"ك و ن"
4,109,18,"و ك ل"
4,110,2,"ع م ل"
4,110,3,"س و ا"
4,110,5,"ظ ل م"
4,110,6,"ن ف س"
4,110,8,"غ ف ر"
4,110,9,"ا ل ه"
4,110,10,"و ج د"
4,110,11,"ا ل ه"
4,110,12,"غ ف ر"
4,110,13,"ر ح م"
4,111,2,"ك س ب"
4,111,3,"ا ث م"
4,111,5,"ك س ب"
4,111,7,"ن ف س"
4,111,8,"ك و ن"
4,111,9,"ا ل ه"
4,111,10,"ع ل م"
4,111,11,"ح ك م"
4,112,2,"ك س ب"
4,112,3,"خ ط ا"
4,112,5,"ا ث م"
4,112,7,"ر م ي"
4,112,9,"ب ر ا"
4,112,11,"ح م ل"
4,112,12,"ب ه ت"
4,112,13,"ا ث م"
4,112,14,"ب ي ن"
4,113,2,"ف ض ل"
4,113,3,"ا ل ه"
4,113,5,"ر ح م"
4,113,6,"ه م م"
4,113,7,"ط و ف"
4,113,10,"ض ل ل"
4,113,12,"ض ل ل"
4,113,13,"إِلَّا"
4,113,14,"ن ف س"
4,113,16,"ض ر ر"
4,113,18,"ش ي ا"
4,113,19,"ن ز ل"
4,113,20,"ا ل ه"
4,113,22,"ك ت ب"
4,113,23,"ح ك م"
4,113,24,"ع ل م"
4,113,27,"ك و ن"
4,113,28,"ع ل م"
4,113,29,"ك و ن"
4,113,30,"ف ض ل"
4,113,31,"ا ل ه"
4,113,33,"ع ظ م"
4,114,2,"خ ي ر"
4,114,4,"ك ث ر"
4,114,6,"ن ج و"
4,114,7,"إِلَّا"
4,114,9,"ا م ر"
4,114,10,"ص د ق"
4,114,12,"ع ر ف"
4,114,14,"ص ل ح"
4,114,15,"ب ي ن"
4,114,16,"ن و س"
4,114,18,"ف ع ل"
4,114,20,"ب غ ي"
4,114,21,"ر ض و"
4,114,22,"ا ل ه"
4,114,24,"ا ت ي"
4,114,25,"ا ج ر"
4,114,26,"ع ظ م"
4,115,2,"ش ق ق"
4,115,3,"ر س ل"
4,115,5,"ب ع د"
4,115,7,"ب ي ن"
4,115,9,"ه د ي"
4,115,10,"ت ب ع"
4,115,11,"غ ي ر"
4,115,12,"س ب ل"
4,115,13,"ا م ن"
4,115,14,"و ل ي"
4,115,16,"و ل ي"
4,115,17,"ص ل ي"
4,115,19,"س و ا"
4,115,20,"ص ي ر"
4,116,2,"ا ل ه"
4,116,4,"غ ف ر"
4,116,6,"ش ر ك"
4,116,8,"غ ف ر"
4,116,10,"د و ن"
4,116,13,"ش ي ا"
4,116,15,"ش ر ك"
4,116,16,"ا ل ه"
4,116,18,"ض ل ل"
4,116,19,"ض ل ل"
4,116,20,"ب ع د"
4,117,2,"د ع و"
4,117,4,"د و ن"
4,117,5,"إِلَّا"
4,117,6,"ا ن ث"
4,117,8,"د ع و"
4,117,9,"إِلَّا"
4,117,10,"ش ط ن"
4,117,11,"م ر د"
4,118,1,"ل ع ن"
4,118,2,"ا ل ه"
4,118,3,"ق و ل"
4,118,4,"ا خ ذ"
4,118,6,"ع ب د"
4,118,7,"ن ص ب"
4,118,8,"ف ر ض"
4,119,1,"ض ل ل"
4,119,2,"م ن ي"
4,119,3,"ا م ر"
4,119,4,"ب ت ك"
4,119,5,"ا ذ ن"
4,119,6,"ن ع م"
4,119,7,"ا م ر"
4,119,8,"غ ي ر"
4,119,9,"خ ل ق"
4,119,10,"ا ل ه"
4,119,12,"ا خ ذ"
4,119,13,"ش ط ن"
4,119,14,"و ل ي"
4,119,16,"د و ن"
4,119,17,"ا ل ه"
4,119,19,"خ س ر"
4,119,20,"خ س ر"
4,119,21,"ب ي ن"
4,120,1,"و ع د"
4,120,2,"م ن ي"
4,120,4,"و ع د"
4,120,5,"ش ط ن"
4,120,6,"إِلَّا"
4,120,7,"غ ر ر"
4,121,2,"ا و ي"
4,121,5,"و ج د"
4,121,7,"ح ي ص"
4,122,1,"ٱلَّذِى"
4,122,2,"ا م ن"
4,122,3,"ع م ل"
4,122,4,"ص ل ح"
4,122,5,"د خ ل"
4,122,6,"ج ن ن"
4,122,7,"ج ر ي"
4,122,9,"ت ح ت"
4,122,10,"ن ه ر"
4,122,11,"خ ل د"
4,122,13,"ا ب د"
4,122,14,"و ع د"
4,122,15,"ا ل ه"
4,122,16,"ح ق ق"
4,122,18,"ص د ق"
4,122,20,"ا ل ه"
4,122,21,"ق و ل"
4,123,1,"ل ي س"
4,123,2,"م ن ي"
4,123,4,"م ن ي"
4,123,5,"ا ه ل"
4,123,6,"ك ت ب"
4,123,8,"ع م ل"
4,123,9,"س و ا"
4,123,10,"ج ز ي"
4,123,13,"و ج د"
4,123,16,"د و ن"
4,123,17,"ا ل ه"
4,123,18,"و ل ي"
4,123,20,"ن ص ر"
4,124,2,"ع م ل"
4,124,4,"ص ل ح"
4,124,6,"ذ ك ر"
4,124,8,"ا ن ث"
4,124,10,"ا م ن"
4,124,12,"د خ ل"
4,124,13,"ج ن ن"
4,124,15,"ظ ل م"
4,124,16,"ن ق ر"
4,125,2,"ح س ن"
4,125,3,"د ي ن"
4,125,5,"س ل م"
4,125,6,"و ج ه"
4,125,7,"ا ل ه"
4,125,9,"ح س ن"
4,125,10,"ت ب ع"
4,125,11,"م ل ل"
4,125,12,"إِبْرَاهِيم"
4,125,13,"ح ن ف"
4,125,14,"ا خ ذ"
4,125,15,"ا ل ه"
4,125,16,"إِبْرَاهِيم"
4,125,17,"خ ل ل"
4,126,1,"ا ل ه"
4,126,4,"س م و"
4,126,7,"ا ر ض"
4,126,8,"ك و ن"
4,126,9,"ا ل ه"
4,126,10,"ك ل ل"
4,126,11,"ش ي ا"
4,126,12,"ح و ط"
4,127,1,"ف ت ي"
4,127,3,"ن س و"
4,127,4,"ق و ل"
4,127,5,"ا ل ه"
4,127,6,"ف ت ي"
4,127,9,"ت ل و"
4,127,12,"ك ت ب"
4,127,14,"ي ت م"
4,127,15,"ن س و"
4,127,16,"ٱلَّذِى"
4,127,18,"ا ت ي"
4,127,20,"ك ت ب"
4,127,22,"ر غ ب"
4,127,24,"ن ك ح"
4,127,25,"ض ع ف"
4,127,27,"و ل د"
4,127,29,"ق و م"
4,127,30,"ي ت م"
4,127,31,"ق س ط"
4,127,33,"ف ع ل"
4,127,35,"خ ي ر"
4,127,37,"ا ل ه"
4,127,38,"ك و ن"
4,127,40,"ع ل م"
4,128,2,"م ر ا"
4,128,3,"خ و ف"
4,128,5,"ب ع ل"
4,128,6,"ن ش ز"
4,128,8,"ع ر ض"
4,128,10,"ج ن ح"
4,128,13,"ص ل ح"
4,128,14,"ب ي ن"
4,128,15,"ص ل ح"
4,128,16,"ص ل ح"
4,128,17,"خ ي ر"
4,128,18,"ح ض ر"
4,128,19,"ن ف س"
4,128,20,"ش ح ح"
4,128,22,"ح س ن"
4,128,23,"و ق ي"
4,128,25,"ا ل ه"
4,128,26,"ك و ن"
4,128,28,"ع م ل"
4,128,29,"خ ب ر"
4,129,2,"ط و ع"
4,129,4,"ع د ل"
4,129,5,"ب ي ن"
4,129,6,"ن س و"
4,129,8,"ح ر ص"
4,129,10,"م ي ل"
4,129,11,"ك ل ل"
4,129,12,"م ي ل"
4,129,13,"و ذ ر"
4,129,14,"ع ل ق"
4,129,16,"ص ل ح"
4,129,17,"و ق ي"
4,129,19,"ا ل ه"
4,129,20,"ك و ن"
4,129,21,"غ ف ر"
4,129,22,"ر ح م"
4,130,2,"ف ر ق"
4,130,3,"غ ن ي"
4,130,4,"ا ل ه"
4,130,5,"ك ل ل"
4,130,7,"و س ع"
4,130,8,"ك و ن"
4,130,9,"ا ل ه"
4,130,10,"و س ع"
4,130,11,"ح ك م"
4,131,1,"ا ل ه"
4,131,4,"س م و"
4,131,7,"ا ر ض"
4,131,9,"و ص ي"
4,131,10,"ٱلَّذِى"
4,131,11,"ا ت ي"
4,131,12,"ك ت ب"
4,131,14,"ق ب ل"
4,131,17,"و ق ي"
4,131,18,"ا ل ه"
4,131,20,"ك ف ر"
4,131,22,"ا ل ه"
4,131,25,"س م و"
4,131,28,"ا ر ض"
4,131,29,"ك و ن"
4,131,30,"ا ل ه"
4,131,31,"غ ن ي"
4,131,32,"ح م د"
4,132,1,"ا ل ه"
4,132,4,"س م و"
4,132,7,"ا ر ض"
4,132,8,"ك ف ي"
4,132,9,"ا ل ه"
4,132,10,"و ك ل"
4,133,2,"ش ي ا"
4,133,3,"ذ ه ب"
4,133,5,"ن و س"
4,133,6,"ا ت ي"
4,133,7,"ا خ ر"
4,133,8,"ك و ن"
4,133,9,"ا ل ه"
4,133,12,"ق د ر"
4,134,2,"ك و ن"
4,134,3,"ر و د"
4,134,4,"ث و ب"
4,134,5,"د ن و"
4,134,6,"ع ن د"
4,134,7,"ا ل ه"
4,134,8,"ث و ب"
4,134,9,"د ن و"
4,134,10,"ا خ ر"
4,134,11,"ك و ن"
4,134,12,"ا ل ه"
4,134,13,"س م ع"
4,134,14,"ب ص ر"
4,135,2,"ٱلَّذِى"
4,135,3,"ا م ن"
4,135,4,"ك و ن"
4,135,5,"ق و م"
4,135,6,"ق س ط"
4,135,7,"ش ه د"
4,135,8,"ا ل ه"
4,135,11,"ن ف س"
4,135,13,"و ل د"
4,135,14,"ق ر ب"
4,135,16,"ك و ن"
4,135,17,"غ ن ي"
4,135,19,"ف ق ر"
4,135,20,"ا ل ه"
4,135,21,"و ل ي"
4,135,24,"ت ب ع"
4,135,25,"ه و ي"
4,135,27,"ع د ل"
4,135,29,"ل و ي"
4,135,31,"ع ر ض"
4,135,33,"ا ل ه"
4,135,34,"ك و ن"
4,135,36,"ع م ل"
4,135,37,"خ ب ر"
4,136,2,"ٱلَّذِى"
4,136,3,"ا م ن"
4,136,4,"ا م ن"
4,136,5,"ا ل ه"
4,136,6,"ر س ل"
4,136,7,"ك ت ب"
4,136,8,"ٱلَّذِى"
4,136,9,"ن ز ل"
4,136,11,"ر س ل"
4,136,12,"ك ت ب"
4,136,13,"ٱلَّذِى"
4,136,14,"ن ز ل"
4,136,16,"ق ب ل"
4,136,18,"ك ف ر"
4,136,19,"ا ل ه"
4,136,20,"م ل ك"
4,136,21,"ك ت ب"
4,136,22,"ر س ل"
4,136,23,"ي و م"
4,136,24,"ا خ ر"
4,136,26,"ض ل ل"
4,136,27,"ض ل ل"
4,136,28,"ب ع د"
4,137,2,"ٱلَّذِى"
4,137,3,"ا م ن"
4,137,5,"ك ف ر"
4,137,7,"ا م ن"
4,137,9,"ك ف ر"
4,137,11,"ز ي د"
4,137,12,"ك ف ر"
4,137,14,"ك و ن"
4,137,15,"ا ل ه"
4,137,16,"غ ف ر"
4,137,19,"ه د ي"
4,137,20,"س ب ل"
4,138,1,"ب ش ر"
4,138,2,"ن ف ق"
4,138,5,"ع ذ ب"
4,138,6,"ا ل م"
4,139,1,"ٱلَّذِى"
4,139,2,"ا خ ذ"
4,139,3,"ك ف ر"
4,139,4,"و ل ي"
4,139,6,"د و ن"
4,139,7,"ا م ن"
4,139,8,"ب غ ي"
4,139,9,"ع ن د"
4,139,10,"ع ز ز"
4,139,12,"ع ز ز"
4,139,13,"ا ل ه"
4,139,14,"ج م ع"
4,140,2,"ن ز ل"
4,140,5,"ك ت ب"
4,140,7,"إِذَا"
4,140,8,"س م ع"
4,140,9,"ا ي ي"
4,140,10,"ا ل ه"
4,140,11,"ك ف ر"
4,140,13,"ه ز ا"
4,140,16,"ق ع د"
4,140,19,"خ و ض"
4,140,21,"ح د ث"
4,140,22,"غ ي ر"
4,140,24,"إِذًا"
4,140,25,"م ث ل"
4,140,27,"ا ل ه"
4,140,28,"ج م ع"
4,140,29,"ن ف ق"
4,140,30,"ك ف ر"
4,140,33,"ج م ع"
4,141,1,"ٱلَّذِى"
4,141,2,"ر ب ص"
4,141,5,"ك و ن"
4,141,7,"ف ت ح"
4,141,9,"ا ل ه"
4,141,10,"ق و ل"
4,141,12,"ك و ن"
4,141,15,"ك و ن"
4,141,16,"ك ف ر"
4,141,17,"ن ص ب"
4,141,18,"ق و ل"
4,141,20,"ح و ذ"
4,141,22,"م ن ع"
4,141,24,"ا م ن"
4,141,25,"ا ل ه"
4,141,26,"ح ك م"
4,141,27,"ب ي ن"
4,141,28,"ي و م"
4,141,29,"ق و م"
4,141,31,"ج ع ل"
4,141,32,"ا ل ه"
4,141,33,"ك ف ر"
4,141,35,"ا م ن"
4,141,36,"س ب ل"
4,142,2,"ن ف ق"
4,142,3,"خ د ع"
4,142,4,"ا ل ه"
4,142,6,"خ د ع"
4,142,7,"إِذَا"
4,142,8,"ق و م"
4,142,9,"إِلَىٰ"
4,142,10,"ص ل و"
4,142,11,"ق و م"
4,142,12,"ك س ل"
4,142,13,"ر ا ي"
4,142,14,"ن و س"
4,142,16,"ذ ك ر"
4,142,17,"ا ل ه"
4,142,18,"إِلَّا"
4,142,19,"ق ل ل"
4,143,1,"ذ ب ذ ب"
4,143,2,"ب ي ن"
4,143,5,"إِلَىٰ"
4,143,8,"إِلَىٰ"
4,143,11,"ض ل ل"
4,143,12,"ا ل ه"
4,143,14,"و ج د"
4,143,16,"س ب ل"
4,144,2,"ٱلَّذِى"
4,144,3,"ا م ن"
4,144,5,"ا خ ذ"
4,144,6,"ك ف ر"
4,144,7,"و ل ي"
4,144,9,"د و ن"
4,144,10,"ا م ن"
4,144,11,"ر و د"
4,144,13,"ج ع ل"
4,144,14,"ا ل ه"
4,144,16,"س ل ط"
4,144,17,"ب ي ن"
4,145,2,"ن ف ق"
4,145,4,"د ر ك"
4,145,5,"س ف ل"
4,145,7,"ن و ر"
4,145,9,"و ج د"
4,145,11,"ن ص ر"
4,146,1,"إِلَّا"
4,146,2,"ٱلَّذِى"
4,146,3,"ت و ب"
4,146,4,"ص ل ح"
4,146,5,"ع ص م"
4,146,6,"ا ل ه"
4,146,7,"خ ل ص"
4,146,8,"د ي ن"
4,146,9,"ا ل ه"
4,146,12,"ا م ن"
4,146,14,"ا ت ي"
4,146,15,"ا ل ه"
4,146,16,"ا م ن"
4,146,17,"ا ج ر"
4,146,18,"ع ظ م"
4,147,2,"ف ع ل"
4,147,3,"ا ل ه"
4,147,4,"ع ذ ب"
4,147,6,"ش ك ر"
4,147,7,"ا م ن"
4,147,8,"ك و ن"
4,147,9,"ا ل ه"
4,147,10,"ش ك ر"
4,147,11,"ع ل م"
4,148,2,"ح ب ب"
4,148,3,"ا ل ه"
4,148,4,"ج ه ر"
4,148,5,"س و ا"
4,148,7,"ق و ل"
4,148,8,"إِلَّا"
4,148,10,"ظ ل م"
4,148,11,"ك و ن"
4,148,12,"ا ل ه"
4,148,13,"س م ع"
4,148,14,"ع ل م"
4,149,2,"ب د و"
4,149,3,"خ ي ر"
4,149,5,"خ ف ي"
4,149,7,"ع ف و"
4,149,9,"س و ا"
4,149,11,"ا ل ه"
4,149,12,"ك و ن"
4,149,13,"ع ف و"
4,149,14,"ق د ر"
4,150,2,"ٱلَّذِى"
4,150,3,"ك ف ر"
4,150,4,"ا ل ه"
4,150,5,"ر س ل"
4,150,6,"ر و د"
4,150,8,"ف ر ق"
4,150,9,"ب ي ن"
4,150,10,"ا ل ه"
4,150,11,"ر س ل"
4,150,12,"ق و ل"
4,150,13,"ا م ن"
4,150,14,"ب ع ض"
4,150,15,"ك ف ر"
4,150,16,"ب ع ض"
4,150,17,"ر و د"
4,150,19,"ا خ ذ"
4,150,20,"ب ي ن"
4,150,22,"س ب ل"
4,151,3,"ك ف ر"
4,151,4,"ح ق ق"
4,151,5,"ع ت د"
4,151,6,"ك ف ر"
4,151,7,"ع ذ ب"
4,151,8,"ه و ن"
4,152,1,"ٱلَّذِى"
4,152,2,"ا م ن"
4,152,3,"ا ل ه"
4,152,4,"ر س ل"
4,152,6,"ف ر ق"
4,152,7,"ب ي ن"
4,152,8,"ا ح د"
4,152,12,"ا ت ي"
4,152,13,"ا ج ر"
4,152,14,"ك و ن"
4,152,15,"ا ل ه"
4,152,16,"غ ف ر"
4,152,17,"ر ح م"
4,153,1,"س ا ل"
4,153,2,"ا ه ل"
4,153,3,"ك ت ب"
4,153,5,"ن ز ل"
4,153,7,"ك ت ب"
4,153,9,"س م و"
4,153,11,"س ا ل"
4,153,13,"ك ب ر"
4,153,16,"ق و ل"
4,153,17,"ر ا ي"
4,153,18,"ا ل ه"
4,153,19,"ج ه ر"
4,153,20,"ا خ ذ"
4,153,21,"ص ع ق"
4,153,22,"ظ ل م"
4,153,24,"ا خ ذ"
4,153,25,"ع ج ل"
4,153,27,"ب ع د"
4,153,29,"ج ي ا"
4,153,30,"ب ي ن"
4,153,31,"ع ف و"
4,153,34,"ا ت ي"
4,153,36,"س ل ط"
4,153,37,"ب ي ن"
4,154,1,"ر ف ع"
4,154,2,"ف و ق"
4,154,3,"ط و ر"
4,154,4,"و ث ق"
4,154,5,"ق و ل"
4,154,7,"د خ ل"
4,154,8,"ب و ب"
4,154,9,"س ج د"
4,154,10,"ق و ل"
4,154,13,"ع د و"
4,154,15,"س ب ت"
4,154,16,"ا خ ذ"
4,154,18,"و ث ق"
4,154,19,"غ ل ظ"
4,155,2,"ن ق ض"
4,155,3,"و ث ق"
4,155,4,"ك ف ر"
4,155,5,"ا ي ي"
4,155,6,"ا ل ه"
4,155,7,"ق ت ل"
4,155,8,"ن ب ا"
4,155,9,"غ ي ر"
4,155,10,"ح ق ق"
4,155,11,"ق و ل"
4,155,12,"ق ل ب"
4,155,13,"غ ل ف"
4,155,15,"ط ب ع"
4,155,16,"ا ل ه"
4,155,18,"ك ف ر"
4,155,20,"ا م ن"
4,155,21,"إِلَّا"
4,155,22,"ق ل ل"
4,156,1,"ك ف ر"
4,156,2,"ق و ل"
4,156,5,"ب ه ت"
4,156,6,"ع ظ م"
4,157,1,"ق و ل"
4,157,3,"ق ت ل"
4,157,6,"ب ن ي"
4,157,8,"ر س ل"
4,157,9,"ا ل ه"
4,157,11,"ق ت ل"
4,157,13,"ص ل ب"
4,157,15,"ش ب ه"
4,157,18,"ٱلَّذِى"
4,157,19,"خ ل ف"
4,157,22,"ش ك ك"
4,157,28,"ع ل م"
4,157,29,"إِلَّا"
4,157,30,"ت ب ع"
4,157,31,"ظ ن ن"
4,157,33,"ق ت ل"
4,157,34,"ي ق ن"
4,158,2,"ر ف ع"
4,158,3,"ا ل ه"
4,158,4,"إِلَىٰ"
4,158,5,"ك و ن"
4,158,6,"ا ل ه"
4,158,7,"ع ز ز"
4,158,8,"ح ك م"
4,159,3,"ا ه ل"
4,159,4,"ك ت ب"
4,159,5,"إِلَّا"
4,159,6,"ا م ن"
4,159,8,"ق ب ل"
4,159,9,"م و ت"
4,159,10,"ي و م"
4,159,11,"ق و م"
4,159,12,"ك و ن"
4,159,14,"ش ه د"
4,160,1,"ظ ل م"
4,160,3,"ٱلَّذِى"
4,160,4,"ه و د"
4,160,5,"ح ر م"
4,160,7,"ط ي ب"
4,160,8,"ح ل ل"
4,160,10,"ص د د"
4,160,12,"س ب ل"
4,160,13,"ا ل ه"
4,160,14,"ك ث ر"
4,161,1,"ا خ ذ"
4,161,2,"ر ب و"
4,161,4,"ن ه ي"
4,161,6,"ا ك ل"
4,161,7,"م و ل"
4,161,8,"ن و س"
4,161,9,"ب ط ل"
4,161,10,"ع ت د"
4,161,11,"ك ف ر"
4,161,13,"ع ذ ب"
4,161,14,"ا ل م"
4,162,2,"ر س خ"
4,162,4,"ع ل م"
4,162,6,"ا م ن"
4,162,7,"ا م ن"
4,162,9,"ن ز ل"
4,162,10,"إِلَىٰ"
4,162,12,"ن ز ل"
4,162,14,"ق ب ل"
4,162,15,"ق و م"
4,162,16,"ص ل و"
4,162,17,"ا ت ي"
4,162,18,"ز ك و"
4,162,19,"ا م ن"
4,162,20,"ا ل ه"
4,162,21,"ي و م"
4,162,22,"ا خ ر"
4,162,24,"ا ت ي"
4,162,25,"ا ج ر"
4,162,26,"ع ظ م"
4,163,2,"و ح ي"
4,163,3,"إِلَىٰ"
4,163,5,"و ح ي"
4,163,6,"إِلَىٰ"
4,163,8,"ن ب ا"
4,163,10,"ب ع د"
4,163,11,"و ح ي"
4,163,12,"إِلَىٰ"
4,163,13,"إِبْرَاهِيم"
4,163,14,"إِسْمَاعِيل"
4,163,15,"إِسْحَاق"
4,163,17,"س ب ط"
4,163,23,"ا ت ي"
4,163,25,"ز ب ر"
4,164,1,"ر س ل"
4,164,3,"ق ص ص"
4,164,6,"ق ب ل"
4,164,7,"ر س ل"
4,164,9,"ق ص ص"
4,164,11,"ك ل م"
4,164,12,"ا ل ه"
4,164,14,"ك ل م"
4,165,1,"ر س ل"
4,165,2,"ب ش ر"
4,165,3,"ن ذ ر"
4,165,5,"ك و ن"
4,165,6,"ن و س"
4,165,8,"ا ل ه"
4,165,9,"ح ج ج"
4,165,10,"ب ع د"
4,165,11,"ر س ل"
4,165,12,"ك و ن"
4,165,13,"ا ل ه"
4,165,14,"ع ز ز"
4,165,15,"ح ك م"
4,166,2,"ا ل ه"
4,166,3,"ش ه د"
4,166,5,"ن ز ل"
4,166,6,"إِلَىٰ"
4,166,7,"ن ز ل"
4,166,8,"ع ل م"
4,166,9,"م ل ك"
4,166,10,"ش ه د"
4,166,11,"ك ف ي"
4,166,12,"ا ل ه"
4,166,13,"ش ه د"
4,167,2,"ٱلَّذِى"
4,167,3,"ك ف ر"
4,167,4,"ص د د"
4,167,6,"س ب ل"
4,167,7,"ا ل ه"
4,167,9,"ض ل ل"
4,167,10,"ض ل ل"
4,167,11,"ب ع د"
4,168,2,"ٱلَّذِى"
4,168,3,"ك ف ر"
4,168,4,"ظ ل م"
4,168,6,"ك و ن"
4,168,7,"ا ل ه"
4,168,8,"غ ف ر"
4,168,11,"ه د ي"
4,168,12,"ط ر ق"
4,169,1,"إِلَّا"
4,169,2,"ط ر ق"
4,169,4,"خ ل د"
4,169,6,"ا ب د"
4,169,7,"ك و ن"
4,169,10,"ا ل ه"
4,169,11,"ي س ر"
4,170,2,"ن و س"
4,170,4,"ج ي ا"
4,170,5,"ر س ل"
4,170,6,"ح ق ق"
4,170,8,"ر ب ب"
4,170,9,"ا م ن"
4,170,10,"خ ي ر"
4,170,13,"ك ف ر"
4,170,15,"ا ل ه"
4,170,18,"س م و"
4,170,19,"ا ر ض"
4,170,20,"ك و ن"
4,170,21,"ا ل ه"
4,170,22,"ع ل م"
4,170,23,"ح ك م"
4,171,1,"ا ه ل"
4,171,2,"ك ت ب"
4,171,4,"غ ل و"
4,171,6,"د ي ن"
4,171,8,"ق و ل"
4,171,10,"ا ل ه"
4,171,11,"إِلَّا"
4,171,12,"ح ق ق"
4,171,16,"ب ن ي"
4,171,18,"ر س ل"
4,171,19,"ا ل ه"
4,171,20,"ك ل م"
4,171,21,"ل ق ي"
4,171,22,"إِلَىٰ"
4,171,24,"ر و ح"
4,171,26,"ا م ن"
4,171,27,"ا ل ه"
4,171,28,"ر س ل"
4,171,30,"ق و ل"
4,171,31,"ث ل ث"
4,171,32,"ن ه ي"
4,171,33,"خ ي ر"
4,171,36,"ا ل ه"
4,171,37,"ا ل ه"
4,171,38,"و ح د"
4,171,39,"س ب ح"
4,171,41,"ك و ن"
4,171,43,"و ل د"
4,171,47,"س م و"
4,171,50,"ا ر ض"
4,171,51,"ك ف ي"
4,171,52,"ا ل ه"
4,171,53,"و ك ل"
4,172,2,"ن ك ف"
4,172,5,"ك و ن"
4,172,6,"ع ب د"
4,172,7,"ا ل ه"
4,172,9,"م ل ك"
4,172,10,"ق ر ب"
4,172,12,"ن ك ف"
4,172,14,"ع ب د"
4,172,15,"ك ب ر"
4,172,16,"ح ش ر"
4,172,17,"إِلَىٰ"
4,172,18,"ج م ع"
4,173,1,"أَمَّا"
4,173,2,"ٱلَّذِى"
4,173,3,"ا م ن"
4,173,4,"ع م ل"
4,173,5,"ص ل ح"
4,173,6,"و ف ي"
4,173,7,"ا ج ر"
4,173,8,"ز ي د"
4,173,10,"ف ض ل"
4,173,11,"أَمَّا"
4,173,12,"ٱلَّذِى"
4,173,13,"ن ك ف"
4,173,14,"ك ب ر"
4,173,15,"ع ذ ب"
4,173,16,"ع ذ ب"
4,173,17,"ا ل م"
4,173,19,"و ج د"
4,173,22,"د و ن"
4,173,23,"ا ل ه"
4,173,24,"و ل ي"
4,173,26,"ن ص ر"
4,174,2,"ن و س"
4,174,4,"ج ي ا"
4,174,5,"ب ر ه ن"
4,174,7,"ر ب ب"
4,174,8,"ن ز ل"
4,174,9,"إِلَىٰ"
4,174,10,"ن و ر"
4,174,11,"ب ي ن"
4,175,1,"أَمَّا"
4,175,2,"ٱلَّذِى"
4,175,3,"ا م ن"
4,175,4,"ا ل ه"
4,175,5,"ع ص م"
4,175,7,"د خ ل"
4,175,9,"ر ح م"
4,175,11,"ف ض ل"
4,175,12,"ه د ي"
4,175,13,"إِلَىٰ"
4,175,14,"ص ر ط"
4,175,15,"ق و م"
4,176,1,"ف ت ي"
4,176,2,"ق و ل"
4,176,3,"ا ل ه"
4,176,4,"ف ت ي"
4,176,6,"ك ل ل"
4,176,8,"م ر ا"
4,176,9,"ه ل ك"
4,176,10,"ل ي س"
4,176,12,"و ل د"
4,176,14,"ا خ و"
4,176,16,"ن ص ف"
4,176,18,"ت ر ك"
4,176,20,"و ر ث"
4,176,23,"ك و ن"
4,176,25,"و ل د"
4,176,27,"ك و ن"
4,176,28,"ث ن ي"
4,176,30,"ث ل ث"
4,176,32,"ت ر ك"
4,176,34,"ك و ن"
4,176,35,"ا خ و"
4,176,36,"ر ج ل"
4,176,37,"ن س و"
4,176,38,"ذ ك ر"
4,176,39,"م ث ل"
4,176,40,"ح ظ ظ"
4,176,41,"ا ن ث"
4,176,42,"ب ي ن"
4,176,43,"ا ل ه"
4,176,46,"ض ل ل"
4,176,47,"ا ل ه"
4,176,48,"ك ل ل"
4,176,49,"ش ي ا"
4,176,50,"ع ل م"
5,1,2,"ٱلَّذِى"
5,1,3,"ا م ن"
5,1,4,"و ف ي"
5,1,5,"ع ق د"
5,1,6,"ح ل ل"
5,1,8,"ب ه م"
5,1,9,"ن ع م"
5,1,10,"إِلَّا"
5,1,12,"ت ل و"
5,1,14,"غ ي ر"
5,1,15,"ح ل ل"
5,1,16,"ص ي د"
5,1,18,"ح ر م"
5,1,20,"ا ل ه"
5,1,21,"ح ك م"
5,1,23,"ر و د"
5,2,2,"ٱلَّذِى"
5,2,3,"ا م ن"
5,2,5,"ح ل ل"
5,2,6,"ش ع ر"
5,2,7,"ا ل ه"
5,2,9,"ش ه ر"
5,2,10,"ح ر م"
5,2,12,"ه د ي"
5,2,14,"ق ل د"
5,2,16,"ا م م"
5,2,17,"ب ي ت"
5,2,18,"ح ر م"
5,2,19,"ب غ ي"
5,2,20,"ف ض ل"
5,2,22,"ر ب ب"
5,2,23,"ر ض و"
5,2,24,"إِذَا"
5,2,25,"ح ل ل"
5,2,26,"ص ي د"
5,2,28,"ج ر م"
5,2,29,"ش ن ا"
5,2,30,"ق و م"
5,2,32,"ص د د"
5,2,34,"س ج د"
5,2,35,"ح ر م"
5,2,37,"ع د و"
5,2,38,"ع و ن"
5,2,40,"ب ر ر"
5,2,41,"و ق ي"
5,2,43,"ع و ن"
5,2,45,"ا ث م"
5,2,46,"ع د و"
5,2,47,"و ق ي"
5,2,48,"ا ل ه"
5,2,50,"ا ل ه"
5,2,51,"ش د د"
5,2,52,"ع ق ب"
5,3,1,"ح ر م"
5,3,3,"م و ت"
5,3,4,"د م و"
5,3,5,"ل ح م"
5,3,6,"خ ن ز ر"
5,3,8,"ه ل ل"
5,3,9,"غ ي ر"
5,3,10,"ا ل ه"
5,3,12,"خ ن ق"
5,3,13,"و ق ذ"
5,3,14,"ر د ي"
5,3,15,"ن ط ح"
5,3,17,"ا ك ل"
5,3,18,"س ب ع"
5,3,19,"إِلَّا"
5,3,21,"ذ ك و"
5,3,23,"ذ ب ح"
5,3,25,"ن ص ب"
5,3,27,"ق س م"
5,3,28,"ز ل م"
5,3,30,"ف س ق"
5,3,31,"ي و م"
5,3,32,"ي ا س"
5,3,33,"ٱلَّذِى"
5,3,34,"ك ف ر"
5,3,36,"د ي ن"
5,3,38,"خ ش ي"
5,3,39,"خ ش ي"
5,3,40,"ي و م"
5,3,41,"ك م ل"
5,3,43,"د ي ن"
5,3,44,"ت م م"
5,3,46,"ن ع م"
5,3,47,"ر ض و"
5,3,49,"س ل م"
5,3,50,"د ي ن"
5,3,52,"ض ر ر"
5,3,54,"خ م ص"
5,3,55,"غ ي ر"
5,3,56,"ج ن ف"
5,3,57,"ا ث م"
5,3,59,"ا ل ه"
5,3,60,"غ ف ر"
5,3,61,"ر ح م"
5,4,1,"س ا ل"
5,4,3,"ح ل ل"
5,4,5,"ق و ل"
5,4,6,"ح ل ل"
5,4,8,"ط ي ب"
5,4,10,"ع ل م"
5,4,12,"ج ر ح"
5,4,13,"ك ل ب"
5,4,14,"ع ل م"
5,4,16,"ع ل م"
5,4,17,"ا ل ه"
5,4,18,"ا ك ل"
5,4,20,"م س ك"
5,4,22,"ذ ك ر"
5,4,23,"س م و"
5,4,24,"ا ل ه"
5,4,26,"و ق ي"
5,4,27,"ا ل ه"
5,4,29,"ا ل ه"
5,4,30,"س ر ع"
5,4,31,"ح س ب"
5,5,1,"ي و م"
5,5,2,"ح ل ل"
5,5,4,"ط ي ب"
5,5,5,"ط ع م"
5,5,6,"ٱلَّذِى"
5,5,7,"ا ت ي"
5,5,8,"ك ت ب"
5,5,9,"ح ل ل"
5,5,11,"ط ع م"
5,5,12,"ح ل ل"
5,5,14,"ح ص ن"
5,5,16,"ا م ن"
5,5,17,"ح ص ن"
5,5,19,"ٱلَّذِى"
5,5,20,"ا ت ي"
5,5,21,"ك ت ب"
5,5,23,"ق ب ل"
5,5,24,"إِذَا"
5,5,25,"ا ت ي"
5,5,26,"ا ج ر"
5,5,27,"ح ص ن"
5,5,28,"غ ي ر"
5,5,29,"س ف ح"
5,5,31,"ا خ ذ"
5,5,32,"خ د ن"
5,5,34,"ك ف ر"
5,5,35,"ا م ن"
5,5,37,"ح ب ط"
5,5,38,"ع م ل"
5,5,41,"ا خ ر"
5,5,43,"خ س ر"
5,6,2,"ٱلَّذِى"
5,6,3,"ا م ن"
5,6,4,"إِذَا"
5,6,5,"ق و م"
5,6,6,"إِلَىٰ"
5,6,7,"ص ل و"
5,6,8,"غ س ل"
5,6,9,"و ج ه"
5,6,10,"ي د ي"
5,6,11,"إِلَىٰ"
5,6,12,"ر ف ق"
5,6,13,"م س ح"
5,6,14,"ر ا س"
5,6,15,"ر ج ل"
5,6,16,"إِلَىٰ"
5,6,17,"ك ع ب"
5,6,19,"ك و ن"
5,6,20,"ج ن ب"
5,6,21,"ط ه ر"
5,6,23,"ك و ن"
5,6,24,"م ر ض"
5,6,27,"س ف ر"
5,6,29,"ج ي ا"
5,6,30,"ا ح د"
5,6,33,"غ و ط"
5,6,35,"ل م س"
5,6,36,"ن س و"
5,6,38,"و ج د"
5,6,39,"م و ه"
5,6,40,"ي م م"
5,6,41,"ص ع د"
5,6,42,"ط ي ب"
5,6,43,"م س ح"
5,6,44,"و ج ه"
5,6,45,"ي د ي"
5,6,48,"ر و د"
5,6,49,"ا ل ه"
5,6,50,"ج ع ل"
5,6,53,"ح ر ج"
5,6,55,"ر و د"
5,6,56,"ط ه ر"
5,6,57,"ت م م"
5,6,58,"ن ع م"
5,6,61,"ش ك ر"
5,7,1,"ذ ك ر"
5,7,2,"ن ع م"
5,7,3,"ا ل ه"
5,7,5,"و ث ق"
5,7,6,"ٱلَّذِى"
5,7,7,"و ث ق"
5,7,9,"إِذ"
5,7,10,"ق و ل"
5,7,11,"س م ع"
5,7,12,"ط و ع"
5,7,13,"و ق ي"
5,7,14,"ا ل ه"
5,7,16,"ا ل ه"
5,7,17,"ع ل م"
5,7,19,"ص د ر"
5,8,2,"ٱلَّذِى"
5,8,3,"ا م ن"
5,8,4,"ك و ن"
5,8,5,"ق و م"
5,8,6,"ا ل ه"
5,8,7,"ش ه د"
5,8,8,"ق س ط"
5,8,10,"ج ر م"
5,8,11,"ش ن ا"
5,8,12,"ق و م"
5,8,15,"ع د ل"
5,8,16,"ع د ل"
5,8,18,"ق ر ب"
5,8,19,"و ق ي"
5,8,20,"و ق ي"
5,8,21,"ا ل ه"
5,8,23,"ا ل ه"
5,8,24,"خ ب ر"
5,8,26,"ع م ل"
5,9,1,"و ع د"
5,9,2,"ا ل ه"
5,9,3,"ٱلَّذِى"
5,9,4,"ا م ن"
5,9,5,"ع م ل"
5,9,6,"ص ل ح"
5,9,8,"غ ف ر"
5,9,9,"ا ج ر"
5,9,10,"ع ظ م"
5,10,1,"ٱلَّذِى"
5,10,2,"ك ف ر"
5,10,3,"ك ذ ب"
5,10,4,"ا ي ي"
5,10,6,"ص ح ب"
5,10,7,"ج ح م"
5,11,2,"ٱلَّذِى"
5,11,3,"ا م ن"
5,11,4,"ذ ك ر"
5,11,5,"ن ع م"
5,11,6,"ا ل ه"
5,11,8,"إِذ"
5,11,9,"ه م م"
5,11,10,"ق و م"
5,11,12,"ب س ط"
5,11,13,"إِلَىٰ"
5,11,14,"ي د ي"
5,11,15,"ك ف ف"
5,11,16,"ي د ي"
5,11,18,"و ق ي"
5,11,19,"ا ل ه"
5,11,21,"ا ل ه"
5,11,22,"و ك ل"
5,11,23,"ا م ن"
5,12,2,"ا خ ذ"
5,12,3,"ا ل ه"
5,12,4,"و ث ق"
5,12,5,"ب ن ي"
5,12,6,"إِسْرَائِيل"
5,12,7,"ب ع ث"
5,12,9,"ث ن ي"
5,12,10,"ع ش ر"
5,12,11,"ن ق ب"
5,12,12,"ق و ل"
5,12,13,"ا ل ه"
5,12,17,"ق و م"
5,12,18,"ص ل و"
5,12,19,"ا ت ي"
5,12,20,"ز ك و"
5,12,21,"ا م ن"
5,12,22,"ر س ل"
5,12,23,"ع ز ر"
5,12,24,"ق ر ض"
5,12,25,"ا ل ه"
5,12,26,"ق ر ض"
5,12,27,"ح س ن"
5,12,28,"ك ف ر"
5,12,30,"س و ا"
5,12,31,"د خ ل"
5,12,32,"ج ن ن"
5,12,33,"ج ر ي"
5,12,35,"ت ح ت"
5,12,36,"ن ه ر"
5,12,38,"ك ف ر"
5,12,39,"ب ع د"
5,12,43,"ض ل ل"
5,12,44,"س و ي"
5,12,45,"س ب ل"
5,13,2,"ن ق ض"
5,13,3,"و ث ق"
5,13,4,"ل ع ن"
5,13,5,"ج ع ل"
5,13,6,"ق ل ب"
5,13,7,"ق س و"
5,13,8,"ح ر ف"
5,13,9,"ك ل م"
5,13,11,"و ض ع"
5,13,12,"ن س ي"
5,13,13,"ح ظ ظ"
5,13,15,"ذ ك ر"
5,13,18,"ز ي ل"
5,13,19,"ط ل ع"
5,13,21,"خ و ن"
5,13,23,"إِلَّا"
5,13,24,"ق ل ل"
5,13,26,"ع ف و"
5,13,28,"ص ف ح"
5,13,30,"ا ل ه"
5,13,31,"ح ب ب"
5,13,32,"ح س ن"
5,14,2,"ٱلَّذِى"
5,14,3,"ق و ل"
5,14,5,"ن ص ر"
5,14,6,"ا خ ذ"
5,14,7,"و ث ق"
5,14,8,"ن س ي"
5,14,9,"ح ظ ظ"
5,14,11,"ذ ك ر"
5,14,13,"غ ر و"
5,14,14,"ب ي ن"
5,14,15,"ع د و"
5,14,16,"ب غ ض"
5,14,17,"إِلَىٰ"
5,14,18,"ي و م"
5,14,19,"ق و م"
5,14,21,"ن ب ا"
5,14,22,"ا ل ه"
5,14,24,"ك و ن"
5,14,25,"ص ن ع"
5,15,1,"ا ه ل"
5,15,2,"ك ت ب"
5,15,4,"ج ي ا"
5,15,5,"ر س ل"
5,15,6,"ب ي ن"
5,15,8,"ك ث ر"
5,15,10,"ك و ن"
5,15,11,"خ ف ي"
5,15,13,"ك ت ب"
5,15,14,"ع ف و"
5,15,16,"ك ث ر"
5,15,18,"ج ي ا"
5,15,20,"ا ل ه"
5,15,21,"ن و ر"
5,15,22,"ك ت ب"
5,15,23,"ب ي ن"
5,16,1,"ه د ي"
5,16,3,"ا ل ه"
5,16,5,"ت ب ع"
5,16,6,"ر ض و"
5,16,7,"س ب ل"
5,16,8,"س ل م"
5,16,9,"خ ر ج"
5,16,11,"ظ ل م"
5,16,12,"إِلَىٰ"
5,16,13,"ن و ر"
5,16,14,"ا ذ ن"
5,16,15,"ه د ي"
5,16,16,"إِلَىٰ"
5,16,17,"ص ر ط"
5,16,18,"ق و م"
5,17,2,"ك ف ر"
5,17,3,"ٱلَّذِى"
5,17,4,"ق و ل"
5,17,6,"ا ل ه"
5,17,9,"ب ن ي"
5,17,11,"ق و ل"
5,17,13,"م ل ك"
5,17,15,"ا ل ه"
5,17,16,"ش ي ا"
5,17,18,"ر و د"
5,17,20,"ه ل ك"
5,17,22,"ب ن ي"
5,17,24,"ا م م"
5,17,27,"ا ر ض"
5,17,28,"ج م ع"
5,17,29,"ا ل ه"
5,17,30,"م ل ك"
5,17,31,"س م و"
5,17,32,"ا ر ض"
5,17,34,"ب ي ن"
5,17,35,"خ ل ق"
5,17,37,"ش ي ا"
5,17,38,"ا ل ه"
5,17,40,"ك ل ل"
5,17,41,"ش ي ا"
5,17,42,"ق د ر"
5,18,1,"ق و ل"
5,18,3,"ن ص ر"
5,18,5,"ب ن ي"
5,18,6,"ا ل ه"
5,18,7,"ح ب ب"
5,18,8,"ق و ل"
5,18,10,"ع ذ ب"
5,18,11,"ذ ن ب"
5,18,14,"ب ش ر"
5,18,16,"خ ل ق"
5,18,17,"غ ف ر"
5,18,19,"ش ي ا"
5,18,20,"ع ذ ب"
5,18,22,"ش ي ا"
5,18,23,"ا ل ه"
5,18,24,"م ل ك"
5,18,25,"س م و"
5,18,26,"ا ر ض"
5,18,28,"ب ي ن"
5,18,29,"إِلَىٰ"
5,18,30,"ص ي ر"
5,19,1,"ا ه ل"
5,19,2,"ك ت ب"
5,19,4,"ج ي ا"
5,19,5,"ر س ل"
5,19,6,"ب ي ن"
5,19,9,"ف ت ر"
5,19,11,"ر س ل"
5,19,13,"ق و ل"
5,19,15,"ج ي ا"
5,19,17,"ب ش ر"
5,19,19,"ن ذ ر"
5,19,21,"ج ي ا"
5,19,22,"ب ش ر"
5,19,23,"ن ذ ر"
5,19,24,"ا ل ه"
5,19,26,"ك ل ل"
5,19,27,"ش ي ا"
5,19,28,"ق د ر"
5,20,1,"إِذ"
5,20,2,"ق و ل"
5,20,4,"ق و م"
5,20,5,"ق و م"
5,20,6,"ذ ك ر"
5,20,7,"ن ع م"
5,20,8,"ا ل ه"
5,20,10,"إِذ"
5,20,11,"ج ع ل"
5,20,13,"ن ب ا"
5,20,14,"ج ع ل"
5,20,15,"م ل ك"
5,20,16,"ا ت ي"
5,20,19,"ا ت ي"
5,20,20,"ا ح د"
5,20,22,"ع ل م"
5,21,1,"ق و م"
5,21,2,"د خ ل"
5,21,3,"ا ر ض"
5,21,4,"ق د س"
5,21,5,"ٱلَّذِى"
5,21,6,"ك ت ب"
5,21,7,"ا ل ه"
5,21,10,"ر د د"
5,21,12,"د ب ر"
5,21,13,"ق ل ب"
5,21,14,"خ س ر"
5,22,1,"ق و ل"
5,22,5,"ق و م"
5,22,6,"ج ب ر"
5,22,9,"د خ ل"
5,22,11,"خ ر ج"
5,22,14,"خ ر ج"
5,22,17,"د خ ل"
5,23,1,"ق و ل"
5,23,2,"ر ج ل"
5,23,4,"ٱلَّذِى"
5,23,5,"خ و ف"
5,23,6,"ن ع م"
5,23,7,"ا ل ه"
5,23,9,"د خ ل"
5,23,11,"ب و ب"
5,23,12,"إِذَا"
5,23,13,"د خ ل"
5,23,15,"غ ل ب"
5,23,17,"ا ل ه"
5,23,18,"و ك ل"
5,23,20,"ك و ن"
5,23,21,"ا م ن"
5,24,1,"ق و ل"
5,24,5,"د خ ل"
5,24,6,"ا ب د"
5,24,8,"د و م"
5,24,10,"ذ ه ب"
5,24,12,"ر ب ب"
5,24,13,"ق ت ل"
5,24,16,"ق ع د"
5,25,1,"ق و ل"
5,25,2,"ر ب ب"
5,25,5,"م ل ك"
5,25,6,"إِلَّا"
5,25,7,"ن ف س"
5,25,8,"ا خ و"
5,25,9,"ف ر ق"
5,25,10,"ب ي ن"
5,25,11,"ب ي ن"
5,25,12,"ق و م"
5,25,13,"ف س ق"
5,26,1,"ق و ل"
5,26,3,"ح ر م"
5,26,5,"ر ب ع"
5,26,6,"س ن و"
5,26,7,"ت ي ه"
5,26,9,"ا ر ض"
5,26,11,"ا س و"
5,26,13,"ق و م"
5,26,14,"ف س ق"
5,27,1,"ت ل و"
5,27,3,"ن ب ا"
5,27,4,"ب ن ي"
5,27,5,"آدَم"
5,27,6,"ح ق ق"
5,27,7,"إِذ"
5,27,8,"ق ر ب"
5,27,9,"ق ر ب"
5,27,10,"ق ب ل"
5,27,12,"ا ح د"
5,27,14,"ق ب ل"
5,27,16,"ا خ ر"
5,27,17,"ق و ل"
5,27,18,"ق ت ل"
5,27,19,"ق و ل"
5,27,21,"ق ب ل"
5,27,22,"ا ل ه"
5,27,24,"و ق ي"
5,28,2,"ب س ط"
5,28,3,"إِلَىٰ"
5,28,4,"ي د ي"
5,28,5,"ق ت ل"
5,28,8,"ب س ط"
5,28,9,"ي د ي"
5,28,10,"إِلَىٰ"
5,28,11,"ق ت ل"
5,28,13,"خ و ف"
5,28,14,"ا ل ه"
5,28,15,"ر ب ب"
5,28,16,"ع ل م"
5,29,2,"ر و د"
5,29,4,"ب و ا"
5,29,5,"ا ث م"
5,29,6,"ا ث م"
5,29,7,"ك و ن"
5,29,9,"ص ح ب"
5,29,10,"ن و ر"
5,29,12,"ج ز ي"
5,29,13,"ظ ل م"
5,30,1,"ط و ع"
5,30,3,"ن ف س"
5,30,4,"ق ت ل"
5,30,5,"ا خ و"
5,30,6,"ق ت ل"
5,30,7,"ص ب ح"
5,30,9,"خ س ر"
5,31,1,"ب ع ث"
5,31,2,"ا ل ه"
5,31,3,"غ ر ب"
5,31,4,"ب ح ث"
5,31,6,"ا ر ض"
5,31,7,"ر ا ي"
5,31,8,"ك ي ف"
5,31,9,"و ر ي"
5,31,10,"س و ا"
5,31,11,"ا خ و"
5,31,12,"ق و ل"
5,31,14,"ع ج ز"
5,31,16,"ك و ن"
5,31,17,"م ث ل"
5,31,19,"غ ر ب"
5,31,20,"و ر ي"
5,31,21,"س و ا"
5,31,22,"ا خ و"
5,31,23,"ص ب ح"
5,31,25,"ن د م"
5,32,2,"ا ج ل"
5,32,4,"ك ت ب"
5,32,6,"ب ن ي"
5,32,7,"إِسْرَائِيل"
5,32,10,"ق ت ل"
5,32,11,"ن ف س"
5,32,12,"غ ي ر"
5,32,13,"ن ف س"
5,32,15,"ف س د"
5,32,17,"ا ر ض"
5,32,19,"ق ت ل"
5,32,20,"ن و س"
5,32,21,"ج م ع"
5,32,23,"ح ي ي"
5,32,25,"ح ي ي"
5,32,26,"ن و س"
5,32,27,"ج م ع"
5,32,29,"ج ي ا"
5,32,30,"ر س ل"
5,32,31,"ب ي ن"
5,32,34,"ك ث ر"
5,32,36,"ب ع د"
5,32,39,"ا ر ض"
5,32,40,"س ر ف"
5,33,2,"ج ز ي"
5,33,3,"ٱلَّذِى"
5,33,4,"ح ر ب"
5,33,5,"ا ل ه"
5,33,6,"ر س ل"
5,33,7,"س ع ي"
5,33,9,"ا ر ض"
5,33,10,"ف س د"
5,33,12,"ق ت ل"
5,33,14,"ص ل ب"
5,33,16,"ق ط ع"
5,33,17,"ي د ي"
5,33,18,"ر ج ل"
5,33,20,"خ ل ف"
5,33,22,"ن ف ي"
5,33,24,"ا ر ض"
5,33,27,"خ ز ي"
5,33,29,"د ن و"
5,33,32,"ا خ ر"
5,33,33,"ع ذ ب"
5,33,34,"ع ظ م"
5,34,1,"إِلَّا"
5,34,2,"ٱلَّذِى"
5,34,3,"ت و ب"
5,34,5,"ق ب ل"
5,34,7,"ق د ر"
5,34,9,"ع ل م"
5,34,11,"ا ل ه"
5,34,12,"غ ف ر"
5,34,13,"ر ح م"
5,35,2,"ٱلَّذِى"
5,35,3,"ا م ن"
5,35,4,"و ق ي"
5,35,5,"ا ل ه"
5,35,6,"ب غ ي"
5,35,7,"إِلَىٰ"
5,35,8,"و س ل"
5,35,9,"ج ه د"
5,35,11,"س ب ل"
5,35,13,"ف ل ح"
5,36,2,"ٱلَّذِى"
5,36,3,"ك ف ر"
5,36,9,"ا ر ض"
5,36,10,"ج م ع"
5,36,11,"م ث ل"
5,36,13,"ف د ي"
5,36,16,"ع ذ ب"
5,36,17,"ي و م"
5,36,18,"ق و م"
5,36,20,"ق ب ل"
5,36,23,"ع ذ ب"
5,36,24,"ا ل م"
5,37,1,"ر و د"
5,37,3,"خ ر ج"
5,37,5,"ن و ر"
5,37,8,"خ ر ج"
5,37,11,"ع ذ ب"
5,37,12,"ق و م"
5,38,1,"س ر ق"
5,38,2,"س ر ق"
5,38,3,"ق ط ع"
5,38,4,"ي د ي"
5,38,5,"ج ز ي"
5,38,7,"ك س ب"
5,38,8,"ن ك ل"
5,38,10,"ا ل ه"
5,38,11,"ا ل ه"
5,38,12,"ع ز ز"
5,38,13,"ح ك م"
5,39,2,"ت و ب"
5,39,4,"ب ع د"
5,39,5,"ظ ل م"
5,39,6,"ص ل ح"
5,39,8,"ا ل ه"
5,39,9,"ت و ب"
5,39,12,"ا ل ه"
5,39,13,"غ ف ر"
5,39,14,"ر ح م"
5,40,2,"ع ل م"
5,40,4,"ا ل ه"
5,40,6,"م ل ك"
5,40,7,"س م و"
5,40,8,"ا ر ض"
5,40,9,"ع ذ ب"
5,40,11,"ش ي ا"
5,40,12,"غ ف ر"
5,40,14,"ش ي ا"
5,40,15,"ا ل ه"
5,40,17,"ك ل ل"
5,40,18,"ش ي ا"
5,40,19,"ق د ر"
5,41,2,"ر س ل"
5,41,4,"ح ز ن"
5,41,5,"ٱلَّذِى"
5,41,6,"س ر ع"
5,41,8,"ك ف ر"
5,41,10,"ٱلَّذِى"
5,41,11,"ق و ل"
5,41,12,"ا م ن"
5,41,13,"ف و ه"
5,41,15,"ا م ن"
5,41,16,"ق ل ب"
5,41,18,"ٱلَّذِى"
5,41,19,"ه و د"
5,41,20,"س م ع"
5,41,21,"ك ذ ب"
5,41,22,"س م ع"
5,41,23,"ق و م"
5,41,24,"ا خ ر"
5,41,26,"ا ت ي"
5,41,27,"ح ر ف"
5,41,28,"ك ل م"
5,41,30,"ب ع د"
5,41,31,"و ض ع"
5,41,32,"ق و ل"
5,41,34,"ا ت ي"
5,41,36,"ا خ ذ"
5,41,39,"ا ت ي"
5,41,40,"ح ذ ر"
5,41,42,"ر و د"
5,41,43,"ا ل ه"
5,41,44,"ف ت ن"
5,41,46,"م ل ك"
5,41,49,"ا ل ه"
5,41,50,"ش ي ا"
5,41,52,"ٱلَّذِى"
5,41,54,"ر و د"
5,41,55,"ا ل ه"
5,41,57,"ط ه ر"
5,41,58,"ق ل ب"
5,41,61,"د ن و"
5,41,62,"خ ز ي"
5,41,65,"ا خ ر"
5,41,66,"ع ذ ب"
5,41,67,"ع ظ م"
5,42,1,"س م ع"
5,42,2,"ك ذ ب"
5,42,3,"ا ك ل"
5,42,4,"س ح ت"
5,42,6,"ج ي ا"
5,42,7,"ح ك م"
5,42,8,"ب ي ن"
5,42,10,"ع ر ض"
5,42,13,"ع ر ض"
5,42,16,"ض ر ر"
5,42,17,"ش ي ا"
5,42,19,"ح ك م"
5,42,20,"ح ك م"
5,42,21,"ب ي ن"
5,42,22,"ق س ط"
5,42,24,"ا ل ه"
5,42,25,"ح ب ب"
5,42,26,"ق س ط"
5,43,1,"ك ي ف"
5,43,2,"ح ك م"
5,43,3,"ع ن د"
5,43,6,"ح ك م"
5,43,7,"ا ل ه"
5,43,9,"و ل ي"
5,43,11,"ب ع د"
5,43,15,"ا م ن"
5,44,2,"ن ز ل"
5,44,5,"ه د ي"
5,44,6,"ن و ر"
5,44,7,"ح ك م"
5,44,9,"ن ب ا"
5,44,10,"ٱلَّذِى"
5,44,11,"س ل م"
5,44,12,"ٱلَّذِى"
5,44,13,"ه و د"
5,44,14,"ر ب ب"
5,44,15,"ح ب ر"
5,44,17,"ح ف ظ"
5,44,19,"ك ت ب"
5,44,20,"ا ل ه"
5,44,21,"ك و ن"
5,44,23,"ش ه د"
5,44,25,"خ ش ي"
5,44,26,"ن و س"
5,44,27,"خ ش ي"
5,44,29,"ش ر ي"
5,44,30,"ا ي ي"
5,44,31,"ث م ن"
5,44,32,"ق ل ل"
5,44,35,"ح ك م"
5,44,37,"ن ز ل"
5,44,38,"ا ل ه"
5,44,41,"ك ف ر"
5,45,1,"ك ت ب"
5,45,5,"ن ف س"
5,45,6,"ن ف س"
5,45,7,"ع ي ن"
5,45,8,"ع ي ن"
5,45,9,"ا ن ف"
5,45,10,"ا ن ف"
5,45,11,"ا ذ ن"
5,45,12,"ا ذ ن"
5,45,13,"س ن ن"
5,45,14,"س ن ن"
5,45,15,"ج ر ح"
5,45,16,"ق ص ص"
5,45,18,"ص د ق"
5,45,21,"ك ف ر"
5,45,25,"ح ك م"
5,45,27,"ن ز ل"
5,45,28,"ا ل ه"
5,45,31,"ظ ل م"
5,46,1,"ق ف و"
5,46,3,"ا ث ر"
5,46,5,"ب ن ي"
5,46,7,"ص د ق"
5,46,9,"ب ي ن"
5,46,10,"ي د ي"
5,46,13,"ا ت ي"
5,46,16,"ه د ي"
5,46,17,"ن و ر"
5,46,18,"ص د ق"
5,46,20,"ب ي ن"
5,46,21,"ي د ي"
5,46,24,"ه د ي"
5,46,25,"و ع ظ"
5,46,26,"و ق ي"
5,47,1,"ح ك م"
5,47,2,"ا ه ل"
5,47,5,"ن ز ل"
5,47,6,"ا ل ه"
5,47,10,"ح ك م"
5,47,12,"ن ز ل"
5,47,13,"ا ل ه"
5,47,16,"ف س ق"
5,48,1,"ن ز ل"
5,48,2,"إِلَىٰ"
5,48,3,"ك ت ب"
5,48,4,"ح ق ق"
5,48,5,"ص د ق"
5,48,7,"ب ي ن"
5,48,8,"ي د ي"
5,48,10,"ك ت ب"
5,48,11,"ه م ن"
5,48,13,"ح ك م"
5,48,14,"ب ي ن"
5,48,16,"ن ز ل"
5,48,17,"ا ل ه"
5,48,19,"ت ب ع"
5,48,20,"ه و ي"
5,48,22,"ج ي ا"
5,48,24,"ح ق ق"
5,48,25,"ك ل ل"
5,48,26,"ج ع ل"
5,48,28,"ش ر ع"
5,48,29,"ن ه ج"
5,48,31,"ش ي ا"
5,48,32,"ا ل ه"
5,48,33,"ج ع ل"
5,48,34,"ا م م"
5,48,35,"و ح د"
5,48,37,"ب ل و"
5,48,40,"ا ت ي"
5,48,41,"س ب ق"
5,48,42,"خ ي ر"
5,48,43,"إِلَىٰ"
5,48,44,"ا ل ه"
5,48,45,"ر ج ع"
5,48,46,"ج م ع"
5,48,47,"ن ب ا"
5,48,49,"ك و ن"
5,48,51,"خ ل ف"
5,49,2,"ح ك م"
5,49,3,"ب ي ن"
5,49,5,"ن ز ل"
5,49,6,"ا ل ه"
5,49,8,"ت ب ع"
5,49,9,"ه و ي"
5,49,10,"ح ذ ر"
5,49,12,"ف ت ن"
5,49,14,"ب ع ض"
5,49,16,"ن ز ل"
5,49,17,"ا ل ه"
5,49,18,"إِلَىٰ"
5,49,20,"و ل ي"
5,49,21,"ع ل م"
5,49,23,"ر و د"
5,49,24,"ا ل ه"
5,49,26,"ص و ب"
5,49,27,"ب ع ض"
5,49,28,"ذ ن ب"
5,49,30,"ك ث ر"
5,49,32,"ن و س"
5,49,33,"ف س ق"
5,50,1,"ح ك م"
5,50,2,"ج ه ل"
5,50,3,"ب غ ي"
5,50,5,"ح س ن"
5,50,7,"ا ل ه"
5,50,8,"ح ك م"
5,50,9,"ق و م"
5,50,10,"ي ق ن"
5,51,2,"ٱلَّذِى"
5,51,3,"ا م ن"
5,51,5,"ا خ ذ"
5,51,7,"ن ص ر"
5,51,8,"و ل ي"
5,51,9,"ب ع ض"
5,51,10,"و ل ي"
5,51,11,"ب ع ض"
5,51,13,"و ل ي"
5,51,18,"ا ل ه"
5,51,20,"ه د ي"
5,51,21,"ق و م"
5,51,22,"ظ ل م"
5,52,1,"ر ا ي"
5,52,2,"ٱلَّذِى"
5,52,4,"ق ل ب"
5,52,5,"م ر ض"
5,52,6,"س ر ع"
5,52,8,"ق و ل"
5,52,9,"خ ش ي"
5,52,11,"ص و ب"
5,52,12,"د و ر"
5,52,13,"ع س ي"
5,52,14,"ا ل ه"
5,52,16,"ا ت ي"
5,52,17,"ف ت ح"
5,52,19,"ا م ر"
5,52,21,"ع ن د"
5,52,22,"ص ب ح"
5,52,25,"س ر ر"
5,52,27,"ن ف س"
5,52,28,"ن د م"
5,53,1,"ق و ل"
5,53,2,"ٱلَّذِى"
5,53,3,"ا م ن"
5,53,5,"ٱلَّذِى"
5,53,6,"ق س م"
5,53,7,"ا ل ه"
5,53,8,"ج ه د"
5,53,9,"ي م ن"
5,53,12,"ح ب ط"
5,53,13,"ع م ل"
5,53,14,"ص ب ح"
5,53,15,"خ س ر"
5,54,2,"ٱلَّذِى"
5,54,3,"ا م ن"
5,54,5,"ر د د"
5,54,8,"د ي ن"
5,54,10,"ا ت ي"
5,54,11,"ا ل ه"
5,54,12,"ق و م"
5,54,13,"ح ب ب"
5,54,14,"ح ب ب"
5,54,15,"ذ ل ل"
5,54,17,"ا م ن"
5,54,18,"ع ز ز"
5,54,20,"ك ف ر"
5,54,21,"ج ه د"
5,54,23,"س ب ل"
5,54,24,"ا ل ه"
5,54,26,"خ و ف"
5,54,27,"ل و م"
5,54,28,"ل و م"
5,54,30,"ف ض ل"
5,54,31,"ا ل ه"
5,54,32,"ا ت ي"
5,54,34,"ش ي ا"
5,54,35,"ا ل ه"
5,54,36,"و س ع"
5,54,37,"ع ل م"
5,55,2,"و ل ي"
5,55,3,"ا ل ه"
5,55,4,"ر س ل"
5,55,5,"ٱلَّذِى"
5,55,6,"ا م ن"
5,55,7,"ٱلَّذِى"
5,55,8,"ق و م"
5,55,9,"ص ل و"
5,55,10,"ا ت ي"
5,55,11,"ز ك و"
5,55,13,"ر ك ع"
5,56,2,"و ل ي"
5,56,3,"ا ل ه"
5,56,4,"ر س ل"
5,56,5,"ٱلَّذِى"
5,56,6,"ا م ن"
5,56,8,"ح ز ب"
5,56,9,"ا ل ه"
5,56,11,"غ ل ب"
5,57,2,"ٱلَّذِى"
5,57,3,"ا م ن"
5,57,5,"ا خ ذ"
5,57,6,"ٱلَّذِى"
5,57,7,"ا خ ذ"
5,57,8,"د ي ن"
5,57,9,"ه ز ا"
5,57,10,"ل ع ب"
5,57,12,"ٱلَّذِى"
5,57,13,"ا ت ي"
5,57,14,"ك ت ب"
5,57,16,"ق ب ل"
5,57,17,"ك ف ر"
5,57,18,"و ل ي"
5,57,19,"و ق ي"
5,57,20,"ا ل ه"
5,57,22,"ك و ن"
5,57,23,"ا م ن"
5,58,1,"إِذَا"
5,58,2,"ن د و"
5,58,3,"إِلَىٰ"
5,58,4,"ص ل و"
5,58,5,"ا خ ذ"
5,58,6,"ه ز ا"
5,58,7,"ل ع ب"
5,58,10,"ق و م"
5,58,12,"ع ق ل"
5,59,1,"ق و ل"
5,59,2,"ا ه ل"
5,59,3,"ك ت ب"
5,59,5,"ن ق م"
5,59,7,"إِلَّا"
5,59,9,"ا م ن"
5,59,10,"ا ل ه"
5,59,12,"ن ز ل"
5,59,13,"إِلَىٰ"
5,59,15,"ن ز ل"
5,59,17,"ق ب ل"
5,59,19,"ك ث ر"
5,59,20,"ف س ق"
5,60,1,"ق و ل"
5,60,3,"ن ب ا"
5,60,4,"ش ر ر"
5,60,7,"ث و ب"
5,60,8,"ع ن د"
5,60,9,"ا ل ه"
5,60,11,"ل ع ن"
5,60,12,"ا ل ه"
5,60,13,"غ ض ب"
5,60,15,"ج ع ل"
5,60,17,"ق ر د"
5,60,18,"خ ن ز ر"
5,60,19,"ع ب د"
5,60,20,"ط غ ي"
5,60,22,"ش ر ر"
5,60,23,"ك و ن"
5,60,24,"ض ل ل"
5,60,26,"س و ي"
5,60,27,"س ب ل"
5,61,1,"إِذَا"
5,61,2,"ج ي ا"
5,61,3,"ق و ل"
5,61,4,"ا م ن"
5,61,6,"د خ ل"
5,61,7,"ك ف ر"
5,61,10,"خ ر ج"
5,61,12,"ا ل ه"
5,61,13,"ع ل م"
5,61,15,"ك و ن"
5,61,16,"ك ت م"
5,62,1,"ر ا ي"
5,62,2,"ك ث ر"
5,62,4,"س ر ع"
5,62,6,"ا ث م"
5,62,7,"ع د و"
5,62,8,"ا ك ل"
5,62,9,"س ح ت"
5,62,10,"ب ا س"
5,62,12,"ك و ن"
5,62,13,"ع م ل"
5,63,2,"ن ه ي"
5,63,3,"ر ب ب"
5,63,4,"ح ب ر"
5,63,6,"ق و ل"
5,63,7,"ا ث م"
5,63,8,"ا ك ل"
5,63,9,"س ح ت"
5,63,10,"ب ا س"
5,63,12,"ك و ن"
5,63,13,"ص ن ع"
5,64,1,"ق و ل"
5,64,3,"ي د ي"
5,64,4,"ا ل ه"
5,64,5,"غ ل ل"
5,64,6,"غ ل ل"
5,64,7,"ي د ي"
5,64,8,"ل ع ن"
5,64,10,"ق و ل"
5,64,12,"ي د ي"
5,64,13,"ب س ط"
5,64,14,"ن ف ق"
5,64,15,"ك ي ف"
5,64,16,"ش ي ا"
5,64,17,"ز ي د"
5,64,18,"ك ث ر"
5,64,21,"ن ز ل"
5,64,22,"إِلَىٰ"
5,64,24,"ر ب ب"
5,64,25,"ط غ ي"
5,64,26,"ك ف ر"
5,64,27,"ل ق ي"
5,64,28,"ب ي ن"
5,64,29,"ع د و"
5,64,30,"ب غ ض"
5,64,31,"إِلَىٰ"
5,64,32,"ي و م"
5,64,33,"ق و م"
5,64,34,"ك ل ل"
5,64,35,"و ق د"
5,64,36,"ن و ر"
5,64,37,"ح ر ب"
5,64,38,"ط ف ا"
5,64,39,"ا ل ه"
5,64,40,"س ع ي"
5,64,42,"ا ر ض"
5,64,43,"ف س د"
5,64,44,"ا ل ه"
5,64,46,"ح ب ب"
5,64,47,"ف س د"
5,65,3,"ا ه ل"
5,65,4,"ك ت ب"
5,65,5,"ا م ن"
5,65,6,"و ق ي"
5,65,7,"ك ف ر"
5,65,9,"س و ا"
5,65,10,"د خ ل"
5,65,11,"ج ن ن"
5,65,12,"ن ع م"
5,66,3,"ق و م"
5,66,7,"ن ز ل"
5,66,8,"إِلَىٰ"
5,66,10,"ر ب ب"
5,66,11,"ا ك ل"
5,66,13,"ف و ق"
5,66,15,"ت ح ت"
5,66,16,"ر ج ل"
5,66,18,"ا م م"
5,66,19,"ق ص د"
5,66,20,"ك ث ر"
5,66,22,"س و ا"
5,66,24,"ع م ل"
5,67,2,"ر س ل"
5,67,3,"ب ل غ"
5,67,5,"ن ز ل"
5,67,6,"إِلَىٰ"
5,67,8,"ر ب ب"
5,67,11,"ف ع ل"
5,67,13,"ب ل غ"
5,67,14,"ر س ل"
5,67,15,"ا ل ه"
5,67,16,"ع ص م"
5,67,18,"ن و س"
5,67,20,"ا ل ه"
5,67,22,"ه د ي"
5,67,23,"ق و م"
5,67,24,"ك ف ر"
5,68,1,"ق و ل"
5,68,2,"ا ه ل"
5,68,3,"ك ت ب"
5,68,4,"ل ي س"
5,68,6,"ش ي ا"
5,68,8,"ق و م"
5,68,12,"ن ز ل"
5,68,13,"إِلَىٰ"
5,68,15,"ر ب ب"
5,68,16,"ز ي د"
5,68,17,"ك ث ر"
5,68,20,"ن ز ل"
5,68,21,"إِلَىٰ"
5,68,23,"ر ب ب"
5,68,24,"ط غ ي"
5,68,25,"ك ف ر"
5,68,27,"ا س و"
5,68,29,"ق و م"
5,68,30,"ك ف ر"
5,69,2,"ٱلَّذِى"
5,69,3,"ا م ن"
5,69,4,"ٱلَّذِى"
5,69,5,"ه و د"
5,69,6,"ص ب ا"
5,69,7,"ن ص ر"
5,69,9,"ا م ن"
5,69,10,"ا ل ه"
5,69,11,"ي و م"
5,69,12,"ا خ ر"
5,69,13,"ع م ل"
5,69,14,"ص ل ح"
5,69,16,"خ و ف"
5,69,20,"ح ز ن"
5,70,2,"ا خ ذ"
5,70,3,"و ث ق"
5,70,4,"ب ن ي"
5,70,5,"إِسْرَائِيل"
5,70,6,"ر س ل"
5,70,7,"إِلَىٰ"
5,70,8,"ر س ل"
5,70,9,"ك ل ل"
5,70,10,"ج ي ا"
5,70,11,"ر س ل"
5,70,14,"ه و ي"
5,70,15,"ن ف س"
5,70,16,"ف ر ق"
5,70,17,"ك ذ ب"
5,70,18,"ف ر ق"
5,70,19,"ق ت ل"
5,71,1,"ح س ب"
5,71,3,"ك و ن"
5,71,4,"ف ت ن"
5,71,5,"ع م ي"
5,71,6,"ص م م"
5,71,8,"ت و ب"
5,71,9,"ا ل ه"
5,71,12,"ع م ي"
5,71,13,"ص م م"
5,71,14,"ك ث ر"
5,71,16,"ا ل ه"
5,71,17,"ب ص ر"
5,71,19,"ع م ل"
5,72,2,"ك ف ر"
5,72,3,"ٱلَّذِى"
5,72,4,"ق و ل"
5,72,6,"ا ل ه"
5,72,9,"ب ن ي"
5,72,11,"ق و ل"
5,72,13,"ب ن ي"
5,72,14,"إِسْرَائِيل"
5,72,15,"ع ب د"
5,72,16,"ا ل ه"
5,72,17,"ر ب ب"
5,72,18,"ر ب ب"
5,72,21,"ش ر ك"
5,72,22,"ا ل ه"
5,72,24,"ح ر م"
5,72,25,"ا ل ه"
5,72,27,"ج ن ن"
5,72,28,"ا و ي"
5,72,29,"ن و ر"
5,72,31,"ظ ل م"
5,72,33,"ن ص ر"
5,73,2,"ك ف ر"
5,73,3,"ٱلَّذِى"
5,73,4,"ق و ل"
5,73,6,"ا ل ه"
5,73,7,"ث ل ث"
5,73,8,"ث ل ث"
5,73,11,"ا ل ه"
5,73,12,"إِلَّا"
5,73,13,"ا ل ه"
5,73,14,"و ح د"
5,73,17,"ن ه ي"
5,73,19,"ق و ل"
5,73,20,"م س س"
5,73,21,"ٱلَّذِى"
5,73,22,"ك ف ر"
5,73,24,"ع ذ ب"
5,73,25,"ا ل م"
5,74,2,"ت و ب"
5,74,3,"إِلَىٰ"
5,74,4,"ا ل ه"
5,74,5,"غ ف ر"
5,74,6,"ا ل ه"
5,74,7,"غ ف ر"
5,74,8,"ر ح م"
5,75,3,"ب ن ي"
5,75,5,"إِلَّا"
5,75,6,"ر س ل"
5,75,8,"خ ل و"
5,75,10,"ق ب ل"
5,75,11,"ر س ل"
5,75,12,"ا م م"
5,75,13,"ص د ق"
5,75,14,"ك و ن"
5,75,15,"ا ك ل"
5,75,16,"ط ع م"
5,75,17,"ن ظ ر"
5,75,18,"ك ي ف"
5,75,19,"ب ي ن"
5,75,21,"ا ي ي"
5,75,23,"ن ظ ر"
5,75,24,"ا ن ي"
5,75,25,"ا ف ك"
5,76,1,"ق و ل"
5,76,2,"ع ب د"
5,76,4,"د و ن"
5,76,5,"ا ل ه"
5,76,8,"م ل ك"
5,76,10,"ض ر ر"
5,76,12,"ن ف ع"
5,76,13,"ا ل ه"
5,76,15,"س م ع"
5,76,16,"ع ل م"
5,77,1,"ق و ل"
5,77,2,"ا ه ل"
5,77,3,"ك ت ب"
5,77,5,"غ ل و"
5,77,7,"د ي ن"
5,77,8,"غ ي ر"
5,77,9,"ح ق ق"
5,77,11,"ت ب ع"
5,77,12,"ه و ي"
5,77,13,"ق و م"
5,77,15,"ض ل ل"
5,77,17,"ق ب ل"
5,77,18,"ض ل ل"
5,77,19,"ك ث ر"
5,77,20,"ض ل ل"
5,77,22,"س و ي"
5,77,23,"س ب ل"
5,78,1,"ل ع ن"
5,78,2,"ٱلَّذِى"
5,78,3,"ك ف ر"
5,78,5,"ب ن ي"
5,78,6,"إِسْرَائِيل"
5,78,8,"ل س ن"
5,78,11,"ب ن ي"
5,78,15,"ع ص ي"
5,78,16,"ك و ن"
5,78,17,"ع د و"
5,79,1,"ك و ن"
5,79,3,"ن ه ي"
5,79,5,"ن ك ر"
5,79,6,"ف ع ل"
5,79,7,"ب ا س"
5,79,9,"ك و ن"
5,79,10,"ف ع ل"
5,80,1,"ر ا ي"
5,80,2,"ك ث ر"
5,80,4,"و ل ي"
5,80,5,"ٱلَّذِى"
5,80,6,"ك ف ر"
5,80,7,"ب ا س"
5,80,9,"ق د م"
5,80,11,"ن ف س"
5,80,13,"س خ ط"
5,80,14,"ا ل ه"
5,80,17,"ع ذ ب"
5,80,19,"خ ل د"
5,81,2,"ك و ن"
5,81,3,"ا م ن"
5,81,4,"ا ل ه"
5,81,5,"ن ب ا"
5,81,7,"ن ز ل"
5,81,8,"إِلَىٰ"
5,81,10,"ا خ ذ"
5,81,11,"و ل ي"
5,81,13,"ك ث ر"
5,81,15,"ف س ق"
5,82,1,"و ج د"
5,82,2,"ش د د"
5,82,3,"ن و س"
5,82,4,"ع د و"
5,82,5,"ٱلَّذِى"
5,82,6,"ا م ن"
5,82,8,"ٱلَّذِى"
5,82,9,"ش ر ك"
5,82,10,"و ج د"
5,82,11,"ق ر ب"
5,82,12,"و د د"
5,82,13,"ٱلَّذِى"
5,82,14,"ا م ن"
5,82,15,"ٱلَّذِى"
5,82,16,"ق و ل"
5,82,18,"ن ص ر"
5,82,22,"ق س س"
5,82,23,"ر ه ب"
5,82,26,"ك ب ر"
5,83,1,"إِذَا"
5,83,2,"س م ع"
5,83,4,"ن ز ل"
5,83,5,"إِلَىٰ"
5,83,6,"ر س ل"
5,83,7,"ر ا ي"
5,83,8,"ع ي ن"
5,83,9,"ف ي ض"
5,83,11,"د م ع"
5,83,13,"ع ر ف"
5,83,15,"ح ق ق"
5,83,16,"ق و ل"
5,83,17,"ر ب ب"
5,83,18,"ا م ن"
5,83,19,"ك ت ب"
5,83,21,"ش ه د"
5,84,4,"ا م ن"
5,84,5,"ا ل ه"
5,84,7,"ج ي ا"
5,84,9,"ح ق ق"
5,84,10,"ط م ع"
5,84,12,"د خ ل"
5,84,13,"ر ب ب"
5,84,15,"ق و م"
5,84,16,"ص ل ح"
5,85,1,"ث و ب"
5,85,2,"ا ل ه"
5,85,4,"ق و ل"
5,85,5,"ج ن ن"
5,85,6,"ج ر ي"
5,85,8,"ت ح ت"
5,85,9,"ن ه ر"
5,85,10,"خ ل د"
5,85,13,"ج ز ي"
5,85,14,"ح س ن"
5,86,1,"ٱلَّذِى"
5,86,2,"ك ف ر"
5,86,3,"ك ذ ب"
5,86,4,"ا ي ي"
5,86,6,"ص ح ب"
5,86,7,"ج ح م"
5,87,2,"ٱلَّذِى"
5,87,3,"ا م ن"
5,87,5,"ح ر م"
5,87,6,"ط ي ب"
5,87,8,"ح ل ل"
5,87,9,"ا ل ه"
5,87,12,"ع د و"
5,87,14,"ا ل ه"
5,87,16,"ح ب ب"
5,87,17,"ع د و"
5,88,1,"ا ك ل"
5,88,3,"ر ز ق"
5,88,4,"ا ل ه"
5,88,5,"ح ل ل"
5,88,6,"ط ي ب"
5,88,7,"و ق ي"
5,88,8,"ا ل ه"
5,88,9,"ٱلَّذِى"
5,88,12,"ا م ن"
5,89,2,"ا خ ذ"
5,89,3,"ا ل ه"
5,89,4,"ل غ و"
5,89,6,"ي م ن"
5,89,8,"ا خ ذ"
5,89,10,"ع ق د"
5,89,11,"ي م ن"
5,89,12,"ك ف ر"
5,89,13,"ط ع م"
5,89,14,"ع ش ر"
5,89,15,"س ك ن"
5,89,17,"و س ط"
5,89,19,"ط ع م"
5,89,20,"ا ه ل"
5,89,22,"ك س و"
5,89,24,"ح ر ر"
5,89,25,"ر ق ب"
5,89,28,"و ج د"
5,89,29,"ص و م"
5,89,30,"ث ل ث"
5,89,31,"ي و م"
5,89,33,"ك ف ر"
5,89,34,"ي م ن"
5,89,35,"إِذَا"
5,89,36,"ح ل ف"
5,89,37,"ح ف ظ"
5,89,38,"ي م ن"
5,89,40,"ب ي ن"
5,89,41,"ا ل ه"
5,89,43,"ا ي ي"
5,89,45,"ش ك ر"
5,90,2,"ٱلَّذِى"
5,90,3,"ا م ن"
5,90,5,"خ م ر"
5,90,6,"ي س ر"
5,90,7,"ن ص ب"
5,90,8,"ز ل م"
5,90,9,"ر ج س"
5,90,11,"ع م ل"
5,90,12,"ش ط ن"
5,90,13,"ج ن ب"
5,90,15,"ف ل ح"
5,91,2,"ر و د"
5,91,3,"ش ط ن"
5,91,5,"و ق ع"
5,91,6,"ب ي ن"
5,91,7,"ع د و"
5,91,8,"ب غ ض"
5,91,10,"خ م ر"
5,91,11,"ي س ر"
5,91,12,"ص د د"
5,91,14,"ذ ك ر"
5,91,15,"ا ل ه"
5,91,17,"ص ل و"
5,91,20,"ن ه ي"
5,92,1,"ط و ع"
5,92,2,"ا ل ه"
5,92,3,"ط و ع"
5,92,4,"ر س ل"
5,92,5,"ح ذ ر"
5,92,7,"و ل ي"
5,92,8,"ع ل م"
5,92,11,"ر س ل"
5,92,12,"ب ل غ"
5,92,13,"ب ي ن"
5,93,1,"ل ي س"
5,93,3,"ٱلَّذِى"
5,93,4,"ا م ن"
5,93,5,"ع م ل"
5,93,6,"ص ل ح"
5,93,7,"ج ن ح"
5,93,9,"ط ع م"
5,93,10,"إِذَا"
5,93,12,"و ق ي"
5,93,13,"ا م ن"
5,93,14,"ع م ل"
5,93,15,"ص ل ح"
5,93,17,"و ق ي"
5,93,18,"ا م ن"
5,93,20,"و ق ي"
5,93,21,"ح س ن"
5,93,22,"ا ل ه"
5,93,23,"ح ب ب"
5,93,24,"ح س ن"
5,94,2,"ٱلَّذِى"
5,94,3,"ا م ن"
5,94,4,"ب ل و"
5,94,5,"ا ل ه"
5,94,6,"ش ي ا"
5,94,8,"ص ي د"
5,94,9,"ن ي ل"
5,94,10,"ي د ي"
5,94,11,"ر م ح"
5,94,12,"ع ل م"
5,94,13,"ا ل ه"
5,94,15,"خ و ف"
5,94,16,"غ ي ب"
5,94,18,"ع د و"
5,94,19,"ب ع د"
5,94,22,"ع ذ ب"
5,94,23,"ا ل م"
5,95,2,"ٱلَّذِى"
5,95,3,"ا م ن"
5,95,5,"ق ت ل"
5,95,6,"ص ي د"
5,95,8,"ح ر م"
5,95,10,"ق ت ل"
5,95,12,"ع م د"
5,95,13,"ج ز ي"
5,95,14,"م ث ل"
5,95,16,"ق ت ل"
5,95,18,"ن ع م"
5,95,19,"ح ك م"
5,95,22,"ع د ل"
5,95,24,"ه د ي"
5,95,25,"ب ل غ"
5,95,26,"ك ع ب"
5,95,28,"ك ف ر"
5,95,29,"ط ع م"
5,95,30,"س ك ن"
5,95,32,"ع د ل"
5,95,34,"ص و م"
5,95,35,"ذ و ق"
5,95,36,"و ب ل"
5,95,37,"ا م ر"
5,95,38,"ع ف و"
5,95,39,"ا ل ه"
5,95,41,"س ل ف"
5,95,43,"ع و د"
5,95,44,"ن ق م"
5,95,45,"ا ل ه"
5,95,47,"ا ل ه"
5,95,48,"ع ز ز"
5,95,50,"ن ق م"
5,96,1,"ح ل ل"
5,96,3,"ص ي د"
5,96,4,"ب ح ر"
5,96,5,"ط ع م"
5,96,6,"م ت ع"
5,96,8,"س ي ر"
5,96,9,"ح ر م"
5,96,11,"ص ي د"
5,96,12,"ب ر ر"
5,96,14,"د و م"
5,96,15,"ح ر م"
5,96,16,"و ق ي"
5,96,17,"ا ل ه"
5,96,18,"ٱلَّذِى"
5,96,19,"إِلَىٰ"
5,96,20,"ح ش ر"
5,97,1,"ج ع ل"
5,97,2,"ا ل ه"
5,97,3,"ك ع ب"
5,97,4,"ب ي ت"
5,97,5,"ح ر م"
5,97,6,"ق و م"
5,97,7,"ن و س"
5,97,8,"ش ه ر"
5,97,9,"ح ر م"
5,97,10,"ه د ي"
5,97,11,"ق ل د"
5,97,13,"ع ل م"
5,97,15,"ا ل ه"
5,97,16,"ع ل م"
5,97,19,"س م و"
5,97,22,"ا ر ض"
5,97,24,"ا ل ه"
5,97,25,"ك ل ل"
5,97,26,"ش ي ا"
5,97,27,"ع ل م"
5,98,1,"ع ل م"
5,98,3,"ا ل ه"
5,98,4,"ش د د"
5,98,5,"ع ق ب"
5,98,7,"ا ل ه"
5,98,8,"غ ف ر"
5,98,9,"ر ح م"
5,99,3,"ر س ل"
5,99,4,"إِلَّا"
5,99,5,"ب ل غ"
5,99,6,"ا ل ه"
5,99,7,"ع ل م"
5,99,9,"ب د و"
5,99,11,"ك ت م"
5,100,1,"ق و ل"
5,100,3,"س و ي"
5,100,4,"خ ب ث"
5,100,5,"ط ي ب"
5,100,7,"ع ج ب"
5,100,8,"ك ث ر"
5,100,9,"خ ب ث"
5,100,10,"و ق ي"
5,100,11,"ا ل ه"
5,100,12,"ا و ل"
5,100,13,"ل ب ب"
5,100,15,"ف ل ح"
5,101,2,"ٱلَّذِى"
5,101,3,"ا م ن"
5,101,5,"س ا ل"
5,101,7,"ش ي ا"
5,101,9,"ب د و"
5,101,11,"س و ا"
5,101,13,"س ا ل"
5,101,15,"ح ي ن"
5,101,16,"ن ز ل"
5,101,17,"ق ر ا"
5,101,18,"ب د و"
5,101,20,"ع ف و"
5,101,21,"ا ل ه"
5,101,23,"ا ل ه"
5,101,24,"غ ف ر"
5,101,25,"ح ل م"
5,102,2,"س ا ل"
5,102,3,"ق و م"
5,102,5,"ق ب ل"
5,102,7,"ص ب ح"
5,102,9,"ك ف ر"
5,103,2,"ج ع ل"
5,103,3,"ا ل ه"
5,103,5,"ب ح ر"
5,103,7,"س ي ب"
5,103,9,"و ص ل"
5,103,11,"ح م ي"
5,103,13,"ٱلَّذِى"
5,103,14,"ك ف ر"
5,103,15,"ف ر ي"
5,103,17,"ا ل ه"
5,103,18,"ك ذ ب"
5,103,19,"ك ث ر"
5,103,21,"ع ق ل"
5,104,1,"إِذَا"
5,104,2,"ق و ل"
5,104,4,"ع ل و"
5,104,5,"إِلَىٰ"
5,104,7,"ن ز ل"
5,104,8,"ا ل ه"
5,104,9,"إِلَىٰ"
5,104,10,"ر س ل"
5,104,11,"ق و ل"
5,104,12,"ح س ب"
5,104,14,"و ج د"
5,104,16,"ا ب و"
5,104,18,"ك و ن"
5,104,19,"ا ب و"
5,104,21,"ع ل م"
5,104,22,"ش ي ا"
5,104,24,"ه د ي"
5,105,2,"ٱلَّذِى"
5,105,3,"ا م ن"
5,105,5,"ن ف س"
5,105,7,"ض ر ر"
5,105,9,"ض ل ل"
5,105,10,"إِذَا"
5,105,11,"ه د ي"
5,105,12,"إِلَىٰ"
5,105,13,"ا ل ه"
5,105,14,"ر ج ع"
5,105,15,"ج م ع"
5,105,16,"ن ب ا"
5,105,18,"ك و ن"
5,105,19,"ع م ل"
5,106,2,"ٱلَّذِى"
5,106,3,"ا م ن"
5,106,4,"ش ه د"
5,106,5,"ب ي ن"
5,106,6,"إِذَا"
5,106,7,"ح ض ر"
5,106,8,"ا ح د"
5,106,9,"م و ت"
5,106,10,"ح ي ن"
5,106,11,"و ص ي"
5,106,12,"ث ن ي"
5,106,14,"ع د ل"
5,106,17,"ا خ ر"
5,106,19,"غ ي ر"
5,106,22,"ض ر ب"
5,106,24,"ا ر ض"
5,106,25,"ص و ب"
5,106,26,"ص و ب"
5,106,27,"م و ت"
5,106,28,"ح ب س"
5,106,30,"ب ع د"
5,106,31,"ص ل و"
5,106,32,"ق س م"
5,106,33,"ا ل ه"
5,106,35,"ر ي ب"
5,106,37,"ش ر ي"
5,106,39,"ث م ن"
5,106,41,"ك و ن"
5,106,43,"ق ر ب"
5,106,45,"ك ت م"
5,106,46,"ش ه د"
5,106,47,"ا ل ه"
5,106,49,"إِذًا"
5,106,51,"ا ث م"
5,107,2,"ع ث ر"
5,107,5,"ح ق ق"
5,107,6,"ا ث م"
5,107,7,"ا خ ر"
5,107,8,"ق و م"
5,107,9,"ق و م"
5,107,11,"ٱلَّذِى"
5,107,12,"ح ق ق"
5,107,14,"و ل ي"
5,107,15,"ق س م"
5,107,16,"ا ل ه"
5,107,17,"ش ه د"
5,107,18,"ح ق ق"
5,107,20,"ش ه د"
5,107,22,"ع د و"
5,107,24,"إِذًا"
5,107,26,"ظ ل م"
5,108,2,"د ن و"
5,108,4,"ا ت ي"
5,108,5,"ش ه د"
5,108,7,"و ج ه"
5,108,9,"خ و ف"
5,108,11,"ر د د"
5,108,12,"ي م ن"
5,108,13,"ب ع د"
5,108,14,"ي م ن"
5,108,15,"و ق ي"
5,108,16,"ا ل ه"
5,108,17,"س م ع"
5,108,18,"ا ل ه"
5,108,20,"ه د ي"
5,108,21,"ق و م"
5,108,22,"ف س ق"
5,109,1,"ي و م"
5,109,2,"ج م ع"
5,109,3,"ا ل ه"
5,109,4,"ر س ل"
5,109,5,"ق و ل"
5,109,7,"ج و ب"
5,109,8,"ق و ل"
5,109,10,"ع ل م"
5,109,14,"ع ل م"
5,109,15,"غ ي ب"
5,110,1,"إِذ"
5,110,2,"ق و ل"
5,110,3,"ا ل ه"
5,110,5,"ب ن ي"
5,110,7,"ذ ك ر"
5,110,8,"ن ع م"
5,110,11,"و ل د"
5,110,12,"إِذ"
5,110,13,"ا ي د"
5,110,14,"ر و ح"
5,110,15,"ق د س"
5,110,16,"ك ل م"
5,110,17,"ن و س"
5,110,19,"م ه د"
5,110,20,"ك ه ل"
5,110,21,"إِذ"
5,110,22,"ع ل م"
5,110,23,"ك ت ب"
5,110,24,"ح ك م"
5,110,27,"إِذ"
5,110,28,"خ ل ق"
5,110,30,"ط ي ن"
5,110,31,"ه ي ا"
5,110,32,"ط ي ر"
5,110,33,"ا ذ ن"
5,110,34,"ن ف خ"
5,110,36,"ك و ن"
5,110,37,"ط ي ر"
5,110,38,"ا ذ ن"
5,110,39,"ب ر ا"
5,110,40,"ك م ه"
5,110,41,"ب ر ص"
5,110,42,"ا ذ ن"
5,110,43,"إِذ"
5,110,44,"خ ر ج"
5,110,45,"م و ت"
5,110,46,"ا ذ ن"
5,110,47,"إِذ"
5,110,48,"ك ف ف"
5,110,49,"ب ن ي"
5,110,50,"إِسْرَائِيل"
5,110,52,"إِذ"
5,110,53,"ج ي ا"
5,110,54,"ب ي ن"
5,110,55,"ق و ل"
5,110,56,"ٱلَّذِى"
5,110,57,"ك ف ر"
5,110,61,"إِلَّا"
5,110,62,"س ح ر"
5,110,63,"ب ي ن"
5,111,1,"إِذ"
5,111,2,"و ح ي"
5,111,3,"إِلَىٰ"
5,111,4,"ح و ر"
5,111,6,"ا م ن"
5,111,8,"ر س ل"
5,111,9,"ق و ل"
5,111,10,"ا م ن"
5,111,11,"ش ه د"
5,111,13,"س ل م"
5,112,1,"إِذ"
5,112,2,"ق و ل"
5,112,3,"ح و ر"
5,112,5,"ب ن ي"
5,112,8,"ط و ع"
5,112,9,"ر ب ب"
5,112,11,"ن ز ل"
5,112,13,"م ي د"
5,112,15,"س م و"
5,112,16,"ق و ل"
5,112,17,"و ق ي"
5,112,18,"ا ل ه"
5,112,20,"ك و ن"
5,112,21,"ا م ن"
5,113,1,"ق و ل"
5,113,2,"ر و د"
5,113,4,"ا ك ل"
5,113,6,"ط م ن"
5,113,7,"ق ل ب"
5,113,8,"ع ل م"
5,113,11,"ص د ق"
5,113,12,"ك و ن"
5,113,15,"ش ه د"
5,114,1,"ق و ل"
5,114,3,"ب ن ي"
5,114,5,"ا ل ه"
5,114,6,"ر ب ب"
5,114,7,"ن ز ل"
5,114,9,"م ي د"
5,114,11,"س م و"
5,114,12,"ك و ن"
5,114,14,"ع و د"
5,114,15,"ا و ل"
5,114,16,"ا خ ر"
5,114,17,"ا ي ي"
5,114,19,"ر ز ق"
5,114,21,"خ ي ر"
5,114,22,"ر ز ق"
5,115,1,"ق و ل"
5,115,2,"ا ل ه"
5,115,4,"ن ز ل"
5,115,7,"ك ف ر"
5,115,8,"ب ع د"
5,115,11,"ع ذ ب"
5,115,12,"ع ذ ب"
5,115,14,"ع ذ ب"
5,115,15,"ا ح د"
5,115,17,"ع ل م"
5,116,1,"إِذ"
5,116,2,"ق و ل"
5,116,3,"ا ل ه"
5,116,5,"ب ن ي"
5,116,8,"ق و ل"
5,116,9,"ن و س"
5,116,10,"ا خ ذ"
5,116,11,"ا م م"
5,116,12,"ا ل ه"
5,116,14,"د و ن"
5,116,15,"ا ل ه"
5,116,16,"ق و ل"
5,116,17,"س ب ح"
5,116,19,"ك و ن"
5,116,22,"ق و ل"
5,116,24,"ل ي س"
5,116,26,"ح ق ق"
5,116,28,"ك و ن"
5,116,29,"ق و ل"
5,116,31,"ع ل م"
5,116,32,"ع ل م"
5,116,35,"ن ف س"
5,116,37,"ع ل م"
5,116,40,"ن ف س"
5,116,43,"ع ل م"
5,116,44,"غ ي ب"
5,117,2,"ق و ل"
5,117,4,"إِلَّا"
5,117,6,"ا م ر"
5,117,9,"ع ب د"
5,117,10,"ا ل ه"
5,117,11,"ر ب ب"
5,117,12,"ر ب ب"
5,117,13,"ك و ن"
5,117,15,"ش ه د"
5,117,17,"د و م"
5,117,20,"و ف ي"
5,117,21,"ك و ن"
5,117,23,"ر ق ب"
5,117,27,"ك ل ل"
5,117,28,"ش ي ا"
5,117,29,"ش ه د"
5,118,2,"ع ذ ب"
5,118,4,"ع ب د"
5,118,6,"غ ف ر"
5,118,10,"ع ز ز"
5,118,11,"ح ك م"
5,119,1,"ق و ل"
5,119,2,"ا ل ه"
5,119,4,"ي و م"
5,119,5,"ن ف ع"
5,119,6,"ص د ق"
5,119,7,"ص د ق"
5,119,9,"ج ن ن"
5,119,10,"ج ر ي"
5,119,12,"ت ح ت"
5,119,13,"ن ه ر"
5,119,14,"خ ل د"
5,119,16,"ا ب د"
5,119,17,"ر ض و"
5,119,18,"ا ل ه"
5,119,20,"ر ض و"
5,119,23,"ف و ز"
5,119,24,"ع ظ م"
5,120,1,"ا ل ه"
5,120,2,"م ل ك"
5,120,3,"س م و"
5,120,4,"ا ر ض"
5,120,9,"ك ل ل"
5,120,10,"ش ي ا"
5,120,11,"ق د ر"
6,1,1,"ح م د"
6,1,2,"ا ل ه"
6,1,3,"ٱلَّذِى"
6,1,4,"خ ل ق"
6,1,5,"س م و"
6,1,6,"ا ر ض"
6,1,7,"ج ع ل"
6,1,8,"ظ ل م"
6,1,9,"ن و ر"
6,1,11,"ٱلَّذِى"
6,1,12,"ك ف ر"
6,1,13,"ر ب ب"
6,1,14,"ع د ل"
6,2,2,"ٱلَّذِى"
6,2,3,"خ ل ق"
6,2,5,"ط ي ن"
6,2,7,"ق ض ي"
6,2,8,"ا ج ل"
6,2,9,"ا ج ل"
6,2,10,"س م و"
6,2,11,"ع ن د"
6,2,14,"م ر ي"
6,3,2,"ا ل ه"
6,3,4,"س م و"
6,3,6,"ا ر ض"
6,3,7,"ع ل م"
6,3,8,"س ر ر"
6,3,9,"ج ه ر"
6,3,10,"ع ل م"
6,3,12,"ك س ب"
6,4,2,"ا ت ي"
6,4,4,"ا ي ي"
6,4,6,"ا ي ي"
6,4,7,"ر ب ب"
6,4,8,"إِلَّا"
6,4,9,"ك و ن"
6,4,11,"ع ر ض"
6,5,2,"ك ذ ب"
6,5,3,"ح ق ق"
6,5,5,"ج ي ا"
6,5,7,"ا ت ي"
6,5,8,"ن ب ا"
6,5,10,"ك و ن"
6,5,12,"ه ز ا"
6,6,2,"ر ا ي"
6,6,4,"ه ل ك"
6,6,6,"ق ب ل"
6,6,8,"ق ر ن"
6,6,9,"م ك ن"
6,6,11,"ا ر ض"
6,6,14,"م ك ن"
6,6,16,"ر س ل"
6,6,17,"س م و"
6,6,19,"د ر ر"
6,6,20,"ج ع ل"
6,6,21,"ن ه ر"
6,6,22,"ج ر ي"
6,6,24,"ت ح ت"
6,6,25,"ه ل ك"
6,6,26,"ذ ن ب"
6,6,27,"ن ش ا"
6,6,29,"ب ع د"
6,6,30,"ق ر ن"
6,6,31,"ا خ ر"
6,7,2,"ن ز ل"
6,7,4,"ك ت ب"
6,7,6,"ق ر ط س"
6,7,7,"ل م س"
6,7,8,"ي د ي"
6,7,9,"ق و ل"
6,7,10,"ٱلَّذِى"
6,7,11,"ك ف ر"
6,7,14,"إِلَّا"
6,7,15,"س ح ر"
6,7,16,"ب ي ن"
6,8,1,"ق و ل"
6,8,3,"ن ز ل"
6,8,5,"م ل ك"
6,8,7,"ن ز ل"
6,8,8,"م ل ك"
6,8,9,"ق ض ي"
6,8,10,"ا م ر"
6,8,13,"ن ظ ر"
6,9,2,"ج ع ل"
6,9,3,"م ل ك"
6,9,4,"ج ع ل"
6,9,5,"ر ج ل"
6,9,6,"ل ب س"
6,9,9,"ل ب س"
6,10,2,"ه ز ا"
6,10,3,"ر س ل"
6,10,5,"ق ب ل"
6,10,6,"ح ي ق"
6,10,7,"ٱلَّذِى"
6,10,8,"س خ ر"
6,10,11,"ك و ن"
6,10,13,"ه ز ا"
6,11,1,"ق و ل"
6,11,2,"س ي ر"
6,11,4,"ا ر ض"
6,11,6,"ن ظ ر"
6,11,7,"ك ي ف"
6,11,8,"ك و ن"
6,11,9,"ع ق ب"
6,11,10,"ك ذ ب"
6,12,1,"ق و ل"
6,12,5,"س م و"
6,12,6,"ا ر ض"
6,12,7,"ق و ل"
6,12,8,"ا ل ه"
6,12,9,"ك ت ب"
6,12,11,"ن ف س"
6,12,12,"ر ح م"
6,12,13,"ج م ع"
6,12,14,"إِلَىٰ"
6,12,15,"ي و م"
6,12,16,"ق و م"
6,12,18,"ر ي ب"
6,12,20,"ٱلَّذِى"
6,12,21,"خ س ر"
6,12,22,"ن ف س"
6,12,25,"ا م ن"
6,13,3,"س ك ن"
6,13,5,"ل ي ل"
6,13,6,"ن ه ر"
6,13,8,"س م ع"
6,13,9,"ع ل م"
6,14,1,"ق و ل"
6,14,2,"غ ي ر"
6,14,3,"ا ل ه"
6,14,4,"ا خ ذ"
6,14,5,"و ل ي"
6,14,6,"ف ط ر"
6,14,7,"س م و"
6,14,8,"ا ر ض"
6,14,10,"ط ع م"
6,14,12,"ط ع م"
6,14,13,"ق و ل"
6,14,15,"ا م ر"
6,14,17,"ك و ن"
6,14,18,"ا و ل"
6,14,20,"س ل م"
6,14,22,"ك و ن"
6,14,24,"ش ر ك"
6,15,1,"ق و ل"
6,15,3,"خ و ف"
6,15,5,"ع ص ي"
6,15,6,"ر ب ب"
6,15,7,"ع ذ ب"
6,15,8,"ي و م"
6,15,9,"ع ظ م"
6,16,2,"ص ر ف"
6,16,6,"ر ح م"
6,16,8,"ف و ز"
6,16,9,"ب ي ن"
6,17,2,"م س س"
6,17,3,"ا ل ه"
6,17,4,"ض ر ر"
6,17,6,"ك ش ف"
6,17,8,"إِلَّا"
6,17,11,"م س س"
6,17,12,"خ ي ر"
6,17,15,"ك ل ل"
6,17,16,"ش ي ا"
6,17,17,"ق د ر"
6,18,2,"ق ه ر"
6,18,3,"ف و ق"
6,18,4,"ع ب د"
6,18,6,"ح ك م"
6,18,7,"خ ب ر"
6,19,1,"ق و ل"
6,19,3,"ش ي ا"
6,19,4,"ك ب ر"
6,19,5,"ش ه د"
6,19,6,"ق و ل"
6,19,7,"ا ل ه"
6,19,8,"ش ه د"
6,19,9,"ب ي ن"
6,19,10,"ب ي ن"
6,19,11,"و ح ي"
6,19,12,"إِلَىٰ"
6,19,14,"ق ر ا"
6,19,15,"ن ذ ر"
6,19,18,"ب ل غ"
6,19,20,"ش ه د"
6,19,23,"ا ل ه"
6,19,24,"ا ل ه"
6,19,25,"ا خ ر"
6,19,26,"ق و ل"
6,19,28,"ش ه د"
6,19,29,"ق و ل"
6,19,32,"ا ل ه"
6,19,33,"و ح د"
6,19,35,"ب ر ا"
6,19,37,"ش ر ك"
6,20,1,"ٱلَّذِى"
6,20,2,"ا ت ي"
6,20,3,"ك ت ب"
6,20,4,"ع ر ف"
6,20,6,"ع ر ف"
6,20,7,"ب ن ي"
6,20,8,"ٱلَّذِى"
6,20,9,"خ س ر"
6,20,10,"ن ف س"
6,20,13,"ا م ن"
6,21,2,"ظ ل م"
6,21,4,"ف ر ي"
6,21,6,"ا ل ه"
6,21,7,"ك ذ ب"
6,21,9,"ك ذ ب"
6,21,10,"ا ي ي"
6,21,13,"ف ل ح"
6,21,14,"ظ ل م"
6,22,1,"ي و م"
6,22,2,"ح ش ر"
6,22,3,"ج م ع"
6,22,5,"ق و ل"
6,22,6,"ٱلَّذِى"
6,22,7,"ش ر ك"
6,22,9,"ش ر ك"
6,22,10,"ٱلَّذِى"
6,22,11,"ك و ن"
6,22,12,"ز ع م"
6,23,3,"ك و ن"
6,23,4,"ف ت ن"
6,23,5,"إِلَّا"
6,23,7,"ق و ل"
6,23,8,"ا ل ه"
6,23,9,"ر ب ب"
6,23,11,"ك و ن"
6,23,12,"ش ر ك"
6,24,1,"ن ظ ر"
6,24,2,"ك ي ف"
6,24,3,"ك ذ ب"
6,24,5,"ن ف س"
6,24,6,"ض ل ل"
6,24,9,"ك و ن"
6,24,10,"ف ر ي"
6,25,3,"س م ع"
6,25,4,"إِلَىٰ"
6,25,5,"ج ع ل"
6,25,7,"ق ل ب"
6,25,8,"ك ن ن"
6,25,10,"ف ق ه"
6,25,12,"ا ذ ن"
6,25,13,"و ق ر"
6,25,15,"ر ا ي"
6,25,16,"ك ل ل"
6,25,17,"ا ي ي"
6,25,19,"ا م ن"
6,25,22,"إِذَا"
6,25,23,"ج ي ا"
6,25,24,"ج د ل"
6,25,25,"ق و ل"
6,25,26,"ٱلَّذِى"
6,25,27,"ك ف ر"
6,25,30,"إِلَّا"
6,25,31,"س ط ر"
6,25,32,"ا و ل"
6,26,2,"ن ه ي"
6,26,4,"ن ا ي"
6,26,7,"ه ل ك"
6,26,8,"إِلَّا"
6,26,9,"ن ف س"
6,26,11,"ش ع ر"
6,27,2,"ر ا ي"
6,27,3,"إِذ"
6,27,4,"و ق ف"
6,27,6,"ن و ر"
6,27,7,"ق و ل"
6,27,9,"ر د د"
6,27,11,"ك ذ ب"
6,27,12,"ا ي ي"
6,27,13,"ر ب ب"
6,27,14,"ك و ن"
6,27,16,"ا م ن"
6,28,2,"ب د و"
6,28,5,"ك و ن"
6,28,6,"خ ف ي"
6,28,8,"ق ب ل"
6,28,10,"ر د د"
6,28,11,"ع و د"
6,28,13,"ن ه ي"
6,28,16,"ك ذ ب"
6,29,1,"ق و ل"
6,29,4,"إِلَّا"
6,29,5,"ح ي ي"
6,29,6,"د ن و"
6,29,9,"ب ع ث"
6,30,2,"ر ا ي"
6,30,3,"إِذ"
6,30,4,"و ق ف"
6,30,6,"ر ب ب"
6,30,7,"ق و ل"
6,30,8,"ل ي س"
6,30,10,"ح ق ق"
6,30,11,"ق و ل"
6,30,13,"ر ب ب"
6,30,14,"ق و ل"
6,30,15,"ذ و ق"
6,30,16,"ع ذ ب"
6,30,18,"ك و ن"
6,30,19,"ك ف ر"
6,31,2,"خ س ر"
6,31,3,"ٱلَّذِى"
6,31,4,"ك ذ ب"
6,31,5,"ل ق ي"
6,31,6,"ا ل ه"
6,31,8,"إِذَا"
6,31,9,"ج ي ا"
6,31,10,"س و ع"
6,31,11,"ب غ ت"
6,31,12,"ق و ل"
6,31,13,"ح س ر"
6,31,16,"ف ر ط"
6,31,19,"ح م ل"
6,31,20,"و ز ر"
6,31,22,"ظ ه ر"
6,31,24,"س و ا"
6,31,26,"و ز ر"
6,32,2,"ح ي ي"
6,32,3,"د ن و"
6,32,4,"إِلَّا"
6,32,5,"ل ع ب"
6,32,6,"ل ه و"
6,32,7,"د و ر"
6,32,8,"ا خ ر"
6,32,9,"خ ي ر"
6,32,10,"ٱلَّذِى"
6,32,11,"و ق ي"
6,32,13,"ع ق ل"
6,33,2,"ع ل م"
6,33,4,"ح ز ن"
6,33,5,"ٱلَّذِى"
6,33,6,"ق و ل"
6,33,9,"ك ذ ب"
6,33,11,"ظ ل م"
6,33,12,"ا ي ي"
6,33,13,"ا ل ه"
6,33,14,"ج ح د"
6,34,2,"ك ذ ب"
6,34,3,"ر س ل"
6,34,5,"ق ب ل"
6,34,6,"ص ب ر"
6,34,9,"ك ذ ب"
6,34,10,"ا ذ ي"
6,34,12,"ا ت ي"
6,34,13,"ن ص ر"
6,34,15,"ب د ل"
6,34,16,"ك ل م"
6,34,17,"ا ل ه"
6,34,19,"ج ي ا"
6,34,21,"ن ب ا"
6,34,22,"ر س ل"
6,35,2,"ك و ن"
6,35,3,"ك ب ر"
6,35,5,"ع ر ض"
6,35,7,"ط و ع"
6,35,9,"ب غ ي"
6,35,10,"ن ف ق"
6,35,12,"ا ر ض"
6,35,14,"س ل م"
6,35,16,"س م و"
6,35,17,"ا ت ي"
6,35,18,"ا ي ي"
6,35,20,"ش ي ا"
6,35,21,"ا ل ه"
6,35,22,"ج م ع"
6,35,24,"ه د ي"
6,35,26,"ك و ن"
6,35,28,"ج ه ل"
6,36,2,"ج و ب"
6,36,3,"ٱلَّذِى"
6,36,4,"س م ع"
6,36,5,"م و ت"
6,36,6,"ب ع ث"
6,36,7,"ا ل ه"
6,36,9,"إِلَىٰ"
6,36,10,"ر ج ع"
6,37,1,"ق و ل"
6,37,3,"ن ز ل"
6,37,5,"ا ي ي"
6,37,7,"ر ب ب"
6,37,8,"ق و ل"
6,37,10,"ا ل ه"
6,37,11,"ق د ر"
6,37,14,"ن ز ل"
6,37,15,"ا ي ي"
6,37,17,"ك ث ر"
6,37,19,"ع ل م"
6,38,3,"د ب ب"
6,38,5,"ا ر ض"
6,38,7,"ط ي ر"
6,38,8,"ط ي ر"
6,38,9,"ج ن ح"
6,38,10,"إِلَّا"
6,38,11,"ا م م"
6,38,12,"م ث ل"
6,38,14,"ف ر ط"
6,38,16,"ك ت ب"
6,38,18,"ش ي ا"
6,38,20,"إِلَىٰ"
6,38,21,"ر ب ب"
6,38,22,"ح ش ر"
6,39,1,"ٱلَّذِى"
6,39,2,"ك ذ ب"
6,39,3,"ا ي ي"
6,39,4,"ص م م"
6,39,5,"ب ك م"
6,39,7,"ظ ل م"
6,39,9,"ش ي ا"
6,39,10,"ا ل ه"
6,39,11,"ض ل ل"
6,39,13,"ش ي ا"
6,39,14,"ج ع ل"
6,39,16,"ص ر ط"
6,39,17,"ق و م"
6,40,1,"ق و ل"
6,40,2,"ر ا ي"
6,40,4,"ا ت ي"
6,40,5,"ع ذ ب"
6,40,6,"ا ل ه"
6,40,8,"ا ت ي"
6,40,9,"س و ع"
6,40,10,"غ ي ر"
6,40,11,"ا ل ه"
6,40,12,"د ع و"
6,40,14,"ك و ن"
6,40,15,"ص د ق"
6,41,3,"د ع و"
6,41,4,"ك ش ف"
6,41,6,"د ع و"
6,41,7,"إِلَىٰ"
6,41,9,"ش ي ا"
6,41,10,"ن س ي"
6,41,12,"ش ر ك"
6,42,2,"ر س ل"
6,42,3,"إِلَىٰ"
6,42,4,"ا م م"
6,42,6,"ق ب ل"
6,42,7,"ا خ ذ"
6,42,8,"ب ا س"
6,42,9,"ض ر ر"
6,42,11,"ض ر ع"
6,43,2,"إِذ"
6,43,3,"ج ي ا"
6,43,4,"ب ا س"
6,43,5,"ض ر ع"
6,43,7,"ق س و"
6,43,8,"ق ل ب"
6,43,9,"ز ي ن"
6,43,11,"ش ط ن"
6,43,13,"ك و ن"
6,43,14,"ع م ل"
6,44,2,"ن س ي"
6,44,4,"ذ ك ر"
6,44,6,"ف ت ح"
6,44,8,"ب و ب"
6,44,9,"ك ل ل"
6,44,10,"ش ي ا"
6,44,12,"إِذَا"
6,44,13,"ف ر ح"
6,44,15,"ا ت ي"
6,44,16,"ا خ ذ"
6,44,17,"ب غ ت"
6,44,18,"إِذَا"
6,44,20,"ب ل س"
6,45,1,"ق ط ع"
6,45,2,"د ب ر"
6,45,3,"ق و م"
6,45,4,"ٱلَّذِى"
6,45,5,"ظ ل م"
6,45,6,"ح م د"
6,45,7,"ا ل ه"
6,45,8,"ر ب ب"
6,45,9,"ع ل م"
6,46,1,"ق و ل"
6,46,2,"ر ا ي"
6,46,4,"ا خ ذ"
6,46,5,"ا ل ه"
6,46,6,"س م ع"
6,46,7,"ب ص ر"
6,46,8,"خ ت م"
6,46,10,"ق ل ب"
6,46,12,"ا ل ه"
6,46,13,"غ ي ر"
6,46,14,"ا ل ه"
6,46,15,"ا ت ي"
6,46,17,"ن ظ ر"
6,46,18,"ك ي ف"
6,46,19,"ص ر ف"
6,46,20,"ا ي ي"
6,46,23,"ص د ف"
6,47,1,"ق و ل"
6,47,2,"ر ا ي"
6,47,4,"ا ت ي"
6,47,5,"ع ذ ب"
6,47,6,"ا ل ه"
6,47,7,"ب غ ت"
6,47,9,"ج ه ر"
6,47,11,"ه ل ك"
6,47,12,"إِلَّا"
6,47,13,"ق و م"
6,47,14,"ظ ل م"
6,48,2,"ر س ل"
6,48,3,"ر س ل"
6,48,4,"إِلَّا"
6,48,5,"ب ش ر"
6,48,6,"ن ذ ر"
6,48,8,"ا م ن"
6,48,9,"ص ل ح"
6,48,11,"خ و ف"
6,48,15,"ح ز ن"
6,49,1,"ٱلَّذِى"
6,49,2,"ك ذ ب"
6,49,3,"ا ي ي"
6,49,4,"م س س"
6,49,5,"ع ذ ب"
6,49,7,"ك و ن"
6,49,8,"ف س ق"
6,50,1,"ق و ل"
6,50,3,"ق و ل"
6,50,5,"ع ن د"
6,50,6,"خ ز ن"
6,50,7,"ا ل ه"
6,50,9,"ع ل م"
6,50,10,"غ ي ب"
6,50,12,"ق و ل"
6,50,15,"م ل ك"
6,50,17,"ت ب ع"
6,50,18,"إِلَّا"
6,50,20,"و ح ي"
6,50,21,"إِلَىٰ"
6,50,22,"ق و ل"
6,50,24,"س و ي"
6,50,25,"ع م ي"
6,50,26,"ب ص ر"
6,50,28,"ف ك ر"
6,51,1,"ن ذ ر"
6,51,3,"ٱلَّذِى"
6,51,4,"خ و ف"
6,51,6,"ح ش ر"
6,51,7,"إِلَىٰ"
6,51,8,"ر ب ب"
6,51,9,"ل ي س"
6,51,12,"د و ن"
6,51,13,"و ل ي"
6,51,15,"ش ف ع"
6,51,17,"و ق ي"
6,52,2,"ط ر د"
6,52,3,"ٱلَّذِى"
6,52,4,"د ع و"
6,52,5,"ر ب ب"
6,52,6,"غ د و"
6,52,7,"ع ش و"
6,52,8,"ر و د"
6,52,9,"و ج ه"
6,52,13,"ح س ب"
6,52,15,"ش ي ا"
6,52,18,"ح س ب"
6,52,21,"ش ي ا"
6,52,22,"ط ر د"
6,52,23,"ك و ن"
6,52,25,"ظ ل م"
6,53,2,"ف ت ن"
6,53,3,"ب ع ض"
6,53,4,"ب ع ض"
6,53,5,"ق و ل"
6,53,7,"م ن ن"
6,53,8,"ا ل ه"
6,53,11,"ب ي ن"
6,53,12,"ل ي س"
6,53,13,"ا ل ه"
6,53,14,"ع ل م"
6,53,15,"ش ك ر"
6,54,1,"إِذَا"
6,54,2,"ج ي ا"
6,54,3,"ٱلَّذِى"
6,54,4,"ا م ن"
6,54,5,"ا ي ي"
6,54,6,"ق و ل"
6,54,7,"س ل م"
6,54,9,"ك ت ب"
6,54,10,"ر ب ب"
6,54,12,"ن ف س"
6,54,13,"ر ح م"
6,54,16,"ع م ل"
6,54,18,"س و ا"
6,54,19,"ج ه ل"
6,54,21,"ت و ب"
6,54,23,"ب ع د"
6,54,24,"ص ل ح"
6,54,26,"غ ف ر"
6,54,27,"ر ح م"
6,55,2,"ف ص ل"
6,55,3,"ا ي ي"
6,55,4,"ب ي ن"
6,55,5,"س ب ل"
6,55,6,"ج ر م"
6,56,1,"ق و ل"
6,56,3,"ن ه ي"
6,56,5,"ع ب د"
6,56,6,"ٱلَّذِى"
6,56,7,"د ع و"
6,56,9,"د و ن"
6,56,10,"ا ل ه"
6,56,11,"ق و ل"
6,56,13,"ت ب ع"
6,56,14,"ه و ي"
6,56,16,"ض ل ل"
6,56,17,"إِذًا"
6,56,21,"ه د ي"
6,57,1,"ق و ل"
6,57,4,"ب ي ن"
6,57,6,"ر ب ب"
6,57,7,"ك ذ ب"
6,57,10,"ع ن د"
6,57,12,"ع ج ل"
6,57,15,"ح ك م"
6,57,16,"إِلَّا"
6,57,17,"ا ل ه"
6,57,18,"ق ص ص"
6,57,19,"ح ق ق"
6,57,21,"خ ي ر"
6,57,22,"ف ص ل"
6,58,1,"ق و ل"
6,58,4,"ع ن د"
6,58,6,"ع ج ل"
6,58,8,"ق ض ي"
6,58,9,"ا م ر"
6,58,10,"ب ي ن"
6,58,11,"ب ي ن"
6,58,12,"ا ل ه"
6,58,13,"ع ل م"
6,58,14,"ظ ل م"
6,59,1,"ع ن د"
6,59,2,"ف ت ح"
6,59,3,"غ ي ب"
6,59,5,"ع ل م"
6,59,6,"إِلَّا"
6,59,8,"ع ل م"
6,59,11,"ب ر ر"
6,59,12,"ب ح ر"
6,59,14,"س ق ط"
6,59,16,"و ر ق"
6,59,17,"إِلَّا"
6,59,18,"ع ل م"
6,59,20,"ح ب ب"
6,59,22,"ظ ل م"
6,59,23,"ا ر ض"
6,59,25,"ر ط ب"
6,59,27,"ي ب س"
6,59,28,"إِلَّا"
6,59,30,"ك ت ب"
6,59,31,"ب ي ن"
6,60,2,"ٱلَّذِى"
6,60,3,"و ف ي"
6,60,4,"ل ي ل"
6,60,5,"ع ل م"
6,60,7,"ج ر ح"
6,60,8,"ن ه ر"
6,60,10,"ب ع ث"
6,60,12,"ق ض ي"
6,60,13,"ا ج ل"
6,60,14,"س م و"
6,60,16,"إِلَىٰ"
6,60,17,"ر ج ع"
6,60,19,"ن ب ا"
6,60,21,"ك و ن"
6,60,22,"ع م ل"
6,61,2,"ق ه ر"
6,61,3,"ف و ق"
6,61,4,"ع ب د"
6,61,5,"ر س ل"
6,61,7,"ح ف ظ"
6,61,9,"إِذَا"
6,61,10,"ج ي ا"
6,61,11,"ا ح د"
6,61,12,"م و ت"
6,61,13,"و ف ي"
6,61,14,"ر س ل"
6,61,17,"ف ر ط"
6,62,2,"ر د د"
6,62,3,"إِلَىٰ"
6,62,4,"ا ل ه"
6,62,5,"و ل ي"
6,62,6,"ح ق ق"
6,62,9,"ح ك م"
6,62,11,"س ر ع"
6,62,12,"ح س ب"
6,63,1,"ق و ل"
6,63,3,"ن ج و"
6,63,5,"ظ ل م"
6,63,6,"ب ر ر"
6,63,7,"ب ح ر"
6,63,8,"د ع و"
6,63,9,"ض ر ع"
6,63,10,"خ ف ي"
6,63,12,"ن ج و"
6,63,15,"ك و ن"
6,63,17,"ش ك ر"
6,64,1,"ق و ل"
6,64,2,"ا ل ه"
6,64,3,"ن ج و"
6,64,6,"ك ل ل"
6,64,7,"ك ر ب"
6,64,10,"ش ر ك"
6,65,1,"ق و ل"
6,65,3,"ق د ر"
6,65,6,"ب ع ث"
6,65,8,"ع ذ ب"
6,65,10,"ف و ق"
6,65,13,"ت ح ت"
6,65,14,"ر ج ل"
6,65,16,"ل ب س"
6,65,17,"ش ي ع"
6,65,18,"ذ و ق"
6,65,19,"ب ع ض"
6,65,20,"ب ا س"
6,65,21,"ب ع ض"
6,65,22,"ن ظ ر"
6,65,23,"ك ي ف"
6,65,24,"ص ر ف"
6,65,25,"ا ي ي"
6,65,27,"ف ق ه"
6,66,1,"ك ذ ب"
6,66,3,"ق و م"
6,66,5,"ح ق ق"
6,66,6,"ق و ل"
6,66,7,"ل ي س"
6,66,9,"و ك ل"
6,67,1,"ك ل ل"
6,67,2,"ن ب ا"
6,67,3,"ق ر ر"
6,67,5,"ع ل م"
6,68,1,"إِذَا"
6,68,2,"ر ا ي"
6,68,3,"ٱلَّذِى"
6,68,4,"خ و ض"
6,68,6,"ا ي ي"
6,68,7,"ع ر ض"
6,68,10,"خ و ض"
6,68,12,"ح د ث"
6,68,13,"غ ي ر"
6,68,15,"ن س ي"
6,68,16,"ش ط ن"
6,68,18,"ق ع د"
6,68,19,"ب ع د"
6,68,20,"ذ ك ر"
6,68,22,"ق و م"
6,68,23,"ظ ل م"
6,69,3,"ٱلَّذِى"
6,69,4,"و ق ي"
6,69,6,"ح س ب"
6,69,8,"ش ي ا"
6,69,10,"ذ ك ر"
6,69,12,"و ق ي"
6,70,1,"و ذ ر"
6,70,2,"ٱلَّذِى"
6,70,3,"ا خ ذ"
6,70,4,"د ي ن"
6,70,5,"ل ع ب"
6,70,6,"ل ه و"
6,70,7,"غ ر ر"
6,70,8,"ح ي ي"
6,70,9,"د ن و"
6,70,10,"ذ ك ر"
6,70,13,"ب س ل"
6,70,14,"ن ف س"
6,70,16,"ك س ب"
6,70,17,"ل ي س"
6,70,20,"د و ن"
6,70,21,"ا ل ه"
6,70,22,"و ل ي"
6,70,24,"ش ف ع"
6,70,26,"ع د ل"
6,70,27,"ك ل ل"
6,70,28,"ع د ل"
6,70,30,"ا خ ذ"
6,70,33,"ٱلَّذِى"
6,70,34,"ب س ل"
6,70,36,"ك س ب"
6,70,38,"ش ر ب"
6,70,40,"ح م م"
6,70,41,"ع ذ ب"
6,70,42,"ا ل م"
6,70,44,"ك و ن"
6,70,45,"ك ف ر"
6,71,1,"ق و ل"
6,71,2,"د ع و"
6,71,4,"د و ن"
6,71,5,"ا ل ه"
6,71,8,"ن ف ع"
6,71,10,"ض ر ر"
6,71,11,"ر د د"
6,71,13,"ع ق ب"
6,71,14,"ب ع د"
6,71,15,"إِذ"
6,71,16,"ه د ي"
6,71,17,"ا ل ه"
6,71,18,"ٱلَّذِى"
6,71,19,"ه و ي"
6,71,20,"ش ط ن"
6,71,22,"ا ر ض"
6,71,23,"ح ي ر"
6,71,25,"ص ح ب"
6,71,26,"د ع و"
6,71,27,"إِلَىٰ"
6,71,28,"ه د ي"
6,71,29,"ا ت ي"
6,71,30,"ق و ل"
6,71,32,"ه د ي"
6,71,33,"ا ل ه"
6,71,35,"ه د ي"
6,71,36,"ا م ر"
6,71,37,"س ل م"
6,71,38,"ر ب ب"
6,71,39,"ع ل م"
6,72,2,"ق و م"
6,72,3,"ص ل و"
6,72,4,"و ق ي"
6,72,6,"ٱلَّذِى"
6,72,7,"إِلَىٰ"
6,72,8,"ح ش ر"
6,73,2,"ٱلَّذِى"
6,73,3,"خ ل ق"
6,73,4,"س م و"
6,73,5,"ا ر ض"
6,73,6,"ح ق ق"
6,73,7,"ي و م"
6,73,8,"ق و ل"
6,73,9,"ك و ن"
6,73,10,"ك و ن"
6,73,11,"ق و ل"
6,73,12,"ح ق ق"
6,73,14,"م ل ك"
6,73,15,"ي و م"
6,73,16,"ن ف خ"
6,73,18,"ص و ر"
6,73,19,"ع ل م"
6,73,20,"غ ي ب"
6,73,21,"ش ه د"
6,73,23,"ح ك م"
6,73,24,"خ ب ر"
6,74,1,"إِذ"
6,74,2,"ق و ل"
6,74,3,"إِبْرَاهِيم"
6,74,4,"ا ب و"
6,74,5,"آزَر"
6,74,6,"ا خ ذ"
6,74,7,"ص ن م"
6,74,8,"ا ل ه"
6,74,10,"ر ا ي"
6,74,11,"ق و م"
6,74,13,"ض ل ل"
6,74,14,"ب ي ن"
6,75,2,"ر ا ي"
6,75,3,"إِبْرَاهِيم"
6,75,4,"م ل ك"
6,75,5,"س م و"
6,75,6,"ا ر ض"
6,75,7,"ك و ن"
6,75,9,"ي ق ن"
6,76,2,"ج ن ن"
6,76,4,"ل ي ل"
6,76,5,"ر ا ي"
6,76,6,"ك و ك ب"
6,76,7,"ق و ل"
6,76,9,"ر ب ب"
6,76,11,"ا ف ل"
6,76,12,"ق و ل"
6,76,14,"ح ب ب"
6,76,15,"ا ف ل"
6,77,2,"ر ا ي"
6,77,3,"ق م ر"
6,77,4,"ب ز غ"
6,77,5,"ق و ل"
6,77,7,"ر ب ب"
6,77,9,"ا ف ل"
6,77,10,"ق و ل"
6,77,13,"ه د ي"
6,77,14,"ر ب ب"
6,77,15,"ك و ن"
6,77,17,"ق و م"
6,77,18,"ض ل ل"
6,78,2,"ر ا ي"
6,78,3,"ش م س"
6,78,4,"ب ز غ"
6,78,5,"ق و ل"
6,78,7,"ر ب ب"
6,78,9,"ك ب ر"
6,78,11,"ا ف ل"
6,78,12,"ق و ل"
6,78,13,"ق و م"
6,78,15,"ب ر ا"
6,78,17,"ش ر ك"
6,79,2,"و ج ه"
6,79,3,"و ج ه"
6,79,4,"ٱلَّذِى"
6,79,5,"ف ط ر"
6,79,6,"س م و"
6,79,7,"ا ر ض"
6,79,8,"ح ن ف"
6,79,12,"ش ر ك"
6,80,1,"ح ج ج"
6,80,2,"ق و م"
6,80,3,"ق و ل"
6,80,4,"ح ج ج"
6,80,6,"ا ل ه"
6,80,8,"ه د ي"
6,80,10,"خ و ف"
6,80,12,"ش ر ك"
6,80,14,"إِلَّا"
6,80,16,"ش ي ا"
6,80,17,"ر ب ب"
6,80,18,"ش ي ا"
6,80,19,"و س ع"
6,80,20,"ر ب ب"
6,80,21,"ك ل ل"
6,80,22,"ش ي ا"
6,80,23,"ع ل م"
6,80,25,"ذ ك ر"
6,81,1,"ك ي ف"
6,81,2,"خ و ف"
6,81,4,"ش ر ك"
6,81,6,"خ و ف"
6,81,8,"ش ر ك"
6,81,9,"ا ل ه"
6,81,12,"ن ز ل"
6,81,15,"س ل ط"
6,81,17,"ف ر ق"
6,81,18,"ح ق ق"
6,81,19,"ا م ن"
6,81,21,"ك و ن"
6,81,22,"ع ل م"
6,82,1,"ٱلَّذِى"
6,82,2,"ا م ن"
6,82,4,"ل ب س"
6,82,5,"ا م ن"
6,82,6,"ظ ل م"
6,82,9,"ا م ن"
6,82,11,"ه د ي"
6,83,2,"ح ج ج"
6,83,3,"ا ت ي"
6,83,4,"إِبْرَاهِيم"
6,83,6,"ق و م"
6,83,7,"ر ف ع"
6,83,8,"د ر ج"
6,83,10,"ش ي ا"
6,83,12,"ر ب ب"
6,83,13,"ح ك م"
6,83,14,"ع ل م"
6,84,1,"و ه ب"
6,84,3,"إِسْحَاق"
6,84,5,"ك ل ل"
6,84,6,"ه د ي"
6,84,8,"ه د ي"
6,84,10,"ق ب ل"
6,84,12,"ذ ر ر"
6,84,20,"ج ز ي"
6,84,21,"ح س ن"
6,85,4,"إِلْيَاس"
6,85,5,"ك ل ل"
6,85,7,"ص ل ح"
6,86,1,"إِسْمَاعِيل"
6,86,2,"ٱلْيَسَعَ"
6,86,5,"ك ل ل"
6,86,6,"ف ض ل"
6,86,8,"ع ل م"
6,87,2,"ا ب و"
6,87,3,"ذ ر ر"
6,87,4,"ا خ و"
6,87,5,"ج ب ي"
6,87,6,"ه د ي"
6,87,7,"إِلَىٰ"
6,87,8,"ص ر ط"
6,87,9,"ق و م"
6,88,2,"ه د ي"
6,88,3,"ا ل ه"
6,88,4,"ه د ي"
6,88,7,"ش ي ا"
6,88,9,"ع ب د"
6,88,11,"ش ر ك"
6,88,12,"ح ب ط"
6,88,15,"ك و ن"
6,88,16,"ع م ل"
6,89,2,"ٱلَّذِى"
6,89,3,"ا ت ي"
6,89,4,"ك ت ب"
6,89,5,"ح ك م"
6,89,6,"ن ب ا"
6,89,8,"ك ف ر"
6,89,12,"و ك ل"
6,89,14,"ق و م"
6,89,15,"ل ي س"
6,89,17,"ك ف ر"
6,90,2,"ٱلَّذِى"
6,90,3,"ه د ي"
6,90,4,"ا ل ه"
6,90,5,"ه د ي"
6,90,6,"ق د و"
6,90,7,"ق و ل"
6,90,9,"س ا ل"
6,90,11,"ا ج ر"
6,90,14,"إِلَّا"
6,90,15,"ذ ك ر"
6,90,16,"ع ل م"
6,91,2,"ق د ر"
6,91,3,"ا ل ه"
6,91,4,"ح ق ق"
6,91,5,"ق د ر"
6,91,6,"إِذ"
6,91,7,"ق و ل"
6,91,9,"ن ز ل"
6,91,10,"ا ل ه"
6,91,12,"ب ش ر"
6,91,14,"ش ي ا"
6,91,15,"ق و ل"
6,91,17,"ن ز ل"
6,91,18,"ك ت ب"
6,91,19,"ٱلَّذِى"
6,91,20,"ج ي ا"
6,91,23,"ن و ر"
6,91,24,"ه د ي"
6,91,25,"ن و س"
6,91,26,"ج ع ل"
6,91,27,"ق ر ط س"
6,91,28,"ب د و"
6,91,29,"خ ف ي"
6,91,30,"ك ث ر"
6,91,31,"ع ل م"
6,91,34,"ع ل م"
6,91,37,"ا ب و"
6,91,38,"ق و ل"
6,91,39,"ا ل ه"
6,91,41,"و ذ ر"
6,91,43,"خ و ض"
6,91,44,"ل ع ب"
6,92,2,"ك ت ب"
6,92,3,"ن ز ل"
6,92,4,"ب ر ك"
6,92,5,"ص د ق"
6,92,6,"ٱلَّذِى"
6,92,7,"ب ي ن"
6,92,8,"ي د ي"
6,92,9,"ن ذ ر"
6,92,10,"ا م م"
6,92,11,"ق ر ي"
6,92,13,"ح و ل"
6,92,14,"ٱلَّذِى"
6,92,15,"ا م ن"
6,92,16,"ا خ ر"
6,92,17,"ا م ن"
6,92,21,"ص ل و"
6,92,22,"ح ف ظ"
6,93,2,"ظ ل م"
6,93,4,"ف ر ي"
6,93,6,"ا ل ه"
6,93,7,"ك ذ ب"
6,93,9,"ق و ل"
6,93,10,"و ح ي"
6,93,11,"إِلَىٰ"
6,93,13,"و ح ي"
6,93,14,"إِلَىٰ"
6,93,15,"ش ي ا"
6,93,17,"ق و ل"
6,93,18,"ن ز ل"
6,93,19,"م ث ل"
6,93,21,"ن ز ل"
6,93,22,"ا ل ه"
6,93,24,"ر ا ي"
6,93,25,"إِذ"
6,93,26,"ظ ل م"
6,93,28,"غ م ر"
6,93,29,"م و ت"
6,93,30,"م ل ك"
6,93,31,"ب س ط"
6,93,32,"ي د ي"
6,93,33,"خ ر ج"
6,93,34,"ن ف س"
6,93,35,"ي و م"
6,93,36,"ج ز ي"
6,93,37,"ع ذ ب"
6,93,38,"ه و ن"
6,93,40,"ك و ن"
6,93,41,"ق و ل"
6,93,43,"ا ل ه"
6,93,44,"غ ي ر"
6,93,45,"ح ق ق"
6,93,46,"ك و ن"
6,93,48,"ا ي ي"
6,93,49,"ك ب ر"
6,94,2,"ج ي ا"
6,94,3,"ف ر د"
6,94,5,"خ ل ق"
6,94,6,"ا و ل"
6,94,7,"م ر ر"
6,94,8,"ت ر ك"
6,94,10,"خ و ل"
6,94,11,"و ر ي"
6,94,12,"ظ ه ر"
6,94,14,"ر ا ي"
6,94,16,"ش ف ع"
6,94,17,"ٱلَّذِى"
6,94,18,"ز ع م"
6,94,21,"ش ر ك"
6,94,23,"ق ط ع"
6,94,24,"ب ي ن"
6,94,25,"ض ل ل"
6,94,28,"ك و ن"
6,94,29,"ز ع م"
6,95,2,"ا ل ه"
6,95,3,"ف ل ق"
6,95,4,"ح ب ب"
6,95,5,"ن و ي"
6,95,6,"خ ر ج"
6,95,7,"ح ي ي"
6,95,9,"م و ت"
6,95,10,"خ ر ج"
6,95,11,"م و ت"
6,95,13,"ح ي ي"
6,95,15,"ا ل ه"
6,95,16,"ا ن ي"
6,95,17,"ا ف ك"
6,96,1,"ف ل ق"
6,96,2,"ص ب ح"
6,96,3,"ج ع ل"
6,96,4,"ل ي ل"
6,96,5,"س ك ن"
6,96,6,"ش م س"
6,96,7,"ق م ر"
6,96,8,"ح س ب"
6,96,10,"ق د ر"
6,96,11,"ع ز ز"
6,96,12,"ع ل م"
6,97,2,"ٱلَّذِى"
6,97,3,"ج ع ل"
6,97,5,"ن ج م"
6,97,6,"ه د ي"
6,97,9,"ظ ل م"
6,97,10,"ب ر ر"
6,97,11,"ب ح ر"
6,97,13,"ف ص ل"
6,97,14,"ا ي ي"
6,97,15,"ق و م"
6,97,16,"ع ل م"
6,98,2,"ٱلَّذِى"
6,98,3,"ن ش ا"
6,98,5,"ن ف س"
6,98,6,"و ح د"
6,98,7,"ق ر ر"
6,98,8,"و د ع"
6,98,10,"ف ص ل"
6,98,11,"ا ي ي"
6,98,12,"ق و م"
6,98,13,"ف ق ه"
6,99,2,"ٱلَّذِى"
6,99,3,"ن ز ل"
6,99,5,"س م و"
6,99,6,"م و ه"
6,99,7,"خ ر ج"
6,99,9,"ن ب ت"
6,99,10,"ك ل ل"
6,99,11,"ش ي ا"
6,99,12,"خ ر ج"
6,99,14,"خ ض ر"
6,99,15,"خ ر ج"
6,99,17,"ح ب ب"
6,99,18,"ر ك ب"
6,99,20,"ن خ ل"
6,99,22,"ط ل ع"
6,99,23,"ق ن و"
6,99,24,"د ن و"
6,99,25,"ج ن ن"
6,99,27,"ع ن ب"
6,99,28,"ز ي ت"
6,99,29,"ر م ن"
6,99,30,"ش ب ه"
6,99,31,"غ ي ر"
6,99,32,"ش ب ه"
6,99,33,"ن ظ ر"
6,99,34,"إِلَىٰ"
6,99,35,"ث م ر"
6,99,36,"إِذَا"
6,99,37,"ث م ر"
6,99,38,"ي ن ع"
6,99,42,"ا ي ي"
6,99,43,"ق و م"
6,99,44,"ا م ن"
6,100,1,"ج ع ل"
6,100,2,"ا ل ه"
6,100,3,"ش ر ك"
6,100,4,"ج ن ن"
6,100,5,"خ ل ق"
6,100,6,"خ ر ق"
6,100,8,"ب ن ي"
6,100,9,"ب ن ي"
6,100,10,"غ ي ر"
6,100,11,"ع ل م"
6,100,12,"س ب ح"
6,100,13,"ع ل و"
6,100,15,"و ص ف"
6,101,1,"ب د ع"
6,101,2,"س م و"
6,101,3,"ا ر ض"
6,101,4,"ا ن ي"
6,101,5,"ك و ن"
6,101,7,"و ل د"
6,101,9,"ك و ن"
6,101,11,"ص ح ب"
6,101,12,"خ ل ق"
6,101,13,"ك ل ل"
6,101,14,"ش ي ا"
6,101,16,"ك ل ل"
6,101,17,"ش ي ا"
6,101,18,"ع ل م"
6,102,2,"ا ل ه"
6,102,3,"ر ب ب"
6,102,5,"ا ل ه"
6,102,6,"إِلَّا"
6,102,8,"خ ل ق"
6,102,9,"ك ل ل"
6,102,10,"ش ي ا"
6,102,11,"ع ب د"
6,102,14,"ك ل ل"
6,102,15,"ش ي ا"
6,102,16,"و ك ل"
6,103,2,"د ر ك"
6,103,3,"ب ص ر"
6,103,5,"د ر ك"
6,103,6,"ب ص ر"
6,103,8,"ل ط ف"
6,103,9,"خ ب ر"
6,104,2,"ج ي ا"
6,104,3,"ب ص ر"
6,104,5,"ر ب ب"
6,104,7,"ب ص ر"
6,104,8,"ن ف س"
6,104,10,"ع م ي"
6,104,15,"ح ف ظ"
6,105,2,"ص ر ف"
6,105,3,"ا ي ي"
6,105,4,"ق و ل"
6,105,5,"د ر س"
6,105,6,"ب ي ن"
6,105,7,"ق و م"
6,105,8,"ع ل م"
6,106,1,"ت ب ع"
6,106,3,"و ح ي"
6,106,4,"إِلَىٰ"
6,106,6,"ر ب ب"
6,106,8,"ا ل ه"
6,106,9,"إِلَّا"
6,106,11,"ع ر ض"
6,106,13,"ش ر ك"
6,107,2,"ش ي ا"
6,107,3,"ا ل ه"
6,107,5,"ش ر ك"
6,107,7,"ج ع ل"
6,107,9,"ح ف ظ"
6,107,13,"و ك ل"
6,108,2,"س ب ب"
6,108,3,"ٱلَّذِى"
6,108,4,"د ع و"
6,108,6,"د و ن"
6,108,7,"ا ل ه"
6,108,8,"س ب ب"
6,108,9,"ا ل ه"
6,108,10,"ع د و"
6,108,11,"غ ي ر"
6,108,12,"ع ل م"
6,108,14,"ز ي ن"
6,108,15,"ك ل ل"
6,108,16,"ا م م"
6,108,17,"ع م ل"
6,108,19,"إِلَىٰ"
6,108,20,"ر ب ب"
6,108,21,"ر ج ع"
6,108,22,"ن ب ا"
6,108,24,"ك و ن"
6,108,25,"ع م ل"
6,109,1,"ق س م"
6,109,2,"ا ل ه"
6,109,3,"ج ه د"
6,109,4,"ي م ن"
6,109,6,"ج ي ا"
6,109,7,"ا ي ي"
6,109,8,"ا م ن"
6,109,10,"ق و ل"
6,109,12,"ا ي ي"
6,109,13,"ع ن د"
6,109,14,"ا ل ه"
6,109,16,"ش ع ر"
6,109,18,"إِذَا"
6,109,19,"ج ي ا"
6,109,21,"ا م ن"
6,110,1,"ق ل ب"
6,110,2,"ف ا د"
6,110,3,"ب ص ر"
6,110,6,"ا م ن"
6,110,8,"ا و ل"
6,110,9,"م ر ر"
6,110,10,"و ذ ر"
6,110,12,"ط غ ي"
6,110,13,"ع م ه"
6,111,3,"ن ز ل"
6,111,4,"إِلَىٰ"
6,111,5,"م ل ك"
6,111,6,"ك ل م"
6,111,7,"م و ت"
6,111,8,"ح ش ر"
6,111,10,"ك ل ل"
6,111,11,"ش ي ا"
6,111,12,"ق ب ل"
6,111,14,"ك و ن"
6,111,15,"ا م ن"
6,111,16,"إِلَّا"
6,111,18,"ش ي ا"
6,111,19,"ا ل ه"
6,111,21,"ك ث ر"
6,111,22,"ج ه ل"
6,112,2,"ج ع ل"
6,112,3,"ك ل ل"
6,112,4,"ن ب ا"
6,112,5,"ع د و"
6,112,6,"ش ط ن"
6,112,7,"ا ن س"
6,112,8,"ج ن ن"
6,112,9,"و ح ي"
6,112,10,"ب ع ض"
6,112,11,"إِلَىٰ"
6,112,12,"ب ع ض"
6,112,13,"ز خ ر ف"
6,112,14,"ق و ل"
6,112,15,"غ ر ر"
6,112,17,"ش ي ا"
6,112,18,"ر ب ب"
6,112,20,"ف ع ل"
6,112,21,"و ذ ر"
6,112,23,"ف ر ي"
6,113,1,"ص غ و"
6,113,2,"إِلَىٰ"
6,113,3,"ف ا د"
6,113,4,"ٱلَّذِى"
6,113,6,"ا م ن"
6,113,7,"ا خ ر"
6,113,8,"ر ض و"
6,113,9,"ق ر ف"
6,113,12,"ق ر ف"
6,114,1,"غ ي ر"
6,114,2,"ا ل ه"
6,114,3,"ب غ ي"
6,114,4,"ح ك م"
6,114,6,"ٱلَّذِى"
6,114,7,"ن ز ل"
6,114,8,"إِلَىٰ"
6,114,9,"ك ت ب"
6,114,10,"ف ص ل"
6,114,11,"ٱلَّذِى"
6,114,12,"ا ت ي"
6,114,13,"ك ت ب"
6,114,14,"ع ل م"
6,114,16,"ن ز ل"
6,114,18,"ر ب ب"
6,114,19,"ح ق ق"
6,114,21,"ك و ن"
6,114,23,"م ر ي"
6,115,1,"ت م م"
6,115,2,"ك ل م"
6,115,3,"ر ب ب"
6,115,4,"ص د ق"
6,115,5,"ع د ل"
6,115,7,"ب د ل"
6,115,8,"ك ل م"
6,115,10,"س م ع"
6,115,11,"ع ل م"
6,116,2,"ط و ع"
6,116,3,"ك ث ر"
6,116,6,"ا ر ض"
6,116,7,"ض ل ل"
6,116,9,"س ب ل"
6,116,10,"ا ل ه"
6,116,12,"ت ب ع"
6,116,13,"إِلَّا"
6,116,14,"ظ ن ن"
6,116,17,"إِلَّا"
6,116,18,"خ ر ص"
6,117,2,"ر ب ب"
6,117,4,"ع ل م"
6,117,6,"ض ل ل"
6,117,8,"س ب ل"
6,117,10,"ع ل م"
6,117,11,"ه د ي"
6,118,1,"ا ك ل"
6,118,3,"ذ ك ر"
6,118,4,"س م و"
6,118,5,"ا ل ه"
6,118,8,"ك و ن"
6,118,9,"ا ي ي"
6,118,10,"ا م ن"
6,119,4,"ا ك ل"
6,119,6,"ذ ك ر"
6,119,7,"س م و"
6,119,8,"ا ل ه"
6,119,11,"ف ص ل"
6,119,14,"ح ر م"
6,119,16,"إِلَّا"
6,119,18,"ض ر ر"
6,119,19,"إِلَىٰ"
6,119,21,"ك ث ر"
6,119,22,"ض ل ل"
6,119,23,"ه و ي"
6,119,24,"غ ي ر"
6,119,25,"ع ل م"
6,119,27,"ر ب ب"
6,119,29,"ع ل م"
6,119,30,"ع د و"
6,120,1,"و ذ ر"
6,120,2,"ظ ه ر"
6,120,3,"ا ث م"
6,120,4,"ب ط ن"
6,120,6,"ٱلَّذِى"
6,120,7,"ك س ب"
6,120,8,"ا ث م"
6,120,9,"ج ز ي"
6,120,11,"ك و ن"
6,120,12,"ق ر ف"
6,121,2,"ا ك ل"
6,121,5,"ذ ك ر"
6,121,6,"س م و"
6,121,7,"ا ل ه"
6,121,10,"ف س ق"
6,121,12,"ش ط ن"
6,121,13,"و ح ي"
6,121,14,"إِلَىٰ"
6,121,15,"و ل ي"
6,121,16,"ج د ل"
6,121,18,"ط و ع"
6,121,20,"ش ر ك"
6,122,2,"ك و ن"
6,122,3,"م و ت"
6,122,4,"ح ي ي"
6,122,5,"ج ع ل"
6,122,7,"ن و ر"
6,122,8,"م ش ي"
6,122,11,"ن و س"
6,122,13,"م ث ل"
6,122,15,"ظ ل م"
6,122,16,"ل ي س"
6,122,17,"خ ر ج"
6,122,20,"ز ي ن"
6,122,21,"ك ف ر"
6,122,23,"ك و ن"
6,122,24,"ع م ل"
6,123,2,"ج ع ل"
6,123,4,"ك ل ل"
6,123,5,"ق ر ي"
6,123,6,"ك ب ر"
6,123,7,"ج ر م"
6,123,8,"م ك ر"
6,123,11,"م ك ر"
6,123,12,"إِلَّا"
6,123,13,"ن ف س"
6,123,15,"ش ع ر"
6,124,1,"إِذَا"
6,124,2,"ج ي ا"
6,124,3,"ا ي ي"
6,124,4,"ق و ل"
6,124,6,"ا م ن"
6,124,8,"ا ت ي"
6,124,9,"م ث ل"
6,124,11,"ا ت ي"
6,124,12,"ر س ل"
6,124,13,"ا ل ه"
6,124,14,"ا ل ه"
6,124,15,"ع ل م"
6,124,16,"ح ي ث"
6,124,17,"ج ع ل"
6,124,18,"ر س ل"
6,124,19,"ص و ب"
6,124,20,"ٱلَّذِى"
6,124,21,"ج ر م"
6,124,22,"ص غ ر"
6,124,23,"ع ن د"
6,124,24,"ا ل ه"
6,124,25,"ع ذ ب"
6,124,26,"ش د د"
6,124,28,"ك و ن"
6,124,29,"م ك ر"
6,125,2,"ر و د"
6,125,3,"ا ل ه"
6,125,5,"ه د ي"
6,125,6,"ش ر ح"
6,125,7,"ص د ر"
6,125,8,"س ل م"
6,125,10,"ر و د"
6,125,12,"ض ل ل"
6,125,13,"ج ع ل"
6,125,14,"ص د ر"
6,125,15,"ض ي ق"
6,125,16,"ح ر ج"
6,125,18,"ص ع د"
6,125,20,"س م و"
6,125,22,"ج ع ل"
6,125,23,"ا ل ه"
6,125,24,"ر ج س"
6,125,26,"ٱلَّذِى"
6,125,28,"ا م ن"
6,126,2,"ص ر ط"
6,126,3,"ر ب ب"
6,126,4,"ق و م"
6,126,6,"ف ص ل"
6,126,7,"ا ي ي"
6,126,8,"ق و م"
6,126,9,"ذ ك ر"
6,127,2,"د و ر"
6,127,3,"س ل م"
6,127,4,"ع ن د"
6,127,5,"ر ب ب"
6,127,7,"و ل ي"
6,127,9,"ك و ن"
6,127,10,"ع م ل"
6,128,1,"ي و م"
6,128,2,"ح ش ر"
6,128,3,"ج م ع"
6,128,4,"ع ش ر"
6,128,5,"ج ن ن"
6,128,7,"ك ث ر"
6,128,9,"ا ن س"
6,128,10,"ق و ل"
6,128,11,"و ل ي"
6,128,13,"ا ن س"
6,128,14,"ر ب ب"
6,128,15,"م ت ع"
6,128,16,"ب ع ض"
6,128,17,"ب ع ض"
6,128,18,"ب ل غ"
6,128,19,"ا ج ل"
6,128,20,"ٱلَّذِى"
6,128,21,"ا ج ل"
6,128,23,"ق و ل"
6,128,24,"ن و ر"
6,128,25,"ث و ي"
6,128,26,"خ ل د"
6,128,28,"إِلَّا"
6,128,30,"ش ي ا"
6,128,31,"ا ل ه"
6,128,33,"ر ب ب"
6,128,34,"ح ك م"
6,128,35,"ع ل م"
6,129,2,"و ل ي"
6,129,3,"ب ع ض"
6,129,4,"ظ ل م"
6,129,5,"ب ع ض"
6,129,7,"ك و ن"
6,129,8,"ك س ب"
6,130,1,"ع ش ر"
6,130,2,"ج ن ن"
6,130,3,"ا ن س"
6,130,5,"ا ت ي"
6,130,6,"ر س ل"
6,130,8,"ق ص ص"
6,130,10,"ا ي ي"
6,130,11,"ن ذ ر"
6,130,12,"ل ق ي"
6,130,13,"ي و م"
6,130,15,"ق و ل"
6,130,16,"ش ه د"
6,130,18,"ن ف س"
6,130,19,"غ ر ر"
6,130,20,"ح ي ي"
6,130,21,"د ن و"
6,130,22,"ش ه د"
6,130,24,"ن ف س"
6,130,26,"ك و ن"
6,130,27,"ك ف ر"
6,131,4,"ك و ن"
6,131,5,"ر ب ب"
6,131,6,"ه ل ك"
6,131,7,"ق ر ي"
6,131,8,"ظ ل م"
6,131,9,"ا ه ل"
6,131,10,"غ ف ل"
6,132,1,"ك ل ل"
6,132,2,"د ر ج"
6,132,4,"ع م ل"
6,132,6,"ر ب ب"
6,132,7,"غ ف ل"
6,132,9,"ع م ل"
6,133,1,"ر ب ب"
6,133,2,"غ ن ي"
6,133,4,"ر ح م"
6,133,6,"ش ي ا"
6,133,7,"ذ ه ب"
6,133,8,"خ ل ف"
6,133,10,"ب ع د"
6,133,12,"ش ي ا"
6,133,14,"ن ش ا"
6,133,16,"ذ ر ر"
6,133,17,"ق و م"
6,133,18,"ا خ ر"
6,134,3,"و ع د"
6,134,4,"ا ت ي"
6,134,7,"ع ج ز"
6,135,1,"ق و ل"
6,135,2,"ق و م"
6,135,3,"ع م ل"
6,135,5,"ك و ن"
6,135,7,"ع م ل"
6,135,9,"ع ل م"
6,135,11,"ك و ن"
6,135,13,"ع ق ب"
6,135,14,"د و ر"
6,135,17,"ف ل ح"
6,135,18,"ظ ل م"
6,136,1,"ج ع ل"
6,136,2,"ا ل ه"
6,136,4,"ذ ر ا"
6,136,6,"ح ر ث"
6,136,7,"ن ع م"
6,136,8,"ن ص ب"
6,136,9,"ق و ل"
6,136,11,"ا ل ه"
6,136,12,"ز ع م"
6,136,14,"ش ر ك"
6,136,16,"ك و ن"
6,136,17,"ش ر ك"
6,136,19,"و ص ل"
6,136,20,"إِلَىٰ"
6,136,21,"ا ل ه"
6,136,23,"ك و ن"
6,136,24,"ا ل ه"
6,136,26,"و ص ل"
6,136,27,"إِلَىٰ"
6,136,28,"ش ر ك"
6,136,29,"س و ا"
6,136,31,"ح ك م"
6,137,2,"ز ي ن"
6,137,3,"ك ث ر"
6,137,5,"ش ر ك"
6,137,6,"ق ت ل"
6,137,7,"و ل د"
6,137,8,"ش ر ك"
6,137,9,"ر د ي"
6,137,10,"ل ب س"
6,137,12,"د ي ن"
6,137,14,"ش ي ا"
6,137,15,"ا ل ه"
6,137,17,"ف ع ل"
6,137,18,"و ذ ر"
6,137,20,"ف ر ي"
6,138,1,"ق و ل"
6,138,3,"ن ع م"
6,138,4,"ح ر ث"
6,138,5,"ح ج ر"
6,138,7,"ط ع م"
6,138,8,"إِلَّا"
6,138,10,"ش ي ا"
6,138,11,"ز ع م"
6,138,12,"ن ع م"
6,138,13,"ح ر م"
6,138,14,"ظ ه ر"
6,138,15,"ن ع م"
6,138,17,"ذ ك ر"
6,138,18,"س م و"
6,138,19,"ا ل ه"
6,138,21,"ف ر ي"
6,138,23,"ج ز ي"
6,138,25,"ك و ن"
6,138,26,"ف ر ي"
6,139,1,"ق و ل"
6,139,4,"ب ط ن"
6,139,6,"ن ع م"
6,139,7,"خ ل ص"
6,139,8,"ذ ك ر"
6,139,9,"ح ر م"
6,139,11,"ز و ج"
6,139,13,"ك و ن"
6,139,14,"م و ت"
6,139,17,"ش ر ك"
6,139,18,"ج ز ي"
6,139,19,"و ص ف"
6,139,21,"ح ك م"
6,139,22,"ع ل م"
6,140,2,"خ س ر"
6,140,3,"ٱلَّذِى"
6,140,4,"ق ت ل"
6,140,5,"و ل د"
6,140,6,"س ف ه"
6,140,7,"غ ي ر"
6,140,8,"ع ل م"
6,140,9,"ح ر م"
6,140,11,"ر ز ق"
6,140,12,"ا ل ه"
6,140,13,"ف ر ي"
6,140,15,"ا ل ه"
6,140,17,"ض ل ل"
6,140,19,"ك و ن"
6,140,20,"ه د ي"
6,141,2,"ٱلَّذِى"
6,141,3,"ن ش ا"
6,141,4,"ج ن ن"
6,141,5,"ع ر ش"
6,141,6,"غ ي ر"
6,141,7,"ع ر ش"
6,141,8,"ن خ ل"
6,141,9,"ز ر ع"
6,141,10,"خ ل ف"
6,141,11,"ا ك ل"
6,141,12,"ز ي ت"
6,141,13,"ر م ن"
6,141,14,"ش ب ه"
6,141,15,"غ ي ر"
6,141,16,"ش ب ه"
6,141,17,"ا ك ل"
6,141,19,"ث م ر"
6,141,20,"إِذَا"
6,141,21,"ث م ر"
6,141,22,"ا ت ي"
6,141,23,"ح ق ق"
6,141,24,"ي و م"
6,141,25,"ح ص د"
6,141,27,"س ر ف"
6,141,30,"ح ب ب"
6,141,31,"س ر ف"
6,142,2,"ن ع م"
6,142,3,"ح م ل"
6,142,4,"ف ر ش"
6,142,5,"ا ك ل"
6,142,7,"ر ز ق"
6,142,8,"ا ل ه"
6,142,10,"ت ب ع"
6,142,11,"خ ط و"
6,142,12,"ش ط ن"
6,142,15,"ع د و"
6,142,16,"ب ي ن"
6,143,1,"ث م ن"
6,143,2,"ز و ج"
6,143,4,"ض ا ن"
6,143,5,"ث ن ي"
6,143,7,"م ع ز"
6,143,8,"ث ن ي"
6,143,9,"ق و ل"
6,143,10,"ذ ك ر"
6,143,11,"ح ر م"
6,143,12,"أَم"
6,143,13,"ا ن ث"
6,143,14,"أَم"
6,143,15,"ش م ل"
6,143,17,"ر ح م"
6,143,18,"ا ن ث"
6,143,19,"ن ب ا"
6,143,20,"ع ل م"
6,143,22,"ك و ن"
6,143,23,"ص د ق"
6,144,2,"ا ب ل"
6,144,3,"ث ن ي"
6,144,5,"ب ق ر"
6,144,6,"ث ن ي"
6,144,7,"ق و ل"
6,144,8,"ذ ك ر"
6,144,9,"ح ر م"
6,144,10,"أَم"
6,144,11,"ا ن ث"
6,144,12,"أَم"
6,144,13,"ش م ل"
6,144,15,"ر ح م"
6,144,16,"ا ن ث"
6,144,17,"أَم"
6,144,18,"ك و ن"
6,144,19,"ش ه د"
6,144,20,"إِذ"
6,144,21,"و ص ي"
6,144,22,"ا ل ه"
6,144,25,"ظ ل م"
6,144,27,"ف ر ي"
6,144,29,"ا ل ه"
6,144,30,"ك ذ ب"
6,144,31,"ض ل ل"
6,144,32,"ن و س"
6,144,33,"غ ي ر"
6,144,34,"ع ل م"
6,144,36,"ا ل ه"
6,144,38,"ه د ي"
6,144,39,"ق و م"
6,144,40,"ظ ل م"
6,145,1,"ق و ل"
6,145,3,"و ج د"
6,145,6,"و ح ي"
6,145,7,"إِلَىٰ"
6,145,8,"ح ر م"
6,145,10,"ط ع م"
6,145,11,"ط ع م"
6,145,12,"إِلَّا"
6,145,14,"ك و ن"
6,145,15,"م و ت"
6,145,17,"د م و"
6,145,18,"س ف ح"
6,145,20,"ل ح م"
6,145,21,"خ ن ز ر"
6,145,23,"ر ج س"
6,145,25,"ف س ق"
6,145,26,"ه ل ل"
6,145,27,"غ ي ر"
6,145,28,"ا ل ه"
6,145,31,"ض ر ر"
6,145,32,"غ ي ر"
6,145,33,"ب غ ي"
6,145,35,"ع د و"
6,145,37,"ر ب ب"
6,145,38,"غ ف ر"
6,145,39,"ر ح م"
6,146,2,"ٱلَّذِى"
6,146,3,"ه و د"
6,146,4,"ح ر م"
6,146,5,"ك ل ل"
6,146,7,"ظ ف ر"
6,146,9,"ب ق ر"
6,146,10,"غ ن م"
6,146,11,"ح ر م"
6,146,13,"ش ح م"
6,146,14,"إِلَّا"
6,146,16,"ح م ل"
6,146,17,"ظ ه ر"
6,146,19,"ح و ي"
6,146,22,"خ ل ط"
6,146,23,"ع ظ م"
6,146,25,"ج ز ي"
6,146,26,"ب غ ي"
6,146,28,"ص د ق"
6,147,2,"ك ذ ب"
6,147,3,"ق و ل"
6,147,4,"ر ب ب"
6,147,6,"ر ح م"
6,147,7,"و س ع"
6,147,9,"ر د د"
6,147,10,"ب ا س"
6,147,12,"ق و م"
6,147,13,"ج ر م"
6,148,1,"ق و ل"
6,148,2,"ٱلَّذِى"
6,148,3,"ش ر ك"
6,148,5,"ش ي ا"
6,148,6,"ا ل ه"
6,148,8,"ش ر ك"
6,148,10,"ا ب و"
6,148,12,"ح ر م"
6,148,14,"ش ي ا"
6,148,16,"ك ذ ب"
6,148,17,"ٱلَّذِى"
6,148,19,"ق ب ل"
6,148,21,"ذ و ق"
6,148,22,"ب ا س"
6,148,23,"ق و ل"
6,148,25,"ع ن د"
6,148,27,"ع ل م"
6,148,28,"خ ر ج"
6,148,31,"ت ب ع"
6,148,32,"إِلَّا"
6,148,33,"ظ ن ن"
6,148,36,"إِلَّا"
6,148,37,"خ ر ص"
6,149,1,"ق و ل"
6,149,2,"ا ل ه"
6,149,3,"ح ج ج"
6,149,4,"ب ل غ"
6,149,6,"ش ي ا"
6,149,7,"ه د ي"
6,149,8,"ج م ع"
6,150,1,"ق و ل"
6,150,2,"ل م م"
6,150,3,"ش ه د"
6,150,4,"ٱلَّذِى"
6,150,5,"ش ه د"
6,150,7,"ا ل ه"
6,150,8,"ح ر م"
6,150,11,"ش ه د"
6,150,13,"ش ه د"
6,150,16,"ت ب ع"
6,150,17,"ه و ي"
6,150,18,"ٱلَّذِى"
6,150,19,"ك ذ ب"
6,150,20,"ا ي ي"
6,150,21,"ٱلَّذِى"
6,150,23,"ا م ن"
6,150,24,"ا خ ر"
6,150,26,"ر ب ب"
6,150,27,"ع د ل"
6,151,1,"ق و ل"
6,151,2,"ع ل و"
6,151,3,"ت ل و"
6,151,5,"ح ر م"
6,151,6,"ر ب ب"
6,151,9,"ش ر ك"
6,151,11,"ش ي ا"
6,151,12,"و ل د"
6,151,13,"ح س ن"
6,151,15,"ق ت ل"
6,151,16,"و ل د"
6,151,18,"م ل ق"
6,151,20,"ر ز ق"
6,151,23,"ق ر ب"
6,151,24,"ف ح ش"
6,151,26,"ظ ه ر"
6,151,29,"ب ط ن"
6,151,31,"ق ت ل"
6,151,32,"ن ف س"
6,151,33,"ٱلَّذِى"
6,151,34,"ح ر م"
6,151,35,"ا ل ه"
6,151,36,"إِلَّا"
6,151,37,"ح ق ق"
6,151,39,"و ص ي"
6,151,42,"ع ق ل"
6,152,2,"ق ر ب"
6,152,3,"م و ل"
6,152,4,"ي ت م"
6,152,5,"إِلَّا"
6,152,6,"ٱلَّذِى"
6,152,8,"ح س ن"
6,152,10,"ب ل غ"
6,152,11,"ش د د"
6,152,12,"و ف ي"
6,152,13,"ك ي ل"
6,152,14,"و ز ن"
6,152,15,"ق س ط"
6,152,17,"ك ل ف"
6,152,18,"ن ف س"
6,152,19,"إِلَّا"
6,152,20,"و س ع"
6,152,21,"إِذَا"
6,152,22,"ق و ل"
6,152,23,"ع د ل"
6,152,25,"ك و ن"
6,152,27,"ق ر ب"
6,152,28,"ع ه د"
6,152,29,"ا ل ه"
6,152,30,"و ف ي"
6,152,32,"و ص ي"
6,152,35,"ذ ك ر"
6,153,3,"ص ر ط"
6,153,4,"ق و م"
6,153,5,"ت ب ع"
6,153,7,"ت ب ع"
6,153,8,"س ب ل"
6,153,9,"ف ر ق"
6,153,12,"س ب ل"
6,153,14,"و ص ي"
6,153,17,"و ق ي"
6,154,2,"ا ت ي"
6,154,4,"ك ت ب"
6,154,5,"ت م م"
6,154,7,"ٱلَّذِى"
6,154,8,"ح س ن"
6,154,9,"ف ص ل"
6,154,10,"ك ل ل"
6,154,11,"ش ي ا"
6,154,12,"ه د ي"
6,154,13,"ر ح م"
6,154,15,"ل ق ي"
6,154,16,"ر ب ب"
6,154,17,"ا م ن"
6,155,2,"ك ت ب"
6,155,3,"ن ز ل"
6,155,4,"ب ر ك"
6,155,5,"ت ب ع"
6,155,6,"و ق ي"
6,155,8,"ر ح م"
6,156,2,"ق و ل"
6,156,4,"ن ز ل"
6,156,5,"ك ت ب"
6,156,7,"ط و ف"
6,156,9,"ق ب ل"
6,156,11,"ك و ن"
6,156,13,"د ر س"
6,156,14,"غ ف ل"
6,157,2,"ق و ل"
6,157,5,"ن ز ل"
6,157,7,"ك ت ب"
6,157,8,"ك و ن"
6,157,9,"ه د ي"
6,157,12,"ج ي ا"
6,157,13,"ب ي ن"
6,157,15,"ر ب ب"
6,157,16,"ه د ي"
6,157,17,"ر ح م"
6,157,19,"ظ ل م"
6,157,21,"ك ذ ب"
6,157,22,"ا ي ي"
6,157,23,"ا ل ه"
6,157,24,"ص د ف"
6,157,26,"ج ز ي"
6,157,27,"ٱلَّذِى"
6,157,28,"ص د ف"
6,157,30,"ا ي ي"
6,157,31,"س و ا"
6,157,32,"ع ذ ب"
6,157,34,"ك و ن"
6,157,35,"ص د ف"
6,158,2,"ن ظ ر"
6,158,3,"إِلَّا"
6,158,5,"ا ت ي"
6,158,6,"م ل ك"
6,158,8,"ا ت ي"
6,158,9,"ر ب ب"
6,158,11,"ا ت ي"
6,158,12,"ب ع ض"
6,158,13,"ا ي ي"
6,158,14,"ر ب ب"
6,158,15,"ي و م"
6,158,16,"ا ت ي"
6,158,17,"ب ع ض"
6,158,18,"ا ي ي"
6,158,19,"ر ب ب"
6,158,21,"ن ف ع"
6,158,22,"ن ف س"
6,158,23,"ا م ن"
6,158,25,"ك و ن"
6,158,26,"ا م ن"
6,158,28,"ق ب ل"
6,158,30,"ك س ب"
6,158,32,"ا م ن"
6,158,33,"خ ي ر"
6,158,34,"ق و ل"
6,158,35,"ن ظ ر"
6,158,37,"ن ظ ر"
6,159,2,"ٱلَّذِى"
6,159,3,"ف ر ق"
6,159,4,"د ي ن"
6,159,5,"ك و ن"
6,159,6,"ش ي ع"
6,159,7,"ل ي س"
6,159,10,"ش ي ا"
6,159,12,"ا م ر"
6,159,13,"إِلَىٰ"
6,159,14,"ا ل ه"
6,159,16,"ن ب ا"
6,159,18,"ك و ن"
6,159,19,"ف ع ل"
6,160,2,"ج ي ا"
6,160,3,"ح س ن"
6,160,5,"ع ش ر"
6,160,6,"م ث ل"
6,160,8,"ج ي ا"
6,160,9,"س و ا"
6,160,11,"ج ز ي"
6,160,12,"إِلَّا"
6,160,13,"م ث ل"
6,160,16,"ظ ل م"
6,161,1,"ق و ل"
6,161,3,"ه د ي"
6,161,4,"ر ب ب"
6,161,5,"إِلَىٰ"
6,161,6,"ص ر ط"
6,161,7,"ق و م"
6,161,8,"د ي ن"
6,161,9,"ق و م"
6,161,10,"م ل ل"
6,161,11,"إِبْرَاهِيم"
6,161,12,"ح ن ف"
6,161,14,"ك و ن"
6,161,16,"ش ر ك"
6,162,1,"ق و ل"
6,162,3,"ص ل و"
6,162,4,"ن س ك"
6,162,5,"ح ي ي"
6,162,6,"م و ت"
6,162,7,"ا ل ه"
6,162,8,"ر ب ب"
6,162,9,"ع ل م"
6,163,2,"ش ر ك"
6,163,5,"ا م ر"
6,163,7,"ا و ل"
6,163,8,"س ل م"
6,164,1,"ق و ل"
6,164,2,"غ ي ر"
6,164,3,"ا ل ه"
6,164,4,"ب غ ي"
6,164,5,"ر ب ب"
6,164,7,"ر ب ب"
6,164,8,"ك ل ل"
6,164,9,"ش ي ا"
6,164,11,"ك س ب"
6,164,12,"ك ل ل"
6,164,13,"ن ف س"
6,164,14,"إِلَّا"
6,164,17,"و ز ر"
6,164,18,"و ز ر"
6,164,19,"و ز ر"
6,164,20,"ا خ ر"
6,164,22,"إِلَىٰ"
6,164,23,"ر ب ب"
6,164,24,"ر ج ع"
6,164,25,"ن ب ا"
6,164,27,"ك و ن"
6,164,29,"خ ل ف"
6,165,2,"ٱلَّذِى"
6,165,3,"ج ع ل"
6,165,4,"خ ل ف"
6,165,5,"ا ر ض"
6,165,6,"ر ف ع"
6,165,7,"ب ع ض"
6,165,8,"ف و ق"
6,165,9,"ب ع ض"
6,165,10,"د ر ج"
6,165,11,"ب ل و"
6,165,14,"ا ت ي"
6,165,16,"ر ب ب"
6,165,17,"س ر ع"
6,165,18,"ع ق ب"
6,165,20,"غ ف ر"
6,165,21,"ر ح م"
7,2,1,"ك ت ب"
7,2,2,"ن ز ل"
7,2,3,"إِلَىٰ"
7,2,5,"ك و ن"
7,2,7,"ص د ر"
7,2,8,"ح ر ج"
7,2,10,"ن ذ ر"
7,2,12,"ذ ك ر"
7,2,13,"ا م ن"
7,3,1,"ت ب ع"
7,3,3,"ن ز ل"
7,3,4,"إِلَىٰ"
7,3,6,"ر ب ب"
7,3,8,"ت ب ع"
7,3,10,"د و ن"
7,3,11,"و ل ي"
7,3,12,"ق ل ل"
7,3,14,"ذ ك ر"
7,4,3,"ق ر ي"
7,4,4,"ه ل ك"
7,4,5,"ج ي ا"
7,4,6,"ب ا س"
7,4,7,"ب ي ت"
7,4,10,"ق ي ل"
7,5,2,"ك و ن"
7,5,3,"د ع و"
7,5,4,"إِذ"
7,5,5,"ج ي ا"
7,5,6,"ب ا س"
7,5,7,"إِلَّا"
7,5,9,"ق و ل"
7,5,11,"ك و ن"
7,5,12,"ظ ل م"
7,6,1,"س ا ل"
7,6,2,"ٱلَّذِى"
7,6,3,"ر س ل"
7,6,4,"إِلَىٰ"
7,6,5,"س ا ل"
7,6,6,"ر س ل"
7,7,1,"ق ص ص"
7,7,3,"ع ل م"
7,7,5,"ك و ن"
7,7,6,"غ ي ب"
7,8,1,"و ز ن"
7,8,3,"ح ق ق"
7,8,5,"ث ق ل"
7,8,6,"و ز ن"
7,8,9,"ف ل ح"
7,9,2,"خ ف ف"
7,9,3,"و ز ن"
7,9,5,"ٱلَّذِى"
7,9,6,"خ س ر"
7,9,7,"ن ف س"
7,9,9,"ك و ن"
7,9,10,"ا ي ي"
7,9,11,"ظ ل م"
7,10,2,"م ك ن"
7,10,4,"ا ر ض"
7,10,5,"ج ع ل"
7,10,8,"ع ي ش"
7,10,9,"ق ل ل"
7,10,11,"ش ك ر"
7,11,2,"خ ل ق"
7,11,4,"ص و ر"
7,11,6,"ق و ل"
7,11,7,"م ل ك"
7,11,8,"س ج د"
7,11,9,"آدَم"
7,11,10,"س ج د"
7,11,11,"إِلَّا"
7,11,12,"إِبْلِيس"
7,11,14,"ك و ن"
7,11,16,"س ج د"
7,12,1,"ق و ل"
7,12,3,"م ن ع"
7,12,5,"س ج د"
7,12,6,"إِذ"
7,12,7,"ا م ر"
7,12,8,"ق و ل"
7,12,10,"خ ي ر"
7,12,12,"خ ل ق"
7,12,14,"ن و ر"
7,12,15,"خ ل ق"
7,12,17,"ط ي ن"
7,13,1,"ق و ل"
7,13,2,"ه ب ط"
7,13,5,"ك و ن"
7,13,8,"ك ب ر"
7,13,10,"خ ر ج"
7,13,13,"ص غ ر"
7,14,1,"ق و ل"
7,14,2,"ن ظ ر"
7,14,3,"إِلَىٰ"
7,14,4,"ي و م"
7,14,5,"ب ع ث"
7,15,1,"ق و ل"
7,15,4,"ن ظ ر"
7,16,1,"ق و ل"
7,16,3,"غ و ي"
7,16,4,"ق ع د"
7,16,6,"ص ر ط"
7,16,7,"ق و م"
7,17,2,"ا ت ي"
7,17,4,"ب ي ن"
7,17,5,"ي د ي"
7,17,7,"خ ل ف"
7,17,9,"ي م ن"
7,17,11,"ش م ل"
7,17,13,"و ج د"
7,17,14,"ك ث ر"
7,17,15,"ش ك ر"
7,18,1,"ق و ل"
7,18,2,"خ ر ج"
7,18,4,"ذ ا م"
7,18,5,"د ح ر"
7,18,7,"ت ب ع"
7,18,9,"م ل ا"
7,18,12,"ج م ع"
7,19,1,"آدَم"
7,19,2,"س ك ن"
7,19,4,"ز و ج"
7,19,5,"ج ن ن"
7,19,6,"ا ك ل"
7,19,8,"ح ي ث"
7,19,9,"ش ي ا"
7,19,11,"ق ر ب"
7,19,13,"ش ج ر"
7,19,14,"ك و ن"
7,19,16,"ظ ل م"
7,20,1,"و س و س"
7,20,3,"ش ط ن"
7,20,4,"ب د و"
7,20,7,"و ر ي"
7,20,10,"س و ا"
7,20,11,"ق و ل"
7,20,13,"ن ه ي"
7,20,14,"ر ب ب"
7,20,17,"ش ج ر"
7,20,18,"إِلَّا"
7,20,20,"ك و ن"
7,20,21,"م ل ك"
7,20,23,"ك و ن"
7,20,25,"خ ل د"
7,21,1,"ق س م"
7,21,5,"ن ص ح"
7,22,1,"د ل ل"
7,22,2,"غ ر ر"
7,22,4,"ذ و ق"
7,22,5,"ش ج ر"
7,22,6,"ب د و"
7,22,8,"س و ا"
7,22,9,"ط ف ق"
7,22,10,"خ ص ف"
7,22,13,"و ر ق"
7,22,14,"ج ن ن"
7,22,15,"ن د و"
7,22,16,"ر ب ب"
7,22,18,"ن ه ي"
7,22,21,"ش ج ر"
7,22,22,"ق و ل"
7,22,25,"ش ط ن"
7,22,27,"ع د و"
7,22,28,"ب ي ن"
7,23,1,"ق و ل"
7,23,2,"ر ب ب"
7,23,3,"ظ ل م"
7,23,4,"ن ف س"
7,23,7,"غ ف ر"
7,23,9,"ر ح م"
7,23,10,"ك و ن"
7,23,12,"خ س ر"
7,24,1,"ق و ل"
7,24,2,"ه ب ط"
7,24,3,"ب ع ض"
7,24,4,"ب ع ض"
7,24,5,"ع د و"
7,24,8,"ا ر ض"
7,24,9,"ق ر ر"
7,24,10,"م ت ع"
7,24,11,"إِلَىٰ"
7,24,12,"ح ي ن"
7,25,1,"ق و ل"
7,25,3,"ح ي ي"
7,25,5,"م و ت"
7,25,7,"خ ر ج"
7,26,1,"ب ن ي"
7,26,2,"آدَم"
7,26,4,"ن ز ل"
7,26,6,"ل ب س"
7,26,7,"و ر ي"
7,26,8,"س و ا"
7,26,9,"ر ي ش"
7,26,10,"ل ب س"
7,26,11,"و ق ي"
7,26,13,"خ ي ر"
7,26,16,"ا ي ي"
7,26,17,"ا ل ه"
7,26,19,"ذ ك ر"
7,27,1,"ب ن ي"
7,27,2,"آدَم"
7,27,4,"ف ت ن"
7,27,5,"ش ط ن"
7,27,7,"خ ر ج"
7,27,8,"ا ب و"
7,27,10,"ج ن ن"
7,27,11,"ن ز ع"
7,27,13,"ل ب س"
7,27,14,"ر ا ي"
7,27,15,"س و ا"
7,27,17,"ر ا ي"
7,27,19,"ق ب ل"
7,27,21,"ح ي ث"
7,27,23,"ر ا ي"
7,27,25,"ج ع ل"
7,27,26,"ش ط ن"
7,27,27,"و ل ي"
7,27,28,"ٱلَّذِى"
7,27,30,"ا م ن"
7,28,1,"إِذَا"
7,28,2,"ف ع ل"
7,28,3,"ف ح ش"
7,28,4,"ق و ل"
7,28,5,"و ج د"
7,28,7,"ا ب و"
7,28,8,"ا ل ه"
7,28,9,"ا م ر"
7,28,11,"ق و ل"
7,28,13,"ا ل ه"
7,28,15,"ا م ر"
7,28,16,"ف ح ش"
7,28,17,"ق و ل"
7,28,19,"ا ل ه"
7,28,22,"ع ل م"
7,29,1,"ق و ل"
7,29,2,"ا م ر"
7,29,3,"ر ب ب"
7,29,4,"ق س ط"
7,29,5,"ق و م"
7,29,6,"و ج ه"
7,29,7,"ع ن د"
7,29,8,"ك ل ل"
7,29,9,"س ج د"
7,29,10,"د ع و"
7,29,11,"خ ل ص"
7,29,13,"د ي ن"
7,29,15,"ب د ا"
7,29,16,"ع و د"
7,30,1,"ف ر ق"
7,30,2,"ه د ي"
7,30,3,"ف ر ق"
7,30,4,"ح ق ق"
7,30,6,"ض ل ل"
7,30,8,"ا خ ذ"
7,30,9,"ش ط ن"
7,30,10,"و ل ي"
7,30,12,"د و ن"
7,30,13,"ا ل ه"
7,30,14,"ح س ب"
7,30,16,"ه د ي"
7,31,1,"ب ن ي"
7,31,2,"آدَم"
7,31,3,"ا خ ذ"
7,31,4,"ز ي ن"
7,31,5,"ع ن د"
7,31,6,"ك ل ل"
7,31,7,"س ج د"
7,31,8,"ا ك ل"
7,31,9,"ش ر ب"
7,31,11,"س ر ف"
7,31,14,"ح ب ب"
7,31,15,"س ر ف"
7,32,1,"ق و ل"
7,32,3,"ح ر م"
7,32,4,"ز ي ن"
7,32,5,"ا ل ه"
7,32,6,"ٱلَّذِى"
7,32,7,"خ ر ج"
7,32,8,"ع ب د"
7,32,9,"ط ي ب"
7,32,11,"ر ز ق"
7,32,12,"ق و ل"
7,32,14,"ٱلَّذِى"
7,32,15,"ا م ن"
7,32,17,"ح ي ي"
7,32,18,"د ن و"
7,32,19,"خ ل ص"
7,32,20,"ي و م"
7,32,21,"ق و م"
7,32,23,"ف ص ل"
7,32,24,"ا ي ي"
7,32,25,"ق و م"
7,32,26,"ع ل م"
7,33,1,"ق و ل"
7,33,3,"ح ر م"
7,33,4,"ر ب ب"
7,33,5,"ف ح ش"
7,33,7,"ظ ه ر"
7,33,10,"ب ط ن"
7,33,11,"ا ث م"
7,33,12,"ب غ ي"
7,33,13,"غ ي ر"
7,33,14,"ح ق ق"
7,33,16,"ش ر ك"
7,33,17,"ا ل ه"
7,33,20,"ن ز ل"
7,33,22,"س ل ط"
7,33,24,"ق و ل"
7,33,26,"ا ل ه"
7,33,29,"ع ل م"
7,34,1,"ك ل ل"
7,34,2,"ا م م"
7,34,3,"ا ج ل"
7,34,4,"إِذَا"
7,34,5,"ج ي ا"
7,34,6,"ا ج ل"
7,34,8,"ا خ ر"
7,34,9,"س و ع"
7,34,11,"ق د م"
7,35,1,"ب ن ي"
7,35,2,"آدَم"
7,35,4,"ا ت ي"
7,35,5,"ر س ل"
7,35,7,"ق ص ص"
7,35,9,"ا ي ي"
7,35,11,"و ق ي"
7,35,12,"ص ل ح"
7,35,14,"خ و ف"
7,35,18,"ح ز ن"
7,36,1,"ٱلَّذِى"
7,36,2,"ك ذ ب"
7,36,3,"ا ي ي"
7,36,4,"ك ب ر"
7,36,7,"ص ح ب"
7,36,8,"ن و ر"
7,36,11,"خ ل د"
7,37,2,"ظ ل م"
7,37,4,"ف ر ي"
7,37,6,"ا ل ه"
7,37,7,"ك ذ ب"
7,37,9,"ك ذ ب"
7,37,10,"ا ي ي"
7,37,12,"ن ي ل"
7,37,13,"ن ص ب"
7,37,15,"ك ت ب"
7,37,17,"إِذَا"
7,37,18,"ج ي ا"
7,37,19,"ر س ل"
7,37,20,"و ف ي"
7,37,21,"ق و ل"
7,37,24,"ك و ن"
7,37,25,"د ع و"
7,37,27,"د و ن"
7,37,28,"ا ل ه"
7,37,29,"ق و ل"
7,37,30,"ض ل ل"
7,37,32,"ش ه د"
7,37,34,"ن ف س"
7,37,36,"ك و ن"
7,37,37,"ك ف ر"
7,38,1,"ق و ل"
7,38,2,"د خ ل"
7,38,4,"ا م م"
7,38,6,"خ ل و"
7,38,8,"ق ب ل"
7,38,10,"ج ن ن"
7,38,11,"ا ن س"
7,38,13,"ن و ر"
7,38,14,"ك ل ل"
7,38,15,"د خ ل"
7,38,16,"ا م م"
7,38,17,"ل ع ن"
7,38,18,"ا خ و"
7,38,20,"إِذَا"
7,38,21,"د ر ك"
7,38,23,"ج م ع"
7,38,24,"ق و ل"
7,38,25,"ا خ ر"
7,38,26,"ا و ل"
7,38,27,"ر ب ب"
7,38,29,"ض ل ل"
7,38,30,"ا ت ي"
7,38,31,"ع ذ ب"
7,38,32,"ض ع ف"
7,38,34,"ن و ر"
7,38,35,"ق و ل"
7,38,36,"ك ل ل"
7,38,37,"ض ع ف"
7,38,40,"ع ل م"
7,39,1,"ق و ل"
7,39,2,"ا و ل"
7,39,3,"ا خ ر"
7,39,5,"ك و ن"
7,39,9,"ف ض ل"
7,39,10,"ذ و ق"
7,39,11,"ع ذ ب"
7,39,13,"ك و ن"
7,39,14,"ك س ب"
7,40,2,"ٱلَّذِى"
7,40,3,"ك ذ ب"
7,40,4,"ا ي ي"
7,40,5,"ك ب ر"
7,40,8,"ف ت ح"
7,40,10,"ب و ب"
7,40,11,"س م و"
7,40,13,"د خ ل"
7,40,14,"ج ن ن"
7,40,16,"و ل ج"
7,40,17,"ج م ل"
7,40,19,"س م م"
7,40,20,"خ ي ط"
7,40,22,"ج ز ي"
7,40,23,"ج ر م"
7,41,4,"م ه د"
7,41,6,"ف و ق"
7,41,7,"غ ش و"
7,41,9,"ج ز ي"
7,41,10,"ظ ل م"
7,42,1,"ٱلَّذِى"
7,42,2,"ا م ن"
7,42,3,"ع م ل"
7,42,4,"ص ل ح"
7,42,6,"ك ل ف"
7,42,7,"ن ف س"
7,42,8,"إِلَّا"
7,42,9,"و س ع"
7,42,11,"ص ح ب"
7,42,12,"ج ن ن"
7,42,15,"خ ل د"
7,43,1,"ن ز ع"
7,43,4,"ص د ر"
7,43,6,"غ ل ل"
7,43,7,"ج ر ي"
7,43,9,"ت ح ت"
7,43,10,"ن ه ر"
7,43,11,"ق و ل"
7,43,12,"ح م د"
7,43,13,"ا ل ه"
7,43,14,"ٱلَّذِى"
7,43,15,"ه د ي"
7,43,18,"ك و ن"
7,43,19,"ه د ي"
7,43,22,"ه د ي"
7,43,23,"ا ل ه"
7,43,25,"ج ي ا"
7,43,26,"ر س ل"
7,43,27,"ر ب ب"
7,43,28,"ح ق ق"
7,43,29,"ن د و"
7,43,32,"ج ن ن"
7,43,33,"و ر ث"
7,43,35,"ك و ن"
7,43,36,"ع م ل"
7,44,1,"ن د و"
7,44,2,"ص ح ب"
7,44,3,"ج ن ن"
7,44,4,"ص ح ب"
7,44,5,"ن و ر"
7,44,8,"و ج د"
7,44,10,"و ع د"
7,44,11,"ر ب ب"
7,44,12,"ح ق ق"
7,44,14,"و ج د"
7,44,16,"و ع د"
7,44,17,"ر ب ب"
7,44,18,"ح ق ق"
7,44,19,"ق و ل"
7,44,21,"ا ذ ن"
7,44,22,"ا ذ ن"
7,44,23,"ب ي ن"
7,44,25,"ل ع ن"
7,44,26,"ا ل ه"
7,44,28,"ظ ل م"
7,45,1,"ٱلَّذِى"
7,45,2,"ص د د"
7,45,4,"س ب ل"
7,45,5,"ا ل ه"
7,45,6,"ب غ ي"
7,45,7,"ع و ج"
7,45,9,"ا خ ر"
7,45,10,"ك ف ر"
7,46,1,"ب ي ن"
7,46,2,"ح ج ب"
7,46,4,"ع ر ف"
7,46,5,"ر ج ل"
7,46,6,"ع ر ف"
7,46,7,"ك ل ل"
7,46,8,"س و م"
7,46,9,"ن د و"
7,46,10,"ص ح ب"
7,46,11,"ج ن ن"
7,46,13,"س ل م"
7,46,16,"د خ ل"
7,46,18,"ط م ع"
7,47,1,"إِذَا"
7,47,2,"ص ر ف"
7,47,3,"ب ص ر"
7,47,4,"ل ق ي"
7,47,5,"ص ح ب"
7,47,6,"ن و ر"
7,47,7,"ق و ل"
7,47,8,"ر ب ب"
7,47,10,"ج ع ل"
7,47,12,"ق و م"
7,47,13,"ظ ل م"
7,48,1,"ن د و"
7,48,2,"ص ح ب"
7,48,3,"ع ر ف"
7,48,4,"ر ج ل"
7,48,5,"ع ر ف"
7,48,6,"س و م"
7,48,7,"ق و ل"
7,48,9,"غ ن ي"
7,48,11,"ج م ع"
7,48,13,"ك و ن"
7,48,14,"ك ب ر"
7,49,2,"ٱلَّذِى"
7,49,3,"ق س م"
7,49,5,"ن ي ل"
7,49,6,"ا ل ه"
7,49,7,"ر ح م"
7,49,8,"د خ ل"
7,49,9,"ج ن ن"
7,49,11,"خ و ف"
7,49,15,"ح ز ن"
7,50,1,"ن د و"
7,50,2,"ص ح ب"
7,50,3,"ن و ر"
7,50,4,"ص ح ب"
7,50,5,"ج ن ن"
7,50,7,"ف ي ض"
7,50,10,"م و ه"
7,50,13,"ر ز ق"
7,50,14,"ا ل ه"
7,50,15,"ق و ل"
7,50,17,"ا ل ه"
7,50,18,"ح ر م"
7,50,20,"ك ف ر"
7,51,1,"ٱلَّذِى"
7,51,2,"ا خ ذ"
7,51,3,"د ي ن"
7,51,4,"ل ه و"
7,51,5,"ل ع ب"
7,51,6,"غ ر ر"
7,51,7,"ح ي ي"
7,51,8,"د ن و"
7,51,9,"ي و م"
7,51,10,"ن س ي"
7,51,12,"ن س ي"
7,51,13,"ل ق ي"
7,51,14,"ي و م"
7,51,17,"ك و ن"
7,51,18,"ا ي ي"
7,51,19,"ج ح د"
7,52,2,"ج ي ا"
7,52,3,"ك ت ب"
7,52,4,"ف ص ل"
7,52,6,"ع ل م"
7,52,7,"ه د ي"
7,52,8,"ر ح م"
7,52,9,"ق و م"
7,52,10,"ا م ن"
7,53,2,"ن ظ ر"
7,53,3,"إِلَّا"
7,53,4,"ا و ل"
7,53,5,"ي و م"
7,53,6,"ا ت ي"
7,53,7,"ا و ل"
7,53,8,"ق و ل"
7,53,9,"ٱلَّذِى"
7,53,10,"ن س ي"
7,53,12,"ق ب ل"
7,53,14,"ج ي ا"
7,53,15,"ر س ل"
7,53,16,"ر ب ب"
7,53,17,"ح ق ق"
7,53,21,"ش ف ع"
7,53,22,"ش ف ع"
7,53,25,"ر د د"
7,53,26,"ع م ل"
7,53,27,"غ ي ر"
7,53,28,"ٱلَّذِى"
7,53,29,"ك و ن"
7,53,30,"ع م ل"
7,53,32,"خ س ر"
7,53,33,"ن ف س"
7,53,34,"ض ل ل"
7,53,37,"ك و ن"
7,53,38,"ف ر ي"
7,54,2,"ر ب ب"
7,54,3,"ا ل ه"
7,54,4,"ٱلَّذِى"
7,54,5,"خ ل ق"
7,54,6,"س م و"
7,54,7,"ا ر ض"
7,54,9,"س ت ت"
7,54,10,"ي و م"
7,54,12,"س و ي"
7,54,14,"ع ر ش"
7,54,15,"غ ش و"
7,54,16,"ل ي ل"
7,54,17,"ن ه ر"
7,54,18,"ط ل ب"
7,54,19,"ح ث ث"
7,54,20,"ش م س"
7,54,21,"ق م ر"
7,54,22,"ن ج م"
7,54,23,"س خ ر"
7,54,24,"ا م ر"
7,54,27,"خ ل ق"
7,54,28,"ا م ر"
7,54,29,"ب ر ك"
7,54,30,"ا ل ه"
7,54,31,"ر ب ب"
7,54,32,"ع ل م"
7,55,1,"د ع و"
7,55,2,"ر ب ب"
7,55,3,"ض ر ع"
7,55,4,"خ ف ي"
7,55,7,"ح ب ب"
7,55,8,"ع د و"
7,56,2,"ف س د"
7,56,4,"ا ر ض"
7,56,5,"ب ع د"
7,56,6,"ص ل ح"
7,56,7,"د ع و"
7,56,8,"خ و ف"
7,56,9,"ط م ع"
7,56,11,"ر ح م"
7,56,12,"ا ل ه"
7,56,13,"ق ر ب"
7,56,15,"ح س ن"
7,57,2,"ٱلَّذِى"
7,57,3,"ر س ل"
7,57,4,"ر و ح"
7,57,5,"ب ش ر"
7,57,6,"ب ي ن"
7,57,7,"ي د ي"
7,57,8,"ر ح م"
7,57,10,"إِذَا"
7,57,11,"ق ل ل"
7,57,12,"س ح ب"
7,57,13,"ث ق ل"
7,57,14,"س و ق"
7,57,15,"ب ل د"
7,57,16,"م و ت"
7,57,17,"ن ز ل"
7,57,19,"م و ه"
7,57,20,"خ ر ج"
7,57,23,"ك ل ل"
7,57,24,"ث م ر"
7,57,26,"خ ر ج"
7,57,27,"م و ت"
7,57,29,"ذ ك ر"
7,58,1,"ب ل د"
7,58,2,"ط ي ب"
7,58,3,"خ ر ج"
7,58,4,"ن ب ت"
7,58,5,"ا ذ ن"
7,58,6,"ر ب ب"
7,58,7,"ٱلَّذِى"
7,58,8,"خ ب ث"
7,58,10,"خ ر ج"
7,58,11,"إِلَّا"
7,58,12,"ن ك د"
7,58,14,"ص ر ف"
7,58,15,"ا ي ي"
7,58,16,"ق و م"
7,58,17,"ش ك ر"
7,59,2,"ر س ل"
7,59,4,"إِلَىٰ"
7,59,5,"ق و م"
7,59,6,"ق و ل"
7,59,7,"ق و م"
7,59,8,"ع ب د"
7,59,9,"ا ل ه"
7,59,13,"ا ل ه"
7,59,14,"غ ي ر"
7,59,16,"خ و ف"
7,59,18,"ع ذ ب"
7,59,19,"ي و م"
7,59,20,"ع ظ م"
7,60,1,"ق و ل"
7,60,2,"م ل ا"
7,60,4,"ق و م"
7,60,6,"ر ا ي"
7,60,8,"ض ل ل"
7,60,9,"ب ي ن"
7,61,1,"ق و ل"
7,61,2,"ق و م"
7,61,3,"ل ي س"
7,61,5,"ض ل ل"
7,61,7,"ر س ل"
7,61,9,"ر ب ب"
7,61,10,"ع ل م"
7,62,1,"ب ل غ"
7,62,2,"ر س ل"
7,62,3,"ر ب ب"
7,62,4,"ن ص ح"
7,62,6,"ع ل م"
7,62,8,"ا ل ه"
7,62,11,"ع ل م"
7,63,1,"ع ج ب"
7,63,3,"ج ي ا"
7,63,4,"ذ ك ر"
7,63,6,"ر ب ب"
7,63,8,"ر ج ل"
7,63,10,"ن ذ ر"
7,63,11,"و ق ي"
7,63,13,"ر ح م"
7,64,1,"ك ذ ب"
7,64,2,"ن ج و"
7,64,3,"ٱلَّذِى"
7,64,6,"ف ل ك"
7,64,7,"غ ر ق"
7,64,8,"ٱلَّذِى"
7,64,9,"ك ذ ب"
7,64,10,"ا ي ي"
7,64,12,"ك و ن"
7,64,13,"ق و م"
7,64,14,"ع م ي"
7,65,1,"إِلَىٰ"
7,65,2,"ع و د"
7,65,3,"ا خ و"
7,65,4,"ه و د"
7,65,5,"ق و ل"
7,65,6,"ق و م"
7,65,7,"ع ب د"
7,65,8,"ا ل ه"
7,65,12,"ا ل ه"
7,65,13,"غ ي ر"
7,65,15,"و ق ي"
7,66,1,"ق و ل"
7,66,2,"م ل ا"
7,66,3,"ٱلَّذِى"
7,66,4,"ك ف ر"
7,66,6,"ق و م"
7,66,8,"ر ا ي"
7,66,10,"س ف ه"
7,66,12,"ظ ن ن"
7,66,14,"ك ذ ب"
7,67,1,"ق و ل"
7,67,2,"ق و م"
7,67,3,"ل ي س"
7,67,5,"س ف ه"
7,67,7,"ر س ل"
7,67,9,"ر ب ب"
7,67,10,"ع ل م"
7,68,1,"ب ل غ"
7,68,2,"ر س ل"
7,68,3,"ر ب ب"
7,68,6,"ن ص ح"
7,68,7,"ا م ن"
7,69,1,"ع ج ب"
7,69,3,"ج ي ا"
7,69,4,"ذ ك ر"
7,69,6,"ر ب ب"
7,69,8,"ر ج ل"
7,69,10,"ن ذ ر"
7,69,11,"ذ ك ر"
7,69,12,"إِذ"
7,69,13,"ج ع ل"
7,69,14,"خ ل ف"
7,69,16,"ب ع د"
7,69,17,"ق و م"
7,69,19,"ز ي د"
7,69,21,"خ ل ق"
7,69,22,"ب س ط"
7,69,23,"ذ ك ر"
7,69,24,"ا ل و"
7,69,25,"ا ل ه"
7,69,27,"ف ل ح"
7,70,1,"ق و ل"
7,70,2,"ج ي ا"
7,70,3,"ع ب د"
7,70,4,"ا ل ه"
7,70,5,"و ح د"
7,70,6,"و ذ ر"
7,70,8,"ك و ن"
7,70,9,"ع ب د"
7,70,10,"ا ب و"
7,70,11,"ا ت ي"
7,70,13,"و ع د"
7,70,15,"ك و ن"
7,70,17,"ص د ق"
7,71,1,"ق و ل"
7,71,3,"و ق ع"
7,71,6,"ر ب ب"
7,71,7,"ر ج س"
7,71,8,"غ ض ب"
7,71,9,"ج د ل"
7,71,11,"س م و"
7,71,12,"س م و"
7,71,14,"ا ب و"
7,71,16,"ن ز ل"
7,71,17,"ا ل ه"
7,71,20,"س ل ط"
7,71,21,"ن ظ ر"
7,71,25,"ن ظ ر"
7,72,1,"ن ج و"
7,72,2,"ٱلَّذِى"
7,72,4,"ر ح م"
7,72,6,"ق ط ع"
7,72,7,"د ب ر"
7,72,8,"ٱلَّذِى"
7,72,9,"ك ذ ب"
7,72,10,"ا ي ي"
7,72,12,"ك و ن"
7,72,13,"ا م ن"
7,73,1,"إِلَىٰ"
7,73,3,"ا خ و"
7,73,4,"ص ل ح"
7,73,5,"ق و ل"
7,73,6,"ق و م"
7,73,7,"ع ب د"
7,73,8,"ا ل ه"
7,73,12,"ا ل ه"
7,73,13,"غ ي ر"
7,73,15,"ج ي ا"
7,73,16,"ب ي ن"
7,73,18,"ر ب ب"
7,73,20,"ن و ق"
7,73,21,"ا ل ه"
7,73,23,"ا ي ي"
7,73,24,"و ذ ر"
7,73,25,"ا ك ل"
7,73,27,"ا ر ض"
7,73,28,"ا ل ه"
7,73,30,"م س س"
7,73,31,"س و ا"
7,73,32,"ا خ ذ"
7,73,33,"ع ذ ب"
7,73,34,"ا ل م"
7,74,1,"ذ ك ر"
7,74,2,"إِذ"
7,74,3,"ج ع ل"
7,74,4,"خ ل ف"
7,74,6,"ب ع د"
7,74,7,"ع و د"
7,74,8,"ب و ا"
7,74,10,"ا ر ض"
7,74,11,"ا خ ذ"
7,74,13,"س ه ل"
7,74,14,"ق ص ر"
7,74,15,"ن ح ت"
7,74,16,"ج ب ل"
7,74,17,"ب ي ت"
7,74,18,"ذ ك ر"
7,74,19,"ا ل و"
7,74,20,"ا ل ه"
7,74,22,"ع ث و"
7,74,24,"ا ر ض"
7,74,25,"ف س د"
7,75,1,"ق و ل"
7,75,2,"م ل ا"
7,75,3,"ٱلَّذِى"
7,75,4,"ك ب ر"
7,75,6,"ق و م"
7,75,7,"ٱلَّذِى"
7,75,8,"ض ع ف"
7,75,10,"ا م ن"
7,75,12,"ع ل م"
7,75,14,"ص ل ح"
7,75,15,"ر س ل"
7,75,17,"ر ب ب"
7,75,18,"ق و ل"
7,75,21,"ر س ل"
7,75,23,"ا م ن"
7,76,1,"ق و ل"
7,76,2,"ٱلَّذِى"
7,76,3,"ك ب ر"
7,76,5,"ٱلَّذِى"
7,76,6,"ا م ن"
7,76,8,"ك ف ر"
7,77,1,"ع ق ر"
7,77,2,"ن و ق"
7,77,3,"ع ت و"
7,77,5,"ا م ر"
7,77,6,"ر ب ب"
7,77,7,"ق و ل"
7,77,8,"ص ل ح"
7,77,9,"ا ت ي"
7,77,11,"و ع د"
7,77,13,"ك و ن"
7,77,15,"ر س ل"
7,78,1,"ا خ ذ"
7,78,2,"ر ج ف"
7,78,3,"ص ب ح"
7,78,5,"د و ر"
7,78,6,"ج ث م"
7,79,1,"و ل ي"
7,79,3,"ق و ل"
7,79,4,"ق و م"
7,79,6,"ب ل غ"
7,79,7,"ر س ل"
7,79,8,"ر ب ب"
7,79,9,"ن ص ح"
7,79,13,"ح ب ب"
7,79,14,"ن ص ح"
7,80,2,"إِذ"
7,80,3,"ق و ل"
7,80,4,"ق و م"
7,80,5,"ا ت ي"
7,80,6,"ف ح ش"
7,80,8,"س ب ق"
7,80,11,"ا ح د"
7,80,13,"ع ل م"
7,81,2,"ا ت ي"
7,81,3,"ر ج ل"
7,81,4,"ش ه و"
7,81,6,"د و ن"
7,81,7,"ن س و"
7,81,10,"ق و م"
7,81,11,"س ر ف"
7,82,2,"ك و ن"
7,82,3,"ج و ب"
7,82,4,"ق و م"
7,82,5,"إِلَّا"
7,82,7,"ق و ل"
7,82,8,"خ ر ج"
7,82,10,"ق ر ي"
7,82,12,"ا ن س"
7,82,13,"ط ه ر"
7,83,1,"ن ج و"
7,83,2,"ا ه ل"
7,83,3,"إِلَّا"
7,83,4,"م ر ا"
7,83,5,"ك و ن"
7,83,7,"غ ب ر"
7,84,1,"م ط ر"
7,84,3,"م ط ر"
7,84,4,"ن ظ ر"
7,84,5,"ك ي ف"
7,84,6,"ك و ن"
7,84,7,"ع ق ب"
7,84,8,"ج ر م"
7,85,1,"إِلَىٰ"
7,85,3,"ا خ و"
7,85,5,"ق و ل"
7,85,6,"ق و م"
7,85,7,"ع ب د"
7,85,8,"ا ل ه"
7,85,12,"ا ل ه"
7,85,13,"غ ي ر"
7,85,15,"ج ي ا"
7,85,16,"ب ي ن"
7,85,18,"ر ب ب"
7,85,19,"و ف ي"
7,85,20,"ك ي ل"
7,85,21,"و ز ن"
7,85,23,"ب خ س"
7,85,24,"ن و س"
7,85,25,"ش ي ا"
7,85,27,"ف س د"
7,85,29,"ا ر ض"
7,85,30,"ب ع د"
7,85,31,"ص ل ح"
7,85,33,"خ ي ر"
7,85,36,"ك و ن"
7,85,37,"ا م ن"
7,86,2,"ق ع د"
7,86,3,"ك ل ل"
7,86,4,"ص ر ط"
7,86,5,"و ع د"
7,86,6,"ص د د"
7,86,8,"س ب ل"
7,86,9,"ا ل ه"
7,86,11,"ا م ن"
7,86,13,"ب غ ي"
7,86,14,"ع و ج"
7,86,15,"ذ ك ر"
7,86,16,"إِذ"
7,86,17,"ك و ن"
7,86,18,"ق ل ل"
7,86,19,"ك ث ر"
7,86,20,"ن ظ ر"
7,86,21,"ك ي ف"
7,86,22,"ك و ن"
7,86,23,"ع ق ب"
7,86,24,"ف س د"
7,87,2,"ك و ن"
7,87,3,"ط و ف"
7,87,5,"ا م ن"
7,87,6,"ٱلَّذِى"
7,87,7,"ر س ل"
7,87,9,"ط و ف"
7,87,11,"ا م ن"
7,87,12,"ص ب ر"
7,87,14,"ح ك م"
7,87,15,"ا ل ه"
7,87,16,"ب ي ن"
7,87,18,"خ ي ر"
7,87,19,"ح ك م"
7,88,1,"ق و ل"
7,88,2,"م ل ا"
7,88,3,"ٱلَّذِى"
7,88,4,"ك ب ر"
7,88,6,"ق و م"
7,88,7,"خ ر ج"
7,88,9,"ٱلَّذِى"
7,88,10,"ا م ن"
7,88,13,"ق ر ي"
7,88,15,"ع و د"
7,88,17,"م ل ل"
7,88,18,"ق و ل"
7,88,20,"ك و ن"
7,88,21,"ك ر ه"
7,89,2,"ف ر ي"
7,89,4,"ا ل ه"
7,89,5,"ك ذ ب"
7,89,7,"ع و د"
7,89,9,"م ل ل"
7,89,10,"ب ع د"
7,89,11,"إِذ"
7,89,12,"ن ج و"
7,89,13,"ا ل ه"
7,89,16,"ك و ن"
7,89,19,"ع و د"
7,89,21,"إِلَّا"
7,89,23,"ش ي ا"
7,89,24,"ا ل ه"
7,89,25,"ر ب ب"
7,89,26,"و س ع"
7,89,27,"ر ب ب"
7,89,28,"ك ل ل"
7,89,29,"ش ي ا"
7,89,30,"ع ل م"
7,89,32,"ا ل ه"
7,89,33,"و ك ل"
7,89,34,"ر ب ب"
7,89,35,"ف ت ح"
7,89,36,"ب ي ن"
7,89,37,"ب ي ن"
7,89,38,"ق و م"
7,89,39,"ح ق ق"
7,89,41,"خ ي ر"
7,89,42,"ف ت ح"
7,90,1,"ق و ل"
7,90,2,"م ل ا"
7,90,3,"ٱلَّذِى"
7,90,4,"ك ف ر"
7,90,6,"ق و م"
7,90,8,"ت ب ع"
7,90,11,"إِذًا"
7,90,12,"خ س ر"
7,91,1,"ا خ ذ"
7,91,2,"ر ج ف"
7,91,3,"ص ب ح"
7,91,5,"د و ر"
7,91,6,"ج ث م"
7,92,1,"ٱلَّذِى"
7,92,2,"ك ذ ب"
7,92,6,"غ ن ي"
7,92,8,"ٱلَّذِى"
7,92,9,"ك ذ ب"
7,92,11,"ك و ن"
7,92,13,"خ س ر"
7,93,1,"و ل ي"
7,93,3,"ق و ل"
7,93,4,"ق و م"
7,93,6,"ب ل غ"
7,93,7,"ر س ل"
7,93,8,"ر ب ب"
7,93,9,"ن ص ح"
7,93,11,"ك ي ف"
7,93,12,"ا س و"
7,93,14,"ق و م"
7,93,15,"ك ف ر"
7,94,2,"ر س ل"
7,94,4,"ق ر ي"
7,94,6,"ن ب ا"
7,94,7,"إِلَّا"
7,94,8,"ا خ ذ"
7,94,9,"ا ه ل"
7,94,10,"ب ا س"
7,94,11,"ض ر ر"
7,94,13,"ض ر ع"
7,95,2,"ب د ل"
7,95,3,"ك و ن"
7,95,4,"س و ا"
7,95,5,"ح س ن"
7,95,7,"ع ف و"
7,95,8,"ق و ل"
7,95,10,"م س س"
7,95,11,"ا ب و"
7,95,12,"ض ر ر"
7,95,13,"س ر ر"
7,95,14,"ا خ ذ"
7,95,15,"ب غ ت"
7,95,18,"ش ع ر"
7,96,3,"ا ه ل"
7,96,4,"ق ر ي"
7,96,5,"ا م ن"
7,96,6,"و ق ي"
7,96,7,"ف ت ح"
7,96,9,"ب ر ك"
7,96,11,"س م و"
7,96,12,"ا ر ض"
7,96,14,"ك ذ ب"
7,96,15,"ا خ ذ"
7,96,17,"ك و ن"
7,96,18,"ك س ب"
7,97,1,"ا م ن"
7,97,2,"ا ه ل"
7,97,3,"ق ر ي"
7,97,5,"ا ت ي"
7,97,6,"ب ا س"
7,97,7,"ب ي ت"
7,97,9,"ن و م"
7,98,1,"ا م ن"
7,98,2,"ا ه ل"
7,98,3,"ق ر ي"
7,98,5,"ا ت ي"
7,98,6,"ب ا س"
7,98,7,"ض ح و"
7,98,9,"ل ع ب"
7,99,1,"ا م ن"
7,99,2,"م ك ر"
7,99,3,"ا ل ه"
7,99,5,"ا م ن"
7,99,6,"م ك ر"
7,99,7,"ا ل ه"
7,99,8,"إِلَّا"
7,99,9,"ق و م"
7,99,10,"خ س ر"
7,100,2,"ه د ي"
7,100,3,"ٱلَّذِى"
7,100,4,"و ر ث"
7,100,5,"ا ر ض"
7,100,7,"ب ع د"
7,100,8,"ا ه ل"
7,100,11,"ش ي ا"
7,100,12,"ص و ب"
7,100,13,"ذ ن ب"
7,100,14,"ط ب ع"
7,100,16,"ق ل ب"
7,100,19,"س م ع"
7,101,2,"ق ر ي"
7,101,3,"ق ص ص"
7,101,6,"ن ب ا"
7,101,8,"ج ي ا"
7,101,9,"ر س ل"
7,101,10,"ب ي ن"
7,101,12,"ك و ن"
7,101,13,"ا م ن"
7,101,15,"ك ذ ب"
7,101,17,"ق ب ل"
7,101,19,"ط ب ع"
7,101,20,"ا ل ه"
7,101,22,"ق ل ب"
7,101,23,"ك ف ر"
7,102,2,"و ج د"
7,102,3,"ك ث ر"
7,102,5,"ع ه د"
7,102,7,"و ج د"
7,102,8,"ك ث ر"
7,102,9,"ف س ق"
7,103,2,"ب ع ث"
7,103,4,"ب ع د"
7,103,6,"ا ي ي"
7,103,7,"إِلَىٰ"
7,103,9,"م ل ا"
7,103,10,"ظ ل م"
7,103,12,"ن ظ ر"
7,103,13,"ك ي ف"
7,103,14,"ك و ن"
7,103,15,"ع ق ب"
7,103,16,"ف س د"
7,104,1,"ق و ل"
7,104,5,"ر س ل"
7,104,7,"ر ب ب"
7,104,8,"ع ل م"
7,105,1,"ح ق ق"
7,105,5,"ق و ل"
7,105,7,"ا ل ه"
7,105,8,"إِلَّا"
7,105,9,"ح ق ق"
7,105,11,"ج ي ا"
7,105,12,"ب ي ن"
7,105,14,"ر ب ب"
7,105,15,"ر س ل"
7,105,17,"ب ن ي"
7,105,18,"إِسْرَائِيل"
7,106,1,"ق و ل"
7,106,3,"ك و ن"
7,106,4,"ج ي ا"
7,106,5,"ا ي ي"
7,106,6,"ا ت ي"
7,106,9,"ك و ن"
7,106,11,"ص د ق"
7,107,1,"ل ق ي"
7,107,2,"ع ص و"
7,107,5,"ث ع ب"
7,107,6,"ب ي ن"
7,108,1,"ن ز ع"
7,108,2,"ي د ي"
7,108,5,"ب ي ض"
7,108,6,"ن ظ ر"
7,109,1,"ق و ل"
7,109,2,"م ل ا"
7,109,4,"ق و م"
7,109,8,"س ح ر"
7,109,9,"ع ل م"
7,110,1,"ر و د"
7,110,3,"خ ر ج"
7,110,5,"ا ر ض"
7,110,7,"ا م ر"
7,111,1,"ق و ل"
7,111,2,"ر ج و"
7,111,3,"ا خ و"
7,111,4,"ر س ل"
7,111,6,"م د ن"
7,111,7,"ح ش ر"
7,112,1,"ا ت ي"
7,112,2,"ك ل ل"
7,112,3,"س ح ر"
7,112,4,"ع ل م"
7,113,1,"ج ي ا"
7,113,2,"س ح ر"
7,113,4,"ق و ل"
7,113,7,"ا ج ر"
7,113,9,"ك و ن"
7,113,11,"غ ل ب"
7,114,1,"ق و ل"
7,114,5,"ق ر ب"
7,115,1,"ق و ل"
7,115,3,"إِمَّا"
7,115,5,"ل ق ي"
7,115,6,"إِمَّا"
7,115,8,"ك و ن"
7,115,10,"ل ق ي"
7,116,1,"ق و ل"
7,116,2,"ل ق ي"
7,116,4,"ل ق ي"
7,116,5,"س ح ر"
7,116,6,"ع ي ن"
7,116,7,"ن و س"
7,116,8,"ر ه ب"
7,116,9,"ج ي ا"
7,116,10,"س ح ر"
7,116,11,"ع ظ م"
7,117,1,"و ح ي"
7,117,2,"إِلَىٰ"
7,117,5,"ل ق ي"
7,117,6,"ع ص و"
7,117,9,"ل ق ف"
7,117,11,"ا ف ك"
7,118,1,"و ق ع"
7,118,2,"ح ق ق"
7,118,3,"ب ط ل"
7,118,5,"ك و ن"
7,118,6,"ع م ل"
7,119,1,"غ ل ب"
7,119,3,"ق ل ب"
7,119,4,"ص غ ر"
7,120,1,"ل ق ي"
7,120,2,"س ح ر"
7,120,3,"س ج د"
7,121,1,"ق و ل"
7,121,2,"ا م ن"
7,121,3,"ر ب ب"
7,121,4,"ع ل م"
7,122,1,"ر ب ب"
7,123,1,"ق و ل"
7,123,3,"ا م ن"
7,123,5,"ق ب ل"
7,123,7,"ا ذ ن"
7,123,11,"م ك ر"
7,123,12,"م ك ر"
7,123,14,"م د ن"
7,123,15,"خ ر ج"
7,123,17,"ا ه ل"
7,123,19,"ع ل م"
7,124,1,"ق ط ع"
7,124,2,"ي د ي"
7,124,3,"ر ج ل"
7,124,5,"خ ل ف"
7,124,7,"ص ل ب"
7,124,8,"ج م ع"
7,125,1,"ق و ل"
7,125,3,"إِلَىٰ"
7,125,4,"ر ب ب"
7,125,5,"ق ل ب"
7,126,2,"ن ق م"
7,126,4,"إِلَّا"
7,126,6,"ا م ن"
7,126,7,"ا ي ي"
7,126,8,"ر ب ب"
7,126,10,"ج ي ا"
7,126,11,"ر ب ب"
7,126,12,"ف ر غ"
7,126,14,"ص ب ر"
7,126,15,"و ف ي"
7,126,16,"س ل م"
7,127,1,"ق و ل"
7,127,2,"م ل ا"
7,127,4,"ق و م"
7,127,6,"و ذ ر"
7,127,8,"ق و م"
7,127,9,"ف س د"
7,127,11,"ا ر ض"
7,127,12,"و ذ ر"
7,127,13,"ا ل ه"
7,127,14,"ق و ل"
7,127,15,"ق ت ل"
7,127,16,"ب ن ي"
7,127,17,"ح ي ي"
7,127,18,"ن س و"
7,127,20,"ف و ق"
7,127,21,"ق ه ر"
7,128,1,"ق و ل"
7,128,3,"ق و م"
7,128,4,"ع و ن"
7,128,5,"ا ل ه"
7,128,6,"ص ب ر"
7,128,8,"ا ر ض"
7,128,9,"ا ل ه"
7,128,10,"و ر ث"
7,128,12,"ش ي ا"
7,128,14,"ع ب د"
7,128,15,"ع ق ب"
7,128,16,"و ق ي"
7,129,1,"ق و ل"
7,129,2,"ا ذ ي"
7,129,4,"ق ب ل"
7,129,6,"ا ت ي"
7,129,8,"ب ع د"
7,129,10,"ج ي ا"
7,129,11,"ق و ل"
7,129,12,"ع س ي"
7,129,13,"ر ب ب"
7,129,15,"ه ل ك"
7,129,16,"ع د و"
7,129,17,"خ ل ف"
7,129,19,"ا ر ض"
7,129,20,"ن ظ ر"
7,129,21,"ك ي ف"
7,129,22,"ع م ل"
7,130,2,"ا خ ذ"
7,130,3,"ا و ل"
7,130,5,"س ن و"
7,130,6,"ن ق ص"
7,130,8,"ث م ر"
7,130,10,"ذ ك ر"
7,131,1,"إِذَا"
7,131,2,"ج ي ا"
7,131,3,"ح س ن"
7,131,4,"ق و ل"
7,131,8,"ص و ب"
7,131,9,"س و ا"
7,131,10,"ط ي ر"
7,131,16,"ط ي ر"
7,131,17,"ع ن د"
7,131,18,"ا ل ه"
7,131,20,"ك ث ر"
7,131,22,"ع ل م"
7,132,1,"ق و ل"
7,132,3,"ا ت ي"
7,132,6,"ا ي ي"
7,132,7,"س ح ر"
7,132,12,"ا م ن"
7,133,1,"ر س ل"
7,133,3,"ط و ف"
7,133,4,"ج ر د"
7,133,5,"ق م ل"
7,133,6,"ض ف د ع"
7,133,7,"د م و"
7,133,8,"ا ي ي"
7,133,9,"ف ص ل"
7,133,10,"ك ب ر"
7,133,11,"ك و ن"
7,133,12,"ق و م"
7,133,13,"ج ر م"
7,134,2,"و ق ع"
7,134,4,"ر ج ز"
7,134,5,"ق و ل"
7,134,7,"د ع و"
7,134,9,"ر ب ب"
7,134,11,"ع ه د"
7,134,12,"ع ن د"
7,134,14,"ك ش ف"
7,134,16,"ر ج ز"
7,134,17,"ا م ن"
7,134,19,"ر س ل"
7,134,21,"ب ن ي"
7,134,22,"إِسْرَائِيل"
7,135,2,"ك ش ف"
7,135,4,"ر ج ز"
7,135,5,"إِلَىٰ"
7,135,6,"ا ج ل"
7,135,8,"ب ل غ"
7,135,9,"إِذَا"
7,135,11,"ن ك ث"
7,136,1,"ن ق م"
7,136,3,"غ ر ق"
7,136,5,"ي م م"
7,136,7,"ك ذ ب"
7,136,8,"ا ي ي"
7,136,9,"ك و ن"
7,136,11,"غ ف ل"
7,137,1,"و ر ث"
7,137,2,"ق و م"
7,137,3,"ٱلَّذِى"
7,137,4,"ك و ن"
7,137,5,"ض ع ف"
7,137,6,"ش ر ق"
7,137,7,"ا ر ض"
7,137,8,"غ ر ب"
7,137,9,"ٱلَّذِى"
7,137,10,"ب ر ك"
7,137,12,"ت م م"
7,137,13,"ك ل م"
7,137,14,"ر ب ب"
7,137,15,"ح س ن"
7,137,17,"ب ن ي"
7,137,18,"إِسْرَائِيل"
7,137,20,"ص ب ر"
7,137,21,"د م ر"
7,137,23,"ك و ن"
7,137,24,"ص ن ع"
7,137,26,"ق و م"
7,137,28,"ك و ن"
7,137,29,"ع ر ش"
7,138,1,"ج و ز"
7,138,2,"ب ن ي"
7,138,3,"إِسْرَائِيل"
7,138,4,"ب ح ر"
7,138,5,"ا ت ي"
7,138,7,"ق و م"
7,138,8,"ع ك ف"
7,138,10,"ص ن م"
7,138,12,"ق و ل"
7,138,14,"ج ع ل"
7,138,16,"ا ل ه"
7,138,19,"ا ل ه"
7,138,20,"ق و ل"
7,138,22,"ق و م"
7,138,23,"ج ه ل"
7,139,3,"ت ب ر"
7,139,7,"ب ط ل"
7,139,9,"ك و ن"
7,139,10,"ع م ل"
7,140,1,"ق و ل"
7,140,2,"غ ي ر"
7,140,3,"ا ل ه"
7,140,4,"ب غ ي"
7,140,5,"ا ل ه"
7,140,7,"ف ض ل"
7,140,9,"ع ل م"
7,141,1,"إِذ"
7,141,2,"ن ج و"
7,141,4,"ا و ل"
7,141,6,"س و م"
7,141,7,"س و ا"
7,141,8,"ع ذ ب"
7,141,9,"ق ت ل"
7,141,10,"ب ن ي"
7,141,11,"ح ي ي"
7,141,12,"ن س و"
7,141,15,"ب ل و"
7,141,17,"ر ب ب"
7,141,18,"ع ظ م"
7,142,1,"و ع د"
7,142,3,"ث ل ث"
7,142,4,"ل ي ل"
7,142,5,"ت م م"
7,142,6,"ع ش ر"
7,142,7,"ت م م"
7,142,8,"و ق ت"
7,142,9,"ر ب ب"
7,142,10,"ر ب ع"
7,142,11,"ل ي ل"
7,142,12,"ق و ل"
7,142,14,"ا خ و"
7,142,16,"خ ل ف"
7,142,18,"ق و م"
7,142,19,"ص ل ح"
7,142,21,"ت ب ع"
7,142,22,"س ب ل"
7,142,23,"ف س د"
7,143,2,"ج ي ا"
7,143,4,"و ق ت"
7,143,5,"ك ل م"
7,143,6,"ر ب ب"
7,143,7,"ق و ل"
7,143,8,"ر ب ب"
7,143,9,"ر ا ي"
7,143,10,"ن ظ ر"
7,143,11,"إِلَىٰ"
7,143,12,"ق و ل"
7,143,14,"ر ا ي"
7,143,16,"ن ظ ر"
7,143,17,"إِلَىٰ"
7,143,18,"ج ب ل"
7,143,20,"ق ر ر"
7,143,21,"ك و ن"
7,143,23,"ر ا ي"
7,143,25,"ج ل و"
7,143,26,"ر ب ب"
7,143,27,"ج ب ل"
7,143,28,"ج ع ل"
7,143,29,"د ك ك"
7,143,30,"خ ر ر"
7,143,32,"ص ع ق"
7,143,34,"ف و ق"
7,143,35,"ق و ل"
7,143,36,"س ب ح"
7,143,37,"ت و ب"
7,143,38,"إِلَىٰ"
7,143,40,"ا و ل"
7,143,41,"ا م ن"
7,144,1,"ق و ل"
7,144,4,"ص ف و"
7,144,6,"ن و س"
7,144,7,"ر س ل"
7,144,8,"ك ل م"
7,144,9,"ا خ ذ"
7,144,11,"ا ت ي"
7,144,12,"ك و ن"
7,144,14,"ش ك ر"
7,145,1,"ك ت ب"
7,145,4,"ل و ح"
7,145,6,"ك ل ل"
7,145,7,"ش ي ا"
7,145,8,"و ع ظ"
7,145,9,"ف ص ل"
7,145,10,"ك ل ل"
7,145,11,"ش ي ا"
7,145,12,"ا خ ذ"
7,145,13,"ق و ي"
7,145,14,"ا م ر"
7,145,15,"ق و م"
7,145,16,"ا خ ذ"
7,145,17,"ح س ن"
7,145,18,"ر ا ي"
7,145,19,"د و ر"
7,145,20,"ف س ق"
7,146,1,"ص ر ف"
7,146,3,"ا ي ي"
7,146,4,"ٱلَّذِى"
7,146,5,"ك ب ر"
7,146,7,"ا ر ض"
7,146,8,"غ ي ر"
7,146,9,"ح ق ق"
7,146,11,"ر ا ي"
7,146,12,"ك ل ل"
7,146,13,"ا ي ي"
7,146,15,"ا م ن"
7,146,18,"ر ا ي"
7,146,19,"س ب ل"
7,146,20,"ر ش د"
7,146,22,"ا خ ذ"
7,146,23,"س ب ل"
7,146,25,"ر ا ي"
7,146,26,"س ب ل"
7,146,27,"غ و ي"
7,146,28,"ا خ ذ"
7,146,29,"س ب ل"
7,146,32,"ك ذ ب"
7,146,33,"ا ي ي"
7,146,34,"ك و ن"
7,146,36,"غ ف ل"
7,147,1,"ٱلَّذِى"
7,147,2,"ك ذ ب"
7,147,3,"ا ي ي"
7,147,4,"ل ق ي"
7,147,5,"ا خ ر"
7,147,6,"ح ب ط"
7,147,7,"ع م ل"
7,147,9,"ج ز ي"
7,147,10,"إِلَّا"
7,147,12,"ك و ن"
7,147,13,"ع م ل"
7,148,1,"ا خ ذ"
7,148,2,"ق و م"
7,148,5,"ب ع د"
7,148,7,"ح ل ي"
7,148,8,"ع ج ل"
7,148,9,"ج س د"
7,148,11,"خ و ر"
7,148,13,"ر ا ي"
7,148,16,"ك ل م"
7,148,18,"ه د ي"
7,148,19,"س ب ل"
7,148,20,"ا خ ذ"
7,148,21,"ك و ن"
7,148,22,"ظ ل م"
7,149,2,"س ق ط"
7,149,4,"ي د ي"
7,149,5,"ر ا ي"
7,149,8,"ض ل ل"
7,149,9,"ق و ل"
7,149,12,"ر ح م"
7,149,13,"ر ب ب"
7,149,14,"غ ف ر"
7,149,16,"ك و ن"
7,149,18,"خ س ر"
7,150,2,"ر ج ع"
7,150,4,"إِلَىٰ"
7,150,5,"ق و م"
7,150,6,"غ ض ب"
7,150,7,"ا س ف"
7,150,8,"ق و ل"
7,150,9,"ب ا س"
7,150,10,"خ ل ف"
7,150,12,"ب ع د"
7,150,13,"ع ج ل"
7,150,14,"ا م ر"
7,150,15,"ر ب ب"
7,150,16,"ل ق ي"
7,150,17,"ل و ح"
7,150,18,"ا خ ذ"
7,150,19,"ر ا س"
7,150,20,"ا خ و"
7,150,21,"ج ر ر"
7,150,22,"إِلَىٰ"
7,150,23,"ق و ل"
7,150,24,"ب ن ي"
7,150,25,"ا م م"
7,150,27,"ق و م"
7,150,28,"ض ع ف"
7,150,29,"ك و د"
7,150,30,"ق ت ل"
7,150,32,"ش م ت"
7,150,34,"ع د و"
7,150,36,"ج ع ل"
7,150,38,"ق و م"
7,150,39,"ظ ل م"
7,151,1,"ق و ل"
7,151,2,"ر ب ب"
7,151,3,"غ ف ر"
7,151,5,"ا خ و"
7,151,6,"د خ ل"
7,151,8,"ر ح م"
7,151,10,"ر ح م"
7,151,11,"ر ح م"
7,152,2,"ٱلَّذِى"
7,152,3,"ا خ ذ"
7,152,4,"ع ج ل"
7,152,5,"ن ي ل"
7,152,6,"غ ض ب"
7,152,8,"ر ب ب"
7,152,9,"ذ ل ل"
7,152,11,"ح ي ي"
7,152,12,"د ن و"
7,152,14,"ج ز ي"
7,152,15,"ف ر ي"
7,153,1,"ٱلَّذِى"
7,153,2,"ع م ل"
7,153,3,"س و ا"
7,153,5,"ت و ب"
7,153,7,"ب ع د"
7,153,8,"ا م ن"
7,153,10,"ر ب ب"
7,153,12,"ب ع د"
7,153,13,"غ ف ر"
7,153,14,"ر ح م"
7,154,2,"س ك ت"
7,154,5,"غ ض ب"
7,154,6,"ا خ ذ"
7,154,7,"ل و ح"
7,154,9,"ن س خ"
7,154,10,"ه د ي"
7,154,11,"ر ح م"
7,154,12,"ٱلَّذِى"
7,154,14,"ر ب ب"
7,154,15,"ر ه ب"
7,155,1,"خ ي ر"
7,155,3,"ق و م"
7,155,4,"س ب ع"
7,155,5,"ر ج ل"
7,155,6,"و ق ت"
7,155,8,"ا خ ذ"
7,155,9,"ر ج ف"
7,155,10,"ق و ل"
7,155,11,"ر ب ب"
7,155,13,"ش ي ا"
7,155,14,"ه ل ك"
7,155,16,"ق ب ل"
7,155,18,"ه ل ك"
7,155,20,"ف ع ل"
7,155,21,"س ف ه"
7,155,25,"إِلَّا"
7,155,26,"ف ت ن"
7,155,27,"ض ل ل"
7,155,30,"ش ي ا"
7,155,31,"ه د ي"
7,155,33,"ش ي ا"
7,155,35,"و ل ي"
7,155,36,"غ ف ر"
7,155,38,"ر ح م"
7,155,40,"خ ي ر"
7,155,41,"غ ف ر"
7,156,1,"ك ت ب"
7,156,5,"د ن و"
7,156,6,"ح س ن"
7,156,8,"ا خ ر"
7,156,10,"ه و د"
7,156,11,"إِلَىٰ"
7,156,12,"ق و ل"
7,156,13,"ع ذ ب"
7,156,14,"ص و ب"
7,156,17,"ش ي ا"
7,156,18,"ر ح م"
7,156,19,"و س ع"
7,156,20,"ك ل ل"
7,156,21,"ش ي ا"
7,156,22,"ك ت ب"
7,156,23,"ٱلَّذِى"
7,156,24,"و ق ي"
7,156,25,"ا ت ي"
7,156,26,"ز ك و"
7,156,27,"ٱلَّذِى"
7,156,29,"ا ي ي"
7,156,30,"ا م ن"
7,157,1,"ٱلَّذِى"
7,157,2,"ت ب ع"
7,157,3,"ر س ل"
7,157,4,"ن ب ا"
7,157,5,"ا م م"
7,157,6,"ٱلَّذِى"
7,157,7,"و ج د"
7,157,8,"ك ت ب"
7,157,9,"ع ن د"
7,157,13,"ا م ر"
7,157,14,"ع ر ف"
7,157,15,"ن ه ي"
7,157,17,"ن ك ر"
7,157,18,"ح ل ل"
7,157,20,"ط ي ب"
7,157,21,"ح ر م"
7,157,23,"خ ب ث"
7,157,24,"و ض ع"
7,157,26,"ا ص ر"
7,157,27,"غ ل ل"
7,157,28,"ٱلَّذِى"
7,157,29,"ك و ن"
7,157,31,"ٱلَّذِى"
7,157,32,"ا م ن"
7,157,34,"ع ز ر"
7,157,35,"ن ص ر"
7,157,36,"ت ب ع"
7,157,37,"ن و ر"
7,157,38,"ٱلَّذِى"
7,157,39,"ن ز ل"
7,157,43,"ف ل ح"
7,158,1,"ق و ل"
7,158,3,"ن و س"
7,158,5,"ر س ل"
7,158,6,"ا ل ه"
7,158,7,"إِلَىٰ"
7,158,8,"ج م ع"
7,158,9,"ٱلَّذِى"
7,158,11,"م ل ك"
7,158,12,"س م و"
7,158,13,"ا ر ض"
7,158,15,"ا ل ه"
7,158,16,"إِلَّا"
7,158,18,"ح ي ي"
7,158,19,"م و ت"
7,158,20,"ا م ن"
7,158,21,"ا ل ه"
7,158,22,"ر س ل"
7,158,23,"ن ب ا"
7,158,24,"ا م م"
7,158,25,"ٱلَّذِى"
7,158,26,"ا م ن"
7,158,27,"ا ل ه"
7,158,28,"ك ل م"
7,158,29,"ت ب ع"
7,158,31,"ه د ي"
7,159,2,"ق و م"
7,159,4,"ا م م"
7,159,5,"ه د ي"
7,159,6,"ح ق ق"
7,159,8,"ع د ل"
7,160,1,"ق ط ع"
7,160,2,"ث ن ي"
7,160,3,"ع ش ر"
7,160,4,"س ب ط"
7,160,5,"ا م م"
7,160,6,"و ح ي"
7,160,7,"إِلَىٰ"
7,160,9,"إِذ"
7,160,10,"س ق ي"
7,160,11,"ق و م"
7,160,13,"ض ر ب"
7,160,14,"ع ص و"
7,160,15,"ح ج ر"
7,160,16,"ب ج س"
7,160,18,"ث ن ي"
7,160,19,"ع ش ر"
7,160,20,"ع ي ن"
7,160,22,"ع ل م"
7,160,23,"ك ل ل"
7,160,24,"ا ن س"
7,160,25,"ش ر ب"
7,160,26,"ظ ل ل"
7,160,28,"غ م م"
7,160,29,"ن ز ل"
7,160,31,"م ن ن"
7,160,32,"س ل و"
7,160,33,"ا ك ل"
7,160,35,"ط ي ب"
7,160,37,"ر ز ق"
7,160,39,"ظ ل م"
7,160,41,"ك و ن"
7,160,42,"ن ف س"
7,160,43,"ظ ل م"
7,161,1,"إِذ"
7,161,2,"ق و ل"
7,161,4,"س ك ن"
7,161,6,"ق ر ي"
7,161,7,"ا ك ل"
7,161,9,"ح ي ث"
7,161,10,"ش ي ا"
7,161,11,"ق و ل"
7,161,12,"ح ط ط"
7,161,13,"د خ ل"
7,161,14,"ب و ب"
7,161,15,"س ج د"
7,161,16,"غ ف ر"
7,161,18,"خ ط ا"
7,161,19,"ز ي د"
7,161,20,"ح س ن"
7,162,1,"ب د ل"
7,162,2,"ٱلَّذِى"
7,162,3,"ظ ل م"
7,162,5,"ق و ل"
7,162,6,"غ ي ر"
7,162,7,"ٱلَّذِى"
7,162,8,"ق و ل"
7,162,10,"ر س ل"
7,162,12,"ر ج ز"
7,162,14,"س م و"
7,162,16,"ك و ن"
7,162,17,"ظ ل م"
7,163,1,"س ا ل"
7,163,3,"ق ر ي"
7,163,4,"ٱلَّذِى"
7,163,5,"ك و ن"
7,163,6,"ح ض ر"
7,163,7,"ب ح ر"
7,163,8,"إِذ"
7,163,9,"ع د و"
7,163,11,"س ب ت"
7,163,12,"إِذ"
7,163,13,"ا ت ي"
7,163,14,"ح و ت"
7,163,15,"ي و م"
7,163,16,"س ب ت"
7,163,17,"ش ر ع"
7,163,18,"ي و م"
7,163,20,"س ب ت"
7,163,22,"ا ت ي"
7,163,24,"ب ل و"
7,163,26,"ك و ن"
7,163,27,"ف س ق"
7,164,1,"إِذ"
7,164,2,"ق و ل"
7,164,3,"ا م م"
7,164,6,"و ع ظ"
7,164,7,"ق و م"
7,164,8,"ا ل ه"
7,164,9,"ه ل ك"
7,164,11,"ع ذ ب"
7,164,12,"ع ذ ب"
7,164,13,"ش د د"
7,164,14,"ق و ل"
7,164,15,"ع ذ ر"
7,164,16,"إِلَىٰ"
7,164,17,"ر ب ب"
7,164,19,"و ق ي"
7,165,2,"ن س ي"
7,165,4,"ذ ك ر"
7,165,6,"ن ج و"
7,165,7,"ٱلَّذِى"
7,165,8,"ن ه ي"
7,165,10,"س و ا"
7,165,11,"ا خ ذ"
7,165,12,"ٱلَّذِى"
7,165,13,"ظ ل م"
7,165,14,"ع ذ ب"
7,165,15,"ب ا س"
7,165,17,"ك و ن"
7,165,18,"ف س ق"
7,166,2,"ع ت و"
7,166,5,"ن ه ي"
7,166,7,"ق و ل"
7,166,9,"ك و ن"
7,166,10,"ق ر د"
7,166,11,"خ س ا"
7,167,1,"إِذ"
7,167,2,"ا ذ ن"
7,167,3,"ر ب ب"
7,167,4,"ب ع ث"
7,167,6,"إِلَىٰ"
7,167,7,"ي و م"
7,167,8,"ق و م"
7,167,10,"س و م"
7,167,11,"س و ا"
7,167,12,"ع ذ ب"
7,167,14,"ر ب ب"
7,167,15,"س ر ع"
7,167,16,"ع ق ب"
7,167,18,"غ ف ر"
7,167,19,"ر ح م"
7,168,1,"ق ط ع"
7,168,3,"ا ر ض"
7,168,4,"ا م م"
7,168,6,"ص ل ح"
7,168,8,"د و ن"
7,168,10,"ب ل و"
7,168,11,"ح س ن"
7,168,12,"س و ا"
7,168,14,"ر ج ع"
7,169,1,"خ ل ف"
7,169,3,"ب ع د"
7,169,4,"خ ل ف"
7,169,5,"و ر ث"
7,169,6,"ك ت ب"
7,169,7,"ا خ ذ"
7,169,8,"ع ر ض"
7,169,10,"د ن و"
7,169,11,"ق و ل"
7,169,12,"غ ف ر"
7,169,15,"ا ت ي"
7,169,16,"ع ر ض"
7,169,17,"م ث ل"
7,169,18,"ا خ ذ"
7,169,20,"ا خ ذ"
7,169,22,"و ث ق"
7,169,23,"ك ت ب"
7,169,26,"ق و ل"
7,169,28,"ا ل ه"
7,169,29,"إِلَّا"
7,169,30,"ح ق ق"
7,169,31,"د ر س"
7,169,34,"د و ر"
7,169,35,"ا خ ر"
7,169,36,"خ ي ر"
7,169,37,"ٱلَّذِى"
7,169,38,"و ق ي"
7,169,40,"ع ق ل"
7,170,1,"ٱلَّذِى"
7,170,2,"م س ك"
7,170,3,"ك ت ب"
7,170,4,"ق و م"
7,170,5,"ص ل و"
7,170,8,"ض ي ع"
7,170,9,"ا ج ر"
7,170,10,"ص ل ح"
7,171,1,"إِذ"
7,171,2,"ن ت ق"
7,171,3,"ج ب ل"
7,171,4,"ف و ق"
7,171,6,"ظ ل ل"
7,171,7,"ظ ن ن"
7,171,9,"و ق ع"
7,171,11,"ا خ ذ"
7,171,13,"ا ت ي"
7,171,14,"ق و ي"
7,171,15,"ذ ك ر"
7,171,19,"و ق ي"
7,172,1,"إِذ"
7,172,2,"ا خ ذ"
7,172,3,"ر ب ب"
7,172,5,"ب ن ي"
7,172,6,"آدَم"
7,172,8,"ظ ه ر"
7,172,9,"ذ ر ر"
7,172,10,"ش ه د"
7,172,12,"ن ف س"
7,172,13,"ل ي س"
7,172,14,"ر ب ب"
7,172,15,"ق و ل"
7,172,17,"ش ه د"
7,172,19,"ق و ل"
7,172,20,"ي و م"
7,172,21,"ق و م"
7,172,23,"ك و ن"
7,172,26,"غ ف ل"
7,173,2,"ق و ل"
7,173,4,"ش ر ك"
7,173,5,"ا ب و"
7,173,7,"ق ب ل"
7,173,8,"ك و ن"
7,173,9,"ذ ر ر"
7,173,11,"ب ع د"
7,173,12,"ه ل ك"
7,173,14,"ف ع ل"
7,173,15,"ب ط ل"
7,174,2,"ف ص ل"
7,174,3,"ا ي ي"
7,174,5,"ر ج ع"
7,175,1,"ت ل و"
7,175,3,"ن ب ا"
7,175,4,"ٱلَّذِى"
7,175,5,"ا ت ي"
7,175,6,"ا ي ي"
7,175,7,"س ل خ"
7,175,9,"ت ب ع"
7,175,10,"ش ط ن"
7,175,11,"ك و ن"
7,175,13,"غ و ي"
7,176,2,"ش ي ا"
7,176,3,"ر ف ع"
7,176,6,"خ ل د"
7,176,7,"إِلَىٰ"
7,176,8,"ا ر ض"
7,176,9,"ت ب ع"
7,176,10,"ه و ي"
7,176,11,"م ث ل"
7,176,12,"م ث ل"
7,176,13,"ك ل ب"
7,176,15,"ح م ل"
7,176,17,"ل ه ث"
7,176,19,"ت ر ك"
7,176,20,"ل ه ث"
7,176,22,"م ث ل"
7,176,23,"ق و م"
7,176,24,"ٱلَّذِى"
7,176,25,"ك ذ ب"
7,176,26,"ا ي ي"
7,176,27,"ق ص ص"
7,176,28,"ق ص ص"
7,176,30,"ف ك ر"
7,177,1,"س و ا"
7,177,2,"م ث ل"
7,177,3,"ق و م"
7,177,4,"ٱلَّذِى"
7,177,5,"ك ذ ب"
7,177,6,"ا ي ي"
7,177,7,"ن ف س"
7,177,8,"ك و ن"
7,177,9,"ظ ل م"
7,178,2,"ه د ي"
7,178,3,"ا ل ه"
7,178,5,"ه د ي"
7,178,7,"ض ل ل"
7,178,10,"خ س ر"
7,179,2,"ذ ر ا"
7,179,4,"ك ث ر"
7,179,6,"ج ن ن"
7,179,7,"ا ن س"
7,179,9,"ق ل ب"
7,179,11,"ف ق ه"
7,179,14,"ع ي ن"
7,179,16,"ب ص ر"
7,179,19,"ا ذ ن"
7,179,21,"س م ع"
7,179,24,"ن ع م"
7,179,27,"ض ل ل"
7,179,30,"غ ف ل"
7,180,1,"ا ل ه"
7,180,2,"س م و"
7,180,3,"ح س ن"
7,180,4,"د ع و"
7,180,6,"و ذ ر"
7,180,7,"ٱلَّذِى"
7,180,8,"ل ح د"
7,180,10,"س م و"
7,180,11,"ج ز ي"
7,180,13,"ك و ن"
7,180,14,"ع م ل"
7,181,2,"خ ل ق"
7,181,3,"ا م م"
7,181,4,"ه د ي"
7,181,5,"ح ق ق"
7,181,7,"ع د ل"
7,182,1,"ٱلَّذِى"
7,182,2,"ك ذ ب"
7,182,3,"ا ي ي"
7,182,4,"د ر ج"
7,182,6,"ح ي ث"
7,182,8,"ع ل م"
7,183,1,"م ل و"
7,183,4,"ك ي د"
7,183,5,"م ت ن"
7,184,2,"ف ك ر"
7,184,4,"ص ح ب"
7,184,6,"ج ن ن"
7,184,9,"إِلَّا"
7,184,10,"ن ذ ر"
7,184,11,"ب ي ن"
7,185,2,"ن ظ ر"
7,185,4,"م ل ك"
7,185,5,"س م و"
7,185,6,"ا ر ض"
7,185,8,"خ ل ق"
7,185,9,"ا ل ه"
7,185,11,"ش ي ا"
7,185,13,"ع س ي"
7,185,15,"ك و ن"
7,185,17,"ق ر ب"
7,185,18,"ا ج ل"
7,185,20,"ح د ث"
7,185,21,"ب ع د"
7,185,22,"ا م ن"
7,186,2,"ض ل ل"
7,186,3,"ا ل ه"
7,186,5,"ه د ي"
7,186,7,"و ذ ر"
7,186,9,"ط غ ي"
7,186,10,"ع م ه"
7,187,1,"س ا ل"
7,187,3,"س و ع"
7,187,5,"ر س و"
7,187,6,"ق و ل"
7,187,8,"ع ل م"
7,187,9,"ع ن د"
7,187,10,"ر ب ب"
7,187,12,"ج ل و"
7,187,13,"و ق ت"
7,187,14,"إِلَّا"
7,187,16,"ث ق ل"
7,187,18,"س م و"
7,187,19,"ا ر ض"
7,187,21,"ا ت ي"
7,187,22,"إِلَّا"
7,187,23,"ب غ ت"
7,187,24,"س ا ل"
7,187,26,"ح ف و"
7,187,28,"ق و ل"
7,187,30,"ع ل م"
7,187,31,"ع ن د"
7,187,32,"ا ل ه"
7,187,34,"ك ث ر"
7,187,35,"ن و س"
7,187,37,"ع ل م"
7,188,1,"ق و ل"
7,188,3,"م ل ك"
7,188,4,"ن ف س"
7,188,5,"ن ف ع"
7,188,7,"ض ر ر"
7,188,8,"إِلَّا"
7,188,10,"ش ي ا"
7,188,11,"ا ل ه"
7,188,13,"ك و ن"
7,188,14,"ع ل م"
7,188,15,"غ ي ب"
7,188,16,"ك ث ر"
7,188,18,"خ ي ر"
7,188,20,"م س س"
7,188,21,"س و ا"
7,188,24,"إِلَّا"
7,188,25,"ن ذ ر"
7,188,26,"ب ش ر"
7,188,27,"ق و م"
7,188,28,"ا م ن"
7,189,2,"ٱلَّذِى"
7,189,3,"خ ل ق"
7,189,5,"ن ف س"
7,189,6,"و ح د"
7,189,7,"ج ع ل"
7,189,9,"ز و ج"
7,189,10,"س ك ن"
7,189,11,"إِلَىٰ"
7,189,13,"غ ش و"
7,189,14,"ح م ل"
7,189,15,"ح م ل"
7,189,16,"خ ف ف"
7,189,17,"م ر ر"
7,189,20,"ث ق ل"
7,189,21,"د ع و"
7,189,22,"ا ل ه"
7,189,23,"ر ب ب"
7,189,25,"ا ت ي"
7,189,26,"ص ل ح"
7,189,27,"ك و ن"
7,189,29,"ش ك ر"
7,190,2,"ا ت ي"
7,190,3,"ص ل ح"
7,190,4,"ج ع ل"
7,190,6,"ش ر ك"
7,190,8,"ا ت ي"
7,190,9,"ع ل و"
7,190,10,"ا ل ه"
7,190,12,"ش ر ك"
7,191,1,"ش ر ك"
7,191,4,"خ ل ق"
7,191,5,"ش ي ا"
7,191,7,"خ ل ق"
7,192,2,"ط و ع"
7,192,4,"ن ص ر"
7,192,6,"ن ف س"
7,192,7,"ن ص ر"
7,193,2,"د ع و"
7,193,3,"إِلَىٰ"
7,193,4,"ه د ي"
7,193,6,"ت ب ع"
7,193,7,"س و ي"
7,193,9,"د ع و"
7,193,10,"أَم"
7,193,12,"ص م ت"
7,194,2,"ٱلَّذِى"
7,194,3,"د ع و"
7,194,5,"د و ن"
7,194,6,"ا ل ه"
7,194,7,"ع ب د"
7,194,8,"م ث ل"
7,194,9,"د ع و"
7,194,10,"ج و ب"
7,194,13,"ك و ن"
7,194,14,"ص د ق"
7,195,2,"ر ج ل"
7,195,3,"م ش ي"
7,195,5,"أَم"
7,195,7,"ي د ي"
7,195,8,"ب ط ش"
7,195,10,"أَم"
7,195,12,"ع ي ن"
7,195,13,"ب ص ر"
7,195,15,"أَم"
7,195,17,"ا ذ ن"
7,195,18,"س م ع"
7,195,20,"ق و ل"
7,195,21,"د ع و"
7,195,22,"ش ر ك"
7,195,24,"ك ي د"
7,195,26,"ن ظ ر"
7,196,2,"و ل ي"
7,196,3,"ا ل ه"
7,196,4,"ٱلَّذِى"
7,196,5,"ن ز ل"
7,196,6,"ك ت ب"
7,196,8,"و ل ي"
7,196,9,"ص ل ح"
7,197,1,"ٱلَّذِى"
7,197,2,"د ع و"
7,197,4,"د و ن"
7,197,6,"ط و ع"
7,197,7,"ن ص ر"
7,197,9,"ن ف س"
7,197,10,"ن ص ر"
7,198,2,"د ع و"
7,198,3,"إِلَىٰ"
7,198,4,"ه د ي"
7,198,6,"س م ع"
7,198,7,"ر ا ي"
7,198,8,"ن ظ ر"
7,198,9,"إِلَىٰ"
7,198,12,"ب ص ر"
7,199,1,"ا خ ذ"
7,199,2,"ع ف و"
7,199,3,"ا م ر"
7,199,4,"ع ر ف"
7,199,5,"ع ر ض"
7,199,7,"ج ه ل"
7,200,2,"ن ز غ"
7,200,4,"ش ط ن"
7,200,5,"ن ز غ"
7,200,6,"ع و ذ"
7,200,7,"ا ل ه"
7,200,9,"س م ع"
7,200,10,"ع ل م"
7,201,2,"ٱلَّذِى"
7,201,3,"و ق ي"
7,201,4,"إِذَا"
7,201,5,"م س س"
7,201,6,"ط و ف"
7,201,8,"ش ط ن"
7,201,9,"ذ ك ر"
7,201,10,"إِذَا"
7,201,12,"ب ص ر"
7,202,1,"ا خ و"
7,202,2,"م د د"
7,202,4,"غ و ي"
7,202,7,"ق ص ر"
7,203,1,"إِذَا"
7,203,3,"ا ت ي"
7,203,4,"ا ي ي"
7,203,5,"ق و ل"
7,203,7,"ج ب ي"
7,203,8,"ق و ل"
7,203,10,"ت ب ع"
7,203,12,"و ح ي"
7,203,13,"إِلَىٰ"
7,203,15,"ر ب ب"
7,203,17,"ب ص ر"
7,203,19,"ر ب ب"
7,203,20,"ه د ي"
7,203,21,"ر ح م"
7,203,22,"ق و م"
7,203,23,"ا م ن"
7,204,1,"إِذَا"
7,204,2,"ق ر ا"
7,204,3,"ق ر ا"
7,204,4,"س م ع"
7,204,6,"ن ص ت"
7,204,8,"ر ح م"
7,205,1,"ذ ك ر"
7,205,2,"ر ب ب"
7,205,4,"ن ف س"
7,205,5,"ض ر ع"
7,205,6,"خ و ف"
7,205,7,"د و ن"
7,205,8,"ج ه ر"
7,205,10,"ق و ل"
7,205,11,"غ د و"
7,205,12,"ا ص ل"
7,205,14,"ك و ن"
7,205,16,"غ ف ل"
7,206,2,"ٱلَّذِى"
7,206,3,"ع ن د"
7,206,4,"ر ب ب"
7,206,6,"ك ب ر"
7,206,8,"ع ب د"
7,206,9,"س ب ح"
7,206,11,"س ج د"
8,1,1,"س ا ل"
8,1,3,"ن ف ل"
8,1,4,"ق و ل"
8,1,5,"ن ف ل"
8,1,6,"ا ل ه"
8,1,7,"ر س ل"
8,1,8,"و ق ي"
8,1,9,"ا ل ه"
8,1,10,"ص ل ح"
8,1,12,"ب ي ن"
8,1,13,"ط و ع"
8,1,14,"ا ل ه"
8,1,15,"ر س ل"
8,1,17,"ك و ن"
8,1,18,"ا م ن"
8,2,2,"ا م ن"
8,2,3,"ٱلَّذِى"
8,2,4,"إِذَا"
8,2,5,"ذ ك ر"
8,2,6,"ا ل ه"
8,2,7,"و ج ل"
8,2,8,"ق ل ب"
8,2,9,"إِذَا"
8,2,10,"ت ل و"
8,2,12,"ا ي ي"
8,2,13,"ز ي د"
8,2,14,"ا م ن"
8,2,16,"ر ب ب"
8,2,17,"و ك ل"
8,3,1,"ٱلَّذِى"
8,3,2,"ق و م"
8,3,3,"ص ل و"
8,3,5,"ر ز ق"
8,3,6,"ن ف ق"
8,4,3,"ا م ن"
8,4,4,"ح ق ق"
8,4,6,"د ر ج"
8,4,7,"ع ن د"
8,4,8,"ر ب ب"
8,4,9,"غ ف ر"
8,4,10,"ر ز ق"
8,4,11,"ك ر م"
8,5,2,"خ ر ج"
8,5,3,"ر ب ب"
8,5,5,"ب ي ت"
8,5,6,"ح ق ق"
8,5,8,"ف ر ق"
8,5,10,"ا م ن"
8,5,11,"ك ر ه"
8,6,1,"ج د ل"
8,6,3,"ح ق ق"
8,6,4,"ب ع د"
8,6,5,"ب ي ن"
8,6,7,"س و ق"
8,6,8,"إِلَىٰ"
8,6,9,"م و ت"
8,6,11,"ن ظ ر"
8,7,1,"إِذ"
8,7,2,"و ع د"
8,7,3,"ا ل ه"
8,7,4,"ا ح د"
8,7,5,"ط و ف"
8,7,8,"و د د"
8,7,10,"غ ي ر"
8,7,12,"ش و ك"
8,7,13,"ك و ن"
8,7,15,"ر و د"
8,7,16,"ا ل ه"
8,7,18,"ح ق ق"
8,7,19,"ح ق ق"
8,7,20,"ك ل م"
8,7,21,"ق ط ع"
8,7,22,"د ب ر"
8,7,23,"ك ف ر"
8,8,1,"ح ق ق"
8,8,2,"ح ق ق"
8,8,3,"ب ط ل"
8,8,4,"ب ط ل"
8,8,6,"ك ر ه"
8,8,7,"ج ر م"
8,9,1,"إِذ"
8,9,2,"غ و ث"
8,9,3,"ر ب ب"
8,9,4,"ج و ب"
8,9,7,"م د د"
8,9,8,"ا ل ف"
8,9,10,"م ل ك"
8,9,11,"ر د ف"
8,10,2,"ج ع ل"
8,10,3,"ا ل ه"
8,10,4,"إِلَّا"
8,10,5,"ب ش ر"
8,10,6,"ط م ن"
8,10,8,"ق ل ب"
8,10,10,"ن ص ر"
8,10,11,"إِلَّا"
8,10,13,"ع ن د"
8,10,14,"ا ل ه"
8,10,16,"ا ل ه"
8,10,17,"ع ز ز"
8,10,18,"ح ك م"
8,11,1,"إِذ"
8,11,2,"غ ش و"
8,11,3,"ن ع س"
8,11,4,"ا م ن"
8,11,6,"ن ز ل"
8,11,9,"س م و"
8,11,10,"م و ه"
8,11,11,"ط ه ر"
8,11,13,"ذ ه ب"
8,11,15,"ر ج ز"
8,11,16,"ش ط ن"
8,11,17,"ر ب ط"
8,11,19,"ق ل ب"
8,11,20,"ث ب ت"
8,11,22,"ق د م"
8,12,1,"إِذ"
8,12,2,"و ح ي"
8,12,3,"ر ب ب"
8,12,4,"إِلَىٰ"
8,12,5,"م ل ك"
8,12,8,"ث ب ت"
8,12,9,"ٱلَّذِى"
8,12,10,"ا م ن"
8,12,11,"ل ق ي"
8,12,13,"ق ل ب"
8,12,14,"ٱلَّذِى"
8,12,15,"ك ف ر"
8,12,16,"ر ع ب"
8,12,17,"ض ر ب"
8,12,18,"ف و ق"
8,12,19,"ع ن ق"
8,12,20,"ض ر ب"
8,12,22,"ك ل ل"
8,12,23,"ب ن ن"
8,13,3,"ش ق ق"
8,13,4,"ا ل ه"
8,13,5,"ر س ل"
8,13,7,"ش ق ق"
8,13,8,"ا ل ه"
8,13,9,"ر س ل"
8,13,11,"ا ل ه"
8,13,12,"ش د د"
8,13,13,"ع ق ب"
8,14,2,"ذ و ق"
8,14,4,"ك ف ر"
8,14,5,"ع ذ ب"
8,14,6,"ن و ر"
8,15,2,"ٱلَّذِى"
8,15,3,"ا م ن"
8,15,4,"إِذَا"
8,15,5,"ل ق ي"
8,15,6,"ٱلَّذِى"
8,15,7,"ك ف ر"
8,15,8,"ز ح ف"
8,15,10,"و ل ي"
8,15,11,"د ب ر"
8,16,2,"و ل ي"
8,16,4,"د ب ر"
8,16,5,"إِلَّا"
8,16,6,"ح ر ف"
8,16,7,"ق ت ل"
8,16,9,"ح و ز"
8,16,10,"إِلَىٰ"
8,16,11,"ف ا ي"
8,16,13,"ب و ا"
8,16,14,"غ ض ب"
8,16,16,"ا ل ه"
8,16,17,"ا و ي"
8,16,19,"ب ا س"
8,16,20,"ص ي ر"
8,17,2,"ق ت ل"
8,17,4,"ا ل ه"
8,17,5,"ق ت ل"
8,17,7,"ر م ي"
8,17,8,"إِذ"
8,17,9,"ر م ي"
8,17,11,"ا ل ه"
8,17,12,"ر م ي"
8,17,13,"ب ل و"
8,17,14,"ا م ن"
8,17,16,"ب ل و"
8,17,17,"ح س ن"
8,17,19,"ا ل ه"
8,17,20,"س م ع"
8,17,21,"ع ل م"
8,18,3,"ا ل ه"
8,18,4,"و ه ن"
8,18,5,"ك ي د"
8,18,6,"ك ف ر"
8,19,2,"ف ت ح"
8,19,4,"ج ي ا"
8,19,5,"ف ت ح"
8,19,7,"ن ه ي"
8,19,9,"خ ي ر"
8,19,12,"ع و د"
8,19,13,"ع و د"
8,19,15,"غ ن ي"
8,19,17,"ف ا ي"
8,19,18,"ش ي ا"
8,19,20,"ك ث ر"
8,19,22,"ا ل ه"
8,19,24,"ا م ن"
8,20,2,"ٱلَّذِى"
8,20,3,"ا م ن"
8,20,4,"ط و ع"
8,20,5,"ا ل ه"
8,20,6,"ر س ل"
8,20,8,"و ل ي"
8,20,11,"س م ع"
8,21,2,"ك و ن"
8,21,3,"ٱلَّذِى"
8,21,4,"ق و ل"
8,21,5,"س م ع"
8,21,8,"س م ع"
8,22,2,"ش ر ر"
8,22,3,"د ب ب"
8,22,4,"ع ن د"
8,22,5,"ا ل ه"
8,22,6,"ص م م"
8,22,7,"ب ك م"
8,22,8,"ٱلَّذِى"
8,22,10,"ع ق ل"
8,23,2,"ع ل م"
8,23,3,"ا ل ه"
8,23,5,"خ ي ر"
8,23,6,"س م ع"
8,23,8,"س م ع"
8,23,9,"و ل ي"
8,23,11,"ع ر ض"
8,24,2,"ٱلَّذِى"
8,24,3,"ا م ن"
8,24,4,"ج و ب"
8,24,5,"ا ل ه"
8,24,6,"ر س ل"
8,24,7,"إِذَا"
8,24,8,"د ع و"
8,24,10,"ح ي ي"
8,24,11,"ع ل م"
8,24,13,"ا ل ه"
8,24,14,"ح و ل"
8,24,15,"ب ي ن"
8,24,16,"م ر ا"
8,24,17,"ق ل ب"
8,24,19,"إِلَىٰ"
8,24,20,"ح ش ر"
8,25,1,"و ق ي"
8,25,2,"ف ت ن"
8,25,4,"ص و ب"
8,25,5,"ٱلَّذِى"
8,25,6,"ظ ل م"
8,25,8,"خ ص ص"
8,25,9,"ع ل م"
8,25,11,"ا ل ه"
8,25,12,"ش د د"
8,25,13,"ع ق ب"
8,26,1,"ذ ك ر"
8,26,2,"إِذ"
8,26,4,"ق ل ل"
8,26,5,"ض ع ف"
8,26,7,"ا ر ض"
8,26,8,"خ و ف"
8,26,10,"خ ط ف"
8,26,11,"ن و س"
8,26,12,"ا و ي"
8,26,13,"ا ي د"
8,26,14,"ن ص ر"
8,26,15,"ر ز ق"
8,26,17,"ط ي ب"
8,26,19,"ش ك ر"
8,27,2,"ٱلَّذِى"
8,27,3,"ا م ن"
8,27,5,"خ و ن"
8,27,6,"ا ل ه"
8,27,7,"ر س ل"
8,27,8,"خ و ن"
8,27,9,"ا م ن"
8,27,11,"ع ل م"
8,28,1,"ع ل م"
8,28,3,"م و ل"
8,28,4,"و ل د"
8,28,5,"ف ت ن"
8,28,7,"ا ل ه"
8,28,8,"ع ن د"
8,28,9,"ا ج ر"
8,28,10,"ع ظ م"
8,29,2,"ٱلَّذِى"
8,29,3,"ا م ن"
8,29,5,"و ق ي"
8,29,6,"ا ل ه"
8,29,7,"ج ع ل"
8,29,9,"ف ر ق"
8,29,10,"ك ف ر"
8,29,12,"س و ا"
8,29,13,"غ ف ر"
8,29,15,"ا ل ه"
8,29,17,"ف ض ل"
8,29,18,"ع ظ م"
8,30,1,"إِذ"
8,30,2,"م ك ر"
8,30,4,"ٱلَّذِى"
8,30,5,"ك ف ر"
8,30,6,"ث ب ت"
8,30,8,"ق ت ل"
8,30,10,"خ ر ج"
8,30,11,"م ك ر"
8,30,12,"م ك ر"
8,30,13,"ا ل ه"
8,30,14,"ا ل ه"
8,30,15,"خ ي ر"
8,30,16,"م ك ر"
8,31,1,"إِذَا"
8,31,2,"ت ل و"
8,31,4,"ا ي ي"
8,31,5,"ق و ل"
8,31,7,"س م ع"
8,31,9,"ش ي ا"
8,31,10,"ق و ل"
8,31,11,"م ث ل"
8,31,15,"إِلَّا"
8,31,16,"س ط ر"
8,31,17,"ا و ل"
8,32,1,"إِذ"
8,32,2,"ق و ل"
8,32,3,"ا ل ه"
8,32,5,"ك و ن"
8,32,8,"ح ق ق"
8,32,10,"ع ن د"
8,32,11,"م ط ر"
8,32,13,"ح ج ر"
8,32,15,"س م و"
8,32,17,"ا ت ي"
8,32,18,"ع ذ ب"
8,32,19,"ا ل م"
8,33,2,"ك و ن"
8,33,3,"ا ل ه"
8,33,4,"ع ذ ب"
8,33,8,"ك و ن"
8,33,9,"ا ل ه"
8,33,10,"ع ذ ب"
8,33,12,"غ ف ر"
8,34,4,"ع ذ ب"
8,34,5,"ا ل ه"
8,34,7,"ص د د"
8,34,9,"س ج د"
8,34,10,"ح ر م"
8,34,12,"ك و ن"
8,34,13,"و ل ي"
8,34,15,"و ل ي"
8,34,16,"إِلَّا"
8,34,17,"و ق ي"
8,34,19,"ك ث ر"
8,34,21,"ع ل م"
8,35,2,"ك و ن"
8,35,3,"ص ل و"
8,35,4,"ع ن د"
8,35,5,"ب ي ت"
8,35,6,"إِلَّا"
8,35,7,"م ك و"
8,35,8,"ص د ي"
8,35,9,"ذ و ق"
8,35,10,"ع ذ ب"
8,35,12,"ك و ن"
8,35,13,"ك ف ر"
8,36,2,"ٱلَّذِى"
8,36,3,"ك ف ر"
8,36,4,"ن ف ق"
8,36,5,"م و ل"
8,36,6,"ص د د"
8,36,8,"س ب ل"
8,36,9,"ا ل ه"
8,36,10,"ن ف ق"
8,36,12,"ك و ن"
8,36,14,"ح س ر"
8,36,16,"غ ل ب"
8,36,17,"ٱلَّذِى"
8,36,18,"ك ف ر"
8,36,19,"إِلَىٰ"
8,36,21,"ح ش ر"
8,37,1,"م ي ز"
8,37,2,"ا ل ه"
8,37,3,"خ ب ث"
8,37,5,"ط ي ب"
8,37,6,"ج ع ل"
8,37,7,"خ ب ث"
8,37,8,"ب ع ض"
8,37,10,"ب ع ض"
8,37,11,"ر ك م"
8,37,12,"ج م ع"
8,37,13,"ج ع ل"
8,37,18,"خ س ر"
8,38,1,"ق و ل"
8,38,2,"ٱلَّذِى"
8,38,3,"ك ف ر"
8,38,5,"ن ه ي"
8,38,6,"غ ف ر"
8,38,10,"س ل ف"
8,38,12,"ع و د"
8,38,14,"م ض ي"
8,38,15,"س ن ن"
8,38,16,"ا و ل"
8,39,1,"ق ت ل"
8,39,4,"ك و ن"
8,39,5,"ف ت ن"
8,39,6,"ك و ن"
8,39,7,"د ي ن"
8,39,8,"ك ل ل"
8,39,9,"ا ل ه"
8,39,11,"ن ه ي"
8,39,13,"ا ل ه"
8,39,15,"ع م ل"
8,39,16,"ب ص ر"
8,40,2,"و ل ي"
8,40,3,"ع ل م"
8,40,5,"ا ل ه"
8,40,6,"و ل ي"
8,40,7,"ن ع م"
8,40,8,"و ل ي"
8,40,9,"ن ع م"
8,40,10,"ن ص ر"
8,41,1,"ع ل م"
8,41,3,"غ ن م"
8,41,5,"ش ي ا"
8,41,7,"ا ل ه"
8,41,8,"خ م س"
8,41,9,"ر س ل"
8,41,11,"ق ر ب"
8,41,12,"ي ت م"
8,41,13,"س ك ن"
8,41,14,"ب ن ي"
8,41,15,"س ب ل"
8,41,17,"ك و ن"
8,41,18,"ا م ن"
8,41,19,"ا ل ه"
8,41,21,"ن ز ل"
8,41,23,"ع ب د"
8,41,24,"ي و م"
8,41,25,"ف ر ق"
8,41,26,"ي و م"
8,41,27,"ل ق ي"
8,41,28,"ج م ع"
8,41,29,"ا ل ه"
8,41,31,"ك ل ل"
8,41,32,"ش ي ا"
8,41,33,"ق د ر"
8,42,1,"إِذ"
8,42,3,"ع د و"
8,42,4,"د ن و"
8,42,6,"ع د و"
8,42,7,"ق ص و"
8,42,8,"ر ك ب"
8,42,9,"س ف ل"
8,42,12,"و ع د"
8,42,13,"خ ل ف"
8,42,15,"و ع د"
8,42,17,"ق ض ي"
8,42,18,"ا ل ه"
8,42,19,"ا م ر"
8,42,20,"ك و ن"
8,42,21,"ف ع ل"
8,42,22,"ه ل ك"
8,42,24,"ه ل ك"
8,42,26,"ب ي ن"
8,42,27,"ح ي ي"
8,42,29,"ح ي ي"
8,42,31,"ب ي ن"
8,42,33,"ا ل ه"
8,42,34,"س م ع"
8,42,35,"ع ل م"
8,43,1,"إِذ"
8,43,2,"ر ا ي"
8,43,3,"ا ل ه"
8,43,5,"ن و م"
8,43,6,"ق ل ل"
8,43,8,"ر ا ي"
8,43,9,"ك ث ر"
8,43,10,"ف ش ل"
8,43,11,"ن ز ع"
8,43,13,"ا م ر"
8,43,15,"ا ل ه"
8,43,16,"س ل م"
8,43,18,"ع ل م"
8,43,20,"ص د ر"
8,44,1,"إِذ"
8,44,2,"ر ا ي"
8,44,3,"إِذ"
8,44,4,"ل ق ي"
8,44,6,"ع ي ن"
8,44,7,"ق ل ل"
8,44,8,"ق ل ل"
8,44,10,"ع ي ن"
8,44,11,"ق ض ي"
8,44,12,"ا ل ه"
8,44,13,"ا م ر"
8,44,14,"ك و ن"
8,44,15,"ف ع ل"
8,44,16,"إِلَىٰ"
8,44,17,"ا ل ه"
8,44,18,"ر ج ع"
8,44,19,"ا م ر"
8,45,2,"ٱلَّذِى"
8,45,3,"ا م ن"
8,45,4,"إِذَا"
8,45,5,"ل ق ي"
8,45,6,"ف ا ي"
8,45,7,"ث ب ت"
8,45,8,"ذ ك ر"
8,45,9,"ا ل ه"
8,45,10,"ك ث ر"
8,45,12,"ف ل ح"
8,46,1,"ط و ع"
8,46,2,"ا ل ه"
8,46,3,"ر س ل"
8,46,5,"ن ز ع"
8,46,6,"ف ش ل"
8,46,7,"ذ ه ب"
8,46,8,"ر و ح"
8,46,9,"ص ب ر"
8,46,11,"ا ل ه"
8,46,13,"ص ب ر"
8,47,2,"ك و ن"
8,47,3,"ٱلَّذِى"
8,47,4,"خ ر ج"
8,47,6,"د و ر"
8,47,7,"ب ط ر"
8,47,8,"ر ا ي"
8,47,9,"ن و س"
8,47,10,"ص د د"
8,47,12,"س ب ل"
8,47,13,"ا ل ه"
8,47,14,"ا ل ه"
8,47,16,"ع م ل"
8,47,17,"ح و ط"
8,48,1,"إِذ"
8,48,2,"ز ي ن"
8,48,4,"ش ط ن"
8,48,5,"ع م ل"
8,48,6,"ق و ل"
8,48,8,"غ ل ب"
8,48,10,"ي و م"
8,48,12,"ن و س"
8,48,14,"ج و ر"
8,48,17,"ر ا ي"
8,48,18,"ف ا ي"
8,48,19,"ن ك ص"
8,48,21,"ع ق ب"
8,48,22,"ق و ل"
8,48,24,"ب ر ا"
8,48,27,"ر ا ي"
8,48,30,"ر ا ي"
8,48,32,"خ و ف"
8,48,33,"ا ل ه"
8,48,34,"ا ل ه"
8,48,35,"ش د د"
8,48,36,"ع ق ب"
8,49,1,"إِذ"
8,49,2,"ق و ل"
8,49,3,"ن ف ق"
8,49,4,"ٱلَّذِى"
8,49,6,"ق ل ب"
8,49,7,"م ر ض"
8,49,8,"غ ر ر"
8,49,10,"د ي ن"
8,49,12,"و ك ل"
8,49,14,"ا ل ه"
8,49,16,"ا ل ه"
8,49,17,"ع ز ز"
8,49,18,"ح ك م"
8,50,2,"ر ا ي"
8,50,3,"إِذ"
8,50,4,"و ف ي"
8,50,5,"ٱلَّذِى"
8,50,6,"ك ف ر"
8,50,7,"م ل ك"
8,50,8,"ض ر ب"
8,50,9,"و ج ه"
8,50,10,"د ب ر"
8,50,11,"ذ و ق"
8,50,12,"ع ذ ب"
8,50,13,"ح ر ق"
8,51,3,"ق د م"
8,51,4,"ي د ي"
8,51,6,"ا ل ه"
8,51,7,"ل ي س"
8,51,8,"ظ ل م"
8,51,9,"ع ب د"
8,52,1,"د ا ب"
8,52,2,"ا و ل"
8,52,4,"ٱلَّذِى"
8,52,6,"ق ب ل"
8,52,7,"ك ف ر"
8,52,8,"ا ي ي"
8,52,9,"ا ل ه"
8,52,10,"ا خ ذ"
8,52,11,"ا ل ه"
8,52,12,"ذ ن ب"
8,52,14,"ا ل ه"
8,52,15,"ق و ي"
8,52,16,"ش د د"
8,52,17,"ع ق ب"
8,53,3,"ا ل ه"
8,53,5,"ك و ن"
8,53,6,"غ ي ر"
8,53,7,"ن ع م"
8,53,8,"ن ع م"
8,53,10,"ق و م"
8,53,12,"غ ي ر"
8,53,14,"ن ف س"
8,53,16,"ا ل ه"
8,53,17,"س م ع"
8,53,18,"ع ل م"
8,54,1,"د ا ب"
8,54,2,"ا و ل"
8,54,4,"ٱلَّذِى"
8,54,6,"ق ب ل"
8,54,7,"ك ذ ب"
8,54,8,"ا ي ي"
8,54,9,"ر ب ب"
8,54,10,"ه ل ك"
8,54,11,"ذ ن ب"
8,54,12,"غ ر ق"
8,54,13,"ا و ل"
8,54,15,"ك ل ل"
8,54,16,"ك و ن"
8,54,17,"ظ ل م"
8,55,2,"ش ر ر"
8,55,3,"د ب ب"
8,55,4,"ع ن د"
8,55,5,"ا ل ه"
8,55,6,"ٱلَّذِى"
8,55,7,"ك ف ر"
8,55,10,"ا م ن"
8,56,1,"ٱلَّذِى"
8,56,2,"ع ه د"
8,56,5,"ن ق ض"
8,56,6,"ع ه د"
8,56,8,"ك ل ل"
8,56,9,"م ر ر"
8,56,12,"و ق ي"
8,57,2,"ث ق ف"
8,57,4,"ح ر ب"
8,57,5,"ش ر د"
8,57,8,"خ ل ف"
8,57,10,"ذ ك ر"
8,58,2,"خ و ف"
8,58,4,"ق و م"
8,58,5,"خ و ن"
8,58,6,"ن ب ذ"
8,58,7,"إِلَىٰ"
8,58,9,"س و ي"
8,58,11,"ا ل ه"
8,58,13,"ح ب ب"
8,58,14,"خ و ن"
8,59,2,"ح س ب"
8,59,3,"ٱلَّذِى"
8,59,4,"ك ف ر"
8,59,5,"س ب ق"
8,59,8,"ع ج ز"
8,60,1,"ع د د"
8,60,4,"ط و ع"
8,60,6,"ق و ي"
8,60,8,"ر ب ط"
8,60,9,"خ ي ل"
8,60,10,"ر ه ب"
8,60,12,"ع د و"
8,60,13,"ا ل ه"
8,60,14,"ع د و"
8,60,15,"ا خ ر"
8,60,17,"د و ن"
8,60,19,"ع ل م"
8,60,20,"ا ل ه"
8,60,21,"ع ل م"
8,60,23,"ن ف ق"
8,60,25,"ش ي ا"
8,60,27,"س ب ل"
8,60,28,"ا ل ه"
8,60,29,"و ف ي"
8,60,30,"إِلَىٰ"
8,60,33,"ظ ل م"
8,61,2,"ج ن ح"
8,61,3,"س ل م"
8,61,4,"ج ن ح"
8,61,6,"و ك ل"
8,61,8,"ا ل ه"
8,61,11,"س م ع"
8,61,12,"ع ل م"
8,62,2,"ر و د"
8,62,4,"خ د ع"
8,62,6,"ح س ب"
8,62,7,"ا ل ه"
8,62,9,"ٱلَّذِى"
8,62,10,"ا ي د"
8,62,11,"ن ص ر"
8,62,12,"ا م ن"
8,63,1,"ا ل ف"
8,63,2,"ب ي ن"
8,63,3,"ق ل ب"
8,63,5,"ن ف ق"
8,63,8,"ا ر ض"
8,63,9,"ج م ع"
8,63,11,"ا ل ف"
8,63,12,"ب ي ن"
8,63,13,"ق ل ب"
8,63,15,"ا ل ه"
8,63,16,"ا ل ف"
8,63,17,"ب ي ن"
8,63,19,"ع ز ز"
8,63,20,"ح ك م"
8,64,2,"ن ب ا"
8,64,3,"ح س ب"
8,64,4,"ا ل ه"
8,64,6,"ت ب ع"
8,64,8,"ا م ن"
8,65,2,"ن ب ا"
8,65,3,"ح ر ض"
8,65,4,"ا م ن"
8,65,6,"ق ت ل"
8,65,8,"ك و ن"
8,65,10,"ع ش ر"
8,65,11,"ص ب ر"
8,65,12,"غ ل ب"
8,65,13,"م ا ي"
8,65,15,"ك و ن"
8,65,17,"م ا ي"
8,65,18,"غ ل ب"
8,65,19,"ا ل ف"
8,65,21,"ٱلَّذِى"
8,65,22,"ك ف ر"
8,65,24,"ق و م"
8,65,26,"ف ق ه"
8,66,2,"خ ف ف"
8,66,3,"ا ل ه"
8,66,5,"ع ل م"
8,66,8,"ض ع ف"
8,66,10,"ك و ن"
8,66,12,"م ا ي"
8,66,13,"ص ب ر"
8,66,14,"غ ل ب"
8,66,15,"م ا ي"
8,66,17,"ك و ن"
8,66,19,"ا ل ف"
8,66,20,"غ ل ب"
8,66,21,"ا ل ف"
8,66,22,"ا ذ ن"
8,66,23,"ا ل ه"
8,66,24,"ا ل ه"
8,66,26,"ص ب ر"
8,67,2,"ك و ن"
8,67,3,"ن ب ا"
8,67,5,"ك و ن"
8,67,7,"ا س ر"
8,67,9,"ث خ ن"
8,67,11,"ا ر ض"
8,67,12,"ر و د"
8,67,13,"ع ر ض"
8,67,14,"د ن و"
8,67,15,"ا ل ه"
8,67,16,"ر و د"
8,67,17,"ا خ ر"
8,67,18,"ا ل ه"
8,67,19,"ع ز ز"
8,67,20,"ح ك م"
8,68,2,"ك ت ب"
8,68,4,"ا ل ه"
8,68,5,"س ب ق"
8,68,6,"م س س"
8,68,8,"ا خ ذ"
8,68,9,"ع ذ ب"
8,68,10,"ع ظ م"
8,69,1,"ا ك ل"
8,69,3,"غ ن م"
8,69,4,"ح ل ل"
8,69,5,"ط ي ب"
8,69,6,"و ق ي"
8,69,7,"ا ل ه"
8,69,9,"ا ل ه"
8,69,10,"غ ف ر"
8,69,11,"ر ح م"
8,70,2,"ن ب ا"
8,70,3,"ق و ل"
8,70,6,"ي د ي"
8,70,8,"ا س ر"
8,70,10,"ع ل م"
8,70,11,"ا ل ه"
8,70,13,"ق ل ب"
8,70,14,"خ ي ر"
8,70,15,"ا ت ي"
8,70,16,"خ ي ر"
8,70,18,"ا خ ذ"
8,70,20,"غ ف ر"
8,70,22,"ا ل ه"
8,70,23,"غ ف ر"
8,70,24,"ر ح م"
8,71,2,"ر و د"
8,71,3,"خ و ن"
8,71,5,"خ و ن"
8,71,6,"ا ل ه"
8,71,8,"ق ب ل"
8,71,9,"م ك ن"
8,71,11,"ا ل ه"
8,71,12,"ع ل م"
8,71,13,"ح ك م"
8,72,2,"ٱلَّذِى"
8,72,3,"ا م ن"
8,72,4,"ه ج ر"
8,72,5,"ج ه د"
8,72,6,"م و ل"
8,72,7,"ن ف س"
8,72,9,"س ب ل"
8,72,10,"ا ل ه"
8,72,11,"ٱلَّذِى"
8,72,12,"ا و ي"
8,72,13,"ن ص ر"
8,72,15,"ب ع ض"
8,72,16,"و ل ي"
8,72,17,"ب ع ض"
8,72,18,"ٱلَّذِى"
8,72,19,"ا م ن"
8,72,21,"ه ج ر"
8,72,25,"و ل ي"
8,72,27,"ش ي ا"
8,72,29,"ه ج ر"
8,72,31,"ن ص ر"
8,72,33,"د ي ن"
8,72,35,"ن ص ر"
8,72,36,"إِلَّا"
8,72,38,"ق و م"
8,72,39,"ب ي ن"
8,72,40,"ب ي ن"
8,72,41,"و ث ق"
8,72,42,"ا ل ه"
8,72,44,"ع م ل"
8,72,45,"ب ص ر"
8,73,1,"ٱلَّذِى"
8,73,2,"ك ف ر"
8,73,3,"ب ع ض"
8,73,4,"و ل ي"
8,73,5,"ب ع ض"
8,73,7,"ف ع ل"
8,73,8,"ك و ن"
8,73,9,"ف ت ن"
8,73,11,"ا ر ض"
8,73,12,"ف س د"
8,73,13,"ك ب ر"
8,74,1,"ٱلَّذِى"
8,74,2,"ا م ن"
8,74,3,"ه ج ر"
8,74,4,"ج ه د"
8,74,6,"س ب ل"
8,74,7,"ا ل ه"
8,74,8,"ٱلَّذِى"
8,74,9,"ا و ي"
8,74,10,"ن ص ر"
8,74,13,"ا م ن"
8,74,14,"ح ق ق"
8,74,16,"غ ف ر"
8,74,17,"ر ز ق"
8,74,18,"ك ر م"
8,75,1,"ٱلَّذِى"
8,75,2,"ا م ن"
8,75,4,"ب ع د"
8,75,5,"ه ج ر"
8,75,6,"ج ه د"
8,75,10,"ا و ل"
8,75,11,"ر ح م"
8,75,12,"ب ع ض"
8,75,13,"و ل ي"
8,75,14,"ب ع ض"
8,75,16,"ك ت ب"
8,75,17,"ا ل ه"
8,75,19,"ا ل ه"
8,75,20,"ك ل ل"
8,75,21,"ش ي ا"
8,75,22,"ع ل م"
9,1,1,"ب ر ا"
9,1,3,"ا ل ه"
9,1,4,"ر س ل"
9,1,5,"إِلَىٰ"
9,1,6,"ٱلَّذِى"
9,1,7,"ع ه د"
9,1,9,"ش ر ك"
9,2,1,"س ي ح"
9,2,3,"ا ر ض"
9,2,4,"ر ب ع"
9,2,5,"ش ه ر"
9,2,6,"ع ل م"
9,2,8,"غ ي ر"
9,2,9,"ع ج ز"
9,2,10,"ا ل ه"
9,2,12,"ا ل ه"
9,2,13,"خ ز ي"
9,2,14,"ك ف ر"
9,3,1,"ا ذ ن"
9,3,3,"ا ل ه"
9,3,4,"ر س ل"
9,3,5,"إِلَىٰ"
9,3,6,"ن و س"
9,3,7,"ي و م"
9,3,8,"ح ج ج"
9,3,9,"ك ب ر"
9,3,11,"ا ل ه"
9,3,12,"ب ر ا"
9,3,14,"ش ر ك"
9,3,15,"ر س ل"
9,3,17,"ت و ب"
9,3,19,"خ ي ر"
9,3,22,"و ل ي"
9,3,23,"ع ل م"
9,3,25,"غ ي ر"
9,3,26,"ع ج ز"
9,3,27,"ا ل ه"
9,3,28,"ب ش ر"
9,3,29,"ٱلَّذِى"
9,3,30,"ك ف ر"
9,3,31,"ع ذ ب"
9,3,32,"ا ل م"
9,4,1,"إِلَّا"
9,4,2,"ٱلَّذِى"
9,4,3,"ع ه د"
9,4,5,"ش ر ك"
9,4,8,"ن ق ص"
9,4,9,"ش ي ا"
9,4,11,"ظ ه ر"
9,4,13,"ا ح د"
9,4,14,"ت م م"
9,4,15,"إِلَىٰ"
9,4,16,"ع ه د"
9,4,17,"إِلَىٰ"
9,4,18,"م د د"
9,4,20,"ا ل ه"
9,4,21,"ح ب ب"
9,4,22,"و ق ي"
9,5,1,"إِذَا"
9,5,2,"س ل خ"
9,5,3,"ش ه ر"
9,5,4,"ح ر م"
9,5,5,"ق ت ل"
9,5,6,"ش ر ك"
9,5,7,"ح ي ث"
9,5,8,"و ج د"
9,5,9,"ا خ ذ"
9,5,10,"ح ص ر"
9,5,11,"ق ع د"
9,5,13,"ك ل ل"
9,5,14,"ر ص د"
9,5,16,"ت و ب"
9,5,17,"ق و م"
9,5,18,"ص ل و"
9,5,19,"ا ت ي"
9,5,20,"ز ك و"
9,5,21,"خ ل و"
9,5,22,"س ب ل"
9,5,24,"ا ل ه"
9,5,25,"غ ف ر"
9,5,26,"ر ح م"
9,6,2,"ا ح د"
9,6,4,"ش ر ك"
9,6,5,"ج و ر"
9,6,6,"ج و ر"
9,6,8,"س م ع"
9,6,9,"ك ل م"
9,6,10,"ا ل ه"
9,6,12,"ب ل غ"
9,6,13,"ا م ن"
9,6,16,"ق و م"
9,6,18,"ع ل م"
9,7,1,"ك ي ف"
9,7,2,"ك و ن"
9,7,3,"ش ر ك"
9,7,4,"ع ه د"
9,7,5,"ع ن د"
9,7,6,"ا ل ه"
9,7,7,"ع ن د"
9,7,8,"ر س ل"
9,7,9,"إِلَّا"
9,7,10,"ٱلَّذِى"
9,7,11,"ع ه د"
9,7,12,"ع ن د"
9,7,13,"س ج د"
9,7,14,"ح ر م"
9,7,16,"ق و م"
9,7,18,"ق و م"
9,7,21,"ا ل ه"
9,7,22,"ح ب ب"
9,7,23,"و ق ي"
9,8,1,"ك ي ف"
9,8,3,"ظ ه ر"
9,8,6,"ر ق ب"
9,8,8,"ا ل ل"
9,8,10,"ذ م م"
9,8,11,"ر ض و"
9,8,12,"ف و ه"
9,8,13,"ا ب ي"
9,8,14,"ق ل ب"
9,8,15,"ك ث ر"
9,8,16,"ف س ق"
9,9,1,"ش ر ي"
9,9,2,"ا ي ي"
9,9,3,"ا ل ه"
9,9,4,"ث م ن"
9,9,5,"ق ل ل"
9,9,6,"ص د د"
9,9,8,"س ب ل"
9,9,10,"س و ا"
9,9,12,"ك و ن"
9,9,13,"ع م ل"
9,10,2,"ر ق ب"
9,10,4,"ا م ن"
9,10,5,"ا ل ل"
9,10,7,"ذ م م"
9,10,10,"ع د و"
9,11,2,"ت و ب"
9,11,3,"ق و م"
9,11,4,"ص ل و"
9,11,5,"ا ت ي"
9,11,6,"ز ك و"
9,11,7,"ا خ و"
9,11,9,"د ي ن"
9,11,10,"ف ص ل"
9,11,11,"ا ي ي"
9,11,12,"ق و م"
9,11,13,"ع ل م"
9,12,2,"ن ك ث"
9,12,3,"ي م ن"
9,12,5,"ب ع د"
9,12,6,"ع ه د"
9,12,7,"ط ع ن"
9,12,9,"د ي ن"
9,12,10,"ق ت ل"
9,12,11,"ا م م"
9,12,12,"ك ف ر"
9,12,15,"ي م ن"
9,12,18,"ن ه ي"
9,13,2,"ق ت ل"
9,13,3,"ق و م"
9,13,4,"ن ك ث"
9,13,5,"ي م ن"
9,13,6,"ه م م"
9,13,7,"خ ر ج"
9,13,8,"ر س ل"
9,13,10,"ب د ا"
9,13,11,"ا و ل"
9,13,12,"م ر ر"
9,13,13,"خ ش ي"
9,13,14,"ا ل ه"
9,13,15,"ح ق ق"
9,13,17,"خ ش ي"
9,13,19,"ك و ن"
9,13,20,"ا م ن"
9,14,1,"ق ت ل"
9,14,2,"ع ذ ب"
9,14,3,"ا ل ه"
9,14,4,"ي د ي"
9,14,5,"خ ز ي"
9,14,6,"ن ص ر"
9,14,8,"ش ف ي"
9,14,9,"ص د ر"
9,14,10,"ق و م"
9,14,11,"ا م ن"
9,15,1,"ذ ه ب"
9,15,2,"غ ي ظ"
9,15,3,"ق ل ب"
9,15,4,"ت و ب"
9,15,5,"ا ل ه"
9,15,8,"ش ي ا"
9,15,9,"ا ل ه"
9,15,10,"ع ل م"
9,15,11,"ح ك م"
9,16,1,"أَم"
9,16,2,"ح س ب"
9,16,4,"ت ر ك"
9,16,6,"ع ل م"
9,16,7,"ا ل ه"
9,16,8,"ٱلَّذِى"
9,16,9,"ج ه د"
9,16,12,"ا خ ذ"
9,16,14,"د و ن"
9,16,15,"ا ل ه"
9,16,17,"ر س ل"
9,16,19,"ا م ن"
9,16,20,"و ل ج"
9,16,21,"ا ل ه"
9,16,22,"خ ب ر"
9,16,24,"ع م ل"
9,17,2,"ك و ن"
9,17,3,"ش ر ك"
9,17,5,"ع م ر"
9,17,6,"س ج د"
9,17,7,"ا ل ه"
9,17,8,"ش ه د"
9,17,10,"ن ف س"
9,17,11,"ك ف ر"
9,17,13,"ح ب ط"
9,17,14,"ع م ل"
9,17,16,"ن و ر"
9,17,18,"خ ل د"
9,18,2,"ع م ر"
9,18,3,"س ج د"
9,18,4,"ا ل ه"
9,18,6,"ا م ن"
9,18,7,"ا ل ه"
9,18,8,"ي و م"
9,18,9,"ا خ ر"
9,18,10,"ق و م"
9,18,11,"ص ل و"
9,18,12,"ا ت ي"
9,18,13,"ز ك و"
9,18,15,"خ ش ي"
9,18,16,"إِلَّا"
9,18,17,"ا ل ه"
9,18,18,"ع س ي"
9,18,21,"ك و ن"
9,18,23,"ه د ي"
9,19,1,"ج ع ل"
9,19,2,"س ق ي"
9,19,3,"ح ج ج"
9,19,4,"ع م ر"
9,19,5,"س ج د"
9,19,6,"ح ر م"
9,19,8,"ا م ن"
9,19,9,"ا ل ه"
9,19,10,"ي و م"
9,19,11,"ا خ ر"
9,19,12,"ج ه د"
9,19,14,"س ب ل"
9,19,15,"ا ل ه"
9,19,17,"س و ي"
9,19,18,"ع ن د"
9,19,19,"ا ل ه"
9,19,20,"ا ل ه"
9,19,22,"ه د ي"
9,19,23,"ق و م"
9,19,24,"ظ ل م"
9,20,1,"ٱلَّذِى"
9,20,2,"ا م ن"
9,20,3,"ه ج ر"
9,20,4,"ج ه د"
9,20,6,"س ب ل"
9,20,7,"ا ل ه"
9,20,8,"م و ل"
9,20,9,"ن ف س"
9,20,10,"ع ظ م"
9,20,11,"د ر ج"
9,20,12,"ع ن د"
9,20,13,"ا ل ه"
9,20,16,"ف و ز"
9,21,1,"ب ش ر"
9,21,2,"ر ب ب"
9,21,3,"ر ح م"
9,21,5,"ر ض و"
9,21,6,"ج ن ن"
9,21,9,"ن ع م"
9,21,10,"ق و م"
9,22,1,"خ ل د"
9,22,3,"ا ب د"
9,22,5,"ا ل ه"
9,22,6,"ع ن د"
9,22,7,"ا ج ر"
9,22,8,"ع ظ م"
9,23,2,"ٱلَّذِى"
9,23,3,"ا م ن"
9,23,5,"ا خ ذ"
9,23,6,"ا ب و"
9,23,7,"ا خ و"
9,23,8,"و ل ي"
9,23,10,"ح ب ب"
9,23,11,"ك ف ر"
9,23,13,"ا م ن"
9,23,15,"و ل ي"
9,23,19,"ظ ل م"
9,24,1,"ق و ل"
9,24,3,"ك و ن"
9,24,4,"ا ب و"
9,24,5,"ب ن ي"
9,24,6,"ا خ و"
9,24,7,"ز و ج"
9,24,8,"ع ش ر"
9,24,9,"م و ل"
9,24,10,"ق ر ف"
9,24,11,"ت ج ر"
9,24,12,"خ ش ي"
9,24,13,"ك س د"
9,24,14,"س ك ن"
9,24,15,"ر ض و"
9,24,16,"ح ب ب"
9,24,17,"إِلَىٰ"
9,24,19,"ا ل ه"
9,24,20,"ر س ل"
9,24,21,"ج ه د"
9,24,23,"س ب ل"
9,24,24,"ر ب ص"
9,24,26,"ا ت ي"
9,24,27,"ا ل ه"
9,24,28,"ا م ر"
9,24,29,"ا ل ه"
9,24,31,"ه د ي"
9,24,32,"ق و م"
9,24,33,"ف س ق"
9,25,2,"ن ص ر"
9,25,3,"ا ل ه"
9,25,5,"و ط ن"
9,25,6,"ك ث ر"
9,25,7,"ي و م"
9,25,9,"إِذ"
9,25,10,"ع ج ب"
9,25,11,"ك ث ر"
9,25,13,"غ ن ي"
9,25,15,"ش ي ا"
9,25,16,"ض ي ق"
9,25,18,"ا ر ض"
9,25,20,"ر ح ب"
9,25,22,"و ل ي"
9,25,23,"د ب ر"
9,26,2,"ن ز ل"
9,26,3,"ا ل ه"
9,26,4,"س ك ن"
9,26,6,"ر س ل"
9,26,8,"ا م ن"
9,26,9,"ن ز ل"
9,26,10,"ج ن د"
9,26,12,"ر ا ي"
9,26,13,"ع ذ ب"
9,26,14,"ٱلَّذِى"
9,26,15,"ك ف ر"
9,26,17,"ج ز ي"
9,26,18,"ك ف ر"
9,27,2,"ت و ب"
9,27,3,"ا ل ه"
9,27,5,"ب ع د"
9,27,9,"ش ي ا"
9,27,10,"ا ل ه"
9,27,11,"غ ف ر"
9,27,12,"ر ح م"
9,28,2,"ٱلَّذِى"
9,28,3,"ا م ن"
9,28,5,"ش ر ك"
9,28,6,"ن ج س"
9,28,8,"ق ر ب"
9,28,9,"س ج د"
9,28,10,"ح ر م"
9,28,11,"ب ع د"
9,28,12,"ع و م"
9,28,15,"خ و ف"
9,28,16,"ع ي ل"
9,28,18,"غ ن ي"
9,28,19,"ا ل ه"
9,28,21,"ف ض ل"
9,28,23,"ش ي ا"
9,28,25,"ا ل ه"
9,28,26,"ع ل م"
9,28,27,"ح ك م"
9,29,1,"ق ت ل"
9,29,2,"ٱلَّذِى"
9,29,4,"ا م ن"
9,29,5,"ا ل ه"
9,29,7,"ي و م"
9,29,8,"ا خ ر"
9,29,10,"ح ر م"
9,29,12,"ح ر م"
9,29,13,"ا ل ه"
9,29,14,"ر س ل"
9,29,16,"د ي ن"
9,29,17,"د ي ن"
9,29,18,"ح ق ق"
9,29,20,"ٱلَّذِى"
9,29,21,"ا ت ي"
9,29,22,"ك ت ب"
9,29,24,"ع ط و"
9,29,25,"ج ز ي"
9,29,27,"ي د ي"
9,29,29,"ص غ ر"
9,30,1,"ق و ل"
9,30,4,"ب ن ي"
9,30,5,"ا ل ه"
9,30,6,"ق و ل"
9,30,7,"ن ص ر"
9,30,9,"ب ن ي"
9,30,10,"ا ل ه"
9,30,12,"ق و ل"
9,30,13,"ف و ه"
9,30,14,"ض ه ا"
9,30,15,"ق و ل"
9,30,16,"ٱلَّذِى"
9,30,17,"ك ف ر"
9,30,19,"ق ب ل"
9,30,20,"ق ت ل"
9,30,21,"ا ل ه"
9,30,22,"ا ن ي"
9,30,23,"ا ف ك"
9,31,1,"ا خ ذ"
9,31,2,"ح ب ر"
9,31,3,"ر ه ب"
9,31,4,"ر ب ب"
9,31,6,"د و ن"
9,31,7,"ا ل ه"
9,31,9,"ب ن ي"
9,31,12,"ا م ر"
9,31,13,"إِلَّا"
9,31,14,"ع ب د"
9,31,15,"ا ل ه"
9,31,16,"و ح د"
9,31,18,"ا ل ه"
9,31,19,"إِلَّا"
9,31,21,"س ب ح"
9,31,23,"ش ر ك"
9,32,1,"ر و د"
9,32,3,"ط ف ا"
9,32,4,"ن و ر"
9,32,5,"ا ل ه"
9,32,6,"ف و ه"
9,32,7,"ا ب ي"
9,32,8,"ا ل ه"
9,32,9,"إِلَّا"
9,32,11,"ت م م"
9,32,12,"ن و ر"
9,32,14,"ك ر ه"
9,32,15,"ك ف ر"
9,33,2,"ٱلَّذِى"
9,33,3,"ر س ل"
9,33,4,"ر س ل"
9,33,5,"ه د ي"
9,33,6,"د ي ن"
9,33,7,"ح ق ق"
9,33,8,"ظ ه ر"
9,33,10,"د ي ن"
9,33,11,"ك ل ل"
9,33,13,"ك ر ه"
9,33,14,"ش ر ك"
9,34,2,"ٱلَّذِى"
9,34,3,"ا م ن"
9,34,5,"ك ث ر"
9,34,7,"ح ب ر"
9,34,8,"ر ه ب"
9,34,9,"ا ك ل"
9,34,10,"م و ل"
9,34,11,"ن و س"
9,34,12,"ب ط ل"
9,34,13,"ص د د"
9,34,15,"س ب ل"
9,34,16,"ا ل ه"
9,34,17,"ٱلَّذِى"
9,34,18,"ك ن ز"
9,34,19,"ذ ه ب"
9,34,20,"ف ض ض"
9,34,22,"ن ف ق"
9,34,24,"س ب ل"
9,34,25,"ا ل ه"
9,34,26,"ب ش ر"
9,34,27,"ع ذ ب"
9,34,28,"ا ل م"
9,35,1,"ي و م"
9,35,2,"ح م ي"
9,35,5,"ن و ر"
9,35,7,"ك و ي"
9,35,9,"ج ب ه"
9,35,10,"ج ن ب"
9,35,11,"ظ ه ر"
9,35,14,"ك ن ز"
9,35,15,"ن ف س"
9,35,16,"ذ و ق"
9,35,18,"ك و ن"
9,35,19,"ك ن ز"
9,36,2,"ع د د"
9,36,3,"ش ه ر"
9,36,4,"ع ن د"
9,36,5,"ا ل ه"
9,36,6,"ث ن ي"
9,36,7,"ع ش ر"
9,36,8,"ش ه ر"
9,36,10,"ك ت ب"
9,36,11,"ا ل ه"
9,36,12,"ي و م"
9,36,13,"خ ل ق"
9,36,14,"س م و"
9,36,15,"ا ر ض"
9,36,17,"ر ب ع"
9,36,18,"ح ر م"
9,36,20,"د ي ن"
9,36,21,"ق و م"
9,36,23,"ظ ل م"
9,36,25,"ن ف س"
9,36,26,"ق ت ل"
9,36,27,"ش ر ك"
9,36,28,"ك ف ف"
9,36,30,"ق ت ل"
9,36,31,"ك ف ف"
9,36,32,"ع ل م"
9,36,34,"ا ل ه"
9,36,36,"و ق ي"
9,37,2,"ن س ا"
9,37,3,"ز ي د"
9,37,5,"ك ف ر"
9,37,6,"ض ل ل"
9,37,8,"ٱلَّذِى"
9,37,9,"ك ف ر"
9,37,10,"ح ل ل"
9,37,11,"ع و م"
9,37,12,"ح ر م"
9,37,13,"ع و م"
9,37,14,"و ط ا"
9,37,15,"ع د د"
9,37,17,"ح ر م"
9,37,18,"ا ل ه"
9,37,19,"ح ل ل"
9,37,21,"ح ر م"
9,37,22,"ا ل ه"
9,37,23,"ز ي ن"
9,37,25,"س و ا"
9,37,26,"ع م ل"
9,37,27,"ا ل ه"
9,37,29,"ه د ي"
9,37,30,"ق و م"
9,37,31,"ك ف ر"
9,38,2,"ٱلَّذِى"
9,38,3,"ا م ن"
9,38,6,"إِذَا"
9,38,7,"ق و ل"
9,38,9,"ن ف ر"
9,38,11,"س ب ل"
9,38,12,"ا ل ه"
9,38,13,"ث ق ل"
9,38,14,"إِلَىٰ"
9,38,15,"ا ر ض"
9,38,16,"ر ض و"
9,38,17,"ح ي ي"
9,38,18,"د ن و"
9,38,20,"ا خ ر"
9,38,22,"م ت ع"
9,38,23,"ح ي ي"
9,38,24,"د ن و"
9,38,26,"ا خ ر"
9,38,27,"إِلَّا"
9,38,28,"ق ل ل"
9,39,1,"إِلَّا"
9,39,2,"ن ف ر"
9,39,3,"ع ذ ب"
9,39,4,"ع ذ ب"
9,39,5,"ا ل م"
9,39,6,"ب د ل"
9,39,7,"ق و م"
9,39,8,"غ ي ر"
9,39,10,"ض ر ر"
9,39,11,"ش ي ا"
9,39,12,"ا ل ه"
9,39,14,"ك ل ل"
9,39,15,"ش ي ا"
9,39,16,"ق د ر"
9,40,1,"إِلَّا"
9,40,2,"ن ص ر"
9,40,4,"ن ص ر"
9,40,5,"ا ل ه"
9,40,6,"إِذ"
9,40,7,"خ ر ج"
9,40,8,"ٱلَّذِى"
9,40,9,"ك ف ر"
9,40,10,"ث ن ي"
9,40,11,"ث ن ي"
9,40,12,"إِذ"
9,40,15,"غ و ر"
9,40,16,"إِذ"
9,40,17,"ق و ل"
9,40,18,"ص ح ب"
9,40,20,"ح ز ن"
9,40,22,"ا ل ه"
9,40,24,"ن ز ل"
9,40,25,"ا ل ه"
9,40,26,"س ك ن"
9,40,28,"ا ي د"
9,40,29,"ج ن د"
9,40,31,"ر ا ي"
9,40,32,"ج ع ل"
9,40,33,"ك ل م"
9,40,34,"ٱلَّذِى"
9,40,35,"ك ف ر"
9,40,36,"س ف ل"
9,40,37,"ك ل م"
9,40,38,"ا ل ه"
9,40,40,"ع ل و"
9,40,41,"ا ل ه"
9,40,42,"ع ز ز"
9,40,43,"ح ك م"
9,41,1,"ن ف ر"
9,41,2,"خ ف ف"
9,41,3,"ث ق ل"
9,41,4,"ج ه د"
9,41,5,"م و ل"
9,41,6,"ن ف س"
9,41,8,"س ب ل"
9,41,9,"ا ل ه"
9,41,11,"خ ي ر"
9,41,14,"ك و ن"
9,41,15,"ع ل م"
9,42,2,"ك و ن"
9,42,3,"ع ر ض"
9,42,4,"ق ر ب"
9,42,5,"س ف ر"
9,42,6,"ق ص د"
9,42,7,"ت ب ع"
9,42,9,"ب ع د"
9,42,11,"ش ق ق"
9,42,12,"ح ل ف"
9,42,13,"ا ل ه"
9,42,15,"ط و ع"
9,42,16,"خ ر ج"
9,42,18,"ه ل ك"
9,42,19,"ن ف س"
9,42,20,"ا ل ه"
9,42,21,"ع ل م"
9,42,23,"ك ذ ب"
9,43,1,"ع ف و"
9,43,2,"ا ل ه"
9,43,5,"ا ذ ن"
9,43,8,"ب ي ن"
9,43,10,"ٱلَّذِى"
9,43,11,"ص د ق"
9,43,12,"ع ل م"
9,43,13,"ك ذ ب"
9,44,2,"ا ذ ن"
9,44,3,"ٱلَّذِى"
9,44,4,"ا م ن"
9,44,5,"ا ل ه"
9,44,6,"ي و م"
9,44,7,"ا خ ر"
9,44,9,"ج ه د"
9,44,10,"م و ل"
9,44,11,"ن ف س"
9,44,12,"ا ل ه"
9,44,13,"ع ل م"
9,44,14,"و ق ي"
9,45,2,"ا ذ ن"
9,45,3,"ٱلَّذِى"
9,45,5,"ا م ن"
9,45,6,"ا ل ه"
9,45,7,"ي و م"
9,45,8,"ا خ ر"
9,45,9,"ر ي ب"
9,45,10,"ق ل ب"
9,45,13,"ر ي ب"
9,45,14,"ر د د"
9,46,2,"ر و د"
9,46,3,"خ ر ج"
9,46,4,"ع د د"
9,46,6,"ع د د"
9,46,8,"ك ر ه"
9,46,9,"ا ل ه"
9,46,10,"ب ع ث"
9,46,11,"ث ب ط"
9,46,12,"ق و ل"
9,46,13,"ق ع د"
9,46,15,"ق ع د"
9,47,2,"خ ر ج"
9,47,5,"ز ي د"
9,47,6,"إِلَّا"
9,47,7,"خ ب ل"
9,47,8,"و ض ع"
9,47,9,"خ ل ل"
9,47,10,"ب غ ي"
9,47,11,"ف ت ن"
9,47,13,"س م ع"
9,47,15,"ا ل ه"
9,47,16,"ع ل م"
9,47,17,"ظ ل م"
9,48,2,"ب غ ي"
9,48,3,"ف ت ن"
9,48,5,"ق ب ل"
9,48,6,"ق ل ب"
9,48,8,"ا م ر"
9,48,10,"ج ي ا"
9,48,11,"ح ق ق"
9,48,12,"ظ ه ر"
9,48,13,"ا م ر"
9,48,14,"ا ل ه"
9,48,16,"ك ر ه"
9,49,3,"ق و ل"
9,49,4,"ا ذ ن"
9,49,7,"ف ت ن"
9,49,10,"ف ت ن"
9,49,11,"س ق ط"
9,49,14,"ح و ط"
9,49,15,"ك ف ر"
9,50,2,"ص و ب"
9,50,3,"ح س ن"
9,50,4,"س و ا"
9,50,6,"ص و ب"
9,50,7,"ص و ب"
9,50,8,"ق و ل"
9,50,10,"ا خ ذ"
9,50,11,"ا م ر"
9,50,13,"ق ب ل"
9,50,14,"و ل ي"
9,50,16,"ف ر ح"
9,51,1,"ق و ل"
9,51,3,"ص و ب"
9,51,4,"إِلَّا"
9,51,6,"ك ت ب"
9,51,7,"ا ل ه"
9,51,10,"و ل ي"
9,51,12,"ا ل ه"
9,51,13,"و ك ل"
9,51,14,"ا م ن"
9,52,1,"ق و ل"
9,52,3,"ر ب ص"
9,52,5,"إِلَّا"
9,52,6,"ا ح د"
9,52,7,"ح س ن"
9,52,9,"ر ب ص"
9,52,12,"ص و ب"
9,52,13,"ا ل ه"
9,52,14,"ع ذ ب"
9,52,16,"ع ن د"
9,52,18,"ي د ي"
9,52,19,"ر ب ص"
9,52,22,"ر ب ص"
9,53,1,"ق و ل"
9,53,2,"ن ف ق"
9,53,3,"ط و ع"
9,53,5,"ك ر ه"
9,53,7,"ق ب ل"
9,53,10,"ك و ن"
9,53,11,"ق و م"
9,53,12,"ف س ق"
9,54,2,"م ن ع"
9,54,4,"ق ب ل"
9,54,6,"ن ف ق"
9,54,7,"إِلَّا"
9,54,9,"ك ف ر"
9,54,10,"ا ل ه"
9,54,11,"ر س ل"
9,54,13,"ا ت ي"
9,54,14,"ص ل و"
9,54,15,"إِلَّا"
9,54,17,"ك س ل"
9,54,19,"ن ف ق"
9,54,20,"إِلَّا"
9,54,22,"ك ر ه"
9,55,2,"ع ج ب"
9,55,3,"م و ل"
9,55,5,"و ل د"
9,55,7,"ر و د"
9,55,8,"ا ل ه"
9,55,9,"ع ذ ب"
9,55,12,"ح ي ي"
9,55,13,"د ن و"
9,55,14,"ز ه ق"
9,55,15,"ن ف س"
9,55,17,"ك ف ر"
9,56,1,"ح ل ف"
9,56,2,"ا ل ه"
9,56,9,"ق و م"
9,56,10,"ف ر ق"
9,57,2,"و ج د"
9,57,3,"ل ج ا"
9,57,5,"غ و ر"
9,57,7,"د خ ل"
9,57,8,"و ل ي"
9,57,9,"إِلَىٰ"
9,57,11,"ج م ح"
9,58,3,"ل م ز"
9,58,5,"ص د ق"
9,58,7,"ع ط و"
9,58,9,"ر ض و"
9,58,12,"ع ط و"
9,58,14,"إِذَا"
9,58,16,"س خ ط"
9,59,3,"ر ض و"
9,59,5,"ا ت ي"
9,59,6,"ا ل ه"
9,59,7,"ر س ل"
9,59,8,"ق و ل"
9,59,9,"ح س ب"
9,59,10,"ا ل ه"
9,59,11,"ا ت ي"
9,59,12,"ا ل ه"
9,59,14,"ف ض ل"
9,59,15,"ر س ل"
9,59,17,"إِلَىٰ"
9,59,18,"ا ل ه"
9,59,19,"ر غ ب"
9,60,2,"ص د ق"
9,60,3,"ف ق ر"
9,60,4,"س ك ن"
9,60,5,"ع م ل"
9,60,7,"ا ل ف"
9,60,8,"ق ل ب"
9,60,10,"ر ق ب"
9,60,11,"غ ر م"
9,60,13,"س ب ل"
9,60,14,"ا ل ه"
9,60,15,"ب ن ي"
9,60,16,"س ب ل"
9,60,17,"ف ر ض"
9,60,19,"ا ل ه"
9,60,20,"ا ل ه"
9,60,21,"ع ل م"
9,60,22,"ح ك م"
9,61,2,"ٱلَّذِى"
9,61,3,"ا ذ ي"
9,61,4,"ن ب ا"
9,61,5,"ق و ل"
9,61,7,"ا ذ ن"
9,61,8,"ق و ل"
9,61,9,"ا ذ ن"
9,61,10,"خ ي ر"
9,61,12,"ا م ن"
9,61,13,"ا ل ه"
9,61,14,"ا م ن"
9,61,15,"ا م ن"
9,61,16,"ر ح م"
9,61,17,"ٱلَّذِى"
9,61,18,"ا م ن"
9,61,20,"ٱلَّذِى"
9,61,21,"ا ذ ي"
9,61,22,"ر س ل"
9,61,23,"ا ل ه"
9,61,25,"ع ذ ب"
9,61,26,"ا ل م"
9,62,1,"ح ل ف"
9,62,2,"ا ل ه"
9,62,4,"ر ض و"
9,62,5,"ا ل ه"
9,62,6,"ر س ل"
9,62,7,"ح ق ق"
9,62,9,"ر ض و"
9,62,11,"ك و ن"
9,62,12,"ا م ن"
9,63,2,"ع ل م"
9,63,5,"ح د د"
9,63,6,"ا ل ه"
9,63,7,"ر س ل"
9,63,10,"ن و ر"
9,63,12,"خ ل د"
9,63,15,"خ ز ي"
9,63,16,"ع ظ م"
9,64,1,"ح ذ ر"
9,64,2,"ن ف ق"
9,64,4,"ن ز ل"
9,64,6,"س و ر"
9,64,7,"ن ب ا"
9,64,10,"ق ل ب"
9,64,11,"ق و ل"
9,64,12,"ه ز ا"
9,64,14,"ا ل ه"
9,64,15,"خ ر ج"
9,64,17,"ح ذ ر"
9,65,2,"س ا ل"
9,65,3,"ق و ل"
9,65,5,"ك و ن"
9,65,6,"خ و ض"
9,65,7,"ل ع ب"
9,65,8,"ق و ل"
9,65,9,"ا ل ه"
9,65,10,"ا ي ي"
9,65,11,"ر س ل"
9,65,12,"ك و ن"
9,65,13,"ه ز ا"
9,66,2,"ع ذ ر"
9,66,4,"ك ف ر"
9,66,5,"ب ع د"
9,66,6,"ا م ن"
9,66,8,"ع ف و"
9,66,10,"ط و ف"
9,66,12,"ع ذ ب"
9,66,13,"ط و ف"
9,66,15,"ك و ن"
9,66,16,"ج ر م"
9,67,1,"ن ف ق"
9,67,2,"ن ف ق"
9,67,3,"ب ع ض"
9,67,5,"ب ع ض"
9,67,6,"ا م ر"
9,67,7,"ن ك ر"
9,67,8,"ن ه ي"
9,67,10,"ع ر ف"
9,67,11,"ق ب ض"
9,67,12,"ي د ي"
9,67,13,"ن س ي"
9,67,14,"ا ل ه"
9,67,15,"ن س ي"
9,67,17,"ن ف ق"
9,67,19,"ف س ق"
9,68,1,"و ع د"
9,68,2,"ا ل ه"
9,68,3,"ن ف ق"
9,68,4,"ن ف ق"
9,68,5,"ك ف ر"
9,68,6,"ن و ر"
9,68,8,"خ ل د"
9,68,11,"ح س ب"
9,68,12,"ل ع ن"
9,68,13,"ا ل ه"
9,68,15,"ع ذ ب"
9,68,16,"ق و م"
9,69,1,"ٱلَّذِى"
9,69,3,"ق ب ل"
9,69,4,"ك و ن"
9,69,5,"ش د د"
9,69,7,"ق و ي"
9,69,8,"ك ث ر"
9,69,9,"م و ل"
9,69,10,"و ل د"
9,69,11,"م ت ع"
9,69,12,"خ ل ق"
9,69,13,"م ت ع"
9,69,14,"خ ل ق"
9,69,16,"م ت ع"
9,69,17,"ٱلَّذِى"
9,69,19,"ق ب ل"
9,69,20,"خ ل ق"
9,69,21,"خ و ض"
9,69,22,"ٱلَّذِى"
9,69,23,"خ و ض"
9,69,25,"ح ب ط"
9,69,26,"ع م ل"
9,69,28,"د ن و"
9,69,29,"ا خ ر"
9,69,32,"خ س ر"
9,70,2,"ا ت ي"
9,70,3,"ن ب ا"
9,70,4,"ٱلَّذِى"
9,70,6,"ق ب ل"
9,70,7,"ق و م"
9,70,9,"ع و د"
9,70,11,"ق و م"
9,70,12,"إِبْرَاهِيم"
9,70,13,"ص ح ب"
9,70,15,"ا ف ك"
9,70,16,"ا ت ي"
9,70,17,"ر س ل"
9,70,18,"ب ي ن"
9,70,20,"ك و ن"
9,70,21,"ا ل ه"
9,70,22,"ظ ل م"
9,70,24,"ك و ن"
9,70,25,"ن ف س"
9,70,26,"ظ ل م"
9,71,1,"ا م ن"
9,71,2,"ا م ن"
9,71,3,"ب ع ض"
9,71,4,"و ل ي"
9,71,5,"ب ع ض"
9,71,6,"ا م ر"
9,71,7,"ع ر ف"
9,71,8,"ن ه ي"
9,71,10,"ن ك ر"
9,71,11,"ق و م"
9,71,12,"ص ل و"
9,71,13,"ا ت ي"
9,71,14,"ز ك و"
9,71,15,"ط و ع"
9,71,16,"ا ل ه"
9,71,17,"ر س ل"
9,71,19,"ر ح م"
9,71,20,"ا ل ه"
9,71,22,"ا ل ه"
9,71,23,"ع ز ز"
9,71,24,"ح ك م"
9,72,1,"و ع د"
9,72,2,"ا ل ه"
9,72,3,"ا م ن"
9,72,4,"ا م ن"
9,72,5,"ج ن ن"
9,72,6,"ج ر ي"
9,72,8,"ت ح ت"
9,72,9,"ن ه ر"
9,72,10,"خ ل د"
9,72,12,"س ك ن"
9,72,13,"ط ي ب"
9,72,15,"ج ن ن"
9,72,17,"ر ض و"
9,72,19,"ا ل ه"
9,72,20,"ك ب ر"
9,72,23,"ف و ز"
9,72,24,"ع ظ م"
9,73,2,"ن ب ا"
9,73,3,"ج ه د"
9,73,4,"ك ف ر"
9,73,5,"ن ف ق"
9,73,6,"غ ل ظ"
9,73,8,"ا و ي"
9,73,10,"ب ا س"
9,73,11,"ص ي ر"
9,74,1,"ح ل ف"
9,74,2,"ا ل ه"
9,74,4,"ق و ل"
9,74,6,"ق و ل"
9,74,7,"ك ل م"
9,74,8,"ك ف ر"
9,74,9,"ك ف ر"
9,74,10,"ب ع د"
9,74,11,"س ل م"
9,74,12,"ه م م"
9,74,15,"ن ي ل"
9,74,17,"ن ق م"
9,74,18,"إِلَّا"
9,74,20,"غ ن ي"
9,74,21,"ا ل ه"
9,74,22,"ر س ل"
9,74,24,"ف ض ل"
9,74,26,"ت و ب"
9,74,27,"ك و ن"
9,74,28,"خ ي ر"
9,74,31,"و ل ي"
9,74,32,"ع ذ ب"
9,74,33,"ا ل ه"
9,74,34,"ع ذ ب"
9,74,35,"ا ل م"
9,74,37,"د ن و"
9,74,38,"ا خ ر"
9,74,42,"ا ر ض"
9,74,44,"و ل ي"
9,74,46,"ن ص ر"
9,75,3,"ع ه د"
9,75,4,"ا ل ه"
9,75,6,"ا ت ي"
9,75,8,"ف ض ل"
9,75,9,"ص د ق"
9,75,10,"ك و ن"
9,75,12,"ص ل ح"
9,76,2,"ا ت ي"
9,76,4,"ف ض ل"
9,76,5,"ب خ ل"
9,76,7,"و ل ي"
9,76,9,"ع ر ض"
9,77,1,"ع ق ب"
9,77,2,"ن ف ق"
9,77,4,"ق ل ب"
9,77,5,"إِلَىٰ"
9,77,6,"ي و م"
9,77,7,"ل ق ي"
9,77,9,"خ ل ف"
9,77,10,"ا ل ه"
9,77,12,"و ع د"
9,77,14,"ك و ن"
9,77,15,"ك ذ ب"
9,78,2,"ع ل م"
9,78,4,"ا ل ه"
9,78,5,"ع ل م"
9,78,6,"س ر ر"
9,78,7,"ن ج و"
9,78,9,"ا ل ه"
9,78,10,"ع ل م"
9,78,11,"غ ي ب"
9,79,1,"ٱلَّذِى"
9,79,2,"ل م ز"
9,79,3,"ط و ع"
9,79,5,"ا م ن"
9,79,7,"ص د ق"
9,79,8,"ٱلَّذِى"
9,79,10,"و ج د"
9,79,11,"إِلَّا"
9,79,12,"ج ه د"
9,79,13,"س خ ر"
9,79,15,"س خ ر"
9,79,16,"ا ل ه"
9,79,19,"ع ذ ب"
9,79,20,"ا ل م"
9,80,1,"غ ف ر"
9,80,5,"غ ف ر"
9,80,8,"غ ف ر"
9,80,10,"س ب ع"
9,80,11,"م ر ر"
9,80,13,"غ ف ر"
9,80,14,"ا ل ه"
9,80,18,"ك ف ر"
9,80,19,"ا ل ه"
9,80,20,"ر س ل"
9,80,21,"ا ل ه"
9,80,23,"ه د ي"
9,80,24,"ق و م"
9,80,25,"ف س ق"
9,81,1,"ف ر ح"
9,81,2,"خ ل ف"
9,81,3,"ق ع د"
9,81,4,"خ ل ف"
9,81,5,"ر س ل"
9,81,6,"ا ل ه"
9,81,7,"ك ر ه"
9,81,9,"ج ه د"
9,81,10,"م و ل"
9,81,11,"ن ف س"
9,81,13,"س ب ل"
9,81,14,"ا ل ه"
9,81,15,"ق و ل"
9,81,17,"ن ف ر"
9,81,19,"ح ر ر"
9,81,20,"ق و ل"
9,81,21,"ن و ر"
9,81,23,"ش د د"
9,81,24,"ح ر ر"
9,81,26,"ك و ن"
9,81,27,"ف ق ه"
9,82,1,"ض ح ك"
9,82,2,"ق ل ل"
9,82,3,"ب ك ي"
9,82,4,"ك ث ر"
9,82,5,"ج ز ي"
9,82,7,"ك و ن"
9,82,8,"ك س ب"
9,83,2,"ر ج ع"
9,83,3,"ا ل ه"
9,83,4,"إِلَىٰ"
9,83,5,"ط و ف"
9,83,7,"ا ذ ن"
9,83,8,"خ ر ج"
9,83,9,"ق و ل"
9,83,11,"خ ر ج"
9,83,13,"ا ب د"
9,83,15,"ق ت ل"
9,83,17,"ع د و"
9,83,19,"ر ض و"
9,83,20,"ق ع د"
9,83,21,"ا و ل"
9,83,22,"م ر ر"
9,83,23,"ق ع د"
9,83,25,"خ ل ف"
9,84,2,"ص ل و"
9,84,4,"ا ح د"
9,84,6,"م و ت"
9,84,7,"ا ب د"
9,84,9,"ق و م"
9,84,11,"ق ب ر"
9,84,13,"ك ف ر"
9,84,14,"ا ل ه"
9,84,15,"ر س ل"
9,84,16,"م و ت"
9,84,18,"ف س ق"
9,85,2,"ع ج ب"
9,85,3,"م و ل"
9,85,4,"و ل د"
9,85,6,"ر و د"
9,85,7,"ا ل ه"
9,85,9,"ع ذ ب"
9,85,12,"د ن و"
9,85,13,"ز ه ق"
9,85,14,"ن ف س"
9,85,16,"ك ف ر"
9,86,1,"إِذَا"
9,86,2,"ن ز ل"
9,86,3,"س و ر"
9,86,5,"ا م ن"
9,86,6,"ا ل ه"
9,86,7,"ج ه د"
9,86,9,"ر س ل"
9,86,10,"ا ذ ن"
9,86,11,"ا و ل"
9,86,12,"ط و ل"
9,86,14,"ق و ل"
9,86,15,"و ذ ر"
9,86,16,"ك و ن"
9,86,18,"ق ع د"
9,87,1,"ر ض و"
9,87,3,"ك و ن"
9,87,5,"خ ل ف"
9,87,6,"ط ب ع"
9,87,8,"ق ل ب"
9,87,11,"ف ق ه"
9,88,2,"ر س ل"
9,88,3,"ٱلَّذِى"
9,88,4,"ا م ن"
9,88,6,"ج ه د"
9,88,7,"م و ل"
9,88,8,"ن ف س"
9,88,11,"خ ي ر"
9,88,14,"ف ل ح"
9,89,1,"ع د د"
9,89,2,"ا ل ه"
9,89,4,"ج ن ن"
9,89,5,"ج ر ي"
9,89,7,"ت ح ت"
9,89,8,"ن ه ر"
9,89,9,"خ ل د"
9,89,12,"ف و ز"
9,89,13,"ع ظ م"
9,90,1,"ج ي ا"
9,90,2,"ع ذ ر"
9,90,4,"ع ر ب"
9,90,5,"ا ذ ن"
9,90,7,"ق ع د"
9,90,8,"ٱلَّذِى"
9,90,9,"ك ذ ب"
9,90,10,"ا ل ه"
9,90,11,"ر س ل"
9,90,12,"ص و ب"
9,90,13,"ٱلَّذِى"
9,90,14,"ك ف ر"
9,90,16,"ع ذ ب"
9,90,17,"ا ل م"
9,91,1,"ل ي س"
9,91,3,"ض ع ف"
9,91,6,"م ر ض"
9,91,9,"ٱلَّذِى"
9,91,11,"و ج د"
9,91,13,"ن ف ق"
9,91,14,"ح ر ج"
9,91,15,"إِذَا"
9,91,16,"ن ص ح"
9,91,17,"ا ل ه"
9,91,18,"ر س ل"
9,91,21,"ح س ن"
9,91,23,"س ب ل"
9,91,24,"ا ل ه"
9,91,25,"غ ف ر"
9,91,26,"ر ح م"
9,92,3,"ٱلَّذِى"
9,92,4,"إِذَا"
9,92,6,"ا ت ي"
9,92,7,"ح م ل"
9,92,8,"ق و ل"
9,92,10,"و ج د"
9,92,12,"ح م ل"
9,92,14,"و ل ي"
9,92,15,"ع ي ن"
9,92,16,"ف ي ض"
9,92,18,"د م ع"
9,92,19,"ح ز ن"
9,92,21,"و ج د"
9,92,23,"ن ف ق"
9,93,2,"س ب ل"
9,93,4,"ٱلَّذِى"
9,93,5,"ا ذ ن"
9,93,7,"غ ن ي"
9,93,8,"ر ض و"
9,93,10,"ك و ن"
9,93,12,"خ ل ف"
9,93,13,"ط ب ع"
9,93,14,"ا ل ه"
9,93,16,"ق ل ب"
9,93,19,"ع ل م"
9,94,1,"ع ذ ر"
9,94,2,"إِلَىٰ"
9,94,3,"إِذَا"
9,94,4,"ر ج ع"
9,94,5,"إِلَىٰ"
9,94,6,"ق و ل"
9,94,8,"ع ذ ر"
9,94,10,"ا م ن"
9,94,13,"ن ب ا"
9,94,14,"ا ل ه"
9,94,16,"خ ب ر"
9,94,17,"ر ا ي"
9,94,18,"ا ل ه"
9,94,19,"ع م ل"
9,94,20,"ر س ل"
9,94,22,"ر د د"
9,94,23,"إِلَىٰ"
9,94,24,"ع ل م"
9,94,25,"غ ي ب"
9,94,26,"ش ه د"
9,94,27,"ن ب ا"
9,94,29,"ك و ن"
9,94,30,"ع م ل"
9,95,1,"ح ل ف"
9,95,2,"ا ل ه"
9,95,4,"إِذَا"
9,95,5,"ق ل ب"
9,95,6,"إِلَىٰ"
9,95,7,"ع ر ض"
9,95,9,"ع ر ض"
9,95,12,"ر ج س"
9,95,13,"ا و ي"
9,95,15,"ج ز ي"
9,95,17,"ك و ن"
9,95,18,"ك س ب"
9,96,1,"ح ل ف"
9,96,3,"ر ض و"
9,96,6,"ر ض و"
9,96,9,"ا ل ه"
9,96,11,"ر ض و"
9,96,13,"ق و م"
9,96,14,"ف س ق"
9,97,1,"ع ر ب"
9,97,2,"ش د د"
9,97,3,"ك ف ر"
9,97,4,"ن ف ق"
9,97,5,"ج د ر"
9,97,7,"ع ل م"
9,97,8,"ح د د"
9,97,10,"ن ز ل"
9,97,11,"ا ل ه"
9,97,13,"ر س ل"
9,97,14,"ا ل ه"
9,97,15,"ع ل م"
9,97,16,"ح ك م"
9,98,2,"ع ر ب"
9,98,4,"ا خ ذ"
9,98,6,"ن ف ق"
9,98,7,"غ ر م"
9,98,8,"ر ب ص"
9,98,10,"د و ر"
9,98,12,"د و ر"
9,98,13,"س و ا"
9,98,14,"ا ل ه"
9,98,15,"س م ع"
9,98,16,"ع ل م"
9,99,2,"ع ر ب"
9,99,4,"ا م ن"
9,99,5,"ا ل ه"
9,99,6,"ي و م"
9,99,7,"ا خ ر"
9,99,8,"ا خ ذ"
9,99,10,"ن ف ق"
9,99,11,"ق ر ب"
9,99,12,"ع ن د"
9,99,13,"ا ل ه"
9,99,14,"ص ل و"
9,99,15,"ر س ل"
9,99,18,"ق ر ب"
9,99,20,"د خ ل"
9,99,21,"ا ل ه"
9,99,23,"ر ح م"
9,99,25,"ا ل ه"
9,99,26,"غ ف ر"
9,99,27,"ر ح م"
9,100,1,"س ب ق"
9,100,2,"ا و ل"
9,100,4,"ه ج ر"
9,100,5,"ن ص ر"
9,100,6,"ٱلَّذِى"
9,100,7,"ت ب ع"
9,100,8,"ح س ن"
9,100,9,"ر ض و"
9,100,10,"ا ل ه"
9,100,12,"ر ض و"
9,100,14,"ع د د"
9,100,16,"ج ن ن"
9,100,17,"ج ر ي"
9,100,18,"ت ح ت"
9,100,19,"ن ه ر"
9,100,20,"خ ل د"
9,100,22,"ا ب د"
9,100,24,"ف و ز"
9,100,25,"ع ظ م"
9,101,2,"ح و ل"
9,101,4,"ع ر ب"
9,101,5,"ن ف ق"
9,101,7,"ا ه ل"
9,101,8,"م د ن"
9,101,9,"م ر د"
9,101,11,"ن ف ق"
9,101,13,"ع ل م"
9,101,15,"ع ل م"
9,101,16,"ع ذ ب"
9,101,17,"م ر ر"
9,101,19,"ر د د"
9,101,20,"إِلَىٰ"
9,101,21,"ع ذ ب"
9,101,22,"ع ظ م"
9,102,1,"ا خ ر"
9,102,2,"ع ر ف"
9,102,3,"ذ ن ب"
9,102,4,"خ ل ط"
9,102,5,"ع م ل"
9,102,6,"ص ل ح"
9,102,7,"ا خ ر"
9,102,8,"س و ا"
9,102,9,"ع س ي"
9,102,10,"ا ل ه"
9,102,12,"ت و ب"
9,102,15,"ا ل ه"
9,102,16,"غ ف ر"
9,102,17,"ر ح م"
9,103,1,"ا خ ذ"
9,103,3,"م و ل"
9,103,4,"ص د ق"
9,103,5,"ط ه ر"
9,103,6,"ز ك و"
9,103,8,"ص ل و"
9,103,11,"ص ل و"
9,103,12,"س ك ن"
9,103,14,"ا ل ه"
9,103,15,"س م ع"
9,103,16,"ع ل م"
9,104,2,"ع ل م"
9,104,4,"ا ل ه"
9,104,6,"ق ب ل"
9,104,7,"ت و ب"
9,104,9,"ع ب د"
9,104,10,"ا خ ذ"
9,104,11,"ص د ق"
9,104,13,"ا ل ه"
9,104,15,"ت و ب"
9,104,16,"ر ح م"
9,105,1,"ق و ل"
9,105,2,"ع م ل"
9,105,3,"ر ا ي"
9,105,4,"ا ل ه"
9,105,5,"ع م ل"
9,105,6,"ر س ل"
9,105,7,"ا م ن"
9,105,8,"ر د د"
9,105,9,"إِلَىٰ"
9,105,10,"ع ل م"
9,105,11,"غ ي ب"
9,105,12,"ش ه د"
9,105,13,"ن ب ا"
9,105,15,"ك و ن"
9,105,16,"ع م ل"
9,106,1,"ا خ ر"
9,106,2,"ر ج و"
9,106,3,"ا م ر"
9,106,4,"ا ل ه"
9,106,5,"إِمَّا"
9,106,6,"ع ذ ب"
9,106,7,"إِمَّا"
9,106,8,"ت و ب"
9,106,10,"ا ل ه"
9,106,11,"ع ل م"
9,106,12,"ح ك م"
9,107,1,"ٱلَّذِى"
9,107,2,"ا خ ذ"
9,107,3,"س ج د"
9,107,4,"ض ر ر"
9,107,5,"ك ف ر"
9,107,6,"ف ر ق"
9,107,7,"ب ي ن"
9,107,8,"ا م ن"
9,107,9,"ر ص د"
9,107,11,"ح ر ب"
9,107,12,"ا ل ه"
9,107,13,"ر س ل"
9,107,15,"ق ب ل"
9,107,16,"ح ل ف"
9,107,18,"ر و د"
9,107,19,"إِلَّا"
9,107,20,"ح س ن"
9,107,21,"ا ل ه"
9,107,22,"ش ه د"
9,107,24,"ك ذ ب"
9,108,2,"ق و م"
9,108,4,"ا ب د"
9,108,5,"س ج د"
9,108,6,"ا س س"
9,108,8,"و ق ي"
9,108,10,"ا و ل"
9,108,11,"ي و م"
9,108,12,"ح ق ق"
9,108,14,"ق و م"
9,108,17,"ر ج ل"
9,108,18,"ح ب ب"
9,108,20,"ط ه ر"
9,108,21,"ا ل ه"
9,108,22,"ح ب ب"
9,108,23,"ط ه ر"
9,109,2,"ا س س"
9,109,3,"ب ن ي"
9,109,5,"و ق ي"
9,109,7,"ا ل ه"
9,109,8,"ر ض و"
9,109,9,"خ ي ر"
9,109,10,"أَم"
9,109,12,"ا س س"
9,109,13,"ب ن ي"
9,109,15,"ش ف و"
9,109,16,"ج ر ف"
9,109,17,"ه و ر"
9,109,18,"ه و ر"
9,109,21,"ن و ر"
9,109,23,"ا ل ه"
9,109,25,"ه د ي"
9,109,26,"ق و م"
9,109,27,"ظ ل م"
9,110,2,"ز ي ل"
9,110,3,"ب ن ي"
9,110,4,"ٱلَّذِى"
9,110,5,"ب ن ي"
9,110,6,"ر ي ب"
9,110,8,"ق ل ب"
9,110,9,"إِلَّا"
9,110,11,"ق ط ع"
9,110,12,"ق ل ب"
9,110,13,"ا ل ه"
9,110,14,"ع ل م"
9,110,15,"ح ك م"
9,111,2,"ا ل ه"
9,111,3,"ش ر ي"
9,111,5,"ا م ن"
9,111,6,"ن ف س"
9,111,7,"م و ل"
9,111,10,"ج ن ن"
9,111,11,"ق ت ل"
9,111,13,"س ب ل"
9,111,14,"ا ل ه"
9,111,15,"ق ت ل"
9,111,16,"ق ت ل"
9,111,17,"و ع د"
9,111,19,"ح ق ق"
9,111,23,"ق ر ا"
9,111,25,"و ف ي"
9,111,26,"ع ه د"
9,111,28,"ا ل ه"
9,111,29,"ب ش ر"
9,111,30,"ب ي ع"
9,111,31,"ٱلَّذِى"
9,111,32,"ب ي ع"
9,111,36,"ف و ز"
9,111,37,"ع ظ م"
9,112,1,"ت و ب"
9,112,2,"ع ب د"
9,112,3,"ح م د"
9,112,4,"س ي ح"
9,112,5,"ر ك ع"
9,112,6,"س ج د"
9,112,7,"ا م ر"
9,112,8,"ع ر ف"
9,112,9,"ن ه ي"
9,112,11,"ن ك ر"
9,112,12,"ح ف ظ"
9,112,13,"ح د د"
9,112,14,"ا ل ه"
9,112,15,"ب ش ر"
9,112,16,"ا م ن"
9,113,2,"ك و ن"
9,113,3,"ن ب ا"
9,113,4,"ٱلَّذِى"
9,113,5,"ا م ن"
9,113,7,"غ ف ر"
9,113,8,"ش ر ك"
9,113,10,"ك و ن"
9,113,11,"ا و ل"
9,113,12,"ق ر ب"
9,113,14,"ب ع د"
9,113,16,"ب ي ن"
9,113,19,"ص ح ب"
9,113,20,"ج ح م"
9,114,2,"ك و ن"
9,114,3,"غ ف ر"
9,114,4,"إِبْرَاهِيم"
9,114,5,"ا ب و"
9,114,6,"إِلَّا"
9,114,8,"و ع د"
9,114,9,"و ع د"
9,114,12,"ب ي ن"
9,114,15,"ع د و"
9,114,16,"ا ل ه"
9,114,17,"ب ر ا"
9,114,20,"إِبْرَاهِيم"
9,114,21,"ا و ه"
9,114,22,"ح ل م"
9,115,2,"ك و ن"
9,115,3,"ا ل ه"
9,115,4,"ض ل ل"
9,115,5,"ق و م"
9,115,6,"ب ع د"
9,115,7,"إِذ"
9,115,8,"ه د ي"
9,115,10,"ب ي ن"
9,115,13,"و ق ي"
9,115,15,"ا ل ه"
9,115,16,"ك ل ل"
9,115,17,"ش ي ا"
9,115,18,"ع ل م"
9,116,2,"ا ل ه"
9,116,4,"م ل ك"
9,116,5,"س م و"
9,116,6,"ا ر ض"
9,116,7,"ح ي ي"
9,116,8,"م و ت"
9,116,12,"د و ن"
9,116,13,"ا ل ه"
9,116,15,"و ل ي"
9,116,17,"ن ص ر"
9,117,2,"ت و ب"
9,117,3,"ا ل ه"
9,117,5,"ن ب ا"
9,117,6,"ه ج ر"
9,117,7,"ن ص ر"
9,117,8,"ٱلَّذِى"
9,117,9,"ت ب ع"
9,117,11,"س و ع"
9,117,12,"ع س ر"
9,117,14,"ب ع د"
9,117,16,"ك و د"
9,117,17,"ز ي غ"
9,117,18,"ق ل ب"
9,117,19,"ف ر ق"
9,117,22,"ت و ب"
9,117,26,"ر ا ف"
9,117,27,"ر ح م"
9,118,2,"ث ل ث"
9,118,3,"ٱلَّذِى"
9,118,4,"خ ل ف"
9,118,6,"إِذَا"
9,118,7,"ض ي ق"
9,118,9,"ا ر ض"
9,118,11,"ر ح ب"
9,118,12,"ض ي ق"
9,118,14,"ن ف س"
9,118,15,"ظ ن ن"
9,118,18,"ل ج ا"
9,118,20,"ا ل ه"
9,118,21,"إِلَّا"
9,118,22,"إِلَىٰ"
9,118,24,"ت و ب"
9,118,26,"ت و ب"
9,118,28,"ا ل ه"
9,118,30,"ت و ب"
9,118,31,"ر ح م"
9,119,2,"ٱلَّذِى"
9,119,3,"ا م ن"
9,119,4,"و ق ي"
9,119,5,"ا ل ه"
9,119,6,"ك و ن"
9,119,8,"ص د ق"
9,120,2,"ك و ن"
9,120,3,"ا ه ل"
9,120,4,"م د ن"
9,120,6,"ح و ل"
9,120,8,"ع ر ب"
9,120,10,"خ ل ف"
9,120,12,"ر س ل"
9,120,13,"ا ل ه"
9,120,15,"ر غ ب"
9,120,16,"ن ف س"
9,120,18,"ن ف س"
9,120,22,"ص و ب"
9,120,23,"ظ م ا"
9,120,25,"ن ص ب"
9,120,27,"خ م ص"
9,120,29,"س ب ل"
9,120,30,"ا ل ه"
9,120,32,"و ط ا"
9,120,33,"و ط ا"
9,120,34,"غ ي ظ"
9,120,35,"ك ف ر"
9,120,37,"ن ي ل"
9,120,39,"ع د و"
9,120,40,"ن ي ل"
9,120,41,"إِلَّا"
9,120,42,"ك ت ب"
9,120,45,"ع م ل"
9,120,46,"ص ل ح"
9,120,48,"ا ل ه"
9,120,50,"ض ي ع"
9,120,51,"ا ج ر"
9,120,52,"ح س ن"
9,121,2,"ن ف ق"
9,121,3,"ن ف ق"
9,121,4,"ص غ ر"
9,121,6,"ك ب ر"
9,121,8,"ق ط ع"
9,121,9,"و د ي"
9,121,10,"إِلَّا"
9,121,11,"ك ت ب"
9,121,13,"ج ز ي"
9,121,14,"ا ل ه"
9,121,15,"ح س ن"
9,121,17,"ك و ن"
9,121,18,"ع م ل"
9,122,2,"ك و ن"
9,122,3,"ا م ن"
9,122,4,"ن ف ر"
9,122,5,"ك ف ف"
9,122,7,"ن ف ر"
9,122,9,"ك ل ل"
9,122,10,"ف ر ق"
9,122,12,"ط و ف"
9,122,13,"ف ق ه"
9,122,15,"د ي ن"
9,122,16,"ن ذ ر"
9,122,17,"ق و م"
9,122,18,"إِذَا"
9,122,19,"ر ج ع"
9,122,20,"إِلَىٰ"
9,122,22,"ح ذ ر"
9,123,2,"ٱلَّذِى"
9,123,3,"ا م ن"
9,123,4,"ق ت ل"
9,123,5,"ٱلَّذِى"
9,123,6,"و ل ي"
9,123,8,"ك ف ر"
9,123,9,"و ج د"
9,123,11,"غ ل ظ"
9,123,12,"ع ل م"
9,123,14,"ا ل ه"
9,123,16,"و ق ي"
9,124,1,"إِذَا"
9,124,3,"ن ز ل"
9,124,4,"س و ر"
9,124,7,"ق و ل"
9,124,9,"ز ي د"
9,124,11,"ا م ن"
9,124,12,"أَمَّا"
9,124,13,"ٱلَّذِى"
9,124,14,"ا م ن"
9,124,15,"ز ي د"
9,124,16,"ا م ن"
9,124,18,"ب ش ر"
9,125,1,"أَمَّا"
9,125,2,"ٱلَّذِى"
9,125,4,"ق ل ب"
9,125,5,"م ر ض"
9,125,6,"ز ي د"
9,125,7,"ر ج س"
9,125,8,"إِلَىٰ"
9,125,9,"ر ج س"
9,125,10,"م و ت"
9,125,12,"ك ف ر"
9,126,2,"ر ا ي"
9,126,4,"ف ت ن"
9,126,6,"ك ل ل"
9,126,7,"ع و م"
9,126,8,"م ر ر"
9,126,10,"م ر ر"
9,126,13,"ت و ب"
9,126,16,"ذ ك ر"
9,127,1,"إِذَا"
9,127,3,"ن ز ل"
9,127,4,"س و ر"
9,127,5,"ن ظ ر"
9,127,6,"ب ع ض"
9,127,7,"إِلَىٰ"
9,127,8,"ب ع ض"
9,127,10,"ر ا ي"
9,127,12,"ا ح د"
9,127,14,"ص ر ف"
9,127,15,"ص ر ف"
9,127,16,"ا ل ه"
9,127,17,"ق ل ب"
9,127,19,"ق و م"
9,127,21,"ف ق ه"
9,128,2,"ج ي ا"
9,128,3,"ر س ل"
9,128,5,"ن ف س"
9,128,6,"ع ز ز"
9,128,9,"ع ن ت"
9,128,10,"ح ر ص"
9,128,12,"ا م ن"
9,128,13,"ر ا ف"
9,128,14,"ر ح م"
9,129,2,"و ل ي"
9,129,3,"ق و ل"
9,129,4,"ح س ب"
9,129,5,"ا ل ه"
9,129,7,"ا ل ه"
9,129,8,"إِلَّا"
9,129,11,"و ك ل"
9,129,13,"ر ب ب"
9,129,14,"ع ر ش"
9,129,15,"ع ظ م"
10,1,3,"ا ي ي"
10,1,4,"ك ت ب"
10,1,5,"ح ك م"
10,2,1,"ك و ن"
10,2,2,"ن و س"
10,2,3,"ع ج ب"
10,2,5,"و ح ي"
10,2,6,"إِلَىٰ"
10,2,7,"ر ج ل"
10,2,10,"ن ذ ر"
10,2,11,"ن و س"
10,2,12,"ب ش ر"
10,2,13,"ٱلَّذِى"
10,2,14,"ا م ن"
10,2,17,"ق د م"
10,2,18,"ص د ق"
10,2,19,"ع ن د"
10,2,20,"ر ب ب"
10,2,21,"ق و ل"
10,2,22,"ك ف ر"
10,2,25,"س ح ر"
10,2,26,"ب ي ن"
10,3,2,"ر ب ب"
10,3,3,"ا ل ه"
10,3,4,"ٱلَّذِى"
10,3,5,"خ ل ق"
10,3,6,"س م و"
10,3,7,"ا ر ض"
10,3,9,"س ت ت"
10,3,10,"ي و م"
10,3,12,"س و ي"
10,3,14,"ع ر ش"
10,3,15,"د ب ر"
10,3,16,"ا م ر"
10,3,19,"ش ف ع"
10,3,20,"إِلَّا"
10,3,22,"ب ع د"
10,3,23,"ا ذ ن"
10,3,25,"ا ل ه"
10,3,26,"ر ب ب"
10,3,27,"ع ب د"
10,3,29,"ذ ك ر"
10,4,1,"إِلَىٰ"
10,4,2,"ر ج ع"
10,4,3,"ج م ع"
10,4,4,"و ع د"
10,4,5,"ا ل ه"
10,4,6,"ح ق ق"
10,4,8,"ب د ا"
10,4,9,"خ ل ق"
10,4,11,"ع و د"
10,4,12,"ج ز ي"
10,4,13,"ٱلَّذِى"
10,4,14,"ا م ن"
10,4,15,"ع م ل"
10,4,16,"ص ل ح"
10,4,17,"ق س ط"
10,4,18,"ٱلَّذِى"
10,4,19,"ك ف ر"
10,4,21,"ش ر ب"
10,4,23,"ح م م"
10,4,24,"ع ذ ب"
10,4,25,"ا ل م"
10,4,27,"ك و ن"
10,4,28,"ك ف ر"
10,5,2,"ٱلَّذِى"
10,5,3,"ج ع ل"
10,5,4,"ش م س"
10,5,5,"ض و ا"
10,5,6,"ق م ر"
10,5,7,"ن و ر"
10,5,8,"ق د ر"
10,5,9,"ن ز ل"
10,5,10,"ع ل م"
10,5,11,"ع د د"
10,5,12,"س ن و"
10,5,13,"ح س ب"
10,5,15,"خ ل ق"
10,5,16,"ا ل ه"
10,5,18,"إِلَّا"
10,5,19,"ح ق ق"
10,5,20,"ف ص ل"
10,5,21,"ا ي ي"
10,5,22,"ق و م"
10,5,23,"ع ل م"
10,6,3,"خ ل ف"
10,6,4,"ل ي ل"
10,6,5,"ن ه ر"
10,6,7,"خ ل ق"
10,6,8,"ا ل ه"
10,6,10,"س م و"
10,6,11,"ا ر ض"
10,6,12,"ا ي ي"
10,6,13,"ق و م"
10,6,14,"و ق ي"
10,7,2,"ٱلَّذِى"
10,7,4,"ر ج و"
10,7,5,"ل ق ي"
10,7,6,"ر ض و"
10,7,7,"ح ي ي"
10,7,8,"د ن و"
10,7,9,"ط م ن"
10,7,11,"ٱلَّذِى"
10,7,14,"ا ي ي"
10,7,15,"غ ف ل"
10,8,2,"ا و ي"
10,8,3,"ن و ر"
10,8,5,"ك و ن"
10,8,6,"ك س ب"
10,9,2,"ٱلَّذِى"
10,9,3,"ا م ن"
10,9,4,"ع م ل"
10,9,5,"ص ل ح"
10,9,6,"ه د ي"
10,9,7,"ر ب ب"
10,9,8,"ا م ن"
10,9,9,"ج ر ي"
10,9,11,"ت ح ت"
10,9,12,"ن ه ر"
10,9,14,"ج ن ن"
10,9,15,"ن ع م"
10,10,1,"د ع و"
10,10,3,"س ب ح"
10,10,4,"ا ل ه"
10,10,5,"ح ي ي"
10,10,7,"س ل م"
10,10,8,"ا خ ر"
10,10,9,"د ع و"
10,10,11,"ح م د"
10,10,12,"ا ل ه"
10,10,13,"ر ب ب"
10,10,14,"ع ل م"
10,11,2,"ع ج ل"
10,11,3,"ا ل ه"
10,11,4,"ن و س"
10,11,5,"ش ر ر"
10,11,6,"ع ج ل"
10,11,7,"خ ي ر"
10,11,8,"ق ض ي"
10,11,9,"إِلَىٰ"
10,11,10,"ا ج ل"
10,11,11,"و ذ ر"
10,11,12,"ٱلَّذِى"
10,11,14,"ر ج و"
10,11,15,"ل ق ي"
10,11,17,"ط غ ي"
10,11,18,"ع م ه"
10,12,1,"إِذَا"
10,12,2,"م س س"
10,12,3,"ا ن س"
10,12,4,"ض ر ر"
10,12,5,"د ع و"
10,12,6,"ج ن ب"
10,12,8,"ق ع د"
10,12,10,"ق و م"
10,12,12,"ك ش ف"
10,12,14,"ض ر ر"
10,12,15,"م ر ر"
10,12,18,"د ع و"
10,12,19,"إِلَىٰ"
10,12,20,"ض ر ر"
10,12,21,"م س س"
10,12,23,"ز ي ن"
10,12,24,"س ر ف"
10,12,26,"ك و ن"
10,12,27,"ع م ل"
10,13,2,"ه ل ك"
10,13,3,"ق ر ن"
10,13,5,"ق ب ل"
10,13,7,"ظ ل م"
10,13,8,"ج ي ا"
10,13,9,"ر س ل"
10,13,10,"ب ي ن"
10,13,12,"ك و ن"
10,13,13,"ا م ن"
10,13,15,"ج ز ي"
10,13,16,"ق و م"
10,13,17,"ج ر م"
10,14,2,"ج ع ل"
10,14,3,"خ ل ف"
10,14,5,"ا ر ض"
10,14,7,"ب ع د"
10,14,8,"ن ظ ر"
10,14,9,"ك ي ف"
10,14,10,"ع م ل"
10,15,1,"إِذَا"
10,15,2,"ت ل و"
10,15,4,"ا ي ي"
10,15,5,"ب ي ن"
10,15,6,"ق و ل"
10,15,7,"ٱلَّذِى"
10,15,9,"ر ج و"
10,15,10,"ل ق ي"
10,15,11,"ا ت ي"
10,15,12,"ق ر ا"
10,15,13,"غ ي ر"
10,15,16,"ب د ل"
10,15,17,"ق و ل"
10,15,19,"ك و ن"
10,15,22,"ب د ل"
10,15,24,"ل ق ي"
10,15,25,"ن ف س"
10,15,27,"ت ب ع"
10,15,28,"إِلَّا"
10,15,30,"و ح ي"
10,15,31,"إِلَىٰ"
10,15,33,"خ و ف"
10,15,35,"ع ص ي"
10,15,36,"ر ب ب"
10,15,37,"ع ذ ب"
10,15,38,"ي و م"
10,15,39,"ع ظ م"
10,16,1,"ق و ل"
10,16,3,"ش ي ا"
10,16,4,"ا ل ه"
10,16,6,"ت ل و"
10,16,9,"د ر ي"
10,16,12,"ل ب ث"
10,16,14,"ع م ر"
10,16,16,"ق ب ل"
10,16,18,"ع ق ل"
10,17,2,"ظ ل م"
10,17,4,"ف ر ي"
10,17,6,"ا ل ه"
10,17,7,"ك ذ ب"
10,17,9,"ك ذ ب"
10,17,10,"ا ي ي"
10,17,13,"ف ل ح"
10,17,14,"ج ر م"
10,18,1,"ع ب د"
10,18,3,"د و ن"
10,18,4,"ا ل ه"
10,18,7,"ض ر ر"
10,18,9,"ن ف ع"
10,18,10,"ق و ل"
10,18,12,"ش ف ع"
10,18,13,"ع ن د"
10,18,14,"ا ل ه"
10,18,15,"ق و ل"
10,18,16,"ن ب ا"
10,18,17,"ا ل ه"
10,18,20,"ع ل م"
10,18,22,"س م و"
10,18,25,"ا ر ض"
10,18,26,"س ب ح"
10,18,27,"ع ل و"
10,18,29,"ش ر ك"
10,19,2,"ك و ن"
10,19,3,"ن و س"
10,19,4,"إِلَّا"
10,19,5,"ا م م"
10,19,6,"و ح د"
10,19,7,"خ ل ف"
10,19,9,"ك ل م"
10,19,10,"س ب ق"
10,19,12,"ر ب ب"
10,19,13,"ق ض ي"
10,19,14,"ب ي ن"
10,19,17,"خ ل ف"
10,20,1,"ق و ل"
10,20,3,"ن ز ل"
10,20,5,"ا ي ي"
10,20,7,"ر ب ب"
10,20,8,"ق و ل"
10,20,10,"غ ي ب"
10,20,11,"ا ل ه"
10,20,12,"ن ظ ر"
10,20,16,"ن ظ ر"
10,21,1,"إِذَا"
10,21,2,"ذ و ق"
10,21,3,"ن و س"
10,21,4,"ر ح م"
10,21,6,"ب ع د"
10,21,7,"ض ر ر"
10,21,8,"م س س"
10,21,11,"م ك ر"
10,21,13,"ا ي ي"
10,21,14,"ق و ل"
10,21,15,"ا ل ه"
10,21,16,"س ر ع"
10,21,17,"م ك ر"
10,21,19,"ر س ل"
10,21,20,"ك ت ب"
10,21,22,"م ك ر"
10,22,2,"ٱلَّذِى"
10,22,3,"س ي ر"
10,22,5,"ب ر ر"
10,22,6,"ب ح ر"
10,22,8,"إِذَا"
10,22,9,"ك و ن"
10,22,11,"ف ل ك"
10,22,12,"ج ر ي"
10,22,14,"ر و ح"
10,22,15,"ط ي ب"
10,22,16,"ف ر ح"
10,22,18,"ج ي ا"
10,22,19,"ر و ح"
10,22,20,"ع ص ف"
10,22,21,"ج ي ا"
10,22,22,"م و ج"
10,22,24,"ك ل ل"
10,22,25,"ك و ن"
10,22,26,"ظ ن ن"
10,22,28,"ح و ط"
10,22,30,"د ع و"
10,22,31,"ا ل ه"
10,22,32,"خ ل ص"
10,22,34,"د ي ن"
10,22,36,"ن ج و"
10,22,39,"ك و ن"
10,22,41,"ش ك ر"
10,23,2,"ن ج و"
10,23,5,"ب غ ي"
10,23,7,"ا ر ض"
10,23,8,"غ ي ر"
10,23,9,"ح ق ق"
10,23,11,"ن و س"
10,23,13,"ب غ ي"
10,23,15,"ن ف س"
10,23,16,"م ت ع"
10,23,17,"ح ي ي"
10,23,18,"د ن و"
10,23,20,"إِلَىٰ"
10,23,21,"ر ج ع"
10,23,22,"ن ب ا"
10,23,24,"ك و ن"
10,23,25,"ع م ل"
10,24,2,"م ث ل"
10,24,3,"ح ي ي"
10,24,4,"د ن و"
10,24,5,"م و ه"
10,24,6,"ن ز ل"
10,24,8,"س م و"
10,24,9,"خ ل ط"
10,24,11,"ن ب ت"
10,24,12,"ا ر ض"
10,24,14,"ا ك ل"
10,24,15,"ن و س"
10,24,16,"ن ع م"
10,24,18,"إِذَا"
10,24,19,"ا خ ذ"
10,24,20,"ا ر ض"
10,24,21,"ز خ ر ف"
10,24,22,"ز ي ن"
10,24,23,"ظ ن ن"
10,24,24,"ا ه ل"
10,24,26,"ق د ر"
10,24,28,"ا ت ي"
10,24,29,"ا م ر"
10,24,30,"ل ي ل"
10,24,32,"ن ه ر"
10,24,33,"ج ع ل"
10,24,34,"ح ص د"
10,24,37,"غ ن ي"
10,24,38,"أَمْس"
10,24,40,"ف ص ل"
10,24,41,"ا ي ي"
10,24,42,"ق و م"
10,24,43,"ف ك ر"
10,25,1,"ا ل ه"
10,25,2,"د ع و"
10,25,3,"إِلَىٰ"
10,25,4,"د و ر"
10,25,5,"س ل م"
10,25,6,"ه د ي"
10,25,8,"ش ي ا"
10,25,9,"إِلَىٰ"
10,25,10,"ص ر ط"
10,25,11,"ق و م"
10,26,1,"ٱلَّذِى"
10,26,2,"ح س ن"
10,26,3,"ح س ن"
10,26,4,"ز ي د"
10,26,6,"ر ه ق"
10,26,7,"و ج ه"
10,26,8,"ق ت ر"
10,26,10,"ذ ل ل"
10,26,12,"ص ح ب"
10,26,13,"ج ن ن"
10,26,16,"خ ل د"
10,27,1,"ٱلَّذِى"
10,27,2,"ك س ب"
10,27,3,"س و ا"
10,27,4,"ج ز ي"
10,27,5,"س و ا"
10,27,6,"م ث ل"
10,27,7,"ر ه ق"
10,27,8,"ذ ل ل"
10,27,12,"ا ل ه"
10,27,14,"ع ص م"
10,27,16,"غ ش و"
10,27,17,"و ج ه"
10,27,18,"ق ط ع"
10,27,20,"ل ي ل"
10,27,21,"ظ ل م"
10,27,23,"ص ح ب"
10,27,24,"ن و ر"
10,27,27,"خ ل د"
10,28,1,"ي و م"
10,28,2,"ح ش ر"
10,28,3,"ج م ع"
10,28,5,"ق و ل"
10,28,6,"ٱلَّذِى"
10,28,7,"ش ر ك"
10,28,8,"ك و ن"
10,28,10,"ش ر ك"
10,28,11,"ز ي ل"
10,28,12,"ب ي ن"
10,28,13,"ق و ل"
10,28,14,"ش ر ك"
10,28,16,"ك و ن"
10,28,18,"ع ب د"
10,29,1,"ك ف ي"
10,29,2,"ا ل ه"
10,29,3,"ش ه د"
10,29,4,"ب ي ن"
10,29,5,"ب ي ن"
10,29,7,"ك و ن"
10,29,9,"ع ب د"
10,29,10,"غ ف ل"
10,30,2,"ب ل و"
10,30,3,"ك ل ل"
10,30,4,"ن ف س"
10,30,6,"س ل ف"
10,30,7,"ر د د"
10,30,8,"إِلَىٰ"
10,30,9,"ا ل ه"
10,30,10,"و ل ي"
10,30,11,"ح ق ق"
10,30,12,"ض ل ل"
10,30,15,"ك و ن"
10,30,16,"ف ر ي"
10,31,1,"ق و ل"
10,31,3,"ر ز ق"
10,31,5,"س م و"
10,31,6,"ا ر ض"
10,31,7,"أَم"
10,31,8,"م ل ك"
10,31,9,"س م ع"
10,31,10,"ب ص ر"
10,31,12,"خ ر ج"
10,31,13,"ح ي ي"
10,31,15,"م و ت"
10,31,16,"خ ر ج"
10,31,17,"م و ت"
10,31,19,"ح ي ي"
10,31,21,"د ب ر"
10,31,22,"ا م ر"
10,31,23,"ق و ل"
10,31,24,"ا ل ه"
10,31,25,"ق و ل"
10,31,27,"و ق ي"
10,32,2,"ا ل ه"
10,32,3,"ر ب ب"
10,32,4,"ح ق ق"
10,32,6,"ب ع د"
10,32,7,"ح ق ق"
10,32,8,"إِلَّا"
10,32,9,"ض ل ل"
10,32,10,"ا ن ي"
10,32,11,"ص ر ف"
10,33,2,"ح ق ق"
10,33,3,"ك ل م"
10,33,4,"ر ب ب"
10,33,6,"ٱلَّذِى"
10,33,7,"ف س ق"
10,33,10,"ا م ن"
10,34,1,"ق و ل"
10,34,4,"ش ر ك"
10,34,6,"ب د ا"
10,34,7,"خ ل ق"
10,34,9,"ع و د"
10,34,10,"ق و ل"
10,34,11,"ا ل ه"
10,34,12,"ب د ا"
10,34,13,"خ ل ق"
10,34,15,"ع و د"
10,34,16,"ا ن ي"
10,34,17,"ا ف ك"
10,35,1,"ق و ل"
10,35,4,"ش ر ك"
10,35,6,"ه د ي"
10,35,7,"إِلَىٰ"
10,35,8,"ح ق ق"
10,35,9,"ق و ل"
10,35,10,"ا ل ه"
10,35,11,"ه د ي"
10,35,12,"ح ق ق"
10,35,14,"ه د ي"
10,35,15,"إِلَىٰ"
10,35,16,"ح ق ق"
10,35,17,"ح ق ق"
10,35,19,"ت ب ع"
10,35,20,"أَم"
10,35,22,"ه د ي"
10,35,23,"إِلَّا"
10,35,25,"ه د ي"
10,35,28,"ك ي ف"
10,35,29,"ح ك م"
10,36,2,"ت ب ع"
10,36,3,"ك ث ر"
10,36,4,"إِلَّا"
10,36,5,"ظ ن ن"
10,36,7,"ظ ن ن"
10,36,9,"غ ن ي"
10,36,11,"ح ق ق"
10,36,12,"ش ي ا"
10,36,14,"ا ل ه"
10,36,15,"ع ل م"
10,36,17,"ف ع ل"
10,37,2,"ك و ن"
10,37,4,"ق ر ا"
10,37,6,"ف ر ي"
10,37,8,"د و ن"
10,37,9,"ا ل ه"
10,37,11,"ص د ق"
10,37,12,"ٱلَّذِى"
10,37,13,"ب ي ن"
10,37,14,"ي د ي"
10,37,15,"ف ص ل"
10,37,16,"ك ت ب"
10,37,18,"ر ي ب"
10,37,21,"ر ب ب"
10,37,22,"ع ل م"
10,38,1,"أَم"
10,38,2,"ق و ل"
10,38,3,"ف ر ي"
10,38,4,"ق و ل"
10,38,5,"ا ت ي"
10,38,6,"س و ر"
10,38,7,"م ث ل"
10,38,8,"د ع و"
10,38,10,"ط و ع"
10,38,12,"د و ن"
10,38,13,"ا ل ه"
10,38,15,"ك و ن"
10,38,16,"ص د ق"
10,39,2,"ك ذ ب"
10,39,5,"ح و ط"
10,39,6,"ع ل م"
10,39,8,"ا ت ي"
10,39,9,"ا و ل"
10,39,11,"ك ذ ب"
10,39,12,"ٱلَّذِى"
10,39,14,"ق ب ل"
10,39,15,"ن ظ ر"
10,39,16,"ك ي ف"
10,39,17,"ك و ن"
10,39,18,"ع ق ب"
10,39,19,"ظ ل م"
10,40,3,"ا م ن"
10,40,8,"ا م ن"
10,40,10,"ر ب ب"
10,40,11,"ع ل م"
10,40,12,"ف س د"
10,41,2,"ك ذ ب"
10,41,3,"ق و ل"
10,41,5,"ع م ل"
10,41,7,"ع م ل"
10,41,9,"ب ر ا"
10,41,11,"ع م ل"
10,41,13,"ب ر ا"
10,41,15,"ع م ل"
10,42,3,"س م ع"
10,42,4,"إِلَىٰ"
10,42,6,"س م ع"
10,42,7,"ص م م"
10,42,9,"ك و ن"
10,42,11,"ع ق ل"
10,43,3,"ن ظ ر"
10,43,4,"إِلَىٰ"
10,43,6,"ه د ي"
10,43,7,"ع م ي"
10,43,9,"ك و ن"
10,43,11,"ب ص ر"
10,44,2,"ا ل ه"
10,44,4,"ظ ل م"
10,44,5,"ن و س"
10,44,6,"ش ي ا"
10,44,8,"ن و س"
10,44,9,"ن ف س"
10,44,10,"ظ ل م"
10,45,1,"ي و م"
10,45,2,"ح ش ر"
10,45,5,"ل ب ث"
10,45,6,"إِلَّا"
10,45,7,"س و ع"
10,45,9,"ن ه ر"
10,45,10,"ع ر ف"
10,45,11,"ب ي ن"
10,45,13,"خ س ر"
10,45,14,"ٱلَّذِى"
10,45,15,"ك ذ ب"
10,45,16,"ل ق ي"
10,45,17,"ا ل ه"
10,45,19,"ك و ن"
10,45,20,"ه د ي"
10,46,1,"إِمَّا"
10,46,2,"ر ا ي"
10,46,3,"ب ع ض"
10,46,4,"ٱلَّذِى"
10,46,5,"و ع د"
10,46,7,"و ف ي"
10,46,8,"إِلَىٰ"
10,46,9,"ر ج ع"
10,46,11,"ا ل ه"
10,46,12,"ش ه د"
10,46,15,"ف ع ل"
10,47,1,"ك ل ل"
10,47,2,"ا م م"
10,47,3,"ر س ل"
10,47,4,"إِذَا"
10,47,5,"ج ي ا"
10,47,6,"ر س ل"
10,47,7,"ق ض ي"
10,47,8,"ب ي ن"
10,47,9,"ق س ط"
10,47,12,"ظ ل م"
10,48,1,"ق و ل"
10,48,4,"و ع د"
10,48,6,"ك و ن"
10,48,7,"ص د ق"
10,49,1,"ق و ل"
10,49,3,"م ل ك"
10,49,4,"ن ف س"
10,49,5,"ض ر ر"
10,49,7,"ن ف ع"
10,49,8,"إِلَّا"
10,49,10,"ش ي ا"
10,49,11,"ا ل ه"
10,49,12,"ك ل ل"
10,49,13,"ا م م"
10,49,14,"ا ج ل"
10,49,15,"إِذَا"
10,49,16,"ج ي ا"
10,49,17,"ا ج ل"
10,49,19,"ا خ ر"
10,49,20,"س و ع"
10,49,22,"ق د م"
10,50,1,"ق و ل"
10,50,2,"ر ا ي"
10,50,4,"ا ت ي"
10,50,5,"ع ذ ب"
10,50,6,"ب ي ت"
10,50,8,"ن ه ر"
10,50,10,"ع ج ل"
10,50,12,"ج ر م"
10,51,2,"إِذَا"
10,51,4,"و ق ع"
10,51,5,"ا م ن"
10,51,9,"ك و ن"
10,51,11,"ع ج ل"
10,52,2,"ق و ل"
10,52,3,"ٱلَّذِى"
10,52,4,"ظ ل م"
10,52,5,"ذ و ق"
10,52,6,"ع ذ ب"
10,52,7,"خ ل د"
10,52,9,"ج ز ي"
10,52,10,"إِلَّا"
10,52,12,"ك و ن"
10,52,13,"ك س ب"
10,53,1,"ن ب ا"
10,53,2,"ح ق ق"
10,53,4,"ق و ل"
10,53,6,"ر ب ب"
10,53,8,"ح ق ق"
10,53,11,"ع ج ز"
10,54,3,"ك ل ل"
10,54,4,"ن ف س"
10,54,5,"ظ ل م"
10,54,8,"ا ر ض"
10,54,9,"ف د ي"
10,54,11,"س ر ر"
10,54,12,"ن د م"
10,54,14,"ر ا ي"
10,54,15,"ع ذ ب"
10,54,16,"ق ض ي"
10,54,17,"ب ي ن"
10,54,18,"ق س ط"
10,54,21,"ظ ل م"
10,55,3,"ا ل ه"
10,55,6,"س م و"
10,55,7,"ا ر ض"
10,55,10,"و ع د"
10,55,11,"ا ل ه"
10,55,12,"ح ق ق"
10,55,14,"ك ث ر"
10,55,16,"ع ل م"
10,56,2,"ح ي ي"
10,56,3,"م و ت"
10,56,4,"إِلَىٰ"
10,56,5,"ر ج ع"
10,57,2,"ن و س"
10,57,4,"ج ي ا"
10,57,5,"و ع ظ"
10,57,7,"ر ب ب"
10,57,8,"ش ف ي"
10,57,11,"ص د ر"
10,57,12,"ه د ي"
10,57,13,"ر ح م"
10,57,14,"ا م ن"
10,58,1,"ق و ل"
10,58,2,"ف ض ل"
10,58,3,"ا ل ه"
10,58,4,"ر ح م"
10,58,6,"ف ر ح"
10,58,8,"خ ي ر"
10,58,10,"ج م ع"
10,59,1,"ق و ل"
10,59,2,"ر ا ي"
10,59,4,"ن ز ل"
10,59,5,"ا ل ه"
10,59,8,"ر ز ق"
10,59,9,"ج ع ل"
10,59,11,"ح ر م"
10,59,12,"ح ل ل"
10,59,13,"ق و ل"
10,59,14,"ا ل ه"
10,59,15,"ا ذ ن"
10,59,17,"أَم"
10,59,19,"ا ل ه"
10,59,20,"ف ر ي"
10,60,2,"ظ ن ن"
10,60,3,"ٱلَّذِى"
10,60,4,"ف ر ي"
10,60,6,"ا ل ه"
10,60,7,"ك ذ ب"
10,60,8,"ي و م"
10,60,9,"ق و م"
10,60,11,"ا ل ه"
10,60,13,"ف ض ل"
10,60,15,"ن و س"
10,60,17,"ك ث ر"
10,60,19,"ش ك ر"
10,61,2,"ك و ن"
10,61,4,"ش ا ن"
10,61,6,"ت ل و"
10,61,9,"ق ر ا"
10,61,11,"ع م ل"
10,61,13,"ع م ل"
10,61,14,"إِلَّا"
10,61,15,"ك و ن"
10,61,17,"ش ه د"
10,61,18,"إِذ"
10,61,19,"ف ي ض"
10,61,22,"ع ز ب"
10,61,24,"ر ب ب"
10,61,26,"ث ق ل"
10,61,27,"ذ ر ر"
10,61,29,"ا ر ض"
10,61,32,"س م و"
10,61,34,"ص غ ر"
10,61,38,"ك ب ر"
10,61,39,"إِلَّا"
10,61,41,"ك ت ب"
10,61,42,"ب ي ن"
10,62,3,"و ل ي"
10,62,4,"ا ل ه"
10,62,6,"خ و ف"
10,62,10,"ح ز ن"
10,63,1,"ٱلَّذِى"
10,63,2,"ا م ن"
10,63,3,"ك و ن"
10,63,4,"و ق ي"
10,64,2,"ب ش ر"
10,64,4,"ح ي ي"
10,64,5,"د ن و"
10,64,7,"ا خ ر"
10,64,9,"ب د ل"
10,64,10,"ك ل م"
10,64,11,"ا ل ه"
10,64,14,"ف و ز"
10,64,15,"ع ظ م"
10,65,2,"ح ز ن"
10,65,3,"ق و ل"
10,65,5,"ع ز ز"
10,65,6,"ا ل ه"
10,65,7,"ج م ع"
10,65,9,"س م ع"
10,65,10,"ع ل م"
10,66,3,"ا ل ه"
10,66,6,"س م و"
10,66,9,"ا ر ض"
10,66,11,"ت ب ع"
10,66,12,"ٱلَّذِى"
10,66,13,"د ع و"
10,66,15,"د و ن"
10,66,16,"ا ل ه"
10,66,17,"ش ر ك"
10,66,19,"ت ب ع"
10,66,20,"إِلَّا"
10,66,21,"ظ ن ن"
10,66,24,"إِلَّا"
10,66,25,"خ ر ص"
10,67,2,"ٱلَّذِى"
10,67,3,"ج ع ل"
10,67,5,"ل ي ل"
10,67,6,"س ك ن"
10,67,8,"ن ه ر"
10,67,9,"ب ص ر"
10,67,13,"ا ي ي"
10,67,14,"ق و م"
10,67,15,"س م ع"
10,68,1,"ق و ل"
10,68,2,"ا خ ذ"
10,68,3,"ا ل ه"
10,68,4,"و ل د"
10,68,5,"س ب ح"
10,68,7,"غ ن ي"
10,68,11,"س م و"
10,68,14,"ا ر ض"
10,68,16,"ع ن د"
10,68,18,"س ل ط"
10,68,20,"ق و ل"
10,68,22,"ا ل ه"
10,68,25,"ع ل م"
10,69,1,"ق و ل"
10,69,3,"ٱلَّذِى"
10,69,4,"ف ر ي"
10,69,6,"ا ل ه"
10,69,7,"ك ذ ب"
10,69,9,"ف ل ح"
10,70,1,"م ت ع"
10,70,3,"د ن و"
10,70,5,"إِلَىٰ"
10,70,6,"ر ج ع"
10,70,8,"ذ و ق"
10,70,9,"ع ذ ب"
10,70,10,"ش د د"
10,70,12,"ك و ن"
10,70,13,"ك ف ر"
10,71,1,"ت ل و"
10,71,3,"ن ب ا"
10,71,5,"إِذ"
10,71,6,"ق و ل"
10,71,7,"ق و م"
10,71,8,"ق و م"
10,71,10,"ك و ن"
10,71,11,"ك ب ر"
10,71,13,"ق و م"
10,71,14,"ذ ك ر"
10,71,15,"ا ي ي"
10,71,16,"ا ل ه"
10,71,18,"ا ل ه"
10,71,19,"و ك ل"
10,71,20,"ج م ع"
10,71,21,"ا م ر"
10,71,22,"ش ر ك"
10,71,25,"ك و ن"
10,71,26,"ا م ر"
10,71,28,"غ م م"
10,71,30,"ق ض ي"
10,71,31,"إِلَىٰ"
10,71,33,"ن ظ ر"
10,72,2,"و ل ي"
10,72,4,"س ا ل"
10,72,6,"ا ج ر"
10,72,8,"ا ج ر"
10,72,9,"إِلَّا"
10,72,11,"ا ل ه"
10,72,12,"ا م ر"
10,72,14,"ك و ن"
10,72,16,"س ل م"
10,73,1,"ك ذ ب"
10,73,2,"ن ج و"
10,73,6,"ف ل ك"
10,73,7,"ج ع ل"
10,73,8,"خ ل ف"
10,73,9,"غ ر ق"
10,73,10,"ٱلَّذِى"
10,73,11,"ك ذ ب"
10,73,12,"ا ي ي"
10,73,13,"ن ظ ر"
10,73,14,"ك ي ف"
10,73,15,"ك و ن"
10,73,16,"ع ق ب"
10,73,17,"ن ذ ر"
10,74,2,"ب ع ث"
10,74,4,"ب ع د"
10,74,5,"ر س ل"
10,74,6,"إِلَىٰ"
10,74,7,"ق و م"
10,74,8,"ج ي ا"
10,74,9,"ب ي ن"
10,74,11,"ك و ن"
10,74,12,"ا م ن"
10,74,14,"ك ذ ب"
10,74,17,"ق ب ل"
10,74,19,"ط ب ع"
10,74,21,"ق ل ب"
10,74,22,"ع د و"
10,75,2,"ب ع ث"
10,75,4,"ب ع د"
10,75,7,"إِلَىٰ"
10,75,9,"م ل ا"
10,75,10,"ا ي ي"
10,75,11,"ك ب ر"
10,75,12,"ك و ن"
10,75,13,"ق و م"
10,75,14,"ج ر م"
10,76,2,"ج ي ا"
10,76,3,"ح ق ق"
10,76,5,"ع ن د"
10,76,6,"ق و ل"
10,76,9,"س ح ر"
10,76,10,"ب ي ن"
10,77,1,"ق و ل"
10,77,3,"ق و ل"
10,77,4,"ح ق ق"
10,77,6,"ج ي ا"
10,77,7,"س ح ر"
10,77,10,"ف ل ح"
10,77,11,"س ح ر"
10,78,1,"ق و ل"
10,78,2,"ج ي ا"
10,78,3,"ل ف ت"
10,78,5,"و ج د"
10,78,7,"ا ب و"
10,78,8,"ك و ن"
10,78,10,"ك ب ر"
10,78,12,"ا ر ض"
10,78,16,"ا م ن"
10,79,1,"ق و ل"
10,79,3,"ا ت ي"
10,79,4,"ك ل ل"
10,79,5,"س ح ر"
10,79,6,"ع ل م"
10,80,2,"ج ي ا"
10,80,3,"س ح ر"
10,80,4,"ق و ل"
10,80,7,"ل ق ي"
10,80,10,"ل ق ي"
10,81,2,"ل ق ي"
10,81,3,"ق و ل"
10,81,6,"ج ي ا"
10,81,8,"س ح ر"
10,81,10,"ا ل ه"
10,81,11,"ب ط ل"
10,81,13,"ا ل ه"
10,81,15,"ص ل ح"
10,81,16,"ع م ل"
10,81,17,"ف س د"
10,82,1,"ح ق ق"
10,82,2,"ا ل ه"
10,82,3,"ح ق ق"
10,82,4,"ك ل م"
10,82,6,"ك ر ه"
10,82,7,"ج ر م"
10,83,2,"ا م ن"
10,83,4,"إِلَّا"
10,83,5,"ذ ر ر"
10,83,7,"ق و م"
10,83,9,"خ و ف"
10,83,12,"م ل ا"
10,83,14,"ف ت ن"
10,83,17,"ع ل و"
10,83,19,"ا ر ض"
10,83,22,"س ر ف"
10,84,1,"ق و ل"
10,84,3,"ق و م"
10,84,5,"ك و ن"
10,84,6,"ا م ن"
10,84,7,"ا ل ه"
10,84,9,"و ك ل"
10,84,11,"ك و ن"
10,84,12,"س ل م"
10,85,1,"ق و ل"
10,85,3,"ا ل ه"
10,85,4,"و ك ل"
10,85,5,"ر ب ب"
10,85,7,"ج ع ل"
10,85,8,"ف ت ن"
10,85,9,"ق و م"
10,85,10,"ظ ل م"
10,86,1,"ن ج و"
10,86,2,"ر ح م"
10,86,4,"ق و م"
10,86,5,"ك ف ر"
10,87,1,"و ح ي"
10,87,2,"إِلَىٰ"
10,87,4,"ا خ و"
10,87,6,"ب و ا"
10,87,7,"ق و م"
10,87,8,"م ص ر"
10,87,9,"ب ي ت"
10,87,10,"ج ع ل"
10,87,11,"ب ي ت"
10,87,12,"ق ب ل"
10,87,13,"ق و م"
10,87,14,"ص ل و"
10,87,15,"ب ش ر"
10,87,16,"ا م ن"
10,88,1,"ق و ل"
10,88,3,"ر ب ب"
10,88,5,"ا ت ي"
10,88,7,"م ل ا"
10,88,8,"ز ي ن"
10,88,9,"م و ل"
10,88,11,"ح ي ي"
10,88,12,"د ن و"
10,88,13,"ر ب ب"
10,88,14,"ض ل ل"
10,88,16,"س ب ل"
10,88,17,"ر ب ب"
10,88,18,"ط م س"
10,88,20,"م و ل"
10,88,21,"ش د د"
10,88,23,"ق ل ب"
10,88,25,"ا م ن"
10,88,27,"ر ا ي"
10,88,28,"ع ذ ب"
10,88,29,"ا ل م"
10,89,1,"ق و ل"
10,89,3,"ج و ب"
10,89,4,"د ع و"
10,89,5,"ق و م"
10,89,7,"ت ب ع"
10,89,8,"س ب ل"
10,89,9,"ٱلَّذِى"
10,89,11,"ع ل م"
10,90,1,"ج و ز"
10,90,2,"ب ن ي"
10,90,3,"إِسْرَائِيل"
10,90,4,"ب ح ر"
10,90,5,"ت ب ع"
10,90,7,"ج ن د"
10,90,8,"ب غ ي"
10,90,9,"ع د و"
10,90,11,"إِذَا"
10,90,12,"د ر ك"
10,90,13,"غ ر ق"
10,90,14,"ق و ل"
10,90,15,"ا م ن"
10,90,18,"ا ل ه"
10,90,19,"إِلَّا"
10,90,20,"ٱلَّذِى"
10,90,21,"ا م ن"
10,90,23,"ب ن ي"
10,90,24,"إِسْرَائِيل"
10,90,27,"س ل م"
10,91,3,"ع ص ي"
10,91,4,"ق ب ل"
10,91,5,"ك و ن"
10,91,7,"ف س د"
10,92,1,"ي و م"
10,92,2,"ن ج و"
10,92,3,"ب د ن"
10,92,4,"ك و ن"
10,92,6,"خ ل ف"
10,92,7,"ا ي ي"
10,92,9,"ك ث ر"
10,92,11,"ن و س"
10,92,13,"ا ي ي"
10,92,14,"غ ف ل"
10,93,2,"ب و ا"
10,93,3,"ب ن ي"
10,93,4,"إِسْرَائِيل"
10,93,5,"ب و ا"
10,93,6,"ص د ق"
10,93,7,"ر ز ق"
10,93,9,"ط ي ب"
10,93,11,"خ ل ف"
10,93,13,"ج ي ا"
10,93,14,"ع ل م"
10,93,16,"ر ب ب"
10,93,17,"ق ض ي"
10,93,18,"ب ي ن"
10,93,19,"ي و م"
10,93,20,"ق و م"
10,93,22,"ك و ن"
10,93,24,"خ ل ف"
10,94,2,"ك و ن"
10,94,4,"ش ك ك"
10,94,6,"ن ز ل"
10,94,7,"إِلَىٰ"
10,94,8,"س ا ل"
10,94,9,"ٱلَّذِى"
10,94,10,"ق ر ا"
10,94,11,"ك ت ب"
10,94,13,"ق ب ل"
10,94,15,"ج ي ا"
10,94,16,"ح ق ق"
10,94,18,"ر ب ب"
10,94,20,"ك و ن"
10,94,22,"م ر ي"
10,95,2,"ك و ن"
10,95,4,"ٱلَّذِى"
10,95,5,"ك ذ ب"
10,95,6,"ا ي ي"
10,95,7,"ا ل ه"
10,95,8,"ك و ن"
10,95,10,"خ س ر"
10,96,2,"ٱلَّذِى"
10,96,3,"ح ق ق"
10,96,5,"ك ل م"
10,96,6,"ر ب ب"
10,96,8,"ا م ن"
10,97,2,"ج ي ا"
10,97,3,"ك ل ل"
10,97,4,"ا ي ي"
10,97,6,"ر ا ي"
10,97,7,"ع ذ ب"
10,97,8,"ا ل م"
10,98,2,"ك و ن"
10,98,3,"ق ر ي"
10,98,4,"ا م ن"
10,98,5,"ن ف ع"
10,98,6,"ا م ن"
10,98,7,"إِلَّا"
10,98,8,"ق و م"
10,98,11,"ا م ن"
10,98,12,"ك ش ف"
10,98,14,"ع ذ ب"
10,98,15,"خ ز ي"
10,98,17,"ح ي ي"
10,98,18,"د ن و"
10,98,19,"م ت ع"
10,98,20,"إِلَىٰ"
10,98,21,"ح ي ن"
10,99,2,"ش ي ا"
10,99,3,"ر ب ب"
10,99,4,"ا م ن"
10,99,7,"ا ر ض"
10,99,8,"ك ل ل"
10,99,9,"ج م ع"
10,99,11,"ك ر ه"
10,99,12,"ن و س"
10,99,14,"ك و ن"
10,99,15,"ا م ن"
10,100,2,"ك و ن"
10,100,3,"ن ف س"
10,100,5,"ا م ن"
10,100,6,"إِلَّا"
10,100,7,"ا ذ ن"
10,100,8,"ا ل ه"
10,100,9,"ج ع ل"
10,100,10,"ر ج س"
10,100,12,"ٱلَّذِى"
10,100,14,"ع ق ل"
10,101,1,"ق و ل"
10,101,2,"ن ظ ر"
10,101,5,"س م و"
10,101,6,"ا ر ض"
10,101,8,"غ ن ي"
10,101,9,"ا ي ي"
10,101,10,"ن ذ ر"
10,101,12,"ق و م"
10,101,14,"ا م ن"
10,102,2,"ن ظ ر"
10,102,3,"إِلَّا"
10,102,4,"م ث ل"
10,102,5,"ي و م"
10,102,6,"ٱلَّذِى"
10,102,7,"خ ل و"
10,102,9,"ق ب ل"
10,102,10,"ق و ل"
10,102,11,"ن ظ ر"
10,102,15,"ن ظ ر"
10,103,2,"ن ج و"
10,103,3,"ر س ل"
10,103,4,"ٱلَّذِى"
10,103,5,"ا م ن"
10,103,7,"ح ق ق"
10,103,9,"ن ج و"
10,103,10,"ا م ن"
10,104,1,"ق و ل"
10,104,3,"ن و س"
10,104,5,"ك و ن"
10,104,7,"ش ك ك"
10,104,9,"د ي ن"
10,104,11,"ع ب د"
10,104,12,"ٱلَّذِى"
10,104,13,"ع ب د"
10,104,15,"د و ن"
10,104,16,"ا ل ه"
10,104,18,"ع ب د"
10,104,19,"ا ل ه"
10,104,20,"ٱلَّذِى"
10,104,21,"و ف ي"
10,104,22,"ا م ر"
10,104,24,"ك و ن"
10,104,26,"ا م ن"
10,105,2,"ق و م"
10,105,3,"و ج ه"
10,105,4,"د ي ن"
10,105,5,"ح ن ف"
10,105,7,"ك و ن"
10,105,9,"ش ر ك"
10,106,2,"د ع و"
10,106,4,"د و ن"
10,106,5,"ا ل ه"
10,106,8,"ن ف ع"
10,106,10,"ض ر ر"
10,106,12,"ف ع ل"
10,106,14,"إِذًا"
10,106,16,"ظ ل م"
10,107,2,"م س س"
10,107,3,"ا ل ه"
10,107,4,"ض ر ر"
10,107,6,"ك ش ف"
10,107,8,"إِلَّا"
10,107,11,"ر و د"
10,107,12,"خ ي ر"
10,107,14,"ر د د"
10,107,15,"ف ض ل"
10,107,16,"ص و ب"
10,107,19,"ش ي ا"
10,107,21,"ع ب د"
10,107,23,"غ ف ر"
10,107,24,"ر ح م"
10,108,1,"ق و ل"
10,108,3,"ن و س"
10,108,5,"ج ي ا"
10,108,6,"ح ق ق"
10,108,8,"ر ب ب"
10,108,10,"ه د ي"
10,108,12,"ه د ي"
10,108,13,"ن ف س"
10,108,15,"ض ل ل"
10,108,17,"ض ل ل"
10,108,22,"و ك ل"
10,109,1,"ت ب ع"
10,109,3,"و ح ي"
10,109,4,"إِلَىٰ"
10,109,5,"ص ب ر"
10,109,7,"ح ك م"
10,109,8,"ا ل ه"
10,109,10,"خ ي ر"
10,109,11,"ح ك م"
11,1,2,"ك ت ب"
11,1,3,"ح ك م"
11,1,4,"ا ي ي"
11,1,6,"ف ص ل"
11,1,8,"ل د ن"
11,1,9,"ح ك م"
11,1,10,"خ ب ر"
11,2,2,"ع ب د"
11,2,3,"إِلَّا"
11,2,4,"ا ل ه"
11,2,8,"ن ذ ر"
11,2,9,"ب ش ر"
11,3,2,"غ ف ر"
11,3,3,"ر ب ب"
11,3,5,"ت و ب"
11,3,6,"إِلَىٰ"
11,3,7,"م ت ع"
11,3,8,"م ت ع"
11,3,9,"ح س ن"
11,3,10,"إِلَىٰ"
11,3,11,"ا ج ل"
11,3,12,"س م و"
11,3,13,"ا ت ي"
11,3,14,"ك ل ل"
11,3,16,"ف ض ل"
11,3,17,"ف ض ل"
11,3,19,"و ل ي"
11,3,21,"خ و ف"
11,3,23,"ع ذ ب"
11,3,24,"ي و م"
11,3,25,"ك ب ر"
11,4,1,"إِلَىٰ"
11,4,2,"ا ل ه"
11,4,3,"ر ج ع"
11,4,6,"ك ل ل"
11,4,7,"ش ي ا"
11,4,8,"ق د ر"
11,5,3,"ث ن ي"
11,5,4,"ص د ر"
11,5,5,"خ ف ي"
11,5,8,"ح ي ن"
11,5,9,"غ ش و"
11,5,10,"ث و ب"
11,5,11,"ع ل م"
11,5,13,"س ر ر"
11,5,15,"ع ل ن"
11,5,17,"ع ل م"
11,5,19,"ص د ر"
11,6,3,"د ب ب"
11,6,5,"ا ر ض"
11,6,6,"إِلَّا"
11,6,8,"ا ل ه"
11,6,9,"ر ز ق"
11,6,10,"ع ل م"
11,6,11,"ق ر ر"
11,6,12,"و د ع"
11,6,13,"ك ل ل"
11,6,15,"ك ت ب"
11,6,16,"ب ي ن"
11,7,2,"ٱلَّذِى"
11,7,3,"خ ل ق"
11,7,4,"س م و"
11,7,5,"ا ر ض"
11,7,7,"س ت ت"
11,7,8,"ي و م"
11,7,9,"ك و ن"
11,7,10,"ع ر ش"
11,7,12,"م و ه"
11,7,13,"ب ل و"
11,7,15,"ح س ن"
11,7,16,"ع م ل"
11,7,18,"ق و ل"
11,7,20,"ب ع ث"
11,7,22,"ب ع د"
11,7,23,"م و ت"
11,7,24,"ق و ل"
11,7,25,"ٱلَّذِى"
11,7,26,"ك ف ر"
11,7,29,"إِلَّا"
11,7,30,"س ح ر"
11,7,31,"ب ي ن"
11,8,2,"ا خ ر"
11,8,4,"ع ذ ب"
11,8,5,"إِلَىٰ"
11,8,6,"ا م م"
11,8,7,"ع د د"
11,8,8,"ق و ل"
11,8,10,"ح ب س"
11,8,12,"ي و م"
11,8,13,"ا ت ي"
11,8,14,"ل ي س"
11,8,15,"ص ر ف"
11,8,17,"ح ي ق"
11,8,20,"ك و ن"
11,8,22,"ه ز ا"
11,9,2,"ذ و ق"
11,9,3,"ا ن س"
11,9,5,"ر ح م"
11,9,7,"ن ز ع"
11,9,10,"ي ا س"
11,9,11,"ك ف ر"
11,10,2,"ذ و ق"
11,10,3,"ن ع م"
11,10,4,"ب ع د"
11,10,5,"ض ر ر"
11,10,6,"م س س"
11,10,7,"ق و ل"
11,10,8,"ذ ه ب"
11,10,9,"س و ا"
11,10,12,"ف ر ح"
11,10,13,"ف خ ر"
11,11,1,"إِلَّا"
11,11,2,"ٱلَّذِى"
11,11,3,"ص ب ر"
11,11,4,"ع م ل"
11,11,5,"ص ل ح"
11,11,8,"غ ف ر"
11,11,9,"ا ج ر"
11,11,10,"ك ب ر"
11,12,2,"ت ر ك"
11,12,3,"ب ع ض"
11,12,5,"و ح ي"
11,12,6,"إِلَىٰ"
11,12,7,"ض ي ق"
11,12,9,"ص د ر"
11,12,11,"ق و ل"
11,12,13,"ن ز ل"
11,12,15,"ك ن ز"
11,12,17,"ج ي ا"
11,12,19,"م ل ك"
11,12,22,"ن ذ ر"
11,12,23,"ا ل ه"
11,12,25,"ك ل ل"
11,12,26,"ش ي ا"
11,12,27,"و ك ل"
11,13,1,"أَم"
11,13,2,"ق و ل"
11,13,3,"ف ر ي"
11,13,4,"ق و ل"
11,13,5,"ا ت ي"
11,13,6,"ع ش ر"
11,13,7,"س و ر"
11,13,8,"م ث ل"
11,13,9,"ف ر ي"
11,13,10,"د ع و"
11,13,12,"ط و ع"
11,13,14,"د و ن"
11,13,15,"ا ل ه"
11,13,17,"ك و ن"
11,13,18,"ص د ق"
11,14,2,"ج و ب"
11,14,4,"ع ل م"
11,14,6,"ن ز ل"
11,14,7,"ع ل م"
11,14,8,"ا ل ه"
11,14,11,"ا ل ه"
11,14,12,"إِلَّا"
11,14,16,"س ل م"
11,15,2,"ك و ن"
11,15,3,"ر و د"
11,15,4,"ح ي ي"
11,15,5,"د ن و"
11,15,6,"ز ي ن"
11,15,7,"و ف ي"
11,15,8,"إِلَىٰ"
11,15,9,"ع م ل"
11,15,14,"ب خ س"
11,16,2,"ٱلَّذِى"
11,16,3,"ل ي س"
11,16,6,"ا خ ر"
11,16,7,"إِلَّا"
11,16,8,"ن و ر"
11,16,9,"ح ب ط"
11,16,11,"ص ن ع"
11,16,13,"ب ط ل"
11,16,15,"ك و ن"
11,16,16,"ع م ل"
11,17,2,"ك و ن"
11,17,4,"ب ي ن"
11,17,6,"ر ب ب"
11,17,7,"ت ل و"
11,17,8,"ش ه د"
11,17,11,"ق ب ل"
11,17,12,"ك ت ب"
11,17,14,"ا م م"
11,17,15,"ر ح م"
11,17,17,"ا م ن"
11,17,20,"ك ف ر"
11,17,23,"ح ز ب"
11,17,24,"ن و ر"
11,17,25,"و ع د"
11,17,27,"ك و ن"
11,17,29,"م ر ي"
11,17,32,"ح ق ق"
11,17,34,"ر ب ب"
11,17,36,"ك ث ر"
11,17,37,"ن و س"
11,17,39,"ا م ن"
11,18,2,"ظ ل م"
11,18,4,"ف ر ي"
11,18,6,"ا ل ه"
11,18,7,"ك ذ ب"
11,18,9,"ع ر ض"
11,18,11,"ر ب ب"
11,18,12,"ق و ل"
11,18,13,"ش ه د"
11,18,15,"ٱلَّذِى"
11,18,16,"ك ذ ب"
11,18,18,"ر ب ب"
11,18,20,"ل ع ن"
11,18,21,"ا ل ه"
11,18,23,"ظ ل م"
11,19,1,"ٱلَّذِى"
11,19,2,"ص د د"
11,19,4,"س ب ل"
11,19,5,"ا ل ه"
11,19,6,"ب غ ي"
11,19,7,"ع و ج"
11,19,9,"ا خ ر"
11,19,11,"ك ف ر"
11,20,3,"ك و ن"
11,20,4,"ع ج ز"
11,20,6,"ا ر ض"
11,20,8,"ك و ن"
11,20,11,"د و ن"
11,20,12,"ا ل ه"
11,20,14,"و ل ي"
11,20,15,"ض ع ف"
11,20,17,"ع ذ ب"
11,20,19,"ك و ن"
11,20,20,"ط و ع"
11,20,21,"س م ع"
11,20,23,"ك و ن"
11,20,24,"ب ص ر"
11,21,2,"ٱلَّذِى"
11,21,3,"خ س ر"
11,21,4,"ن ف س"
11,21,5,"ض ل ل"
11,21,8,"ك و ن"
11,21,9,"ف ر ي"
11,22,2,"ج ر م"
11,22,5,"ا خ ر"
11,22,7,"خ س ر"
11,23,2,"ٱلَّذِى"
11,23,3,"ا م ن"
11,23,4,"ع م ل"
11,23,5,"ص ل ح"
11,23,6,"خ ب ت"
11,23,7,"إِلَىٰ"
11,23,8,"ر ب ب"
11,23,10,"ص ح ب"
11,23,11,"ج ن ن"
11,23,14,"خ ل د"
11,24,1,"م ث ل"
11,24,2,"ف ر ق"
11,24,3,"ع م ي"
11,24,4,"ص م م"
11,24,5,"ب ص ر"
11,24,6,"س م ع"
11,24,8,"س و ي"
11,24,9,"م ث ل"
11,24,11,"ذ ك ر"
11,25,2,"ر س ل"
11,25,4,"إِلَىٰ"
11,25,5,"ق و م"
11,25,8,"ن ذ ر"
11,25,9,"ب ي ن"
11,26,3,"ع ب د"
11,26,4,"إِلَّا"
11,26,5,"ا ل ه"
11,26,7,"خ و ف"
11,26,9,"ع ذ ب"
11,26,10,"ي و م"
11,26,11,"ا ل م"
11,27,1,"ق و ل"
11,27,2,"م ل ا"
11,27,3,"ٱلَّذِى"
11,27,4,"ك ف ر"
11,27,6,"ق و م"
11,27,8,"ر ا ي"
11,27,9,"إِلَّا"
11,27,10,"ب ش ر"
11,27,11,"م ث ل"
11,27,13,"ر ا ي"
11,27,14,"ت ب ع"
11,27,15,"إِلَّا"
11,27,16,"ٱلَّذِى"
11,27,18,"ر ذ ل"
11,27,19,"ب د و"
11,27,20,"ر ا ي"
11,27,22,"ر ا ي"
11,27,26,"ف ض ل"
11,27,28,"ظ ن ن"
11,27,29,"ك ذ ب"
11,28,1,"ق و ل"
11,28,2,"ق و م"
11,28,3,"ر ا ي"
11,28,5,"ك و ن"
11,28,7,"ب ي ن"
11,28,9,"ر ب ب"
11,28,10,"ا ت ي"
11,28,11,"ر ح م"
11,28,13,"ع ن د"
11,28,14,"ع م ي"
11,28,16,"ل ز م"
11,28,19,"ك ر ه"
11,29,1,"ق و م"
11,29,3,"س ا ل"
11,29,5,"م و ل"
11,29,7,"ا ج ر"
11,29,8,"إِلَّا"
11,29,10,"ا ل ه"
11,29,13,"ط ر د"
11,29,14,"ٱلَّذِى"
11,29,15,"ا م ن"
11,29,17,"ل ق ي"
11,29,18,"ر ب ب"
11,29,20,"ر ا ي"
11,29,21,"ق و م"
11,29,22,"ج ه ل"
11,30,1,"ق و م"
11,30,3,"ن ص ر"
11,30,5,"ا ل ه"
11,30,7,"ط ر د"
11,30,9,"ذ ك ر"
11,31,2,"ق و ل"
11,31,4,"ع ن د"
11,31,5,"خ ز ن"
11,31,6,"ا ل ه"
11,31,8,"ع ل م"
11,31,9,"غ ي ب"
11,31,11,"ق و ل"
11,31,13,"م ل ك"
11,31,15,"ق و ل"
11,31,16,"ٱلَّذِى"
11,31,17,"ز ر ي"
11,31,18,"ع ي ن"
11,31,20,"ا ت ي"
11,31,21,"ا ل ه"
11,31,22,"خ ي ر"
11,31,23,"ا ل ه"
11,31,24,"ع ل م"
11,31,27,"ن ف س"
11,31,29,"إِذًا"
11,31,31,"ظ ل م"
11,32,1,"ق و ل"
11,32,4,"ج د ل"
11,32,5,"ك ث ر"
11,32,6,"ج د ل"
11,32,7,"ا ت ي"
11,32,9,"و ع د"
11,32,11,"ك و ن"
11,32,13,"ص د ق"
11,33,1,"ق و ل"
11,33,3,"ا ت ي"
11,33,5,"ا ل ه"
11,33,7,"ش ي ا"
11,33,10,"ع ج ز"
11,34,2,"ن ف ع"
11,34,3,"ن ص ح"
11,34,5,"ر و د"
11,34,7,"ن ص ح"
11,34,10,"ك و ن"
11,34,11,"ا ل ه"
11,34,12,"ر و د"
11,34,14,"غ و ي"
11,34,16,"ر ب ب"
11,34,17,"إِلَىٰ"
11,34,18,"ر ج ع"
11,35,1,"أَم"
11,35,2,"ق و ل"
11,35,3,"ف ر ي"
11,35,4,"ق و ل"
11,35,6,"ف ر ي"
11,35,8,"ج ر م"
11,35,10,"ب ر ا"
11,35,12,"ج ر م"
11,36,1,"و ح ي"
11,36,2,"إِلَىٰ"
11,36,6,"ا م ن"
11,36,8,"ق و م"
11,36,9,"إِلَّا"
11,36,12,"ا م ن"
11,36,14,"ب ا س"
11,36,16,"ك و ن"
11,36,17,"ف ع ل"
11,37,1,"ص ن ع"
11,37,2,"ف ل ك"
11,37,3,"ع ي ن"
11,37,4,"و ح ي"
11,37,6,"خ ط ب"
11,37,8,"ٱلَّذِى"
11,37,9,"ظ ل م"
11,37,11,"غ ر ق"
11,38,1,"ص ن ع"
11,38,2,"ف ل ك"
11,38,3,"ك ل ل"
11,38,4,"م ر ر"
11,38,6,"م ل ا"
11,38,8,"ق و م"
11,38,9,"س خ ر"
11,38,11,"ق و ل"
11,38,13,"س خ ر"
11,38,16,"س خ ر"
11,38,19,"س خ ر"
11,39,2,"ع ل م"
11,39,4,"ا ت ي"
11,39,5,"ع ذ ب"
11,39,6,"خ ز ي"
11,39,7,"ح ل ل"
11,39,9,"ع ذ ب"
11,39,10,"ق و م"
11,40,2,"إِذَا"
11,40,3,"ج ي ا"
11,40,4,"ا م ر"
11,40,5,"ف و ر"
11,40,7,"ق و ل"
11,40,8,"ح م ل"
11,40,11,"ك ل ل"
11,40,12,"ز و ج"
11,40,13,"ث ن ي"
11,40,14,"ا ه ل"
11,40,15,"إِلَّا"
11,40,17,"س ب ق"
11,40,19,"ق و ل"
11,40,21,"ا م ن"
11,40,23,"ا م ن"
11,40,25,"إِلَّا"
11,40,26,"ق ل ل"
11,41,1,"ق و ل"
11,41,2,"ر ك ب"
11,41,4,"س م و"
11,41,5,"ا ل ه"
11,41,6,"ج ر ي"
11,41,7,"ر س و"
11,41,9,"ر ب ب"
11,41,10,"غ ف ر"
11,41,11,"ر ح م"
11,42,2,"ج ر ي"
11,42,5,"م و ج"
11,42,6,"ج ب ل"
11,42,7,"ن د و"
11,42,9,"ب ن ي"
11,42,10,"ك و ن"
11,42,12,"ع ز ل"
11,42,13,"ب ن ي"
11,42,14,"ر ك ب"
11,42,17,"ك و ن"
11,42,19,"ك ف ر"
11,43,1,"ق و ل"
11,43,2,"ا و ي"
11,43,3,"إِلَىٰ"
11,43,4,"ج ب ل"
11,43,5,"ع ص م"
11,43,7,"م و ه"
11,43,8,"ق و ل"
11,43,10,"ع ص م"
11,43,11,"ي و م"
11,43,13,"ا م ر"
11,43,14,"ا ل ه"
11,43,15,"إِلَّا"
11,43,17,"ر ح م"
11,43,18,"ح و ل"
11,43,19,"ب ي ن"
11,43,20,"م و ج"
11,43,21,"ك و ن"
11,43,23,"غ ر ق"
11,44,1,"ق و ل"
11,44,2,"ا ر ض"
11,44,3,"ب ل ع"
11,44,4,"م و ه"
11,44,5,"س م و"
11,44,6,"ق ل ع"
11,44,7,"غ ي ض"
11,44,8,"م و ه"
11,44,9,"ق ض ي"
11,44,10,"ا م ر"
11,44,11,"س و ي"
11,44,14,"ق و ل"
11,44,15,"ب ع د"
11,44,16,"ق و م"
11,44,17,"ظ ل م"
11,45,1,"ن د و"
11,45,3,"ر ب ب"
11,45,4,"ق و ل"
11,45,5,"ر ب ب"
11,45,7,"ب ن ي"
11,45,9,"ا ه ل"
11,45,11,"و ع د"
11,45,12,"ح ق ق"
11,45,14,"ح ك م"
11,45,15,"ح ك م"
11,46,1,"ق و ل"
11,46,4,"ل ي س"
11,46,6,"ا ه ل"
11,46,8,"ع م ل"
11,46,9,"غ ي ر"
11,46,10,"ص ل ح"
11,46,12,"س ا ل"
11,46,14,"ل ي س"
11,46,17,"ع ل م"
11,46,19,"و ع ظ"
11,46,21,"ك و ن"
11,46,23,"ج ه ل"
11,47,1,"ق و ل"
11,47,2,"ر ب ب"
11,47,4,"ع و ذ"
11,47,7,"س ا ل"
11,47,9,"ل ي س"
11,47,12,"ع ل م"
11,47,13,"إِلَّا"
11,47,14,"غ ف ر"
11,47,16,"ر ح م"
11,47,17,"ك و ن"
11,47,19,"خ س ر"
11,48,1,"ق و ل"
11,48,3,"ه ب ط"
11,48,4,"س ل م"
11,48,6,"ب ر ك"
11,48,9,"ا م م"
11,48,12,"ا م م"
11,48,13,"م ت ع"
11,48,15,"م س س"
11,48,17,"ع ذ ب"
11,48,18,"ا ل م"
11,49,3,"ن ب ا"
11,49,4,"غ ي ب"
11,49,5,"و ح ي"
11,49,6,"إِلَىٰ"
11,49,8,"ك و ن"
11,49,9,"ع ل م"
11,49,12,"ق و م"
11,49,14,"ق ب ل"
11,49,16,"ص ب ر"
11,49,18,"ع ق ب"
11,49,19,"و ق ي"
11,50,1,"إِلَىٰ"
11,50,2,"ع و د"
11,50,3,"ا خ و"
11,50,4,"ه و د"
11,50,5,"ق و ل"
11,50,6,"ق و م"
11,50,7,"ع ب د"
11,50,8,"ا ل ه"
11,50,12,"ا ل ه"
11,50,13,"غ ي ر"
11,50,16,"إِلَّا"
11,50,17,"ف ر ي"
11,51,1,"ق و م"
11,51,3,"س ا ل"
11,51,5,"ا ج ر"
11,51,7,"ا ج ر"
11,51,8,"إِلَّا"
11,51,10,"ٱلَّذِى"
11,51,11,"ف ط ر"
11,51,13,"ع ق ل"
11,52,1,"ق و م"
11,52,2,"غ ف ر"
11,52,3,"ر ب ب"
11,52,5,"ت و ب"
11,52,6,"إِلَىٰ"
11,52,7,"ر س ل"
11,52,8,"س م و"
11,52,10,"د ر ر"
11,52,11,"ز ي د"
11,52,12,"ق و ي"
11,52,13,"إِلَىٰ"
11,52,14,"ق و ي"
11,52,16,"و ل ي"
11,52,17,"ج ر م"
11,53,1,"ق و ل"
11,53,2,"ه و د"
11,53,4,"ج ي ا"
11,53,5,"ب ي ن"
11,53,8,"ت ر ك"
11,53,9,"ا ل ه"
11,53,11,"ق و ل"
11,53,15,"ا م ن"
11,54,2,"ق و ل"
11,54,3,"إِلَّا"
11,54,4,"ع ر و"
11,54,5,"ب ع ض"
11,54,6,"ا ل ه"
11,54,7,"س و ا"
11,54,8,"ق و ل"
11,54,10,"ش ه د"
11,54,11,"ا ل ه"
11,54,12,"ش ه د"
11,54,14,"ب ر ا"
11,54,16,"ش ر ك"
11,55,2,"د و ن"
11,55,3,"ك ي د"
11,55,4,"ج م ع"
11,55,7,"ن ظ ر"
11,56,2,"و ك ل"
11,56,4,"ا ل ه"
11,56,5,"ر ب ب"
11,56,6,"ر ب ب"
11,56,9,"د ب ب"
11,56,10,"إِلَّا"
11,56,12,"ا خ ذ"
11,56,13,"ن ص ي"
11,56,15,"ر ب ب"
11,56,17,"ص ر ط"
11,56,18,"ق و م"
11,57,2,"و ل ي"
11,57,4,"ب ل غ"
11,57,6,"ر س ل"
11,57,8,"إِلَىٰ"
11,57,9,"خ ل ف"
11,57,10,"ر ب ب"
11,57,11,"ق و م"
11,57,12,"غ ي ر"
11,57,14,"ض ر ر"
11,57,15,"ش ي ا"
11,57,17,"ر ب ب"
11,57,19,"ك ل ل"
11,57,20,"ش ي ا"
11,57,21,"ح ف ظ"
11,58,2,"ج ي ا"
11,58,3,"ا م ر"
11,58,4,"ن ج و"
11,58,5,"ه و د"
11,58,6,"ٱلَّذِى"
11,58,7,"ا م ن"
11,58,9,"ر ح م"
11,58,11,"ن ج و"
11,58,13,"ع ذ ب"
11,58,14,"غ ل ظ"
11,59,2,"ع و د"
11,59,3,"ج ح د"
11,59,4,"ا ي ي"
11,59,5,"ر ب ب"
11,59,6,"ع ص ي"
11,59,7,"ر س ل"
11,59,8,"ت ب ع"
11,59,9,"ا م ر"
11,59,10,"ك ل ل"
11,59,11,"ج ب ر"
11,59,12,"ع ن د"
11,60,1,"ت ب ع"
11,60,4,"د ن و"
11,60,5,"ل ع ن"
11,60,6,"ي و م"
11,60,7,"ق و م"
11,60,10,"ع و د"
11,60,11,"ك ف ر"
11,60,12,"ر ب ب"
11,60,14,"ب ع د"
11,60,15,"ع و د"
11,60,16,"ق و م"
11,60,17,"ه و د"
11,61,1,"إِلَىٰ"
11,61,3,"ا خ و"
11,61,4,"ص ل ح"
11,61,5,"ق و ل"
11,61,6,"ق و م"
11,61,7,"ع ب د"
11,61,8,"ا ل ه"
11,61,12,"ا ل ه"
11,61,13,"غ ي ر"
11,61,15,"ن ش ا"
11,61,17,"ا ر ض"
11,61,18,"ع م ر"
11,61,20,"غ ف ر"
11,61,22,"ت و ب"
11,61,23,"إِلَىٰ"
11,61,25,"ر ب ب"
11,61,26,"ق ر ب"
11,61,27,"ج و ب"
11,62,1,"ق و ل"
11,62,2,"ص ل ح"
11,62,4,"ك و ن"
11,62,6,"ر ج و"
11,62,7,"ق ب ل"
11,62,9,"ن ه ي"
11,62,11,"ع ب د"
11,62,13,"ع ب د"
11,62,14,"ا ب و"
11,62,17,"ش ك ك"
11,62,19,"د ع و"
11,62,20,"إِلَىٰ"
11,62,21,"ر ي ب"
11,63,1,"ق و ل"
11,63,2,"ق و م"
11,63,3,"ر ا ي"
11,63,5,"ك و ن"
11,63,7,"ب ي ن"
11,63,9,"ر ب ب"
11,63,10,"ا ت ي"
11,63,12,"ر ح م"
11,63,14,"ن ص ر"
11,63,16,"ا ل ه"
11,63,18,"ع ص ي"
11,63,20,"ز ي د"
11,63,21,"غ ي ر"
11,63,22,"خ س ر"
11,64,1,"ق و م"
11,64,3,"ن و ق"
11,64,4,"ا ل ه"
11,64,6,"ا ي ي"
11,64,7,"و ذ ر"
11,64,8,"ا ك ل"
11,64,10,"ا ر ض"
11,64,11,"ا ل ه"
11,64,13,"م س س"
11,64,14,"س و ا"
11,64,15,"ا خ ذ"
11,64,16,"ع ذ ب"
11,64,17,"ق ر ب"
11,65,1,"ع ق ر"
11,65,2,"ق و ل"
11,65,3,"م ت ع"
11,65,5,"د و ر"
11,65,6,"ث ل ث"
11,65,7,"ي و م"
11,65,9,"و ع د"
11,65,10,"غ ي ر"
11,65,11,"ك ذ ب"
11,66,2,"ج ي ا"
11,66,3,"ا م ر"
11,66,4,"ن ج و"
11,66,5,"ص ل ح"
11,66,6,"ٱلَّذِى"
11,66,7,"ا م ن"
11,66,9,"ر ح م"
11,66,12,"خ ز ي"
11,66,15,"ر ب ب"
11,66,17,"ق و ي"
11,66,18,"ع ز ز"
11,67,1,"ا خ ذ"
11,67,2,"ٱلَّذِى"
11,67,3,"ظ ل م"
11,67,4,"ص ي ح"
11,67,5,"ص ب ح"
11,67,7,"د و ر"
11,67,8,"ج ث م"
11,68,3,"غ ن ي"
11,68,8,"ك ف ر"
11,68,9,"ر ب ب"
11,68,11,"ب ع د"
11,69,2,"ج ي ا"
11,69,3,"ر س ل"
11,69,4,"إِبْرَاهِيم"
11,69,5,"ب ش ر"
11,69,6,"ق و ل"
11,69,7,"س ل م"
11,69,8,"ق و ل"
11,69,9,"س ل م"
11,69,11,"ل ب ث"
11,69,13,"ج ي ا"
11,69,14,"ع ج ل"
11,69,15,"ح ن ذ"
11,70,2,"ر ا ي"
11,70,3,"ي د ي"
11,70,5,"و ص ل"
11,70,6,"إِلَىٰ"
11,70,7,"ن ك ر"
11,70,8,"و ج س"
11,70,10,"خ و ف"
11,70,11,"ق و ل"
11,70,13,"خ و ف"
11,70,15,"ر س ل"
11,70,16,"إِلَىٰ"
11,70,17,"ق و م"
11,71,1,"م ر ا"
11,71,2,"ق و م"
11,71,3,"ض ح ك"
11,71,4,"ب ش ر"
11,71,5,"إِسْحَاق"
11,71,7,"و ر ي"
11,71,8,"إِسْحَاق"
11,72,1,"ق و ل"
11,72,3,"و ل د"
11,72,5,"ع ج ز"
11,72,7,"ب ع ل"
11,72,8,"ش ي خ"
11,72,11,"ش ي ا"
11,72,12,"ع ج ب"
11,73,1,"ق و ل"
11,73,2,"ع ج ب"
11,73,4,"ا م ر"
11,73,5,"ا ل ه"
11,73,6,"ر ح م"
11,73,7,"ا ل ه"
11,73,8,"ب ر ك"
11,73,10,"ا ه ل"
11,73,11,"ب ي ت"
11,73,13,"ح م د"
11,73,14,"م ج د"
11,74,2,"ذ ه ب"
11,74,4,"إِبْرَاهِيم"
11,74,5,"ر و ع"
11,74,6,"ج ي ا"
11,74,7,"ب ش ر"
11,74,8,"ج د ل"
11,74,10,"ق و م"
11,75,2,"إِبْرَاهِيم"
11,75,3,"ح ل م"
11,75,4,"ا و ه"
11,75,5,"ن و ب"
11,76,1,"إِبْرَاهِيم"
11,76,2,"ع ر ض"
11,76,7,"ج ي ا"
11,76,8,"ا م ر"
11,76,9,"ر ب ب"
11,76,11,"ا ت ي"
11,76,12,"ع ذ ب"
11,76,13,"غ ي ر"
11,76,14,"ر د د"
11,77,2,"ج ي ا"
11,77,3,"ر س ل"
11,77,5,"س و ا"
11,77,7,"ض ي ق"
11,77,9,"ذ ر ع"
11,77,10,"ق و ل"
11,77,12,"ي و م"
11,77,13,"ع ص ب"
11,78,1,"ج ي ا"
11,78,2,"ق و م"
11,78,3,"ه ر ع"
11,78,4,"إِلَىٰ"
11,78,6,"ق ب ل"
11,78,7,"ك و ن"
11,78,8,"ع م ل"
11,78,9,"س و ا"
11,78,10,"ق و ل"
11,78,11,"ق و م"
11,78,13,"ب ن ي"
11,78,15,"ط ه ر"
11,78,17,"و ق ي"
11,78,18,"ا ل ه"
11,78,20,"خ ز ي"
11,78,22,"ض ي ف"
11,78,23,"ل ي س"
11,78,25,"ر ج ل"
11,78,26,"ر ش د"
11,79,1,"ق و ل"
11,79,3,"ع ل م"
11,79,7,"ب ن ي"
11,79,9,"ح ق ق"
11,79,11,"ع ل م"
11,79,13,"ر و د"
11,80,1,"ق و ل"
11,80,6,"ق و ي"
11,80,8,"ا و ي"
11,80,9,"إِلَىٰ"
11,80,10,"ر ك ن"
11,80,11,"ش د د"
11,81,1,"ق و ل"
11,81,4,"ر س ل"
11,81,5,"ر ب ب"
11,81,7,"و ص ل"
11,81,8,"إِلَىٰ"
11,81,9,"س ر ي"
11,81,10,"ا ه ل"
11,81,11,"ق ط ع"
11,81,13,"ل ي ل"
11,81,15,"ل ف ت"
11,81,17,"ا ح د"
11,81,18,"إِلَّا"
11,81,19,"م ر ا"
11,81,21,"ص و ب"
11,81,23,"ص و ب"
11,81,25,"و ع د"
11,81,26,"ص ب ح"
11,81,27,"ل ي س"
11,81,28,"ص ب ح"
11,81,29,"ق ر ب"
11,82,2,"ج ي ا"
11,82,3,"ا م ر"
11,82,4,"ج ع ل"
11,82,5,"ع ل و"
11,82,6,"س ف ل"
11,82,7,"م ط ر"
11,82,9,"ح ج ر"
11,82,11,"س ج ل"
11,82,12,"ن ض د"
11,83,1,"س و م"
11,83,2,"ع ن د"
11,83,3,"ر ب ب"
11,83,7,"ظ ل م"
11,83,8,"ب ع د"
11,84,1,"إِلَىٰ"
11,84,3,"ا خ و"
11,84,5,"ق و ل"
11,84,6,"ق و م"
11,84,7,"ع ب د"
11,84,8,"ا ل ه"
11,84,12,"ا ل ه"
11,84,13,"غ ي ر"
11,84,15,"ن ق ص"
11,84,16,"ك ي ل"
11,84,17,"و ز ن"
11,84,19,"ر ا ي"
11,84,20,"خ ي ر"
11,84,22,"خ و ف"
11,84,24,"ع ذ ب"
11,84,25,"ي و م"
11,84,26,"ح و ط"
11,85,1,"ق و م"
11,85,2,"و ف ي"
11,85,3,"ك ي ل"
11,85,4,"و ز ن"
11,85,5,"ق س ط"
11,85,7,"ب خ س"
11,85,8,"ن و س"
11,85,9,"ش ي ا"
11,85,11,"ع ث و"
11,85,13,"ا ر ض"
11,85,14,"ف س د"
11,86,1,"ب ق ي"
11,86,2,"ا ل ه"
11,86,3,"خ ي ر"
11,86,6,"ك و ن"
11,86,7,"ا م ن"
11,86,11,"ح ف ظ"
11,87,1,"ق و ل"
11,87,3,"ص ل و"
11,87,4,"ا م ر"
11,87,6,"ت ر ك"
11,87,8,"ع ب د"
11,87,9,"ا ب و"
11,87,12,"ف ع ل"
11,87,14,"م و ل"
11,87,16,"ش ي ا"
11,87,19,"ح ل م"
11,87,20,"ر ش د"
11,88,1,"ق و ل"
11,88,2,"ق و م"
11,88,3,"ر ا ي"
11,88,5,"ك و ن"
11,88,7,"ب ي ن"
11,88,9,"ر ب ب"
11,88,10,"ر ز ق"
11,88,12,"ر ز ق"
11,88,13,"ح س ن"
11,88,15,"ر و د"
11,88,17,"خ ل ف"
11,88,18,"إِلَىٰ"
11,88,20,"ن ه ي"
11,88,23,"ر و د"
11,88,24,"إِلَّا"
11,88,25,"ص ل ح"
11,88,27,"ط و ع"
11,88,29,"و ف ق"
11,88,30,"إِلَّا"
11,88,31,"ا ل ه"
11,88,33,"و ك ل"
11,88,34,"إِلَىٰ"
11,88,35,"ن و ب"
11,89,1,"ق و م"
11,89,3,"ج ر م"
11,89,4,"ش ق ق"
11,89,6,"ص و ب"
11,89,7,"م ث ل"
11,89,9,"ص و ب"
11,89,10,"ق و م"
11,89,13,"ق و م"
11,89,14,"ه و د"
11,89,16,"ق و م"
11,89,17,"ص ل ح"
11,89,19,"ق و م"
11,89,22,"ب ع د"
11,90,1,"غ ف ر"
11,90,2,"ر ب ب"
11,90,4,"ت و ب"
11,90,5,"إِلَىٰ"
11,90,7,"ر ب ب"
11,90,8,"ر ح م"
11,90,9,"و د د"
11,91,1,"ق و ل"
11,91,4,"ف ق ه"
11,91,5,"ك ث ر"
11,91,7,"ق و ل"
11,91,9,"ر ا ي"
11,91,11,"ض ع ف"
11,91,13,"ر ه ط"
11,91,14,"ر ج م"
11,91,18,"ع ز ز"
11,92,1,"ق و ل"
11,92,2,"ق و م"
11,92,3,"ر ه ط"
11,92,4,"ع ز ز"
11,92,7,"ا ل ه"
11,92,8,"ا خ ذ"
11,92,9,"و ر ي"
11,92,10,"ظ ه ر"
11,92,12,"ر ب ب"
11,92,14,"ع م ل"
11,92,15,"ح و ط"
11,93,1,"ق و م"
11,93,2,"ع م ل"
11,93,4,"ك و ن"
11,93,6,"ع م ل"
11,93,8,"ع ل م"
11,93,10,"ا ت ي"
11,93,11,"ع ذ ب"
11,93,12,"خ ز ي"
11,93,15,"ك ذ ب"
11,93,16,"ر ق ب"
11,93,19,"ر ق ب"
11,94,2,"ج ي ا"
11,94,3,"ا م ر"
11,94,4,"ن ج و"
11,94,6,"ٱلَّذِى"
11,94,7,"ا م ن"
11,94,9,"ر ح م"
11,94,11,"ا خ ذ"
11,94,12,"ٱلَّذِى"
11,94,13,"ظ ل م"
11,94,14,"ص ي ح"
11,94,15,"ص ب ح"
11,94,17,"د و ر"
11,94,18,"ج ث م"
11,95,3,"غ ن ي"
11,95,6,"ب ع د"
11,95,9,"ب ع د"
11,96,2,"ر س ل"
11,96,4,"ا ي ي"
11,96,5,"س ل ط"
11,96,6,"ب ي ن"
11,97,1,"إِلَىٰ"
11,97,3,"م ل ا"
11,97,4,"ت ب ع"
11,97,5,"ا م ر"
11,97,8,"ا م ر"
11,97,10,"ر ش د"
11,98,1,"ق د م"
11,98,2,"ق و م"
11,98,3,"ي و م"
11,98,4,"ق و م"
11,98,5,"و ر د"
11,98,6,"ن و ر"
11,98,7,"ب ا س"
11,98,8,"و ر د"
11,98,9,"و ر د"
11,99,1,"ت ب ع"
11,99,4,"ل ع ن"
11,99,5,"ي و م"
11,99,6,"ق و م"
11,99,7,"ب ا س"
11,99,8,"ر ف د"
11,99,9,"ر ف د"
11,100,3,"ن ب ا"
11,100,4,"ق ر ي"
11,100,5,"ق ص ص"
11,100,8,"ق و م"
11,100,9,"ح ص د"
11,101,2,"ظ ل م"
11,101,4,"ظ ل م"
11,101,5,"ن ف س"
11,101,7,"غ ن ي"
11,101,9,"ا ل ه"
11,101,10,"ٱلَّذِى"
11,101,11,"د ع و"
11,101,13,"د و ن"
11,101,14,"ا ل ه"
11,101,16,"ش ي ا"
11,101,18,"ج ي ا"
11,101,19,"ا م ر"
11,101,20,"ر ب ب"
11,101,22,"ز ي د"
11,101,23,"غ ي ر"
11,101,24,"ت ب ب"
11,102,2,"ا خ ذ"
11,102,3,"ر ب ب"
11,102,4,"إِذَا"
11,102,5,"ا خ ذ"
11,102,6,"ق ر ي"
11,102,8,"ظ ل م"
11,102,10,"ا خ ذ"
11,102,11,"ا ل م"
11,102,12,"ش د د"
11,103,4,"ا ي ي"
11,103,6,"خ و ف"
11,103,7,"ع ذ ب"
11,103,8,"ا خ ر"
11,103,10,"ي و م"
11,103,11,"ج م ع"
11,103,13,"ن و س"
11,103,15,"ي و م"
11,103,16,"ش ه د"
11,104,2,"ا خ ر"
11,104,3,"إِلَّا"
11,104,4,"ا ج ل"
11,104,5,"ع د د"
11,105,1,"ي و م"
11,105,2,"ا ت ي"
11,105,4,"ك ل م"
11,105,5,"ن ف س"
11,105,6,"إِلَّا"
11,105,7,"ا ذ ن"
11,105,9,"ش ق و"
11,105,10,"س ع د"
11,106,1,"أَمَّا"
11,106,2,"ٱلَّذِى"
11,106,3,"ش ق و"
11,106,5,"ن و ر"
11,106,8,"ز ف ر"
11,106,9,"ش ه ق"
11,107,1,"خ ل د"
11,107,4,"د و م"
11,107,5,"س م و"
11,107,6,"ا ر ض"
11,107,7,"إِلَّا"
11,107,9,"ش ي ا"
11,107,10,"ر ب ب"
11,107,12,"ر ب ب"
11,107,13,"ف ع ل"
11,107,15,"ر و د"
11,108,1,"أَمَّا"
11,108,2,"ٱلَّذِى"
11,108,3,"س ع د"
11,108,5,"ج ن ن"
11,108,6,"خ ل د"
11,108,9,"د و م"
11,108,10,"س م و"
11,108,11,"ا ر ض"
11,108,12,"إِلَّا"
11,108,14,"ش ي ا"
11,108,15,"ر ب ب"
11,108,16,"ع ط و"
11,108,17,"غ ي ر"
11,108,18,"ج ذ ذ"
11,109,2,"ك و ن"
11,109,4,"م ر ي"
11,109,6,"ع ب د"
11,109,9,"ع ب د"
11,109,10,"إِلَّا"
11,109,12,"ع ب د"
11,109,13,"ا ب و"
11,109,15,"ق ب ل"
11,109,17,"و ف ي"
11,109,18,"ن ص ب"
11,109,19,"غ ي ر"
11,109,20,"ن ق ص"
11,110,2,"ا ت ي"
11,110,4,"ك ت ب"
11,110,5,"خ ل ف"
11,110,8,"ك ل م"
11,110,9,"س ب ق"
11,110,11,"ر ب ب"
11,110,12,"ق ض ي"
11,110,13,"ب ي ن"
11,110,16,"ش ك ك"
11,110,18,"ر ي ب"
11,111,2,"ك ل ل"
11,111,4,"و ف ي"
11,111,5,"ر ب ب"
11,111,6,"ع م ل"
11,111,9,"ع م ل"
11,111,10,"خ ب ر"
11,112,1,"ق و م"
11,112,3,"ا م ر"
11,112,5,"ت و ب"
11,112,8,"ط غ ي"
11,112,11,"ع م ل"
11,112,12,"ب ص ر"
11,113,2,"ر ك ن"
11,113,3,"إِلَىٰ"
11,113,4,"ٱلَّذِى"
11,113,5,"ظ ل م"
11,113,6,"م س س"
11,113,7,"ن و ر"
11,113,11,"د و ن"
11,113,12,"ا ل ه"
11,113,14,"و ل ي"
11,113,17,"ن ص ر"
11,114,1,"ق و م"
11,114,2,"ص ل و"
11,114,3,"ط ر ف"
11,114,4,"ن ه ر"
11,114,5,"ز ل ف"
11,114,7,"ل ي ل"
11,114,9,"ح س ن"
11,114,10,"ذ ه ب"
11,114,11,"س و ا"
11,114,13,"ذ ك ر"
11,114,14,"ذ ك ر"
11,115,1,"ص ب ر"
11,115,3,"ا ل ه"
11,115,5,"ض ي ع"
11,115,6,"ا ج ر"
11,115,7,"ح س ن"
11,116,2,"ك و ن"
11,116,4,"ق ر ن"
11,116,6,"ق ب ل"
11,116,7,"ا و ل"
11,116,8,"ب ق ي"
11,116,9,"ن ه ي"
11,116,11,"ف س د"
11,116,13,"ا ر ض"
11,116,14,"إِلَّا"
11,116,15,"ق ل ل"
11,116,17,"ن ج و"
11,116,19,"ت ب ع"
11,116,20,"ٱلَّذِى"
11,116,21,"ظ ل م"
11,116,23,"ت ر ف"
11,116,25,"ك و ن"
11,116,26,"ج ر م"
11,117,2,"ك و ن"
11,117,3,"ر ب ب"
11,117,4,"ه ل ك"
11,117,5,"ق ر ي"
11,117,6,"ظ ل م"
11,117,7,"ا ه ل"
11,117,8,"ص ل ح"
11,118,2,"ش ي ا"
11,118,3,"ر ب ب"
11,118,4,"ج ع ل"
11,118,5,"ن و س"
11,118,6,"ا م م"
11,118,7,"و ح د"
11,118,9,"ز ي ل"
11,118,10,"خ ل ف"
11,119,1,"إِلَّا"
11,119,3,"ر ح م"
11,119,4,"ر ب ب"
11,119,6,"خ ل ق"
11,119,7,"ت م م"
11,119,8,"ك ل م"
11,119,9,"ر ب ب"
11,119,10,"م ل ا"
11,119,13,"ج ن ن"
11,119,14,"ن و س"
11,119,15,"ج م ع"
11,120,1,"ك ل ل"
11,120,2,"ق ص ص"
11,120,5,"ن ب ا"
11,120,6,"ر س ل"
11,120,8,"ث ب ت"
11,120,10,"ف ا د"
11,120,11,"ج ي ا"
11,120,14,"ح ق ق"
11,120,15,"و ع ظ"
11,120,16,"ذ ك ر"
11,120,17,"ا م ن"
11,121,1,"ق و ل"
11,121,2,"ٱلَّذِى"
11,121,4,"ا م ن"
11,121,5,"ع م ل"
11,121,7,"ك و ن"
11,121,9,"ع م ل"
11,122,1,"ن ظ ر"
11,122,3,"ن ظ ر"
11,123,1,"ا ل ه"
11,123,2,"غ ي ب"
11,123,3,"س م و"
11,123,4,"ا ر ض"
11,123,5,"إِلَىٰ"
11,123,6,"ر ج ع"
11,123,7,"ا م ر"
11,123,8,"ك ل ل"
11,123,9,"ع ب د"
11,123,10,"و ك ل"
11,123,13,"ر ب ب"
11,123,14,"غ ف ل"
11,123,16,"ع م ل"
12,1,3,"ا ي ي"
12,1,4,"ك ت ب"
12,1,5,"ب ي ن"
12,2,2,"ن ز ل"
12,2,3,"ق ر ا"
12,2,4,"ع ر ب"
12,2,6,"ع ق ل"
12,3,2,"ق ص ص"
12,3,4,"ح س ن"
12,3,5,"ق ص ص"
12,3,7,"و ح ي"
12,3,8,"إِلَىٰ"
12,3,10,"ق ر ا"
12,3,12,"ك و ن"
12,3,14,"ق ب ل"
12,3,16,"غ ف ل"
12,4,1,"إِذ"
12,4,2,"ق و ل"
12,4,4,"ا ب و"
12,4,5,"ا ب و"
12,4,7,"ر ا ي"
12,4,8,"ا ح د"
12,4,9,"ع ش ر"
12,4,10,"ك و ك ب"
12,4,11,"ش م س"
12,4,12,"ق م ر"
12,4,13,"ر ا ي"
12,4,15,"س ج د"
12,5,1,"ق و ل"
12,5,2,"ب ن ي"
12,5,4,"ق ص ص"
12,5,5,"ر ا ي"
12,5,7,"ا خ و"
12,5,8,"ك ي د"
12,5,10,"ك ي د"
12,5,12,"ش ط ن"
12,5,13,"ا ن س"
12,5,14,"ع د و"
12,5,15,"ب ي ن"
12,6,2,"ج ب ي"
12,6,3,"ر ب ب"
12,6,4,"ع ل م"
12,6,6,"ا و ل"
12,6,7,"ح د ث"
12,6,8,"ت م م"
12,6,9,"ن ع م"
12,6,12,"ا و ل"
12,6,15,"ت م م"
12,6,17,"ا ب و"
12,6,19,"ق ب ل"
12,6,20,"إِبْرَاهِيم"
12,6,21,"إِسْحَاق"
12,6,23,"ر ب ب"
12,6,24,"ع ل م"
12,6,25,"ح ك م"
12,7,2,"ك و ن"
12,7,5,"ا خ و"
12,7,6,"ا ي ي"
12,7,7,"س ا ل"
12,8,1,"إِذ"
12,8,2,"ق و ل"
12,8,4,"ا خ و"
12,8,5,"ح ب ب"
12,8,6,"إِلَىٰ"
12,8,7,"ا ب و"
12,8,10,"ع ص ب"
12,8,12,"ا ب و"
12,8,14,"ض ل ل"
12,8,15,"ب ي ن"
12,9,1,"ق ت ل"
12,9,4,"ط ر ح"
12,9,5,"ا ر ض"
12,9,6,"خ ل و"
12,9,8,"و ج ه"
12,9,9,"ا ب و"
12,9,10,"ك و ن"
12,9,12,"ب ع د"
12,9,13,"ق و م"
12,9,14,"ص ل ح"
12,10,1,"ق و ل"
12,10,2,"ق و ل"
12,10,5,"ق ت ل"
12,10,7,"ل ق ي"
12,10,9,"غ ي ب"
12,10,10,"ج ب ب"
12,10,11,"ل ق ط"
12,10,12,"ب ع ض"
12,10,13,"س ي ر"
12,10,15,"ك و ن"
12,10,16,"ف ع ل"
12,11,1,"ق و ل"
12,11,2,"ا ب و"
12,11,6,"ا م ن"
12,11,11,"ن ص ح"
12,12,1,"ر س ل"
12,12,3,"غ د و"
12,12,4,"ر ت ع"
12,12,5,"ل ع ب"
12,12,8,"ح ف ظ"
12,13,1,"ق و ل"
12,13,3,"ح ز ن"
12,13,5,"ذ ه ب"
12,13,7,"خ و ف"
12,13,9,"ا ك ل"
12,13,10,"ذ ا ب"
12,13,13,"غ ف ل"
12,14,1,"ق و ل"
12,14,3,"ا ك ل"
12,14,4,"ذ ا ب"
12,14,6,"ع ص ب"
12,14,8,"إِذًا"
12,14,9,"خ س ر"
12,15,2,"ذ ه ب"
12,15,4,"ج م ع"
12,15,6,"ج ع ل"
12,15,8,"غ ي ب"
12,15,9,"ج ب ب"
12,15,10,"و ح ي"
12,15,11,"إِلَىٰ"
12,15,12,"ن ب ا"
12,15,13,"ا م ر"
12,15,17,"ش ع ر"
12,16,1,"ج ي ا"
12,16,2,"ا ب و"
12,16,3,"ع ش و"
12,16,4,"ب ك ي"
12,17,1,"ق و ل"
12,17,2,"ا ب و"
12,17,4,"ذ ه ب"
12,17,5,"س ب ق"
12,17,6,"ت ر ك"
12,17,8,"ع ن د"
12,17,9,"م ت ع"
12,17,10,"ا ك ل"
12,17,11,"ذ ا ب"
12,17,14,"ا م ن"
12,17,17,"ك و ن"
12,17,18,"ص د ق"
12,18,1,"ج ي ا"
12,18,3,"ق م ص"
12,18,4,"د م و"
12,18,5,"ك ذ ب"
12,18,6,"ق و ل"
12,18,8,"س و ل"
12,18,10,"ن ف س"
12,18,11,"ا م ر"
12,18,12,"ص ب ر"
12,18,13,"ج م ل"
12,18,14,"ا ل ه"
12,18,15,"ع و ن"
12,18,18,"و ص ف"
12,19,1,"ج ي ا"
12,19,2,"س ي ر"
12,19,3,"ر س ل"
12,19,4,"و ر د"
12,19,5,"د ل و"
12,19,6,"د ل و"
12,19,7,"ق و ل"
12,19,8,"ب ش ر"
12,19,10,"غ ل م"
12,19,11,"س ر ر"
12,19,12,"ب ض ع"
12,19,13,"ا ل ه"
12,19,14,"ع ل م"
12,19,16,"ع م ل"
12,20,1,"ش ر ي"
12,20,2,"ث م ن"
12,20,3,"ب خ س"
12,20,4,"د ر ه م"
12,20,5,"ع د د"
12,20,6,"ك و ن"
12,20,9,"ز ه د"
12,21,1,"ق و ل"
12,21,2,"ٱلَّذِى"
12,21,3,"ش ر ي"
12,21,5,"م ص ر"
12,21,6,"م ر ا"
12,21,7,"ك ر م"
12,21,8,"ث و ي"
12,21,9,"ع س ي"
12,21,11,"ن ف ع"
12,21,13,"ا خ ذ"
12,21,14,"و ل د"
12,21,16,"م ك ن"
12,21,19,"ا ر ض"
12,21,20,"ع ل م"
12,21,22,"ا و ل"
12,21,23,"ح د ث"
12,21,24,"ا ل ه"
12,21,25,"غ ل ب"
12,21,27,"ا م ر"
12,21,29,"ك ث ر"
12,21,30,"ن و س"
12,21,32,"ع ل م"
12,22,2,"ب ل غ"
12,22,3,"ش د د"
12,22,4,"ا ت ي"
12,22,5,"ح ك م"
12,22,6,"ع ل م"
12,22,8,"ج ز ي"
12,22,9,"ح س ن"
12,23,1,"ر و د"
12,23,2,"ٱلَّذِى"
12,23,5,"ب ي ت"
12,23,7,"ن ف س"
12,23,8,"غ ل ق"
12,23,9,"ب و ب"
12,23,10,"ق و ل"
12,23,11,"ه ي ت"
12,23,13,"ق و ل"
12,23,14,"ع و ذ"
12,23,15,"ا ل ه"
12,23,17,"ر ب ب"
12,23,18,"ح س ن"
12,23,19,"ث و ي"
12,23,22,"ف ل ح"
12,23,23,"ظ ل م"
12,24,2,"ه م م"
12,24,4,"ه م م"
12,24,8,"ر ا ي"
12,24,9,"ب ر ه ن"
12,24,10,"ر ب ب"
12,24,12,"ص ر ف"
12,24,14,"س و ا"
12,24,15,"ف ح ش"
12,24,18,"ع ب د"
12,24,19,"خ ل ص"
12,25,1,"س ب ق"
12,25,2,"ب و ب"
12,25,3,"ق د د"
12,25,4,"ق م ص"
12,25,6,"د ب ر"
12,25,7,"ل ف و"
12,25,8,"س و د"
12,25,10,"ب و ب"
12,25,11,"ق و ل"
12,25,13,"ج ز ي"
12,25,15,"ر و د"
12,25,16,"ا ه ل"
12,25,17,"س و ا"
12,25,18,"إِلَّا"
12,25,20,"س ج ن"
12,25,22,"ع ذ ب"
12,25,23,"ا ل م"
12,26,1,"ق و ل"
12,26,3,"ر و د"
12,26,5,"ن ف س"
12,26,6,"ش ه د"
12,26,7,"ش ه د"
12,26,9,"ا ه ل"
12,26,11,"ك و ن"
12,26,12,"ق م ص"
12,26,13,"ق د د"
12,26,15,"ق ب ل"
12,26,16,"ص د ق"
12,26,19,"ك ذ ب"
12,27,2,"ك و ن"
12,27,3,"ق م ص"
12,27,4,"ق د د"
12,27,6,"د ب ر"
12,27,7,"ك ذ ب"
12,27,10,"ص د ق"
12,28,2,"ر ا ي"
12,28,3,"ق م ص"
12,28,4,"ق د د"
12,28,6,"د ب ر"
12,28,7,"ق و ل"
12,28,10,"ك ي د"
12,28,12,"ك ي د"
12,28,13,"ع ظ م"
12,29,2,"ع ر ض"
12,29,5,"غ ف ر"
12,29,6,"ذ ن ب"
12,29,8,"ك و ن"
12,29,10,"خ ط ا"
12,30,1,"ق و ل"
12,30,2,"ن س و"
12,30,4,"م د ن"
12,30,5,"م ر ا"
12,30,6,"ع ز ز"
12,30,7,"ر و د"
12,30,8,"ف ت ي"
12,30,10,"ن ف س"
12,30,12,"ش غ ف"
12,30,13,"ح ب ب"
12,30,15,"ر ا ي"
12,30,17,"ض ل ل"
12,30,18,"ب ي ن"
12,31,2,"س م ع"
12,31,3,"م ك ر"
12,31,4,"ر س ل"
12,31,5,"إِلَىٰ"
12,31,6,"ع ت د"
12,31,8,"و ك ا"
12,31,9,"ا ت ي"
12,31,10,"ك ل ل"
12,31,11,"و ح د"
12,31,13,"س ك ن"
12,31,14,"ق و ل"
12,31,15,"خ ر ج"
12,31,18,"ر ا ي"
12,31,19,"ك ب ر"
12,31,20,"ق ط ع"
12,31,21,"ي د ي"
12,31,22,"ق و ل"
12,31,23,"ح و ش"
12,31,24,"ا ل ه"
12,31,27,"ب ش ر"
12,31,30,"إِلَّا"
12,31,31,"م ل ك"
12,31,32,"ك ر م"
12,32,1,"ق و ل"
12,32,3,"ٱلَّذِى"
12,32,4,"ل و م"
12,32,7,"ر و د"
12,32,9,"ن ف س"
12,32,10,"ع ص م"
12,32,13,"ف ع ل"
12,32,15,"ا م ر"
12,32,16,"س ج ن"
12,32,17,"ك و ن"
12,32,19,"ص غ ر"
12,33,1,"ق و ل"
12,33,2,"ر ب ب"
12,33,3,"س ج ن"
12,33,4,"ح ب ب"
12,33,5,"إِلَىٰ"
12,33,7,"د ع و"
12,33,8,"إِلَىٰ"
12,33,9,"إِلَّا"
12,33,10,"ص ر ف"
12,33,12,"ك ي د"
12,33,13,"ص ب و"
12,33,14,"إِلَىٰ"
12,33,15,"ك و ن"
12,33,17,"ج ه ل"
12,34,1,"ج و ب"
12,34,3,"ر ب ب"
12,34,4,"ص ر ف"
12,34,6,"ك ي د"
12,34,9,"س م ع"
12,34,10,"ع ل م"
12,35,2,"ب د و"
12,35,5,"ب ع د"
12,35,7,"ر ا ي"
12,35,8,"ا ي ي"
12,35,9,"س ج ن"
12,35,11,"ح ي ن"
12,36,1,"د خ ل"
12,36,3,"س ج ن"
12,36,4,"ف ت ي"
12,36,5,"ق و ل"
12,36,6,"ا ح د"
12,36,8,"ر ا ي"
12,36,9,"ع ص ر"
12,36,10,"خ م ر"
12,36,11,"ق و ل"
12,36,12,"ا خ ر"
12,36,14,"ر ا ي"
12,36,15,"ح م ل"
12,36,16,"ف و ق"
12,36,17,"ر ا س"
12,36,18,"خ ب ز"
12,36,19,"ا ك ل"
12,36,20,"ط ي ر"
12,36,22,"ن ب ا"
12,36,23,"ا و ل"
12,36,25,"ر ا ي"
12,36,27,"ح س ن"
12,37,1,"ق و ل"
12,37,3,"ا ت ي"
12,37,4,"ط ع م"
12,37,5,"ر ز ق"
12,37,6,"إِلَّا"
12,37,7,"ن ب ا"
12,37,8,"ا و ل"
12,37,9,"ق ب ل"
12,37,11,"ا ت ي"
12,37,14,"ع ل م"
12,37,15,"ر ب ب"
12,37,17,"ت ر ك"
12,37,18,"م ل ل"
12,37,19,"ق و م"
12,37,21,"ا م ن"
12,37,22,"ا ل ه"
12,37,24,"ا خ ر"
12,37,26,"ك ف ر"
12,38,1,"ت ب ع"
12,38,2,"م ل ل"
12,38,3,"ا ب و"
12,38,4,"إِبْرَاهِيم"
12,38,5,"إِسْحَاق"
12,38,8,"ك و ن"
12,38,11,"ش ر ك"
12,38,12,"ا ل ه"
12,38,14,"ش ي ا"
12,38,17,"ف ض ل"
12,38,18,"ا ل ه"
12,38,21,"ن و س"
12,38,23,"ك ث ر"
12,38,24,"ن و س"
12,38,26,"ش ك ر"
12,39,1,"ص ح ب"
12,39,2,"س ج ن"
12,39,3,"ر ب ب"
12,39,4,"ف ر ق"
12,39,5,"خ ي ر"
12,39,6,"أَم"
12,39,7,"ا ل ه"
12,39,8,"و ح د"
12,39,9,"ق ه ر"
12,40,2,"ع ب د"
12,40,4,"د و ن"
12,40,5,"إِلَّا"
12,40,6,"س م و"
12,40,7,"س م و"
12,40,9,"ا ب و"
12,40,11,"ن ز ل"
12,40,12,"ا ل ه"
12,40,15,"س ل ط"
12,40,17,"ح ك م"
12,40,18,"إِلَّا"
12,40,19,"ا ل ه"
12,40,20,"ا م ر"
12,40,22,"ع ب د"
12,40,23,"إِلَّا"
12,40,26,"د ي ن"
12,40,27,"ق و م"
12,40,29,"ك ث ر"
12,40,30,"ن و س"
12,40,32,"ع ل م"
12,41,1,"ص ح ب"
12,41,2,"س ج ن"
12,41,3,"أَمَّا"
12,41,4,"ا ح د"
12,41,5,"س ق ي"
12,41,6,"ر ب ب"
12,41,7,"خ م ر"
12,41,8,"أَمَّا"
12,41,9,"ا خ ر"
12,41,10,"ص ل ب"
12,41,11,"ا ك ل"
12,41,12,"ط ي ر"
12,41,14,"ر ا س"
12,41,15,"ق ض ي"
12,41,16,"ا م ر"
12,41,17,"ٱلَّذِى"
12,41,19,"ف ت ي"
12,42,1,"ق و ل"
12,42,2,"ٱلَّذِى"
12,42,3,"ظ ن ن"
12,42,5,"ن ج و"
12,42,7,"ذ ك ر"
12,42,8,"ع ن د"
12,42,9,"ر ب ب"
12,42,10,"ن س ي"
12,42,11,"ش ط ن"
12,42,12,"ذ ك ر"
12,42,13,"ر ب ب"
12,42,14,"ل ب ث"
12,42,16,"س ج ن"
12,42,17,"ب ض ع"
12,42,18,"س ن و"
12,43,1,"ق و ل"
12,43,2,"م ل ك"
12,43,4,"ر ا ي"
12,43,5,"س ب ع"
12,43,6,"ب ق ر"
12,43,7,"س م ن"
12,43,8,"ا ك ل"
12,43,9,"س ب ع"
12,43,10,"ع ج ف"
12,43,11,"س ب ع"
12,43,12,"س ن ب ل"
12,43,13,"خ ض ر"
12,43,14,"ا خ ر"
12,43,15,"ي ب س"
12,43,17,"م ل ا"
12,43,18,"ف ت ي"
12,43,20,"ر ا ي"
12,43,22,"ك و ن"
12,43,23,"ر ا ي"
12,43,24,"ع ب ر"
12,44,1,"ق و ل"
12,44,2,"ض غ ث"
12,44,3,"ح ل م"
12,44,6,"ا و ل"
12,44,7,"ح ل م"
12,44,8,"ع ل م"
12,45,1,"ق و ل"
12,45,2,"ٱلَّذِى"
12,45,3,"ن ج و"
12,45,5,"ذ ك ر"
12,45,6,"ب ع د"
12,45,7,"ا م م"
12,45,9,"ن ب ا"
12,45,10,"ا و ل"
12,45,11,"ر س ل"
12,46,3,"ص د ق"
12,46,4,"ف ت ي"
12,46,6,"س ب ع"
12,46,7,"ب ق ر"
12,46,8,"س م ن"
12,46,9,"ا ك ل"
12,46,10,"س ب ع"
12,46,11,"ع ج ف"
12,46,12,"س ب ع"
12,46,13,"س ن ب ل"
12,46,14,"خ ض ر"
12,46,15,"ا خ ر"
12,46,16,"ي ب س"
12,46,18,"ر ج ع"
12,46,19,"إِلَىٰ"
12,46,20,"ن و س"
12,46,22,"ع ل م"
12,47,1,"ق و ل"
12,47,2,"ز ر ع"
12,47,3,"س ب ع"
12,47,4,"س ن و"
12,47,5,"د ا ب"
12,47,7,"ح ص د"
12,47,8,"و ذ ر"
12,47,10,"س ن ب ل"
12,47,11,"إِلَّا"
12,47,12,"ق ل ل"
12,47,14,"ا ك ل"
12,48,2,"ا ت ي"
12,48,4,"ب ع د"
12,48,6,"س ب ع"
12,48,7,"ش د د"
12,48,8,"ا ك ل"
12,48,10,"ق د م"
12,48,12,"إِلَّا"
12,48,13,"ق ل ل"
12,48,15,"ح ص ن"
12,49,2,"ا ت ي"
12,49,4,"ب ع د"
12,49,6,"ع و م"
12,49,8,"غ ي ث"
12,49,9,"ن و س"
12,49,11,"ع ص ر"
12,50,1,"ق و ل"
12,50,2,"م ل ك"
12,50,3,"ا ت ي"
12,50,6,"ج ي ا"
12,50,7,"ر س ل"
12,50,8,"ق و ل"
12,50,9,"ر ج ع"
12,50,10,"إِلَىٰ"
12,50,11,"ر ب ب"
12,50,12,"س ا ل"
12,50,14,"ب و ل"
12,50,15,"ن س و"
12,50,16,"ٱلَّذِى"
12,50,17,"ق ط ع"
12,50,18,"ي د ي"
12,50,20,"ر ب ب"
12,50,21,"ك ي د"
12,50,22,"ع ل م"
12,51,1,"ق و ل"
12,51,3,"خ ط ب"
12,51,4,"إِذ"
12,51,5,"ر و د"
12,51,8,"ن ف س"
12,51,9,"ق و ل"
12,51,10,"ح و ش"
12,51,11,"ا ل ه"
12,51,13,"ع ل م"
12,51,16,"س و ا"
12,51,17,"ق و ل"
12,51,18,"م ر ا"
12,51,19,"ع ز ز"
12,51,21,"ح ص ح ص"
12,51,22,"ح ق ق"
12,51,24,"ر و د"
12,51,26,"ن ف س"
12,51,29,"ص د ق"
12,52,2,"ع ل م"
12,52,5,"خ و ن"
12,52,6,"غ ي ب"
12,52,8,"ا ل ه"
12,52,10,"ه د ي"
12,52,11,"ك ي د"
12,52,12,"خ و ن"
12,53,2,"ب ر ا"
12,53,3,"ن ف س"
12,53,5,"ن ف س"
12,53,6,"ا م ر"
12,53,7,"س و ا"
12,53,8,"إِلَّا"
12,53,10,"ر ح م"
12,53,11,"ر ب ب"
12,53,13,"ر ب ب"
12,53,14,"غ ف ر"
12,53,15,"ر ح م"
12,54,1,"ق و ل"
12,54,2,"م ل ك"
12,54,3,"ا ت ي"
12,54,5,"خ ل ص"
12,54,6,"ن ف س"
12,54,8,"ك ل م"
12,54,9,"ق و ل"
12,54,11,"ي و م"
12,54,13,"م ك ن"
12,54,14,"ا م ن"
12,55,1,"ق و ل"
12,55,2,"ج ع ل"
12,55,4,"خ ز ن"
12,55,5,"ا ر ض"
12,55,7,"ح ف ظ"
12,55,8,"ع ل م"
12,56,2,"م ك ن"
12,56,5,"ا ر ض"
12,56,6,"ب و ا"
12,56,8,"ح ي ث"
12,56,9,"ش ي ا"
12,56,10,"ص و ب"
12,56,11,"ر ح م"
12,56,13,"ش ي ا"
12,56,15,"ض ي ع"
12,56,16,"ا ج ر"
12,56,17,"ح س ن"
12,57,1,"ا ج ر"
12,57,2,"ا خ ر"
12,57,3,"خ ي ر"
12,57,4,"ٱلَّذِى"
12,57,5,"ا م ن"
12,57,6,"ك و ن"
12,57,7,"و ق ي"
12,58,1,"ج ي ا"
12,58,2,"ا خ و"
12,58,4,"د خ ل"
12,58,6,"ع ر ف"
12,58,9,"ن ك ر"
12,59,2,"ج ه ز"
12,59,3,"ج ه ز"
12,59,4,"ق و ل"
12,59,5,"ا ت ي"
12,59,6,"ا خ و"
12,59,9,"ا ب و"
12,59,11,"ر ا ي"
12,59,13,"و ف ي"
12,59,14,"ك ي ل"
12,59,16,"خ ي ر"
12,59,17,"ن ز ل"
12,60,3,"ا ت ي"
12,60,6,"ك ي ل"
12,60,8,"ع ن د"
12,60,10,"ق ر ب"
12,61,1,"ق و ل"
12,61,2,"ر و د"
12,61,4,"ا ب و"
12,61,6,"ف ع ل"
12,62,1,"ق و ل"
12,62,2,"ف ت ي"
12,62,3,"ج ع ل"
12,62,4,"ب ض ع"
12,62,6,"ر ح ل"
12,62,8,"ع ر ف"
12,62,9,"إِذَا"
12,62,10,"ق ل ب"
12,62,11,"إِلَىٰ"
12,62,12,"ا ه ل"
12,62,14,"ر ج ع"
12,63,2,"ر ج ع"
12,63,3,"إِلَىٰ"
12,63,4,"ا ب و"
12,63,5,"ق و ل"
12,63,6,"ا ب و"
12,63,7,"م ن ع"
12,63,9,"ك ي ل"
12,63,10,"ر س ل"
12,63,12,"ا خ و"
12,63,13,"ك ي ل"
12,63,16,"ح ف ظ"
12,64,1,"ق و ل"
12,64,3,"ا م ن"
12,64,5,"إِلَّا"
12,64,7,"ا م ن"
12,64,9,"ا خ و"
12,64,11,"ق ب ل"
12,64,12,"ا ل ه"
12,64,13,"خ ي ر"
12,64,14,"ح ف ظ"
12,64,16,"ر ح م"
12,64,17,"ر ح م"
12,65,2,"ف ت ح"
12,65,3,"م ت ع"
12,65,4,"و ج د"
12,65,5,"ب ض ع"
12,65,6,"ر د د"
12,65,7,"إِلَىٰ"
12,65,8,"ق و ل"
12,65,9,"ا ب و"
12,65,11,"ب غ ي"
12,65,13,"ب ض ع"
12,65,14,"ر د د"
12,65,15,"إِلَىٰ"
12,65,16,"م ي ر"
12,65,17,"ا ه ل"
12,65,18,"ح ف ظ"
12,65,19,"ا خ و"
12,65,20,"ز ي د"
12,65,21,"ك ي ل"
12,65,22,"ب ع ر"
12,65,24,"ك ي ل"
12,65,25,"ي س ر"
12,66,1,"ق و ل"
12,66,3,"ر س ل"
12,66,6,"ا ت ي"
12,66,7,"و ث ق"
12,66,9,"ا ل ه"
12,66,10,"ا ت ي"
12,66,12,"إِلَّا"
12,66,14,"ح و ط"
12,66,17,"ا ت ي"
12,66,18,"و ث ق"
12,66,19,"ق و ل"
12,66,20,"ا ل ه"
12,66,23,"ق و ل"
12,66,24,"و ك ل"
12,67,1,"ق و ل"
12,67,2,"ب ن ي"
12,67,4,"د خ ل"
12,67,6,"ب و ب"
12,67,7,"و ح د"
12,67,8,"د خ ل"
12,67,10,"ب و ب"
12,67,11,"ف ر ق"
12,67,13,"غ ن ي"
12,67,16,"ا ل ه"
12,67,18,"ش ي ا"
12,67,20,"ح ك م"
12,67,21,"إِلَّا"
12,67,22,"ا ل ه"
12,67,24,"و ك ل"
12,67,26,"و ك ل"
12,67,27,"و ك ل"
12,68,2,"د خ ل"
12,68,4,"ح ي ث"
12,68,5,"ا م ر"
12,68,6,"ا ب و"
12,68,8,"ك و ن"
12,68,9,"غ ن ي"
12,68,12,"ا ل ه"
12,68,14,"ش ي ا"
12,68,15,"إِلَّا"
12,68,16,"ح و ج"
12,68,18,"ن ف س"
12,68,20,"ق ض ي"
12,68,23,"ع ل م"
12,68,25,"ع ل م"
12,68,27,"ك ث ر"
12,68,28,"ن و س"
12,68,30,"ع ل م"
12,69,2,"د خ ل"
12,69,5,"ا و ي"
12,69,6,"إِلَىٰ"
12,69,7,"ا خ و"
12,69,8,"ق و ل"
12,69,11,"ا خ و"
12,69,13,"ب ا س"
12,69,15,"ك و ن"
12,69,16,"ع م ل"
12,70,2,"ج ه ز"
12,70,3,"ج ه ز"
12,70,4,"ج ع ل"
12,70,5,"س ق ي"
12,70,7,"ر ح ل"
12,70,8,"ا خ و"
12,70,10,"ا ذ ن"
12,70,11,"ا ذ ن"
12,70,13,"ع ي ر"
12,70,15,"س ر ق"
12,71,1,"ق و ل"
12,71,2,"ق ب ل"
12,71,5,"ف ق د"
12,72,1,"ق و ل"
12,72,2,"ف ق د"
12,72,3,"ص و ع"
12,72,4,"م ل ك"
12,72,6,"ج ي ا"
12,72,8,"ح م ل"
12,72,9,"ب ع ر"
12,72,12,"ز ع م"
12,73,1,"ق و ل"
12,73,2,"ا ل ه"
12,73,4,"ع ل م"
12,73,6,"ج ي ا"
12,73,7,"ف س د"
12,73,9,"ا ر ض"
12,73,11,"ك و ن"
12,73,12,"س ر ق"
12,74,1,"ق و ل"
12,74,3,"ج ز ي"
12,74,5,"ك و ن"
12,74,6,"ك ذ ب"
12,75,1,"ق و ل"
12,75,2,"ج ز ي"
12,75,4,"و ج د"
12,75,6,"ر ح ل"
12,75,8,"ج ز ي"
12,75,10,"ج ز ي"
12,75,11,"ظ ل م"
12,76,1,"ب د ا"
12,76,2,"و ع ي"
12,76,3,"ق ب ل"
12,76,4,"و ع ي"
12,76,5,"ا خ و"
12,76,7,"خ ر ج"
12,76,9,"و ع ي"
12,76,10,"ا خ و"
12,76,12,"ك ي د"
12,76,15,"ك و ن"
12,76,16,"ا خ ذ"
12,76,17,"ا خ و"
12,76,19,"د ي ن"
12,76,20,"م ل ك"
12,76,21,"إِلَّا"
12,76,23,"ش ي ا"
12,76,24,"ا ل ه"
12,76,25,"ر ف ع"
12,76,26,"د ر ج"
12,76,28,"ش ي ا"
12,76,29,"ف و ق"
12,76,30,"ك ل ل"
12,76,32,"ع ل م"
12,76,33,"ع ل م"
12,77,1,"ق و ل"
12,77,3,"س ر ق"
12,77,5,"س ر ق"
12,77,6,"ا خ و"
12,77,9,"ق ب ل"
12,77,10,"س ر ر"
12,77,13,"ن ف س"
12,77,15,"ب د و"
12,77,17,"ق و ل"
12,77,19,"ش ر ر"
12,77,20,"ك و ن"
12,77,21,"ا ل ه"
12,77,22,"ع ل م"
12,77,24,"و ص ف"
12,78,1,"ق و ل"
12,78,3,"ع ز ز"
12,78,6,"ا ب و"
12,78,7,"ش ي خ"
12,78,8,"ك ب ر"
12,78,9,"ا خ ذ"
12,78,10,"ا ح د"
12,78,11,"ك و ن"
12,78,13,"ر ا ي"
12,78,15,"ح س ن"
12,79,1,"ق و ل"
12,79,2,"ع و ذ"
12,79,3,"ا ل ه"
12,79,5,"ا خ ذ"
12,79,6,"إِلَّا"
12,79,8,"و ج د"
12,79,9,"م ت ع"
12,79,10,"ع ن د"
12,79,12,"إِذًا"
12,79,13,"ظ ل م"
12,80,2,"ي ا س"
12,80,4,"خ ل ص"
12,80,5,"ن ج و"
12,80,6,"ق و ل"
12,80,7,"ك ب ر"
12,80,9,"ع ل م"
12,80,11,"ا ب و"
12,80,13,"ا خ ذ"
12,80,15,"و ث ق"
12,80,17,"ا ل ه"
12,80,19,"ق ب ل"
12,80,21,"ف ر ط"
12,80,25,"ب ر ح"
12,80,26,"ا ر ض"
12,80,28,"ا ذ ن"
12,80,30,"ا ب و"
12,80,32,"ح ك م"
12,80,33,"ا ل ه"
12,80,36,"خ ي ر"
12,80,37,"ح ك م"
12,81,1,"ر ج ع"
12,81,2,"إِلَىٰ"
12,81,3,"ا ب و"
12,81,4,"ق و ل"
12,81,5,"ا ب و"
12,81,7,"ب ن ي"
12,81,8,"س ر ق"
12,81,10,"ش ه د"
12,81,11,"إِلَّا"
12,81,13,"ع ل م"
12,81,15,"ك و ن"
12,81,16,"غ ي ب"
12,81,17,"ح ف ظ"
12,82,1,"س ا ل"
12,82,2,"ق ر ي"
12,82,3,"ٱلَّذِى"
12,82,4,"ك و ن"
12,82,6,"ع ي ر"
12,82,7,"ٱلَّذِى"
12,82,8,"ق ب ل"
12,82,11,"ص د ق"
12,83,1,"ق و ل"
12,83,3,"س و ل"
12,83,5,"ن ف س"
12,83,6,"ا م ر"
12,83,7,"ص ب ر"
12,83,8,"ج م ل"
12,83,9,"ع س ي"
12,83,10,"ا ل ه"
12,83,12,"ا ت ي"
12,83,14,"ج م ع"
12,83,17,"ع ل م"
12,83,18,"ح ك م"
12,84,1,"و ل ي"
12,84,3,"ق و ل"
12,84,4,"ا س ف"
12,84,7,"ب ي ض"
12,84,8,"ع ي ن"
12,84,10,"ح ز ن"
12,84,12,"ك ظ م"
12,85,1,"ق و ل"
12,85,2,"ا ل ه"
12,85,3,"ف ت ا"
12,85,4,"ذ ك ر"
12,85,7,"ك و ن"
12,85,8,"ح ر ض"
12,85,10,"ك و ن"
12,85,12,"ه ل ك"
12,86,1,"ق و ل"
12,86,3,"ش ك و"
12,86,4,"ب ث ث"
12,86,5,"ح ز ن"
12,86,6,"إِلَىٰ"
12,86,7,"ا ل ه"
12,86,8,"ع ل م"
12,86,10,"ا ل ه"
12,86,13,"ع ل م"
12,87,1,"ب ن ي"
12,87,2,"ذ ه ب"
12,87,3,"ح س س"
12,87,6,"ا خ و"
12,87,8,"ي ا س"
12,87,10,"ر و ح"
12,87,11,"ا ل ه"
12,87,14,"ي ا س"
12,87,16,"ر و ح"
12,87,17,"ا ل ه"
12,87,18,"إِلَّا"
12,87,19,"ق و م"
12,87,20,"ك ف ر"
12,88,2,"د خ ل"
12,88,4,"ق و ل"
12,88,6,"ع ز ز"
12,88,7,"م س س"
12,88,8,"ا ه ل"
12,88,9,"ض ر ر"
12,88,10,"ج ي ا"
12,88,11,"ب ض ع"
12,88,12,"ز ج و"
12,88,13,"و ف ي"
12,88,15,"ك ي ل"
12,88,16,"ص د ق"
12,88,19,"ا ل ه"
12,88,20,"ج ز ي"
12,88,21,"ص د ق"
12,89,1,"ق و ل"
12,89,3,"ع ل م"
12,89,5,"ف ع ل"
12,89,7,"ا خ و"
12,89,8,"إِذ"
12,89,10,"ج ه ل"
12,90,1,"ق و ل"
12,90,5,"ق و ل"
12,90,9,"ا خ و"
12,90,11,"م ن ن"
12,90,12,"ا ل ه"
12,90,16,"و ق ي"
12,90,17,"ص ب ر"
12,90,19,"ا ل ه"
12,90,21,"ض ي ع"
12,90,22,"ا ج ر"
12,90,23,"ح س ن"
12,91,1,"ق و ل"
12,91,2,"ا ل ه"
12,91,4,"ا ث ر"
12,91,5,"ا ل ه"
12,91,8,"ك و ن"
12,91,9,"خ ط ا"
12,92,1,"ق و ل"
12,92,3,"ث ر ب"
12,92,5,"ي و م"
12,92,6,"غ ف ر"
12,92,7,"ا ل ه"
12,92,10,"ر ح م"
12,92,11,"ر ح م"
12,93,1,"ذ ه ب"
12,93,2,"ق م ص"
12,93,4,"ل ق ي"
12,93,6,"و ج ه"
12,93,7,"ا ب و"
12,93,8,"ا ت ي"
12,93,9,"ب ص ر"
12,93,10,"ا ت ي"
12,93,11,"ا ه ل"
12,93,12,"ج م ع"
12,94,2,"ف ص ل"
12,94,3,"ع ي ر"
12,94,4,"ق و ل"
12,94,5,"ا ب و"
12,94,7,"و ج د"
12,94,8,"ر و ح"
12,94,12,"ف ن د"
12,95,1,"ق و ل"
12,95,2,"ا ل ه"
12,95,5,"ض ل ل"
12,95,6,"ق د م"
12,96,3,"ج ي ا"
12,96,4,"ب ش ر"
12,96,5,"ل ق ي"
12,96,7,"و ج ه"
12,96,8,"ر د د"
12,96,9,"ب ص ر"
12,96,10,"ق و ل"
12,96,12,"ق و ل"
12,96,15,"ع ل م"
12,96,17,"ا ل ه"
12,96,20,"ع ل م"
12,97,1,"ق و ل"
12,97,2,"ا ب و"
12,97,3,"غ ف ر"
12,97,5,"ذ ن ب"
12,97,7,"ك و ن"
12,97,8,"خ ط ا"
12,98,1,"ق و ل"
12,98,3,"غ ف ر"
12,98,5,"ر ب ب"
12,98,8,"غ ف ر"
12,98,9,"ر ح م"
12,99,2,"د خ ل"
12,99,5,"ا و ي"
12,99,6,"إِلَىٰ"
12,99,7,"ا ب و"
12,99,8,"ق و ل"
12,99,9,"د خ ل"
12,99,10,"م ص ر"
12,99,12,"ش ي ا"
12,99,13,"ا ل ه"
12,99,14,"ا م ن"
12,100,1,"ر ف ع"
12,100,2,"ا ب و"
12,100,4,"ع ر ش"
12,100,5,"خ ر ر"
12,100,7,"س ج د"
12,100,8,"ق و ل"
12,100,9,"ا ب و"
12,100,11,"ا و ل"
12,100,12,"ر ا ي"
12,100,14,"ق ب ل"
12,100,16,"ج ع ل"
12,100,17,"ر ب ب"
12,100,18,"ح ق ق"
12,100,20,"ح س ن"
12,100,22,"إِذ"
12,100,23,"خ ر ج"
12,100,25,"س ج ن"
12,100,26,"ج ي ا"
12,100,29,"ب د و"
12,100,31,"ب ع د"
12,100,33,"ن ز غ"
12,100,34,"ش ط ن"
12,100,35,"ب ي ن"
12,100,36,"ب ي ن"
12,100,37,"ا خ و"
12,100,39,"ر ب ب"
12,100,40,"ل ط ف"
12,100,42,"ش ي ا"
12,100,45,"ع ل م"
12,100,46,"ح ك م"
12,101,1,"ر ب ب"
12,101,3,"ا ت ي"
12,101,5,"م ل ك"
12,101,6,"ع ل م"
12,101,8,"ا و ل"
12,101,9,"ح د ث"
12,101,10,"ف ط ر"
12,101,11,"س م و"
12,101,12,"ا ر ض"
12,101,14,"و ل ي"
12,101,16,"د ن و"
12,101,17,"ا خ ر"
12,101,18,"و ف ي"
12,101,19,"س ل م"
12,101,20,"ل ح ق"
12,101,21,"ص ل ح"
12,102,3,"ن ب ا"
12,102,4,"غ ي ب"
12,102,5,"و ح ي"
12,102,6,"إِلَىٰ"
12,102,8,"ك و ن"
12,102,10,"إِذ"
12,102,11,"ج م ع"
12,102,12,"ا م ر"
12,102,14,"م ك ر"
12,103,2,"ك ث ر"
12,103,3,"ن و س"
12,103,5,"ح ر ص"
12,103,6,"ا م ن"
12,104,2,"س ا ل"
12,104,5,"ا ج ر"
12,104,8,"إِلَّا"
12,104,9,"ذ ك ر"
12,104,10,"ع ل م"
12,105,3,"ا ي ي"
12,105,5,"س م و"
12,105,6,"ا ر ض"
12,105,7,"م ر ر"
12,105,11,"ع ر ض"
12,106,2,"ا م ن"
12,106,3,"ك ث ر"
12,106,4,"ا ل ه"
12,106,5,"إِلَّا"
12,106,7,"ش ر ك"
12,107,1,"ا م ن"
12,107,3,"ا ت ي"
12,107,4,"غ ش و"
12,107,6,"ع ذ ب"
12,107,7,"ا ل ه"
12,107,9,"ا ت ي"
12,107,10,"س و ع"
12,107,11,"ب غ ت"
12,107,14,"ش ع ر"
12,108,1,"ق و ل"
12,108,3,"س ب ل"
12,108,4,"د ع و"
12,108,5,"إِلَىٰ"
12,108,6,"ا ل ه"
12,108,8,"ب ص ر"
12,108,11,"ت ب ع"
12,108,12,"س ب ح"
12,108,13,"ا ل ه"
12,108,17,"ش ر ك"
12,109,2,"ر س ل"
12,109,4,"ق ب ل"
12,109,5,"إِلَّا"
12,109,6,"ر ج ل"
12,109,7,"و ح ي"
12,109,8,"إِلَىٰ"
12,109,10,"ا ه ل"
12,109,11,"ق ر ي"
12,109,13,"س ي ر"
12,109,15,"ا ر ض"
12,109,16,"ن ظ ر"
12,109,17,"ك ي ف"
12,109,18,"ك و ن"
12,109,19,"ع ق ب"
12,109,20,"ٱلَّذِى"
12,109,22,"ق ب ل"
12,109,23,"د و ر"
12,109,24,"ا خ ر"
12,109,25,"خ ي ر"
12,109,26,"ٱلَّذِى"
12,109,27,"و ق ي"
12,109,29,"ع ق ل"
12,110,2,"إِذَا"
12,110,3,"ي ا س"
12,110,4,"ر س ل"
12,110,5,"ظ ن ن"
12,110,8,"ك ذ ب"
12,110,9,"ج ي ا"
12,110,10,"ن ص ر"
12,110,11,"ن ج و"
12,110,13,"ش ي ا"
12,110,15,"ر د د"
12,110,16,"ب ا س"
12,110,18,"ق و م"
12,110,19,"ج ر م"
12,111,2,"ك و ن"
12,111,4,"ق ص ص"
12,111,5,"ع ب ر"
12,111,6,"ا و ل"
12,111,7,"ل ب ب"
12,111,9,"ك و ن"
12,111,10,"ح د ث"
12,111,11,"ف ر ي"
12,111,13,"ص د ق"
12,111,14,"ٱلَّذِى"
12,111,15,"ب ي ن"
12,111,16,"ي د ي"
12,111,17,"ف ص ل"
12,111,18,"ك ل ل"
12,111,19,"ش ي ا"
12,111,20,"ه د ي"
12,111,21,"ر ح م"
12,111,22,"ق و م"
12,111,23,"ا م ن"
13,1,3,"ا ي ي"
13,1,4,"ك ت ب"
13,1,5,"ٱلَّذِى"
13,1,6,"ن ز ل"
13,1,7,"إِلَىٰ"
13,1,9,"ر ب ب"
13,1,10,"ح ق ق"
13,1,12,"ك ث ر"
13,1,13,"ن و س"
13,1,15,"ا م ن"
13,2,1,"ا ل ه"
13,2,2,"ٱلَّذِى"
13,2,3,"ر ف ع"
13,2,4,"س م و"
13,2,5,"غ ي ر"
13,2,6,"ع م د"
13,2,7,"ر ا ي"
13,2,9,"س و ي"
13,2,11,"ع ر ش"
13,2,12,"س خ ر"
13,2,13,"ش م س"
13,2,14,"ق م ر"
13,2,15,"ك ل ل"
13,2,16,"ج ر ي"
13,2,17,"ا ج ل"
13,2,18,"س م و"
13,2,19,"د ب ر"
13,2,20,"ا م ر"
13,2,21,"ف ص ل"
13,2,22,"ا ي ي"
13,2,24,"ل ق ي"
13,2,25,"ر ب ب"
13,2,26,"ي ق ن"
13,3,2,"ٱلَّذِى"
13,3,3,"م د د"
13,3,4,"ا ر ض"
13,3,5,"ج ع ل"
13,3,7,"ر س و"
13,3,8,"ن ه ر"
13,3,10,"ك ل ل"
13,3,11,"ث م ر"
13,3,12,"ج ع ل"
13,3,14,"ز و ج"
13,3,15,"ث ن ي"
13,3,16,"غ ش و"
13,3,17,"ل ي ل"
13,3,18,"ن ه ر"
13,3,22,"ا ي ي"
13,3,23,"ق و م"
13,3,24,"ف ك ر"
13,4,2,"ا ر ض"
13,4,3,"ق ط ع"
13,4,4,"ج و ر"
13,4,5,"ج ن ن"
13,4,7,"ع ن ب"
13,4,8,"ز ر ع"
13,4,9,"ن خ ل"
13,4,10,"ص ن و"
13,4,11,"غ ي ر"
13,4,12,"ص ن و"
13,4,13,"س ق ي"
13,4,14,"م و ه"
13,4,15,"و ح د"
13,4,16,"ف ض ل"
13,4,17,"ب ع ض"
13,4,19,"ب ع ض"
13,4,21,"ا ك ل"
13,4,25,"ا ي ي"
13,4,26,"ق و م"
13,4,27,"ع ق ل"
13,5,2,"ع ج ب"
13,5,3,"ع ج ب"
13,5,4,"ق و ل"
13,5,5,"إِذَا"
13,5,6,"ك و ن"
13,5,7,"ت ر ب"
13,5,10,"خ ل ق"
13,5,11,"ج د د"
13,5,13,"ٱلَّذِى"
13,5,14,"ك ف ر"
13,5,15,"ر ب ب"
13,5,17,"غ ل ل"
13,5,19,"ع ن ق"
13,5,21,"ص ح ب"
13,5,22,"ن و ر"
13,5,25,"خ ل د"
13,6,1,"ع ج ل"
13,6,2,"س و ا"
13,6,3,"ق ب ل"
13,6,4,"ح س ن"
13,6,6,"خ ل و"
13,6,8,"ق ب ل"
13,6,9,"م ث ل"
13,6,11,"ر ب ب"
13,6,13,"غ ف ر"
13,6,14,"ن و س"
13,6,16,"ظ ل م"
13,6,18,"ر ب ب"
13,6,19,"ش د د"
13,6,20,"ع ق ب"
13,7,1,"ق و ل"
13,7,2,"ٱلَّذِى"
13,7,3,"ك ف ر"
13,7,5,"ن ز ل"
13,7,7,"ا ي ي"
13,7,9,"ر ب ب"
13,7,12,"ن ذ ر"
13,7,13,"ك ل ل"
13,7,14,"ق و م"
13,7,15,"ه د ي"
13,8,1,"ا ل ه"
13,8,2,"ع ل م"
13,8,4,"ح م ل"
13,8,5,"ك ل ل"
13,8,6,"ا ن ث"
13,8,8,"غ ي ض"
13,8,9,"ر ح م"
13,8,11,"ز ي د"
13,8,12,"ك ل ل"
13,8,13,"ش ي ا"
13,8,14,"ع ن د"
13,8,15,"ق د ر"
13,9,1,"ع ل م"
13,9,2,"غ ي ب"
13,9,3,"ش ه د"
13,9,4,"ك ب ر"
13,9,5,"ع ل و"
13,10,1,"س و ي"
13,10,4,"س ر ر"
13,10,5,"ق و ل"
13,10,7,"ج ه ر"
13,10,11,"خ ف ي"
13,10,12,"ل ي ل"
13,10,13,"س ر ب"
13,10,14,"ن ه ر"
13,11,2,"ع ق ب"
13,11,4,"ب ي ن"
13,11,5,"ي د ي"
13,11,7,"خ ل ف"
13,11,8,"ح ف ظ"
13,11,10,"ا م ر"
13,11,11,"ا ل ه"
13,11,13,"ا ل ه"
13,11,15,"غ ي ر"
13,11,17,"ق و م"
13,11,19,"غ ي ر"
13,11,21,"ن ف س"
13,11,22,"إِذَا"
13,11,23,"ر و د"
13,11,24,"ا ل ه"
13,11,25,"ق و م"
13,11,26,"س و ا"
13,11,28,"ر د د"
13,11,33,"د و ن"
13,11,35,"و ل ي"
13,12,2,"ٱلَّذِى"
13,12,3,"ر ا ي"
13,12,4,"ب ر ق"
13,12,5,"خ و ف"
13,12,6,"ط م ع"
13,12,7,"ن ش ا"
13,12,8,"س ح ب"
13,12,9,"ث ق ل"
13,13,1,"س ب ح"
13,13,2,"ر ع د"
13,13,3,"ح م د"
13,13,4,"م ل ك"
13,13,6,"خ و ف"
13,13,7,"ر س ل"
13,13,8,"ص ع ق"
13,13,9,"ص و ب"
13,13,12,"ش ي ا"
13,13,14,"ج د ل"
13,13,16,"ا ل ه"
13,13,18,"ش د د"
13,13,19,"م ح ل"
13,14,2,"د ع و"
13,14,3,"ح ق ق"
13,14,4,"ٱلَّذِى"
13,14,5,"د ع و"
13,14,7,"د و ن"
13,14,9,"ج و ب"
13,14,11,"ش ي ا"
13,14,12,"إِلَّا"
13,14,13,"ب س ط"
13,14,14,"ك ف ف"
13,14,15,"إِلَىٰ"
13,14,16,"م و ه"
13,14,17,"ب ل غ"
13,14,18,"ف و ه"
13,14,21,"ب ل غ"
13,14,23,"د ع و"
13,14,24,"ك ف ر"
13,14,25,"إِلَّا"
13,14,27,"ض ل ل"
13,15,1,"ا ل ه"
13,15,2,"س ج د"
13,15,5,"س م و"
13,15,6,"ا ر ض"
13,15,7,"ط و ع"
13,15,8,"ك ر ه"
13,15,9,"ظ ل ل"
13,15,10,"غ د و"
13,15,11,"ا ص ل"
13,16,1,"ق و ل"
13,16,3,"ر ب ب"
13,16,4,"س م و"
13,16,5,"ا ر ض"
13,16,6,"ق و ل"
13,16,7,"ا ل ه"
13,16,8,"ق و ل"
13,16,9,"ا خ ذ"
13,16,11,"د و ن"
13,16,12,"و ل ي"
13,16,14,"م ل ك"
13,16,15,"ن ف س"
13,16,16,"ن ف ع"
13,16,18,"ض ر ر"
13,16,19,"ق و ل"
13,16,21,"س و ي"
13,16,22,"ع م ي"
13,16,23,"ب ص ر"
13,16,24,"أَم"
13,16,26,"س و ي"
13,16,27,"ظ ل م"
13,16,28,"ن و ر"
13,16,29,"أَم"
13,16,30,"ج ع ل"
13,16,31,"ا ل ه"
13,16,32,"ش ر ك"
13,16,33,"خ ل ق"
13,16,34,"خ ل ق"
13,16,35,"ش ب ه"
13,16,36,"خ ل ق"
13,16,38,"ق و ل"
13,16,39,"ا ل ه"
13,16,40,"خ ل ق"
13,16,41,"ك ل ل"
13,16,42,"ش ي ا"
13,16,44,"و ح د"
13,16,45,"ق ه ر"
13,17,1,"ن ز ل"
13,17,3,"س م و"
13,17,4,"م و ه"
13,17,5,"س ي ل"
13,17,6,"و د ي"
13,17,7,"ق د ر"
13,17,8,"ح م ل"
13,17,9,"س ي ل"
13,17,10,"ز ب د"
13,17,11,"ر ب و"
13,17,13,"و ق د"
13,17,16,"ن و ر"
13,17,17,"ب غ ي"
13,17,18,"ح ل ي"
13,17,20,"م ت ع"
13,17,21,"ز ب د"
13,17,22,"م ث ل"
13,17,24,"ض ر ب"
13,17,25,"ا ل ه"
13,17,26,"ح ق ق"
13,17,27,"ب ط ل"
13,17,28,"أَمَّا"
13,17,29,"ز ب د"
13,17,30,"ذ ه ب"
13,17,31,"ج ف ا"
13,17,32,"أَمَّا"
13,17,34,"ن ف ع"
13,17,35,"ن و س"
13,17,36,"م ك ث"
13,17,38,"ا ر ض"
13,17,40,"ض ر ب"
13,17,41,"ا ل ه"
13,17,42,"م ث ل"
13,18,1,"ٱلَّذِى"
13,18,2,"ج و ب"
13,18,3,"ر ب ب"
13,18,4,"ح س ن"
13,18,5,"ٱلَّذِى"
13,18,7,"ج و ب"
13,18,14,"ا ر ض"
13,18,15,"ج م ع"
13,18,16,"م ث ل"
13,18,18,"ف د ي"
13,18,22,"س و ا"
13,18,23,"ح س ب"
13,18,24,"ا و ي"
13,18,26,"ب ا س"
13,18,27,"م ه د"
13,19,2,"ع ل م"
13,19,4,"ن ز ل"
13,19,5,"إِلَىٰ"
13,19,7,"ر ب ب"
13,19,8,"ح ق ق"
13,19,11,"ع م ي"
13,19,13,"ذ ك ر"
13,19,14,"ا و ل"
13,19,15,"ل ب ب"
13,20,1,"ٱلَّذِى"
13,20,2,"و ف ي"
13,20,3,"ع ه د"
13,20,4,"ا ل ه"
13,20,6,"ن ق ض"
13,20,7,"و ث ق"
13,21,1,"ٱلَّذِى"
13,21,2,"و ص ل"
13,21,4,"ا م ر"
13,21,5,"ا ل ه"
13,21,8,"و ص ل"
13,21,9,"خ ش ي"
13,21,10,"ر ب ب"
13,21,11,"خ و ف"
13,21,12,"س و ا"
13,21,13,"ح س ب"
13,22,1,"ٱلَّذِى"
13,22,2,"ص ب ر"
13,22,3,"ب غ ي"
13,22,4,"و ج ه"
13,22,5,"ر ب ب"
13,22,6,"ق و م"
13,22,7,"ص ل و"
13,22,8,"ن ف ق"
13,22,10,"ر ز ق"
13,22,11,"س ر ر"
13,22,12,"ع ل ن"
13,22,13,"د ر ا"
13,22,14,"ح س ن"
13,22,15,"س و ا"
13,22,18,"ع ق ب"
13,22,19,"د و ر"
13,23,1,"ج ن ن"
13,23,3,"د خ ل"
13,23,5,"ص ل ح"
13,23,7,"ا ب و"
13,23,8,"ز و ج"
13,23,9,"ذ ر ر"
13,23,10,"م ل ك"
13,23,11,"د خ ل"
13,23,14,"ك ل ل"
13,23,15,"ب و ب"
13,24,1,"س ل م"
13,24,4,"ص ب ر"
13,24,5,"ن ع م"
13,24,6,"ع ق ب"
13,24,7,"د و ر"
13,25,1,"ٱلَّذِى"
13,25,2,"ن ق ض"
13,25,3,"ع ه د"
13,25,4,"ا ل ه"
13,25,6,"ب ع د"
13,25,7,"و ث ق"
13,25,8,"ق ط ع"
13,25,10,"ا م ر"
13,25,11,"ا ل ه"
13,25,14,"و ص ل"
13,25,15,"ف س د"
13,25,17,"ا ر ض"
13,25,20,"ل ع ن"
13,25,22,"س و ا"
13,25,23,"د و ر"
13,26,1,"ا ل ه"
13,26,2,"ب س ط"
13,26,3,"ر ز ق"
13,26,5,"ش ي ا"
13,26,6,"ق د ر"
13,26,7,"ف ر ح"
13,26,8,"ح ي ي"
13,26,9,"د ن و"
13,26,11,"ح ي ي"
13,26,12,"د ن و"
13,26,14,"ا خ ر"
13,26,15,"إِلَّا"
13,26,16,"م ت ع"
13,27,1,"ق و ل"
13,27,2,"ٱلَّذِى"
13,27,3,"ك ف ر"
13,27,5,"ن ز ل"
13,27,7,"ا ي ي"
13,27,9,"ر ب ب"
13,27,10,"ق و ل"
13,27,12,"ا ل ه"
13,27,13,"ض ل ل"
13,27,15,"ش ي ا"
13,27,16,"ه د ي"
13,27,17,"إِلَىٰ"
13,27,19,"ن و ب"
13,28,1,"ٱلَّذِى"
13,28,2,"ا م ن"
13,28,3,"ط م ن"
13,28,4,"ق ل ب"
13,28,5,"ذ ك ر"
13,28,6,"ا ل ه"
13,28,8,"ذ ك ر"
13,28,9,"ا ل ه"
13,28,10,"ط م ن"
13,28,11,"ق ل ب"
13,29,1,"ٱلَّذِى"
13,29,2,"ا م ن"
13,29,3,"ع م ل"
13,29,4,"ص ل ح"
13,29,5,"ط ي ب"
13,29,7,"ح س ن"
13,29,8,"ا و ب"
13,30,2,"ر س ل"
13,30,4,"ا م م"
13,30,6,"خ ل و"
13,30,8,"ق ب ل"
13,30,9,"ا م م"
13,30,10,"ت ل و"
13,30,12,"ٱلَّذِى"
13,30,13,"و ح ي"
13,30,14,"إِلَىٰ"
13,30,16,"ك ف ر"
13,30,17,"ر ح م"
13,30,18,"ق و ل"
13,30,20,"ر ب ب"
13,30,22,"ا ل ه"
13,30,23,"إِلَّا"
13,30,26,"و ك ل"
13,30,27,"إِلَىٰ"
13,30,28,"ت و ب"
13,31,3,"ق ر ا"
13,31,4,"س ي ر"
13,31,6,"ج ب ل"
13,31,8,"ق ط ع"
13,31,10,"ا ر ض"
13,31,12,"ك ل م"
13,31,14,"م و ت"
13,31,16,"ا ل ه"
13,31,17,"ا م ر"
13,31,18,"ج م ع"
13,31,20,"ي ا س"
13,31,21,"ٱلَّذِى"
13,31,22,"ا م ن"
13,31,25,"ش ي ا"
13,31,26,"ا ل ه"
13,31,27,"ه د ي"
13,31,28,"ن و س"
13,31,29,"ج م ع"
13,31,31,"ز ي ل"
13,31,32,"ٱلَّذِى"
13,31,33,"ك ف ر"
13,31,34,"ص و ب"
13,31,36,"ص ن ع"
13,31,37,"ق ر ع"
13,31,39,"ح ل ل"
13,31,40,"ق ر ب"
13,31,42,"د و ر"
13,31,44,"ا ت ي"
13,31,45,"و ع د"
13,31,46,"ا ل ه"
13,31,48,"ا ل ه"
13,31,50,"خ ل ف"
13,31,51,"و ع د"
13,32,2,"ه ز ا"
13,32,3,"ر س ل"
13,32,5,"ق ب ل"
13,32,6,"م ل و"
13,32,7,"ٱلَّذِى"
13,32,8,"ك ف ر"
13,32,10,"ا خ ذ"
13,32,11,"ك ي ف"
13,32,12,"ك و ن"
13,32,13,"ع ق ب"
13,33,3,"ق و م"
13,33,5,"ك ل ل"
13,33,6,"ن ف س"
13,33,8,"ك س ب"
13,33,9,"ج ع ل"
13,33,10,"ا ل ه"
13,33,11,"ش ر ك"
13,33,12,"ق و ل"
13,33,13,"س م و"
13,33,14,"أَم"
13,33,15,"ن ب ا"
13,33,18,"ع ل م"
13,33,20,"ا ر ض"
13,33,21,"أَم"
13,33,22,"ظ ه ر"
13,33,24,"ق و ل"
13,33,26,"ز ي ن"
13,33,27,"ٱلَّذِى"
13,33,28,"ك ف ر"
13,33,29,"م ك ر"
13,33,30,"ص د د"
13,33,32,"س ب ل"
13,33,34,"ض ل ل"
13,33,35,"ا ل ه"
13,33,39,"ه د ي"
13,34,2,"ع ذ ب"
13,34,4,"ح ي ي"
13,34,5,"د ن و"
13,34,6,"ع ذ ب"
13,34,7,"ا خ ر"
13,34,8,"ش ق ق"
13,34,12,"ا ل ه"
13,34,14,"و ق ي"
13,35,1,"م ث ل"
13,35,2,"ج ن ن"
13,35,3,"ٱلَّذِى"
13,35,4,"و ع د"
13,35,5,"و ق ي"
13,35,6,"ج ر ي"
13,35,8,"ت ح ت"
13,35,9,"ن ه ر"
13,35,10,"ا ك ل"
13,35,11,"د و م"
13,35,12,"ظ ل ل"
13,35,14,"ع ق ب"
13,35,15,"ٱلَّذِى"
13,35,16,"و ق ي"
13,35,17,"ع ق ب"
13,35,18,"ك ف ر"
13,35,19,"ن و ر"
13,36,1,"ٱلَّذِى"
13,36,2,"ا ت ي"
13,36,3,"ك ت ب"
13,36,4,"ف ر ح"
13,36,6,"ن ز ل"
13,36,7,"إِلَىٰ"
13,36,9,"ح ز ب"
13,36,11,"ن ك ر"
13,36,12,"ب ع ض"
13,36,13,"ق و ل"
13,36,15,"ا م ر"
13,36,17,"ع ب د"
13,36,18,"ا ل ه"
13,36,20,"ش ر ك"
13,36,22,"إِلَىٰ"
13,36,23,"د ع و"
13,36,24,"إِلَىٰ"
13,36,25,"ا و ب"
13,37,2,"ن ز ل"
13,37,3,"ح ك م"
13,37,4,"ع ر ب"
13,37,6,"ت ب ع"
13,37,7,"ه و ي"
13,37,8,"ب ع د"
13,37,9,"ج ي ا"
13,37,11,"ع ل م"
13,37,15,"ا ل ه"
13,37,17,"و ل ي"
13,37,19,"و ق ي"
13,38,2,"ر س ل"
13,38,3,"ر س ل"
13,38,5,"ق ب ل"
13,38,6,"ج ع ل"
13,38,8,"ز و ج"
13,38,9,"ذ ر ر"
13,38,11,"ك و ن"
13,38,12,"ر س ل"
13,38,14,"ا ت ي"
13,38,15,"ا ي ي"
13,38,16,"إِلَّا"
13,38,17,"ا ذ ن"
13,38,18,"ا ل ه"
13,38,19,"ك ل ل"
13,38,20,"ا ج ل"
13,38,21,"ك ت ب"
13,39,1,"م ح و"
13,39,2,"ا ل ه"
13,39,4,"ش ي ا"
13,39,5,"ث ب ت"
13,39,6,"ع ن د"
13,39,7,"ا م م"
13,39,8,"ك ت ب"
13,40,3,"ر ا ي"
13,40,4,"ب ع ض"
13,40,5,"ٱلَّذِى"
13,40,6,"و ع د"
13,40,8,"و ف ي"
13,40,11,"ب ل غ"
13,40,13,"ح س ب"
13,41,2,"ر ا ي"
13,41,4,"ا ت ي"
13,41,5,"ا ر ض"
13,41,6,"ن ق ص"
13,41,8,"ط ر ف"
13,41,9,"ا ل ه"
13,41,10,"ح ك م"
13,41,12,"ع ق ب"
13,41,13,"ح ك م"
13,41,15,"س ر ع"
13,41,16,"ح س ب"
13,42,2,"م ك ر"
13,42,3,"ٱلَّذِى"
13,42,5,"ق ب ل"
13,42,6,"ا ل ه"
13,42,7,"م ك ر"
13,42,8,"ج م ع"
13,42,9,"ع ل م"
13,42,11,"ك س ب"
13,42,12,"ك ل ل"
13,42,13,"ن ف س"
13,42,14,"ع ل م"
13,42,15,"ك ف ر"
13,42,17,"ع ق ب"
13,42,18,"د و ر"
13,43,1,"ق و ل"
13,43,2,"ٱلَّذِى"
13,43,3,"ك ف ر"
13,43,4,"ل ي س"
13,43,5,"ر س ل"
13,43,6,"ق و ل"
13,43,7,"ك ف ي"
13,43,8,"ا ل ه"
13,43,9,"ش ه د"
13,43,10,"ب ي ن"
13,43,11,"ب ي ن"
13,43,13,"ع ن د"
13,43,14,"ع ل م"
13,43,15,"ك ت ب"
14,1,2,"ك ت ب"
14,1,3,"ن ز ل"
14,1,4,"إِلَىٰ"
14,1,5,"خ ر ج"
14,1,6,"ن و س"
14,1,8,"ظ ل م"
14,1,9,"إِلَىٰ"
14,1,10,"ن و ر"
14,1,11,"ا ذ ن"
14,1,12,"ر ب ب"
14,1,13,"إِلَىٰ"
14,1,14,"ص ر ط"
14,1,15,"ع ز ز"
14,1,16,"ح م د"
14,2,1,"ا ل ه"
14,2,2,"ٱلَّذِى"
14,2,6,"س م و"
14,2,9,"ا ر ض"
14,2,11,"ك ف ر"
14,2,13,"ع ذ ب"
14,2,14,"ش د د"
14,3,1,"ٱلَّذِى"
14,3,2,"ح ب ب"
14,3,3,"ح ي ي"
14,3,4,"د ن و"
14,3,6,"ا خ ر"
14,3,7,"ص د د"
14,3,9,"س ب ل"
14,3,10,"ا ل ه"
14,3,11,"ب غ ي"
14,3,12,"ع و ج"
14,3,15,"ض ل ل"
14,3,16,"ب ع د"
14,4,2,"ر س ل"
14,4,4,"ر س ل"
14,4,5,"إِلَّا"
14,4,6,"ل س ن"
14,4,7,"ق و م"
14,4,8,"ب ي ن"
14,4,10,"ض ل ل"
14,4,11,"ا ل ه"
14,4,13,"ش ي ا"
14,4,14,"ه د ي"
14,4,16,"ش ي ا"
14,4,18,"ع ز ز"
14,4,19,"ح ك م"
14,5,2,"ر س ل"
14,5,4,"ا ي ي"
14,5,6,"خ ر ج"
14,5,7,"ق و م"
14,5,9,"ظ ل م"
14,5,10,"إِلَىٰ"
14,5,11,"ن و ر"
14,5,12,"ذ ك ر"
14,5,13,"ي و م"
14,5,14,"ا ل ه"
14,5,18,"ا ي ي"
14,5,19,"ك ل ل"
14,5,20,"ص ب ر"
14,5,21,"ش ك ر"
14,6,1,"إِذ"
14,6,2,"ق و ل"
14,6,4,"ق و م"
14,6,5,"ذ ك ر"
14,6,6,"ن ع م"
14,6,7,"ا ل ه"
14,6,9,"إِذ"
14,6,10,"ن ج و"
14,6,12,"ا و ل"
14,6,14,"س و م"
14,6,15,"س و ا"
14,6,16,"ع ذ ب"
14,6,17,"ذ ب ح"
14,6,18,"ب ن ي"
14,6,19,"ح ي ي"
14,6,20,"ن س و"
14,6,23,"ب ل و"
14,6,25,"ر ب ب"
14,6,26,"ع ظ م"
14,7,1,"إِذ"
14,7,2,"ا ذ ن"
14,7,3,"ر ب ب"
14,7,5,"ش ك ر"
14,7,6,"ز ي د"
14,7,8,"ك ف ر"
14,7,10,"ع ذ ب"
14,7,11,"ش د د"
14,8,1,"ق و ل"
14,8,4,"ك ف ر"
14,8,8,"ا ر ض"
14,8,9,"ج م ع"
14,8,11,"ا ل ه"
14,8,12,"غ ن ي"
14,8,13,"ح م د"
14,9,2,"ا ت ي"
14,9,3,"ن ب ا"
14,9,4,"ٱلَّذِى"
14,9,6,"ق ب ل"
14,9,7,"ق و م"
14,9,9,"ع و د"
14,9,11,"ٱلَّذِى"
14,9,13,"ب ع د"
14,9,15,"ع ل م"
14,9,16,"إِلَّا"
14,9,17,"ا ل ه"
14,9,18,"ج ي ا"
14,9,19,"ر س ل"
14,9,20,"ب ي ن"
14,9,21,"ر د د"
14,9,22,"ي د ي"
14,9,24,"ف و ه"
14,9,25,"ق و ل"
14,9,27,"ك ف ر"
14,9,29,"ر س ل"
14,9,33,"ش ك ك"
14,9,35,"د ع و"
14,9,36,"إِلَىٰ"
14,9,37,"ر ي ب"
14,10,1,"ق و ل"
14,10,2,"ر س ل"
14,10,4,"ا ل ه"
14,10,5,"ش ك ك"
14,10,6,"ف ط ر"
14,10,7,"س م و"
14,10,8,"ا ر ض"
14,10,9,"د ع و"
14,10,10,"غ ف ر"
14,10,13,"ذ ن ب"
14,10,14,"ا خ ر"
14,10,15,"إِلَىٰ"
14,10,16,"ا ج ل"
14,10,17,"س م و"
14,10,18,"ق و ل"
14,10,21,"إِلَّا"
14,10,22,"ب ش ر"
14,10,23,"م ث ل"
14,10,24,"ر و د"
14,10,26,"ص د د"
14,10,28,"ك و ن"
14,10,29,"ع ب د"
14,10,30,"ا ب و"
14,10,31,"ا ت ي"
14,10,32,"س ل ط"
14,10,33,"ب ي ن"
14,11,1,"ق و ل"
14,11,3,"ر س ل"
14,11,6,"إِلَّا"
14,11,7,"ب ش ر"
14,11,8,"م ث ل"
14,11,10,"ا ل ه"
14,11,11,"م ن ن"
14,11,14,"ش ي ا"
14,11,16,"ع ب د"
14,11,18,"ك و ن"
14,11,21,"ا ت ي"
14,11,22,"س ل ط"
14,11,23,"إِلَّا"
14,11,24,"ا ذ ن"
14,11,25,"ا ل ه"
14,11,27,"ا ل ه"
14,11,28,"و ك ل"
14,11,29,"ا م ن"
14,12,4,"و ك ل"
14,12,6,"ا ل ه"
14,12,8,"ه د ي"
14,12,9,"س ب ل"
14,12,10,"ص ب ر"
14,12,13,"ا ذ ي"
14,12,15,"ا ل ه"
14,12,16,"و ك ل"
14,12,17,"و ك ل"
14,13,1,"ق و ل"
14,13,2,"ٱلَّذِى"
14,13,3,"ك ف ر"
14,13,4,"ر س ل"
14,13,5,"خ ر ج"
14,13,7,"ا ر ض"
14,13,9,"ع و د"
14,13,11,"م ل ل"
14,13,12,"و ح ي"
14,13,13,"إِلَىٰ"
14,13,14,"ر ب ب"
14,13,15,"ه ل ك"
14,13,16,"ظ ل م"
14,14,1,"س ك ن"
14,14,2,"ا ر ض"
14,14,4,"ب ع د"
14,14,7,"خ و ف"
14,14,8,"ق و م"
14,14,9,"خ و ف"
14,14,10,"و ع د"
14,15,1,"ف ت ح"
14,15,2,"خ ي ب"
14,15,3,"ك ل ل"
14,15,4,"ج ب ر"
14,15,5,"ع ن د"
14,16,2,"و ر ي"
14,16,4,"س ق ي"
14,16,6,"م و ه"
14,16,7,"ص د د"
14,17,1,"ج ر ع"
14,17,3,"ك و د"
14,17,4,"س و غ"
14,17,5,"ا ت ي"
14,17,6,"م و ت"
14,17,8,"ك ل ل"
14,17,9,"ك و ن"
14,17,12,"م و ت"
14,17,14,"و ر ي"
14,17,15,"ع ذ ب"
14,17,16,"غ ل ظ"
14,18,1,"م ث ل"
14,18,2,"ٱلَّذِى"
14,18,3,"ك ف ر"
14,18,4,"ر ب ب"
14,18,5,"ع م ل"
14,18,6,"ر م د"
14,18,7,"ش د د"
14,18,9,"ر و ح"
14,18,11,"ي و م"
14,18,12,"ع ص ف"
14,18,14,"ق د ر"
14,18,16,"ك س ب"
14,18,18,"ش ي ا"
14,18,21,"ض ل ل"
14,18,22,"ب ع د"
14,19,2,"ر ا ي"
14,19,4,"ا ل ه"
14,19,5,"خ ل ق"
14,19,6,"س م و"
14,19,7,"ا ر ض"
14,19,8,"ح ق ق"
14,19,10,"ش ي ا"
14,19,11,"ذ ه ب"
14,19,12,"ا ت ي"
14,19,13,"خ ل ق"
14,19,14,"ج د د"
14,20,4,"ا ل ه"
14,20,5,"ع ز ز"
14,21,1,"ب ر ز"
14,21,2,"ا ل ه"
14,21,3,"ج م ع"
14,21,4,"ق و ل"
14,21,5,"ض ع ف"
14,21,6,"ٱلَّذِى"
14,21,7,"ك ب ر"
14,21,9,"ك و ن"
14,21,11,"ت ب ع"
14,21,14,"غ ن ي"
14,21,17,"ع ذ ب"
14,21,18,"ا ل ه"
14,21,20,"ش ي ا"
14,21,21,"ق و ل"
14,21,23,"ه د ي"
14,21,24,"ا ل ه"
14,21,25,"ه د ي"
14,21,26,"س و ي"
14,21,28,"ج ز ع"
14,21,29,"أَم"
14,21,30,"ص ب ر"
14,21,34,"ح ي ص"
14,22,1,"ق و ل"
14,22,2,"ش ط ن"
14,22,4,"ق ض ي"
14,22,5,"ا م ر"
14,22,7,"ا ل ه"
14,22,8,"و ع د"
14,22,9,"و ع د"
14,22,10,"ح ق ق"
14,22,11,"و ع د"
14,22,12,"خ ل ف"
14,22,14,"ك و ن"
14,22,18,"س ل ط"
14,22,19,"إِلَّا"
14,22,21,"د ع و"
14,22,22,"ج و ب"
14,22,25,"ل و م"
14,22,26,"ل و م"
14,22,27,"ن ف س"
14,22,30,"ص ر خ"
14,22,33,"ص ر خ"
14,22,35,"ك ف ر"
14,22,37,"ش ر ك"
14,22,39,"ق ب ل"
14,22,41,"ظ ل م"
14,22,43,"ع ذ ب"
14,22,44,"ا ل م"
14,23,1,"د خ ل"
14,23,2,"ٱلَّذِى"
14,23,3,"ا م ن"
14,23,4,"ع م ل"
14,23,5,"ص ل ح"
14,23,6,"ج ن ن"
14,23,7,"ج ر ي"
14,23,9,"ت ح ت"
14,23,10,"ن ه ر"
14,23,11,"خ ل د"
14,23,13,"ا ذ ن"
14,23,14,"ر ب ب"
14,23,15,"ح ي ي"
14,23,17,"س ل م"
14,24,2,"ر ا ي"
14,24,3,"ك ي ف"
14,24,4,"ض ر ب"
14,24,5,"ا ل ه"
14,24,6,"م ث ل"
14,24,7,"ك ل م"
14,24,8,"ط ي ب"
14,24,9,"ش ج ر"
14,24,10,"ط ي ب"
14,24,11,"ا ص ل"
14,24,12,"ث ب ت"
14,24,13,"ف ر ع"
14,24,15,"س م و"
14,25,1,"ا ت ي"
14,25,2,"ا ك ل"
14,25,3,"ك ل ل"
14,25,4,"ح ي ن"
14,25,5,"ا ذ ن"
14,25,6,"ر ب ب"
14,25,7,"ض ر ب"
14,25,8,"ا ل ه"
14,25,9,"م ث ل"
14,25,10,"ن و س"
14,25,12,"ذ ك ر"
14,26,1,"م ث ل"
14,26,2,"ك ل م"
14,26,3,"خ ب ث"
14,26,4,"ش ج ر"
14,26,5,"خ ب ث"
14,26,6,"ج ث ث"
14,26,8,"ف و ق"
14,26,9,"ا ر ض"
14,26,13,"ق ر ر"
14,27,1,"ث ب ت"
14,27,2,"ا ل ه"
14,27,3,"ٱلَّذِى"
14,27,4,"ا م ن"
14,27,5,"ق و ل"
14,27,6,"ث ب ت"
14,27,8,"ح ي ي"
14,27,9,"د ن و"
14,27,11,"ا خ ر"
14,27,12,"ض ل ل"
14,27,13,"ا ل ه"
14,27,14,"ظ ل م"
14,27,15,"ف ع ل"
14,27,16,"ا ل ه"
14,27,18,"ش ي ا"
14,28,2,"ر ا ي"
14,28,3,"إِلَىٰ"
14,28,4,"ٱلَّذِى"
14,28,5,"ب د ل"
14,28,6,"ن ع م"
14,28,7,"ا ل ه"
14,28,8,"ك ف ر"
14,28,9,"ح ل ل"
14,28,10,"ق و م"
14,28,11,"د و ر"
14,28,12,"ب و ر"
14,29,2,"ص ل ي"
14,29,3,"ب ا س"
14,29,4,"ق ر ر"
14,30,1,"ج ع ل"
14,30,2,"ا ل ه"
14,30,3,"ن د د"
14,30,4,"ض ل ل"
14,30,6,"س ب ل"
14,30,7,"ق و ل"
14,30,8,"م ت ع"
14,30,10,"ص ي ر"
14,30,11,"إِلَىٰ"
14,30,12,"ن و ر"
14,31,1,"ق و ل"
14,31,2,"ع ب د"
14,31,3,"ٱلَّذِى"
14,31,4,"ا م ن"
14,31,5,"ق و م"
14,31,6,"ص ل و"
14,31,7,"ن ف ق"
14,31,9,"ر ز ق"
14,31,10,"س ر ر"
14,31,11,"ع ل ن"
14,31,13,"ق ب ل"
14,31,15,"ا ت ي"
14,31,16,"ي و م"
14,31,18,"ب ي ع"
14,31,21,"خ ل ل"
14,32,1,"ا ل ه"
14,32,2,"ٱلَّذِى"
14,32,3,"خ ل ق"
14,32,4,"س م و"
14,32,5,"ا ر ض"
14,32,6,"ن ز ل"
14,32,8,"س م و"
14,32,9,"م و ه"
14,32,10,"خ ر ج"
14,32,13,"ث م ر"
14,32,14,"ر ز ق"
14,32,16,"س خ ر"
14,32,18,"ف ل ك"
14,32,19,"ج ر ي"
14,32,21,"ب ح ر"
14,32,22,"ا م ر"
14,32,23,"س خ ر"
14,32,25,"ن ه ر"
14,33,1,"س خ ر"
14,33,3,"ش م س"
14,33,4,"ق م ر"
14,33,5,"د ا ب"
14,33,6,"س خ ر"
14,33,8,"ل ي ل"
14,33,9,"ن ه ر"
14,34,1,"ا ت ي"
14,34,3,"ك ل ل"
14,34,5,"س ا ل"
14,34,7,"ع د د"
14,34,8,"ن ع م"
14,34,9,"ا ل ه"
14,34,11,"ح ص ي"
14,34,13,"ا ن س"
14,34,14,"ظ ل م"
14,34,15,"ك ف ر"
14,35,1,"إِذ"
14,35,2,"ق و ل"
14,35,3,"إِبْرَاهِيم"
14,35,4,"ر ب ب"
14,35,5,"ج ع ل"
14,35,7,"ب ل د"
14,35,8,"ا م ن"
14,35,9,"ج ن ب"
14,35,10,"ب ن ي"
14,35,12,"ع ب د"
14,35,13,"ص ن م"
14,36,1,"ر ب ب"
14,36,3,"ض ل ل"
14,36,4,"ك ث ر"
14,36,6,"ن و س"
14,36,8,"ت ب ع"
14,36,12,"ع ص ي"
14,36,14,"غ ف ر"
14,36,15,"ر ح م"
14,37,1,"ر ب ب"
14,37,3,"س ك ن"
14,37,5,"ذ ر ر"
14,37,6,"و د ي"
14,37,7,"غ ي ر"
14,37,9,"ز ر ع"
14,37,10,"ع ن د"
14,37,11,"ب ي ت"
14,37,12,"ح ر م"
14,37,13,"ر ب ب"
14,37,14,"ق و م"
14,37,15,"ص ل و"
14,37,16,"ج ع ل"
14,37,17,"ف ا د"
14,37,19,"ن و س"
14,37,20,"ه و ي"
14,37,21,"إِلَىٰ"
14,37,22,"ر ز ق"
14,37,24,"ث م ر"
14,37,26,"ش ك ر"
14,38,1,"ر ب ب"
14,38,3,"ع ل م"
14,38,5,"خ ف ي"
14,38,7,"ع ل ن"
14,38,9,"خ ف ي"
14,38,11,"ا ل ه"
14,38,13,"ش ي ا"
14,38,15,"ا ر ض"
14,38,18,"س م و"
14,39,1,"ح م د"
14,39,2,"ا ل ه"
14,39,3,"ٱلَّذِى"
14,39,4,"و ه ب"
14,39,7,"ك ب ر"
14,39,8,"إِسْمَاعِيل"
14,39,9,"إِسْحَاق"
14,39,11,"ر ب ب"
14,39,12,"س م ع"
14,39,13,"د ع و"
14,40,1,"ر ب ب"
14,40,2,"ج ع ل"
14,40,3,"ق و م"
14,40,4,"ص ل و"
14,40,6,"ذ ر ر"
14,40,7,"ر ب ب"
14,40,8,"ق ب ل"
14,40,9,"د ع و"
14,41,1,"ر ب ب"
14,41,2,"غ ف ر"
14,41,4,"و ل د"
14,41,5,"ا م ن"
14,41,6,"ي و م"
14,41,7,"ق و م"
14,41,8,"ح س ب"
14,42,2,"ح س ب"
14,42,3,"ا ل ه"
14,42,4,"غ ف ل"
14,42,6,"ع م ل"
14,42,7,"ظ ل م"
14,42,9,"ا خ ر"
14,42,10,"ي و م"
14,42,11,"ش خ ص"
14,42,13,"ب ص ر"
14,43,1,"ه ط ع"
14,43,2,"ق ن ع"
14,43,3,"ر ا س"
14,43,5,"ر د د"
14,43,6,"إِلَىٰ"
14,43,7,"ط ر ف"
14,43,8,"ف ا د"
14,43,9,"ه و ي"
14,44,1,"ن ذ ر"
14,44,2,"ن و س"
14,44,3,"ي و م"
14,44,4,"ا ت ي"
14,44,5,"ع ذ ب"
14,44,6,"ق و ل"
14,44,7,"ٱلَّذِى"
14,44,8,"ظ ل م"
14,44,9,"ر ب ب"
14,44,10,"ا خ ر"
14,44,11,"إِلَىٰ"
14,44,12,"ا ج ل"
14,44,13,"ق ر ب"
14,44,14,"ج و ب"
14,44,15,"د ع و"
14,44,16,"ت ب ع"
14,44,17,"ر س ل"
14,44,19,"ك و ن"
14,44,20,"ق س م"
14,44,22,"ق ب ل"
14,44,26,"ز و ل"
14,45,1,"س ك ن"
14,45,3,"س ك ن"
14,45,4,"ٱلَّذِى"
14,45,5,"ظ ل م"
14,45,6,"ن ف س"
14,45,7,"ب ي ن"
14,45,9,"ك ي ف"
14,45,10,"ف ع ل"
14,45,12,"ض ر ب"
14,45,14,"م ث ل"
14,46,2,"م ك ر"
14,46,3,"م ك ر"
14,46,4,"ع ن د"
14,46,5,"ا ل ه"
14,46,6,"م ك ر"
14,46,8,"ك و ن"
14,46,9,"م ك ر"
14,46,10,"ز و ل"
14,46,12,"ج ب ل"
14,47,2,"ح س ب"
14,47,3,"ا ل ه"
14,47,4,"خ ل ف"
14,47,5,"و ع د"
14,47,6,"ر س ل"
14,47,8,"ا ل ه"
14,47,9,"ع ز ز"
14,47,11,"ن ق م"
14,48,1,"ي و م"
14,48,2,"ب د ل"
14,48,3,"ا ر ض"
14,48,4,"غ ي ر"
14,48,5,"ا ر ض"
14,48,6,"س م و"
14,48,7,"ب ر ز"
14,48,8,"ا ل ه"
14,48,9,"و ح د"
14,48,10,"ق ه ر"
14,49,1,"ر ا ي"
14,49,2,"ج ر م"
14,49,4,"ق ر ن"
14,49,6,"ص ف د"
14,50,1,"س ر ب ل"
14,50,3,"ق ط ر"
14,50,4,"غ ش و"
14,50,5,"و ج ه"
14,50,6,"ن و ر"
14,51,1,"ج ز ي"
14,51,2,"ا ل ه"
14,51,3,"ك ل ل"
14,51,4,"ن ف س"
14,51,6,"ك س ب"
14,51,8,"ا ل ه"
14,51,9,"س ر ع"
14,51,10,"ح س ب"
14,52,2,"ب ل غ"
14,52,3,"ن و س"
14,52,4,"ن ذ ر"
14,52,6,"ع ل م"
14,52,9,"ا ل ه"
14,52,10,"و ح د"
14,52,11,"ذ ك ر"
14,52,12,"ا و ل"
14,52,13,"ل ب ب"
15,1,3,"ا ي ي"
15,1,4,"ك ت ب"
15,1,5,"ق ر ا"
15,1,6,"ب ي ن"
15,2,2,"و د د"
15,2,3,"ٱلَّذِى"
15,2,4,"ك ف ر"
15,2,6,"ك و ن"
15,2,7,"س ل م"
15,3,1,"و ذ ر"
15,3,2,"ا ك ل"
15,3,3,"م ت ع"
15,3,4,"ل ه و"
15,3,5,"ا م ل"
15,3,7,"ع ل م"
15,4,2,"ه ل ك"
15,4,4,"ق ر ي"
15,4,5,"إِلَّا"
15,4,7,"ك ت ب"
15,4,8,"ع ل م"
15,5,2,"س ب ق"
15,5,4,"ا م م"
15,5,5,"ا ج ل"
15,5,7,"ا خ ر"
15,6,1,"ق و ل"
15,6,3,"ٱلَّذِى"
15,6,4,"ن ز ل"
15,6,6,"ذ ك ر"
15,6,8,"ج ن ن"
15,7,3,"ا ت ي"
15,7,4,"م ل ك"
15,7,6,"ك و ن"
15,7,8,"ص د ق"
15,8,2,"ن ز ل"
15,8,3,"م ل ك"
15,8,4,"إِلَّا"
15,8,5,"ح ق ق"
15,8,7,"ك و ن"
15,8,8,"إِذًا"
15,8,9,"ن ظ ر"
15,9,3,"ن ز ل"
15,9,4,"ذ ك ر"
15,9,7,"ح ف ظ"
15,10,2,"ر س ل"
15,10,4,"ق ب ل"
15,10,6,"ش ي ع"
15,10,7,"ا و ل"
15,11,2,"ا ت ي"
15,11,4,"ر س ل"
15,11,5,"إِلَّا"
15,11,6,"ك و ن"
15,11,8,"ه ز ا"
15,12,2,"س ل ك"
15,12,4,"ق ل ب"
15,12,5,"ج ر م"
15,13,2,"ا م ن"
15,13,5,"خ ل و"
15,13,6,"س ن ن"
15,13,7,"ا و ل"
15,14,2,"ف ت ح"
15,14,4,"ب و ب"
15,14,6,"س م و"
15,14,7,"ظ ل ل"
15,14,9,"ع ر ج"
15,15,1,"ق و ل"
15,15,3,"س ك ر"
15,15,4,"ب ص ر"
15,15,7,"ق و م"
15,15,8,"س ح ر"
15,16,2,"ج ع ل"
15,16,4,"س م و"
15,16,5,"ب ر ج"
15,16,6,"ز ي ن"
15,16,7,"ن ظ ر"
15,17,1,"ح ف ظ"
15,17,3,"ك ل ل"
15,17,4,"ش ط ن"
15,17,5,"ر ج م"
15,18,1,"إِلَّا"
15,18,3,"س ر ق"
15,18,4,"س م ع"
15,18,5,"ت ب ع"
15,18,6,"ش ه ب"
15,18,7,"ب ي ن"
15,19,1,"ا ر ض"
15,19,2,"م د د"
15,19,3,"ل ق ي"
15,19,5,"ر س و"
15,19,6,"ن ب ت"
15,19,9,"ك ل ل"
15,19,10,"ش ي ا"
15,19,11,"و ز ن"
15,20,1,"ج ع ل"
15,20,4,"ع ي ش"
15,20,6,"ل ي س"
15,20,8,"ر ز ق"
15,21,3,"ش ي ا"
15,21,4,"إِلَّا"
15,21,5,"ع ن د"
15,21,6,"خ ز ن"
15,21,8,"ن ز ل"
15,21,9,"إِلَّا"
15,21,10,"ق د ر"
15,21,11,"ع ل م"
15,22,1,"ر س ل"
15,22,2,"ر و ح"
15,22,3,"ل ق ح"
15,22,4,"ن ز ل"
15,22,6,"س م و"
15,22,7,"م و ه"
15,22,8,"س ق ي"
15,22,12,"خ ز ن"
15,23,3,"ح ي ي"
15,23,4,"م و ت"
15,23,6,"و ر ث"
15,24,2,"ع ل م"
15,24,3,"ق د م"
15,24,6,"ع ل م"
15,24,7,"ا خ ر"
15,25,2,"ر ب ب"
15,25,4,"ح ش ر"
15,25,6,"ح ك م"
15,25,7,"ع ل م"
15,26,2,"خ ل ق"
15,26,3,"ا ن س"
15,26,5,"ص ل ص ل"
15,26,7,"ح م ا"
15,26,8,"س ن ن"
15,27,1,"ج ن ن"
15,27,2,"خ ل ق"
15,27,4,"ق ب ل"
15,27,6,"ن و ر"
15,27,7,"س م م"
15,28,1,"إِذ"
15,28,2,"ق و ل"
15,28,3,"ر ب ب"
15,28,4,"م ل ك"
15,28,6,"خ ل ق"
15,28,7,"ب ش ر"
15,28,9,"ص ل ص ل"
15,28,11,"ح م ا"
15,28,12,"س ن ن"
15,29,1,"إِذَا"
15,29,2,"س و ي"
15,29,3,"ن ف خ"
15,29,6,"ر و ح"
15,29,7,"و ق ع"
15,29,9,"س ج د"
15,30,1,"س ج د"
15,30,2,"م ل ك"
15,30,3,"ك ل ل"
15,30,4,"ج م ع"
15,31,1,"إِلَّا"
15,31,2,"إِبْلِيس"
15,31,3,"ا ب ي"
15,31,5,"ك و ن"
15,31,7,"س ج د"
15,32,1,"ق و ل"
15,32,2,"إِبْلِيس"
15,32,6,"ك و ن"
15,32,8,"س ج د"
15,33,1,"ق و ل"
15,33,3,"ك و ن"
15,33,4,"س ج د"
15,33,5,"ب ش ر"
15,33,6,"خ ل ق"
15,33,8,"ص ل ص ل"
15,33,10,"ح م ا"
15,33,11,"س ن ن"
15,34,1,"ق و ل"
15,34,2,"خ ر ج"
15,34,5,"ر ج م"
15,35,3,"ل ع ن"
15,35,4,"إِلَىٰ"
15,35,5,"ي و م"
15,35,6,"د ي ن"
15,36,1,"ق و ل"
15,36,2,"ر ب ب"
15,36,3,"ن ظ ر"
15,36,4,"إِلَىٰ"
15,36,5,"ي و م"
15,36,6,"ب ع ث"
15,37,1,"ق و ل"
15,37,4,"ن ظ ر"
15,38,1,"إِلَىٰ"
15,38,2,"ي و م"
15,38,3,"و ق ت"
15,38,4,"ع ل م"
15,39,1,"ق و ل"
15,39,2,"ر ب ب"
15,39,4,"غ و ي"
15,39,5,"ز ي ن"
15,39,8,"ا ر ض"
15,39,9,"غ و ي"
15,39,10,"ج م ع"
15,40,1,"إِلَّا"
15,40,2,"ع ب د"
15,40,4,"خ ل ص"
15,41,1,"ق و ل"
15,41,3,"ص ر ط"
15,41,5,"ق و م"
15,42,2,"ع ب د"
15,42,3,"ل ي س"
15,42,6,"س ل ط"
15,42,7,"إِلَّا"
15,42,9,"ت ب ع"
15,42,11,"غ و ي"
15,43,3,"و ع د"
15,43,4,"ج م ع"
15,44,2,"س ب ع"
15,44,3,"ب و ب"
15,44,4,"ك ل ل"
15,44,5,"ب و ب"
15,44,7,"ج ز ا"
15,44,8,"ق س م"
15,45,2,"و ق ي"
15,45,4,"ج ن ن"
15,45,5,"ع ي ن"
15,46,1,"د خ ل"
15,46,2,"س ل م"
15,46,3,"ا م ن"
15,47,1,"ن ز ع"
15,47,4,"ص د ر"
15,47,6,"غ ل ل"
15,47,7,"ا خ و"
15,47,9,"س ر ر"
15,47,10,"ق ب ل"
15,48,2,"م س س"
15,48,4,"ن ص ب"
15,48,8,"خ ر ج"
15,49,1,"ن ب ا"
15,49,2,"ع ب د"
15,49,5,"غ ف ر"
15,49,6,"ر ح م"
15,50,2,"ع ذ ب"
15,50,4,"ع ذ ب"
15,50,5,"ا ل م"
15,51,1,"ن ب ا"
15,51,3,"ض ي ف"
15,51,4,"إِبْرَاهِيم"
15,52,1,"إِذ"
15,52,2,"د خ ل"
15,52,4,"ق و ل"
15,52,5,"س ل م"
15,52,6,"ق و ل"
15,52,9,"و ج ل"
15,53,1,"ق و ل"
15,53,3,"و ج ل"
15,53,5,"ب ش ر"
15,53,6,"غ ل م"
15,53,7,"ع ل م"
15,54,1,"ق و ل"
15,54,2,"ب ش ر"
15,54,5,"م س س"
15,54,6,"ك ب ر"
15,54,8,"ب ش ر"
15,55,1,"ق و ل"
15,55,2,"ب ش ر"
15,55,3,"ح ق ق"
15,55,5,"ك و ن"
15,55,7,"ق ن ط"
15,56,1,"ق و ل"
15,56,3,"ق ن ط"
15,56,5,"ر ح م"
15,56,6,"ر ب ب"
15,56,7,"إِلَّا"
15,56,8,"ض ل ل"
15,57,1,"ق و ل"
15,57,3,"خ ط ب"
15,57,5,"ر س ل"
15,58,1,"ق و ل"
15,58,3,"ر س ل"
15,58,4,"إِلَىٰ"
15,58,5,"ق و م"
15,58,6,"ج ر م"
15,59,1,"إِلَّا"
15,59,2,"ا و ل"
15,59,5,"ن ج و"
15,59,6,"ج م ع"
15,60,1,"إِلَّا"
15,60,2,"م ر ا"
15,60,3,"ق د ر"
15,60,6,"غ ب ر"
15,61,2,"ج ي ا"
15,61,3,"ا و ل"
15,61,5,"ر س ل"
15,62,1,"ق و ل"
15,62,3,"ق و م"
15,62,4,"ن ك ر"
15,63,1,"ق و ل"
15,63,3,"ج ي ا"
15,63,5,"ك و ن"
15,63,7,"م ر ي"
15,64,1,"ا ت ي"
15,64,2,"ح ق ق"
15,64,4,"ص د ق"
15,65,1,"س ر ي"
15,65,2,"ا ه ل"
15,65,3,"ق ط ع"
15,65,5,"ل ي ل"
15,65,6,"ت ب ع"
15,65,7,"د ب ر"
15,65,9,"ل ف ت"
15,65,11,"ا ح د"
15,65,12,"م ض ي"
15,65,13,"ح ي ث"
15,65,14,"ا م ر"
15,66,1,"ق ض ي"
15,66,2,"إِلَىٰ"
15,66,4,"ا م ر"
15,66,6,"د ب ر"
15,66,8,"ق ط ع"
15,66,9,"ص ب ح"
15,67,1,"ج ي ا"
15,67,2,"ا ه ل"
15,67,3,"م د ن"
15,67,4,"ب ش ر"
15,68,1,"ق و ل"
15,68,4,"ض ي ف"
15,68,6,"ف ض ح"
15,69,1,"و ق ي"
15,69,2,"ا ل ه"
15,69,4,"خ ز ي"
15,70,1,"ق و ل"
15,70,3,"ن ه ي"
15,70,5,"ع ل م"
15,71,1,"ق و ل"
15,71,3,"ب ن ي"
15,71,5,"ك و ن"
15,71,6,"ف ع ل"
15,72,1,"ع م ر"
15,72,4,"س ك ر"
15,72,5,"ع م ه"
15,73,1,"ا خ ذ"
15,73,2,"ص ي ح"
15,73,3,"ش ر ق"
15,74,1,"ج ع ل"
15,74,2,"ع ل و"
15,74,3,"س ف ل"
15,74,4,"م ط ر"
15,74,6,"ح ج ر"
15,74,8,"س ج ل"
15,75,4,"ا ي ي"
15,75,5,"و س م"
15,76,2,"س ب ل"
15,76,3,"ق و م"
15,77,4,"ا ي ي"
15,77,5,"ا م ن"
15,78,2,"ك و ن"
15,78,3,"ص ح ب"
15,78,5,"ظ ل م"
15,79,1,"ن ق م"
15,79,4,"ا م م"
15,79,5,"ب ي ن"
15,80,2,"ك ذ ب"
15,80,3,"ص ح ب"
15,80,4,"ح ج ر"
15,80,5,"ر س ل"
15,81,1,"ا ت ي"
15,81,2,"ا ي ي"
15,81,3,"ك و ن"
15,81,5,"ع ر ض"
15,82,1,"ك و ن"
15,82,2,"ن ح ت"
15,82,4,"ج ب ل"
15,82,5,"ب ي ت"
15,82,6,"ا م ن"
15,83,1,"ا خ ذ"
15,83,2,"ص ي ح"
15,83,3,"ص ب ح"
15,84,2,"غ ن ي"
15,84,5,"ك و ن"
15,84,6,"ك س ب"
15,85,2,"خ ل ق"
15,85,3,"س م و"
15,85,4,"ا ر ض"
15,85,6,"ب ي ن"
15,85,7,"إِلَّا"
15,85,8,"ح ق ق"
15,85,10,"س و ع"
15,85,11,"ا ت ي"
15,85,12,"ص ف ح"
15,85,13,"ص ف ح"
15,85,14,"ج م ل"
15,86,2,"ر ب ب"
15,86,4,"خ ل ق"
15,86,5,"ع ل م"
15,87,2,"ا ت ي"
15,87,3,"س ب ع"
15,87,5,"ث ن ي"
15,87,6,"ق ر ا"
15,87,7,"ع ظ م"
15,88,2,"م د د"
15,88,3,"ع ي ن"
15,88,4,"إِلَىٰ"
15,88,6,"م ت ع"
15,88,8,"ز و ج"
15,88,11,"ح ز ن"
15,88,13,"خ ف ض"
15,88,14,"ج ن ح"
15,88,15,"ا م ن"
15,89,1,"ق و ل"
15,89,4,"ن ذ ر"
15,89,5,"ب ي ن"
15,90,2,"ن ز ل"
15,90,4,"ق س م"
15,91,1,"ٱلَّذِى"
15,91,2,"ج ع ل"
15,91,3,"ق ر ا"
15,91,4,"ع ض و"
15,92,1,"ر ب ب"
15,92,2,"س ا ل"
15,92,3,"ج م ع"
15,93,2,"ك و ن"
15,93,3,"ع م ل"
15,94,1,"ص د ع"
15,94,3,"ا م ر"
15,94,4,"ع ر ض"
15,94,6,"ش ر ك"
15,95,2,"ك ف ي"
15,95,3,"ه ز ا"
15,96,1,"ٱلَّذِى"
15,96,2,"ج ع ل"
15,96,4,"ا ل ه"
15,96,5,"ا ل ه"
15,96,6,"ا خ ر"
15,96,8,"ع ل م"
15,97,2,"ع ل م"
15,97,4,"ض ي ق"
15,97,5,"ص د ر"
15,97,7,"ق و ل"
15,98,1,"س ب ح"
15,98,2,"ح م د"
15,98,3,"ر ب ب"
15,98,4,"ك و ن"
15,98,6,"س ج د"
15,99,1,"ع ب د"
15,99,2,"ر ب ب"
15,99,4,"ا ت ي"
15,99,5,"ي ق ن"
16,1,1,"ا ت ي"
16,1,2,"ا م ر"
16,1,3,"ا ل ه"
16,1,5,"ع ج ل"
16,1,6,"س ب ح"
16,1,7,"ع ل و"
16,1,9,"ش ر ك"
16,2,1,"ن ز ل"
16,2,2,"م ل ك"
16,2,3,"ر و ح"
16,2,5,"ا م ر"
16,2,8,"ش ي ا"
16,2,10,"ع ب د"
16,2,12,"ن ذ ر"
16,2,15,"ا ل ه"
16,2,16,"إِلَّا"
16,2,18,"و ق ي"
16,3,1,"خ ل ق"
16,3,2,"س م و"
16,3,3,"ا ر ض"
16,3,4,"ح ق ق"
16,3,5,"ع ل و"
16,3,7,"ش ر ك"
16,4,1,"خ ل ق"
16,4,2,"ا ن س"
16,4,4,"ن ط ف"
16,4,5,"إِذَا"
16,4,7,"خ ص م"
16,4,8,"ب ي ن"
16,5,1,"ن ع م"
16,5,2,"خ ل ق"
16,5,5,"د ف ا"
16,5,6,"ن ف ع"
16,5,8,"ا ك ل"
16,6,3,"ج م ل"
16,6,4,"ح ي ن"
16,6,5,"ر و ح"
16,6,6,"ح ي ن"
16,6,7,"س ر ح"
16,7,1,"ح م ل"
16,7,2,"ث ق ل"
16,7,3,"إِلَىٰ"
16,7,4,"ب ل د"
16,7,6,"ك و ن"
16,7,7,"ب ل غ"
16,7,8,"إِلَّا"
16,7,9,"ش ق ق"
16,7,10,"ن ف س"
16,7,12,"ر ب ب"
16,7,13,"ر ا ف"
16,7,14,"ر ح م"
16,8,1,"خ ي ل"
16,8,2,"ب غ ل"
16,8,3,"ح م ر"
16,8,4,"ر ك ب"
16,8,5,"ز ي ن"
16,8,6,"خ ل ق"
16,8,9,"ع ل م"
16,9,2,"ا ل ه"
16,9,3,"ق ص د"
16,9,4,"س ب ل"
16,9,6,"ج و ر"
16,9,8,"ش ي ا"
16,9,9,"ه د ي"
16,9,10,"ج م ع"
16,10,2,"ٱلَّذِى"
16,10,3,"ن ز ل"
16,10,5,"س م و"
16,10,6,"م و ه"
16,10,9,"ش ر ب"
16,10,11,"ش ج ر"
16,10,13,"س و م"
16,11,1,"ن ب ت"
16,11,4,"ز ر ع"
16,11,5,"ز ي ت"
16,11,6,"ن خ ل"
16,11,7,"ع ن ب"
16,11,9,"ك ل ل"
16,11,10,"ث م ر"
16,11,14,"ا ي ي"
16,11,15,"ق و م"
16,11,16,"ف ك ر"
16,12,1,"س خ ر"
16,12,3,"ل ي ل"
16,12,4,"ن ه ر"
16,12,5,"ش م س"
16,12,6,"ق م ر"
16,12,7,"ن ج م"
16,12,8,"س خ ر"
16,12,9,"ا م ر"
16,12,13,"ا ي ي"
16,12,14,"ق و م"
16,12,15,"ع ق ل"
16,13,2,"ذ ر ا"
16,13,5,"ا ر ض"
16,13,6,"خ ل ف"
16,13,7,"ل و ن"
16,13,11,"ا ي ي"
16,13,12,"ق و م"
16,13,13,"ذ ك ر"
16,14,2,"ٱلَّذِى"
16,14,3,"س خ ر"
16,14,4,"ب ح ر"
16,14,5,"ا ك ل"
16,14,7,"ل ح م"
16,14,8,"ط ر و"
16,14,9,"خ ر ج"
16,14,11,"ح ل ي"
16,14,12,"ل ب س"
16,14,13,"ر ا ي"
16,14,14,"ف ل ك"
16,14,15,"م خ ر"
16,14,17,"ب غ ي"
16,14,19,"ف ض ل"
16,14,21,"ش ك ر"
16,15,1,"ل ق ي"
16,15,3,"ا ر ض"
16,15,4,"ر س و"
16,15,6,"م ي د"
16,15,8,"ن ه ر"
16,15,9,"س ب ل"
16,15,11,"ه د ي"
16,16,1,"ع ل م"
16,16,2,"ن ج م"
16,16,4,"ه د ي"
16,17,2,"خ ل ق"
16,17,5,"خ ل ق"
16,17,7,"ذ ك ر"
16,18,2,"ع د د"
16,18,3,"ن ع م"
16,18,4,"ا ل ه"
16,18,6,"ح ص ي"
16,18,8,"ا ل ه"
16,18,9,"غ ف ر"
16,18,10,"ر ح م"
16,19,1,"ا ل ه"
16,19,2,"ع ل م"
16,19,4,"س ر ر"
16,19,6,"ع ل ن"
16,20,1,"ٱلَّذِى"
16,20,2,"د ع و"
16,20,4,"د و ن"
16,20,5,"ا ل ه"
16,20,7,"خ ل ق"
16,20,8,"ش ي ا"
16,20,10,"خ ل ق"
16,21,1,"م و ت"
16,21,2,"غ ي ر"
16,21,3,"ح ي ي"
16,21,5,"ش ع ر"
16,21,7,"ب ع ث"
16,22,1,"ا ل ه"
16,22,2,"ا ل ه"
16,22,3,"و ح د"
16,22,4,"ٱلَّذِى"
16,22,6,"ا م ن"
16,22,7,"ا خ ر"
16,22,8,"ق ل ب"
16,22,9,"ن ك ر"
16,22,11,"ك ب ر"
16,23,2,"ج ر م"
16,23,4,"ا ل ه"
16,23,5,"ع ل م"
16,23,7,"س ر ر"
16,23,9,"ع ل ن"
16,23,12,"ح ب ب"
16,23,13,"ك ب ر"
16,24,1,"إِذَا"
16,24,2,"ق و ل"
16,24,5,"ن ز ل"
16,24,6,"ر ب ب"
16,24,7,"ق و ل"
16,24,8,"س ط ر"
16,24,9,"ا و ل"
16,25,1,"ح م ل"
16,25,2,"و ز ر"
16,25,3,"ك م ل"
16,25,4,"ي و م"
16,25,5,"ق و م"
16,25,7,"و ز ر"
16,25,8,"ٱلَّذِى"
16,25,9,"ض ل ل"
16,25,10,"غ ي ر"
16,25,11,"ع ل م"
16,25,13,"س و ا"
16,25,15,"و ز ر"
16,26,2,"م ك ر"
16,26,3,"ٱلَّذِى"
16,26,5,"ق ب ل"
16,26,6,"ا ت ي"
16,26,7,"ا ل ه"
16,26,8,"ب ن ي"
16,26,10,"ق ع د"
16,26,11,"خ ر ر"
16,26,13,"س ق ف"
16,26,15,"ف و ق"
16,26,16,"ا ت ي"
16,26,17,"ع ذ ب"
16,26,19,"ح ي ث"
16,26,21,"ش ع ر"
16,27,2,"ي و م"
16,27,3,"ق و م"
16,27,4,"خ ز ي"
16,27,5,"ق و ل"
16,27,7,"ش ر ك"
16,27,8,"ٱلَّذِى"
16,27,9,"ك و ن"
16,27,10,"ش ق ق"
16,27,12,"ق و ل"
16,27,13,"ٱلَّذِى"
16,27,14,"ا ت ي"
16,27,15,"ع ل م"
16,27,17,"خ ز ي"
16,27,18,"ي و م"
16,27,19,"س و ا"
16,27,21,"ك ف ر"
16,28,1,"ٱلَّذِى"
16,28,2,"و ف ي"
16,28,3,"م ل ك"
16,28,4,"ظ ل م"
16,28,5,"ن ف س"
16,28,6,"ل ق ي"
16,28,7,"س ل م"
16,28,9,"ك و ن"
16,28,10,"ع م ل"
16,28,12,"س و ا"
16,28,15,"ا ل ه"
16,28,16,"ع ل م"
16,28,18,"ك و ن"
16,28,19,"ع م ل"
16,29,1,"د خ ل"
16,29,2,"ب و ب"
16,29,4,"خ ل د"
16,29,6,"ب ا س"
16,29,7,"ث و ي"
16,29,8,"ك ب ر"
16,30,1,"ق و ل"
16,30,2,"ٱلَّذِى"
16,30,3,"و ق ي"
16,30,5,"ن ز ل"
16,30,6,"ر ب ب"
16,30,7,"ق و ل"
16,30,8,"خ ي ر"
16,30,9,"ٱلَّذِى"
16,30,10,"ح س ن"
16,30,13,"د ن و"
16,30,14,"ح س ن"
16,30,15,"د و ر"
16,30,16,"ا خ ر"
16,30,17,"خ ي ر"
16,30,18,"ن ع م"
16,30,19,"د و ر"
16,30,20,"و ق ي"
16,31,1,"ج ن ن"
16,31,3,"د خ ل"
16,31,4,"ج ر ي"
16,31,6,"ت ح ت"
16,31,7,"ن ه ر"
16,31,11,"ش ي ا"
16,31,13,"ج ز ي"
16,31,14,"ا ل ه"
16,31,15,"و ق ي"
16,32,1,"ٱلَّذِى"
16,32,2,"و ف ي"
16,32,3,"م ل ك"
16,32,4,"ط ي ب"
16,32,5,"ق و ل"
16,32,6,"س ل م"
16,32,8,"د خ ل"
16,32,9,"ج ن ن"
16,32,11,"ك و ن"
16,32,12,"ع م ل"
16,33,2,"ن ظ ر"
16,33,3,"إِلَّا"
16,33,5,"ا ت ي"
16,33,6,"م ل ك"
16,33,8,"ا ت ي"
16,33,9,"ا م ر"
16,33,10,"ر ب ب"
16,33,12,"ف ع ل"
16,33,13,"ٱلَّذِى"
16,33,15,"ق ب ل"
16,33,17,"ظ ل م"
16,33,18,"ا ل ه"
16,33,20,"ك و ن"
16,33,21,"ن ف س"
16,33,22,"ظ ل م"
16,34,1,"ص و ب"
16,34,2,"س و ا"
16,34,4,"ع م ل"
16,34,5,"ح ي ق"
16,34,8,"ك و ن"
16,34,10,"ه ز ا"
16,35,1,"ق و ل"
16,35,2,"ٱلَّذِى"
16,35,3,"ش ر ك"
16,35,5,"ش ي ا"
16,35,6,"ا ل ه"
16,35,8,"ع ب د"
16,35,10,"د و ن"
16,35,12,"ش ي ا"
16,35,15,"ا ب و"
16,35,17,"ح ر م"
16,35,19,"د و ن"
16,35,21,"ش ي ا"
16,35,23,"ف ع ل"
16,35,24,"ٱلَّذِى"
16,35,26,"ق ب ل"
16,35,29,"ر س ل"
16,35,30,"إِلَّا"
16,35,31,"ب ل غ"
16,35,32,"ب ي ن"
16,36,2,"ب ع ث"
16,36,4,"ك ل ل"
16,36,5,"ا م م"
16,36,6,"ر س ل"
16,36,8,"ع ب د"
16,36,9,"ا ل ه"
16,36,10,"ج ن ب"
16,36,11,"ط غ ي"
16,36,14,"ه د ي"
16,36,15,"ا ل ه"
16,36,18,"ح ق ق"
16,36,20,"ض ل ل"
16,36,21,"س ي ر"
16,36,23,"ا ر ض"
16,36,24,"ن ظ ر"
16,36,25,"ك ي ف"
16,36,26,"ك و ن"
16,36,27,"ع ق ب"
16,36,28,"ك ذ ب"
16,37,2,"ح ر ص"
16,37,4,"ه د ي"
16,37,6,"ا ل ه"
16,37,8,"ه د ي"
16,37,10,"ض ل ل"
16,37,14,"ن ص ر"
16,38,1,"ق س م"
16,38,2,"ا ل ه"
16,38,3,"ج ه د"
16,38,4,"ي م ن"
16,38,6,"ب ع ث"
16,38,7,"ا ل ه"
16,38,9,"م و ت"
16,38,11,"و ع د"
16,38,13,"ح ق ق"
16,38,15,"ك ث ر"
16,38,16,"ن و س"
16,38,18,"ع ل م"
16,39,1,"ب ي ن"
16,39,3,"ٱلَّذِى"
16,39,4,"خ ل ف"
16,39,6,"ع ل م"
16,39,7,"ٱلَّذِى"
16,39,8,"ك ف ر"
16,39,10,"ك و ن"
16,39,11,"ك ذ ب"
16,40,2,"ق و ل"
16,40,3,"ش ي ا"
16,40,4,"إِذَا"
16,40,5,"ر و د"
16,40,7,"ق و ل"
16,40,9,"ك و ن"
16,40,10,"ك و ن"
16,41,1,"ٱلَّذِى"
16,41,2,"ه ج ر"
16,41,4,"ا ل ه"
16,41,6,"ب ع د"
16,41,8,"ظ ل م"
16,41,9,"ب و ا"
16,41,11,"د ن و"
16,41,12,"ح س ن"
16,41,13,"ا ج ر"
16,41,14,"ا خ ر"
16,41,15,"ك ب ر"
16,41,17,"ك و ن"
16,41,18,"ع ل م"
16,42,1,"ٱلَّذِى"
16,42,2,"ص ب ر"
16,42,4,"ر ب ب"
16,42,5,"و ك ل"
16,43,2,"ر س ل"
16,43,4,"ق ب ل"
16,43,5,"إِلَّا"
16,43,6,"ر ج ل"
16,43,7,"و ح ي"
16,43,8,"إِلَىٰ"
16,43,9,"س ا ل"
16,43,10,"ا ه ل"
16,43,11,"ذ ك ر"
16,43,13,"ك و ن"
16,43,15,"ع ل م"
16,44,1,"ب ي ن"
16,44,2,"ز ب ر"
16,44,3,"ن ز ل"
16,44,4,"إِلَىٰ"
16,44,5,"ذ ك ر"
16,44,6,"ب ي ن"
16,44,7,"ن و س"
16,44,9,"ن ز ل"
16,44,10,"إِلَىٰ"
16,44,12,"ف ك ر"
16,45,1,"ا م ن"
16,45,2,"ٱلَّذِى"
16,45,3,"م ك ر"
16,45,4,"س و ا"
16,45,6,"خ س ف"
16,45,7,"ا ل ه"
16,45,9,"ا ر ض"
16,45,11,"ا ت ي"
16,45,12,"ع ذ ب"
16,45,14,"ح ي ث"
16,45,16,"ش ع ر"
16,46,2,"ا خ ذ"
16,46,4,"ق ل ب"
16,46,7,"ع ج ز"
16,47,2,"ا خ ذ"
16,47,4,"خ و ف"
16,47,6,"ر ب ب"
16,47,7,"ر ا ف"
16,47,8,"ر ح م"
16,48,2,"ر ا ي"
16,48,3,"إِلَىٰ"
16,48,5,"خ ل ق"
16,48,6,"ا ل ه"
16,48,8,"ش ي ا"
16,48,9,"ف ي ا"
16,48,10,"ظ ل ل"
16,48,12,"ي م ن"
16,48,13,"ش م ل"
16,48,14,"س ج د"
16,48,15,"ا ل ه"
16,48,17,"د خ ر"
16,49,1,"ا ل ه"
16,49,2,"س ج د"
16,49,5,"س م و"
16,49,8,"ا ر ض"
16,49,10,"د ب ب"
16,49,11,"م ل ك"
16,49,14,"ك ب ر"
16,50,1,"خ و ف"
16,50,2,"ر ب ب"
16,50,4,"ف و ق"
16,50,5,"ف ع ل"
16,50,7,"ا م ر"
16,51,1,"ق و ل"
16,51,2,"ا ل ه"
16,51,4,"ا خ ذ"
16,51,5,"ا ل ه"
16,51,6,"ث ن ي"
16,51,9,"ا ل ه"
16,51,10,"و ح د"
16,51,12,"ر ه ب"
16,52,4,"س م و"
16,52,5,"ا ر ض"
16,52,7,"د ي ن"
16,52,8,"و ص ب"
16,52,9,"غ ي ر"
16,52,10,"ا ل ه"
16,52,11,"و ق ي"
16,53,4,"ن ع م"
16,53,6,"ا ل ه"
16,53,8,"إِذَا"
16,53,9,"م س س"
16,53,10,"ض ر ر"
16,53,11,"إِلَىٰ"
16,53,12,"ج ا ر"
16,54,2,"إِذَا"
16,54,3,"ك ش ف"
16,54,4,"ض ر ر"
16,54,6,"إِذَا"
16,54,7,"ف ر ق"
16,54,9,"ر ب ب"
16,54,10,"ش ر ك"
16,55,1,"ك ف ر"
16,55,3,"ا ت ي"
16,55,4,"م ت ع"
16,55,6,"ع ل م"
16,56,1,"ج ع ل"
16,56,4,"ع ل م"
16,56,5,"ن ص ب"
16,56,7,"ر ز ق"
16,56,8,"ا ل ه"
16,56,9,"س ا ل"
16,56,11,"ك و ن"
16,56,12,"ف ر ي"
16,57,1,"ج ع ل"
16,57,2,"ا ل ه"
16,57,3,"ب ن ي"
16,57,4,"س ب ح"
16,57,7,"ش ه و"
16,58,1,"إِذَا"
16,58,2,"ب ش ر"
16,58,3,"ا ح د"
16,58,4,"ا ن ث"
16,58,5,"ظ ل ل"
16,58,6,"و ج ه"
16,58,7,"س و د"
16,58,9,"ك ظ م"
16,59,1,"و ر ي"
16,59,3,"ق و م"
16,59,5,"س و ا"
16,59,7,"ب ش ر"
16,59,9,"م س ك"
16,59,11,"ه و ن"
16,59,12,"أَم"
16,59,13,"د س س"
16,59,15,"ت ر ب"
16,59,17,"س و ا"
16,59,19,"ح ك م"
16,60,1,"ٱلَّذِى"
16,60,3,"ا م ن"
16,60,4,"ا خ ر"
16,60,5,"م ث ل"
16,60,6,"س و ا"
16,60,7,"ا ل ه"
16,60,8,"م ث ل"
16,60,9,"ع ل و"
16,60,11,"ع ز ز"
16,60,12,"ح ك م"
16,61,2,"ا خ ذ"
16,61,3,"ا ل ه"
16,61,4,"ن و س"
16,61,5,"ظ ل م"
16,61,7,"ت ر ك"
16,61,10,"د ب ب"
16,61,12,"ا خ ر"
16,61,13,"إِلَىٰ"
16,61,14,"ا ج ل"
16,61,15,"س م و"
16,61,16,"إِذَا"
16,61,17,"ج ي ا"
16,61,18,"ا ج ل"
16,61,20,"ا خ ر"
16,61,21,"س و ع"
16,61,23,"ق د م"
16,62,1,"ج ع ل"
16,62,2,"ا ل ه"
16,62,4,"ك ر ه"
16,62,5,"و ص ف"
16,62,6,"ل س ن"
16,62,7,"ك ذ ب"
16,62,10,"ح س ن"
16,62,12,"ج ر م"
16,62,15,"ن و ر"
16,62,17,"ف ر ط"
16,63,1,"ا ل ه"
16,63,3,"ر س ل"
16,63,4,"إِلَىٰ"
16,63,5,"ا م م"
16,63,7,"ق ب ل"
16,63,8,"ز ي ن"
16,63,10,"ش ط ن"
16,63,11,"ع م ل"
16,63,13,"و ل ي"
16,63,14,"ي و م"
16,63,16,"ع ذ ب"
16,63,17,"ا ل م"
16,64,2,"ن ز ل"
16,64,4,"ك ت ب"
16,64,5,"إِلَّا"
16,64,6,"ب ي ن"
16,64,8,"ٱلَّذِى"
16,64,9,"خ ل ف"
16,64,11,"ه د ي"
16,64,12,"ر ح م"
16,64,13,"ق و م"
16,64,14,"ا م ن"
16,65,1,"ا ل ه"
16,65,2,"ن ز ل"
16,65,4,"س م و"
16,65,5,"م و ه"
16,65,6,"ح ي ي"
16,65,8,"ا ر ض"
16,65,9,"ب ع د"
16,65,10,"م و ت"
16,65,14,"ا ي ي"
16,65,15,"ق و م"
16,65,16,"س م ع"
16,66,4,"ن ع م"
16,66,5,"ع ب ر"
16,66,6,"س ق ي"
16,66,9,"ب ط ن"
16,66,11,"ب ي ن"
16,66,12,"ف ر ث"
16,66,13,"د م و"
16,66,14,"ل ب ن"
16,66,15,"خ ل ص"
16,66,16,"س و غ"
16,66,17,"ش ر ب"
16,67,2,"ث م ر"
16,67,3,"ن خ ل"
16,67,4,"ع ن ب"
16,67,5,"ا خ ذ"
16,67,7,"س ك ر"
16,67,8,"ر ز ق"
16,67,9,"ح س ن"
16,67,13,"ا ي ي"
16,67,14,"ق و م"
16,67,15,"ع ق ل"
16,68,1,"و ح ي"
16,68,2,"ر ب ب"
16,68,3,"إِلَىٰ"
16,68,4,"ن ح ل"
16,68,6,"ا خ ذ"
16,68,8,"ج ب ل"
16,68,9,"ب ي ت"
16,68,11,"ش ج ر"
16,68,13,"ع ر ش"
16,69,2,"ا ك ل"
16,69,4,"ك ل ل"
16,69,5,"ث م ر"
16,69,6,"س ل ك"
16,69,7,"س ب ل"
16,69,8,"ر ب ب"
16,69,9,"ذ ل ل"
16,69,10,"خ ر ج"
16,69,12,"ب ط ن"
16,69,13,"ش ر ب"
16,69,14,"خ ل ف"
16,69,15,"ل و ن"
16,69,17,"ش ف ي"
16,69,18,"ن و س"
16,69,22,"ا ي ي"
16,69,23,"ق و م"
16,69,24,"ف ك ر"
16,70,1,"ا ل ه"
16,70,2,"خ ل ق"
16,70,4,"و ف ي"
16,70,7,"ر د د"
16,70,8,"إِلَىٰ"
16,70,9,"ر ذ ل"
16,70,10,"ع م ر"
16,70,13,"ع ل م"
16,70,14,"ب ع د"
16,70,15,"ع ل م"
16,70,16,"ش ي ا"
16,70,18,"ا ل ه"
16,70,19,"ع ل م"
16,70,20,"ق د ر"
16,71,1,"ا ل ه"
16,71,2,"ف ض ل"
16,71,3,"ب ع ض"
16,71,5,"ب ع ض"
16,71,7,"ر ز ق"
16,71,9,"ٱلَّذِى"
16,71,10,"ف ض ل"
16,71,11,"ر د د"
16,71,12,"ر ز ق"
16,71,15,"م ل ك"
16,71,16,"ي م ن"
16,71,19,"س و ي"
16,71,20,"ن ع م"
16,71,21,"ا ل ه"
16,71,22,"ج ح د"
16,72,1,"ا ل ه"
16,72,2,"ج ع ل"
16,72,5,"ن ف س"
16,72,6,"ز و ج"
16,72,7,"ج ع ل"
16,72,10,"ز و ج"
16,72,11,"ب ن ي"
16,72,12,"ح ف د"
16,72,13,"ر ز ق"
16,72,15,"ط ي ب"
16,72,16,"ب ط ل"
16,72,17,"ا م ن"
16,72,18,"ن ع م"
16,72,19,"ا ل ه"
16,72,21,"ك ف ر"
16,73,1,"ع ب د"
16,73,3,"د و ن"
16,73,4,"ا ل ه"
16,73,7,"م ل ك"
16,73,9,"ر ز ق"
16,73,11,"س م و"
16,73,12,"ا ر ض"
16,73,13,"ش ي ا"
16,73,15,"ط و ع"
16,74,2,"ض ر ب"
16,74,3,"ا ل ه"
16,74,4,"م ث ل"
16,74,6,"ا ل ه"
16,74,7,"ع ل م"
16,74,10,"ع ل م"
16,75,1,"ض ر ب"
16,75,2,"ا ل ه"
16,75,3,"م ث ل"
16,75,4,"ع ب د"
16,75,5,"م ل ك"
16,75,7,"ق د ر"
16,75,9,"ش ي ا"
16,75,11,"ر ز ق"
16,75,13,"ر ز ق"
16,75,14,"ح س ن"
16,75,16,"ن ف ق"
16,75,18,"س ر ر"
16,75,19,"ج ه ر"
16,75,21,"س و ي"
16,75,22,"ح م د"
16,75,23,"ا ل ه"
16,75,25,"ك ث ر"
16,75,27,"ع ل م"
16,76,1,"ض ر ب"
16,76,2,"ا ل ه"
16,76,3,"م ث ل"
16,76,4,"ر ج ل"
16,76,5,"ا ح د"
16,76,6,"ب ك م"
16,76,8,"ق د ر"
16,76,10,"ش ي ا"
16,76,12,"ك ل ل"
16,76,14,"و ل ي"
16,76,16,"و ج ه"
16,76,18,"ا ت ي"
16,76,19,"خ ي ر"
16,76,21,"س و ي"
16,76,24,"ا م ر"
16,76,25,"ع د ل"
16,76,28,"ص ر ط"
16,76,29,"ق و م"
16,77,1,"ا ل ه"
16,77,2,"غ ي ب"
16,77,3,"س م و"
16,77,4,"ا ر ض"
16,77,6,"ا م ر"
16,77,7,"س و ع"
16,77,8,"إِلَّا"
16,77,9,"ل م ح"
16,77,10,"ب ص ر"
16,77,13,"ق ر ب"
16,77,15,"ا ل ه"
16,77,17,"ك ل ل"
16,77,18,"ش ي ا"
16,77,19,"ق د ر"
16,78,1,"ا ل ه"
16,78,2,"خ ر ج"
16,78,4,"ب ط ن"
16,78,5,"ا م م"
16,78,7,"ع ل م"
16,78,8,"ش ي ا"
16,78,9,"ج ع ل"
16,78,11,"س م ع"
16,78,12,"ب ص ر"
16,78,13,"ف ا د"
16,78,15,"ش ك ر"
16,79,2,"ر ا ي"
16,79,3,"إِلَىٰ"
16,79,4,"ط ي ر"
16,79,5,"س خ ر"
16,79,7,"ج و و"
16,79,8,"س م و"
16,79,10,"م س ك"
16,79,11,"إِلَّا"
16,79,12,"ا ل ه"
16,79,16,"ا ي ي"
16,79,17,"ق و م"
16,79,18,"ا م ن"
16,80,1,"ا ل ه"
16,80,2,"ج ع ل"
16,80,5,"ب ي ت"
16,80,6,"س ك ن"
16,80,7,"ج ع ل"
16,80,10,"ج ل د"
16,80,11,"ن ع م"
16,80,12,"ب ي ت"
16,80,13,"خ ف ف"
16,80,14,"ي و م"
16,80,15,"ظ ع ن"
16,80,16,"ي و م"
16,80,17,"ق و م"
16,80,19,"ص و ف"
16,80,20,"و ب ر"
16,80,21,"ش ع ر"
16,80,22,"ا ث ث"
16,80,23,"م ت ع"
16,80,24,"إِلَىٰ"
16,80,25,"ح ي ن"
16,81,1,"ا ل ه"
16,81,2,"ج ع ل"
16,81,5,"خ ل ق"
16,81,6,"ظ ل ل"
16,81,7,"ج ع ل"
16,81,10,"ج ب ل"
16,81,11,"ك ن ن"
16,81,12,"ج ع ل"
16,81,14,"س ر ب ل"
16,81,15,"و ق ي"
16,81,16,"ح ر ر"
16,81,17,"س ر ب ل"
16,81,18,"و ق ي"
16,81,19,"ب ا س"
16,81,21,"ت م م"
16,81,22,"ن ع م"
16,81,25,"س ل م"
16,82,2,"و ل ي"
16,82,5,"ب ل غ"
16,82,6,"ب ي ن"
16,83,1,"ع ر ف"
16,83,2,"ن ع م"
16,83,3,"ا ل ه"
16,83,5,"ن ك ر"
16,83,6,"ك ث ر"
16,83,7,"ك ف ر"
16,84,1,"ي و م"
16,84,2,"ب ع ث"
16,84,4,"ك ل ل"
16,84,5,"ا م م"
16,84,6,"ش ه د"
16,84,9,"ا ذ ن"
16,84,10,"ٱلَّذِى"
16,84,11,"ك ف ر"
16,84,14,"ع ت ب"
16,85,1,"إِذَا"
16,85,2,"ر ا ي"
16,85,3,"ٱلَّذِى"
16,85,4,"ظ ل م"
16,85,5,"ع ذ ب"
16,85,7,"خ ف ف"
16,85,11,"ن ظ ر"
16,86,1,"إِذَا"
16,86,2,"ر ا ي"
16,86,3,"ٱلَّذِى"
16,86,4,"ش ر ك"
16,86,5,"ش ر ك"
16,86,6,"ق و ل"
16,86,7,"ر ب ب"
16,86,9,"ش ر ك"
16,86,10,"ٱلَّذِى"
16,86,11,"ك و ن"
16,86,12,"د ع و"
16,86,14,"د و ن"
16,86,15,"ل ق ي"
16,86,16,"إِلَىٰ"
16,86,17,"ق و ل"
16,86,19,"ك ذ ب"
16,87,1,"ل ق ي"
16,87,2,"إِلَىٰ"
16,87,3,"ا ل ه"
16,87,5,"س ل م"
16,87,6,"ض ل ل"
16,87,9,"ك و ن"
16,87,10,"ف ر ي"
16,88,1,"ٱلَّذِى"
16,88,2,"ك ف ر"
16,88,3,"ص د د"
16,88,5,"س ب ل"
16,88,6,"ا ل ه"
16,88,7,"ز ي د"
16,88,8,"ع ذ ب"
16,88,9,"ف و ق"
16,88,10,"ع ذ ب"
16,88,12,"ك و ن"
16,88,13,"ف س د"
16,89,1,"ي و م"
16,89,2,"ب ع ث"
16,89,4,"ك ل ل"
16,89,5,"ا م م"
16,89,6,"ش ه د"
16,89,9,"ن ف س"
16,89,10,"ج ي ا"
16,89,12,"ش ه د"
16,89,15,"ن ز ل"
16,89,17,"ك ت ب"
16,89,18,"ب ي ن"
16,89,19,"ك ل ل"
16,89,20,"ش ي ا"
16,89,21,"ه د ي"
16,89,22,"ر ح م"
16,89,23,"ب ش ر"
16,89,24,"س ل م"
16,90,2,"ا ل ه"
16,90,3,"ا م ر"
16,90,4,"ع د ل"
16,90,5,"ح س ن"
16,90,6,"ا ت ي"
16,90,8,"ق ر ب"
16,90,9,"ن ه ي"
16,90,11,"ف ح ش"
16,90,12,"ن ك ر"
16,90,13,"ب غ ي"
16,90,14,"و ع ظ"
16,90,16,"ذ ك ر"
16,91,1,"و ف ي"
16,91,2,"ع ه د"
16,91,3,"ا ل ه"
16,91,4,"إِذَا"
16,91,5,"ع ه د"
16,91,7,"ن ق ض"
16,91,8,"ي م ن"
16,91,9,"ب ع د"
16,91,10,"و ك د"
16,91,12,"ج ع ل"
16,91,13,"ا ل ه"
16,91,15,"ك ف ل"
16,91,17,"ا ل ه"
16,91,18,"ع ل م"
16,91,20,"ف ع ل"
16,92,2,"ك و ن"
16,92,3,"ٱلَّذِى"
16,92,4,"ن ق ض"
16,92,5,"غ ز ل"
16,92,7,"ب ع د"
16,92,8,"ق و ي"
16,92,9,"ن ك ث"
16,92,10,"ا خ ذ"
16,92,11,"ي م ن"
16,92,12,"د خ ل"
16,92,13,"ب ي ن"
16,92,15,"ك و ن"
16,92,16,"ا م م"
16,92,18,"ر ب و"
16,92,20,"ا م م"
16,92,22,"ب ل و"
16,92,23,"ا ل ه"
16,92,25,"ب ي ن"
16,92,27,"ي و م"
16,92,28,"ق و م"
16,92,30,"ك و ن"
16,92,32,"خ ل ف"
16,93,2,"ش ي ا"
16,93,3,"ا ل ه"
16,93,4,"ج ع ل"
16,93,5,"ا م م"
16,93,6,"و ح د"
16,93,8,"ض ل ل"
16,93,10,"ش ي ا"
16,93,11,"ه د ي"
16,93,13,"ش ي ا"
16,93,14,"س ا ل"
16,93,16,"ك و ن"
16,93,17,"ع م ل"
16,94,2,"ا خ ذ"
16,94,3,"ي م ن"
16,94,4,"د خ ل"
16,94,5,"ب ي ن"
16,94,6,"ز ل ل"
16,94,7,"ق د م"
16,94,8,"ب ع د"
16,94,9,"ث ب ت"
16,94,10,"ذ و ق"
16,94,11,"س و ا"
16,94,13,"ص د د"
16,94,15,"س ب ل"
16,94,16,"ا ل ه"
16,94,18,"ع ذ ب"
16,94,19,"ع ظ م"
16,95,2,"ش ر ي"
16,95,3,"ع ه د"
16,95,4,"ا ل ه"
16,95,5,"ث م ن"
16,95,6,"ق ل ل"
16,95,8,"ع ن د"
16,95,9,"ا ل ه"
16,95,11,"خ ي ر"
16,95,14,"ك و ن"
16,95,15,"ع ل م"
16,96,2,"ع ن د"
16,96,3,"ن ف د"
16,96,5,"ع ن د"
16,96,6,"ا ل ه"
16,96,7,"ب ق ي"
16,96,8,"ج ز ي"
16,96,9,"ٱلَّذِى"
16,96,10,"ص ب ر"
16,96,11,"ا ج ر"
16,96,12,"ح س ن"
16,96,14,"ك و ن"
16,96,15,"ع م ل"
16,97,2,"ع م ل"
16,97,3,"ص ل ح"
16,97,5,"ذ ك ر"
16,97,7,"ا ن ث"
16,97,9,"ا م ن"
16,97,10,"ح ي ي"
16,97,11,"ح ي ي"
16,97,12,"ط ي ب"
16,97,13,"ج ز ي"
16,97,14,"ا ج ر"
16,97,15,"ح س ن"
16,97,17,"ك و ن"
16,97,18,"ع م ل"
16,98,1,"إِذَا"
16,98,2,"ق ر ا"
16,98,3,"ق ر ا"
16,98,4,"ع و ذ"
16,98,5,"ا ل ه"
16,98,7,"ش ط ن"
16,98,8,"ر ج م"
16,99,2,"ل ي س"
16,99,4,"س ل ط"
16,99,6,"ٱلَّذِى"
16,99,7,"ا م ن"
16,99,9,"ر ب ب"
16,99,10,"و ك ل"
16,100,2,"س ل ط"
16,100,4,"ٱلَّذِى"
16,100,5,"و ل ي"
16,100,6,"ٱلَّذِى"
16,100,9,"ش ر ك"
16,101,1,"إِذَا"
16,101,2,"ب د ل"
16,101,3,"ا ي ي"
16,101,4,"ك و ن"
16,101,5,"ا ي ي"
16,101,6,"ا ل ه"
16,101,7,"ع ل م"
16,101,9,"ن ز ل"
16,101,10,"ق و ل"
16,101,13,"ف ر ي"
16,101,15,"ك ث ر"
16,101,17,"ع ل م"
16,102,1,"ق و ل"
16,102,2,"ن ز ل"
16,102,3,"ر و ح"
16,102,4,"ق د س"
16,102,6,"ر ب ب"
16,102,7,"ح ق ق"
16,102,8,"ث ب ت"
16,102,9,"ٱلَّذِى"
16,102,10,"ا م ن"
16,102,11,"ه د ي"
16,102,12,"ب ش ر"
16,102,13,"س ل م"
16,103,2,"ع ل م"
16,103,4,"ق و ل"
16,103,6,"ع ل م"
16,103,7,"ب ش ر"
16,103,8,"ل س ن"
16,103,9,"ٱلَّذِى"
16,103,10,"ل ح د"
16,103,11,"إِلَىٰ"
16,103,12,"ع ج م"
16,103,14,"ل س ن"
16,103,15,"ع ر ب"
16,103,16,"ب ي ن"
16,104,2,"ٱلَّذِى"
16,104,4,"ا م ن"
16,104,5,"ا ي ي"
16,104,6,"ا ل ه"
16,104,8,"ه د ي"
16,104,9,"ا ل ه"
16,104,11,"ع ذ ب"
16,104,12,"ا ل م"
16,105,2,"ف ر ي"
16,105,3,"ك ذ ب"
16,105,4,"ٱلَّذِى"
16,105,6,"ا م ن"
16,105,7,"ا ي ي"
16,105,8,"ا ل ه"
16,105,11,"ك ذ ب"
16,106,2,"ك ف ر"
16,106,3,"ا ل ه"
16,106,5,"ب ع د"
16,106,6,"ا م ن"
16,106,7,"إِلَّا"
16,106,9,"ك ر ه"
16,106,10,"ق ل ب"
16,106,11,"ط م ن"
16,106,12,"ا م ن"
16,106,15,"ش ر ح"
16,106,16,"ك ف ر"
16,106,17,"ص د ر"
16,106,19,"غ ض ب"
16,106,21,"ا ل ه"
16,106,23,"ع ذ ب"
16,106,24,"ع ظ م"
16,107,3,"ح ب ب"
16,107,4,"ح ي ي"
16,107,5,"د ن و"
16,107,7,"ا خ ر"
16,107,9,"ا ل ه"
16,107,11,"ه د ي"
16,107,12,"ق و م"
16,107,13,"ك ف ر"
16,108,2,"ٱلَّذِى"
16,108,3,"ط ب ع"
16,108,4,"ا ل ه"
16,108,6,"ق ل ب"
16,108,7,"س م ع"
16,108,8,"ب ص ر"
16,108,11,"غ ف ل"
16,109,2,"ج ر م"
16,109,5,"ا خ ر"
16,109,7,"خ س ر"
16,110,3,"ر ب ب"
16,110,4,"ٱلَّذِى"
16,110,5,"ه ج ر"
16,110,7,"ب ع د"
16,110,9,"ف ت ن"
16,110,11,"ج ه د"
16,110,12,"ص ب ر"
16,110,14,"ر ب ب"
16,110,16,"ب ع د"
16,110,17,"غ ف ر"
16,110,18,"ر ح م"
16,111,1,"ي و م"
16,111,2,"ا ت ي"
16,111,3,"ك ل ل"
16,111,4,"ن ف س"
16,111,5,"ج د ل"
16,111,7,"ن ف س"
16,111,8,"و ف ي"
16,111,9,"ك ل ل"
16,111,10,"ن ف س"
16,111,12,"ع م ل"
16,111,15,"ظ ل م"
16,112,1,"ض ر ب"
16,112,2,"ا ل ه"
16,112,3,"م ث ل"
16,112,4,"ق ر ي"
16,112,5,"ك و ن"
16,112,6,"ا م ن"
16,112,7,"ط م ن"
16,112,8,"ا ت ي"
16,112,9,"ر ز ق"
16,112,10,"ر غ د"
16,112,12,"ك ل ل"
16,112,13,"ك و ن"
16,112,14,"ك ف ر"
16,112,15,"ن ع م"
16,112,16,"ا ل ه"
16,112,17,"ذ و ق"
16,112,18,"ا ل ه"
16,112,19,"ل ب س"
16,112,20,"ج و ع"
16,112,21,"خ و ف"
16,112,23,"ك و ن"
16,112,24,"ص ن ع"
16,113,2,"ج ي ا"
16,113,3,"ر س ل"
16,113,5,"ك ذ ب"
16,113,6,"ا خ ذ"
16,113,7,"ع ذ ب"
16,113,9,"ظ ل م"
16,114,1,"ا ك ل"
16,114,3,"ر ز ق"
16,114,4,"ا ل ه"
16,114,5,"ح ل ل"
16,114,6,"ط ي ب"
16,114,7,"ش ك ر"
16,114,8,"ن ع م"
16,114,9,"ا ل ه"
16,114,11,"ك و ن"
16,114,13,"ع ب د"
16,115,2,"ح ر م"
16,115,4,"م و ت"
16,115,5,"د م و"
16,115,6,"ل ح م"
16,115,7,"خ ن ز ر"
16,115,9,"ه ل ل"
16,115,10,"غ ي ر"
16,115,11,"ا ل ه"
16,115,14,"ض ر ر"
16,115,15,"غ ي ر"
16,115,16,"ب غ ي"
16,115,18,"ع د و"
16,115,20,"ا ل ه"
16,115,21,"غ ف ر"
16,115,22,"ر ح م"
16,116,2,"ق و ل"
16,116,4,"و ص ف"
16,116,5,"ل س ن"
16,116,6,"ك ذ ب"
16,116,8,"ح ل ل"
16,116,10,"ح ر م"
16,116,11,"ف ر ي"
16,116,13,"ا ل ه"
16,116,14,"ك ذ ب"
16,116,16,"ٱلَّذِى"
16,116,17,"ف ر ي"
16,116,19,"ا ل ه"
16,116,20,"ك ذ ب"
16,116,22,"ف ل ح"
16,117,1,"م ت ع"
16,117,2,"ق ل ل"
16,117,4,"ع ذ ب"
16,117,5,"ا ل م"
16,118,2,"ٱلَّذِى"
16,118,3,"ه و د"
16,118,4,"ح ر م"
16,118,6,"ق ص ص"
16,118,9,"ق ب ل"
16,118,11,"ظ ل م"
16,118,13,"ك و ن"
16,118,14,"ن ف س"
16,118,15,"ظ ل م"
16,119,3,"ر ب ب"
16,119,4,"ٱلَّذِى"
16,119,5,"ع م ل"
16,119,6,"س و ا"
16,119,7,"ج ه ل"
16,119,9,"ت و ب"
16,119,11,"ب ع د"
16,119,13,"ص ل ح"
16,119,15,"ر ب ب"
16,119,17,"ب ع د"
16,119,18,"غ ف ر"
16,119,19,"ر ح م"
16,120,2,"إِبْرَاهِيم"
16,120,3,"ك و ن"
16,120,4,"ا م م"
16,120,5,"ق ن ت"
16,120,6,"ا ل ه"
16,120,7,"ح ن ف"
16,120,9,"ك و ن"
16,120,11,"ش ر ك"
16,121,1,"ش ك ر"
16,121,2,"ن ع م"
16,121,3,"ج ب ي"
16,121,4,"ه د ي"
16,121,5,"إِلَىٰ"
16,121,6,"ص ر ط"
16,121,7,"ق و م"
16,122,1,"ا ت ي"
16,122,3,"د ن و"
16,122,4,"ح س ن"
16,122,7,"ا خ ر"
16,122,9,"ص ل ح"
16,123,2,"و ح ي"
16,123,3,"إِلَىٰ"
16,123,5,"ت ب ع"
16,123,6,"م ل ل"
16,123,7,"إِبْرَاهِيم"
16,123,8,"ح ن ف"
16,123,10,"ك و ن"
16,123,12,"ش ر ك"
16,124,2,"ج ع ل"
16,124,3,"س ب ت"
16,124,5,"ٱلَّذِى"
16,124,6,"خ ل ف"
16,124,9,"ر ب ب"
16,124,10,"ح ك م"
16,124,11,"ب ي ن"
16,124,12,"ي و م"
16,124,13,"ق و م"
16,124,15,"ك و ن"
16,124,17,"خ ل ف"
16,125,1,"د ع و"
16,125,2,"إِلَىٰ"
16,125,3,"س ب ل"
16,125,4,"ر ب ب"
16,125,5,"ح ك م"
16,125,6,"و ع ظ"
16,125,7,"ح س ن"
16,125,8,"ج د ل"
16,125,9,"ٱلَّذِى"
16,125,11,"ح س ن"
16,125,13,"ر ب ب"
16,125,15,"ع ل م"
16,125,17,"ض ل ل"
16,125,19,"س ب ل"
16,125,21,"ع ل م"
16,125,22,"ه د ي"
16,126,2,"ع ق ب"
16,126,3,"ع ق ب"
16,126,4,"م ث ل"
16,126,6,"ع ق ب"
16,126,9,"ص ب ر"
16,126,11,"خ ي ر"
16,126,12,"ص ب ر"
16,127,1,"ص ب ر"
16,127,3,"ص ب ر"
16,127,4,"إِلَّا"
16,127,5,"ا ل ه"
16,127,7,"ح ز ن"
16,127,10,"ك و ن"
16,127,12,"ض ي ق"
16,127,14,"م ك ر"
16,128,2,"ا ل ه"
16,128,4,"ٱلَّذِى"
16,128,5,"و ق ي"
16,128,6,"ٱلَّذِى"
16,128,8,"ح س ن"
17,1,1,"س ب ح"
17,1,2,"ٱلَّذِى"
17,1,3,"س ر ي"
17,1,4,"ع ب د"
17,1,5,"ل ي ل"
17,1,7,"س ج د"
17,1,8,"ح ر م"
17,1,9,"إِلَىٰ"
17,1,10,"س ج د"
17,1,11,"ق ص و"
17,1,12,"ٱلَّذِى"
17,1,13,"ب ر ك"
17,1,14,"ح و ل"
17,1,15,"ر ا ي"
17,1,17,"ا ي ي"
17,1,20,"س م ع"
17,1,21,"ب ص ر"
17,2,1,"ا ت ي"
17,2,3,"ك ت ب"
17,2,4,"ج ع ل"
17,2,5,"ه د ي"
17,2,6,"ب ن ي"
17,2,7,"إِسْرَائِيل"
17,2,9,"ا خ ذ"
17,2,11,"د و ن"
17,2,12,"و ك ل"
17,3,1,"ذ ر ر"
17,3,3,"ح م ل"
17,3,7,"ك و ن"
17,3,8,"ع ب د"
17,3,9,"ش ك ر"
17,4,1,"ق ض ي"
17,4,2,"إِلَىٰ"
17,4,3,"ب ن ي"
17,4,4,"إِسْرَائِيل"
17,4,6,"ك ت ب"
17,4,7,"ف س د"
17,4,9,"ا ر ض"
17,4,10,"م ر ر"
17,4,11,"ع ل و"
17,4,12,"ع ل و"
17,4,13,"ك ب ر"
17,5,1,"إِذَا"
17,5,2,"ج ي ا"
17,5,3,"و ع د"
17,5,4,"ا و ل"
17,5,5,"ب ع ث"
17,5,7,"ع ب د"
17,5,9,"ا و ل"
17,5,10,"ب ا س"
17,5,11,"ش د د"
17,5,12,"ج و س"
17,5,13,"خ ل ل"
17,5,14,"د و ر"
17,5,15,"ك و ن"
17,5,16,"و ع د"
17,5,17,"ف ع ل"
17,6,2,"ر د د"
17,6,4,"ك ر ر"
17,6,6,"م د د"
17,6,7,"م و ل"
17,6,8,"ب ن ي"
17,6,9,"ج ع ل"
17,6,10,"ك ث ر"
17,6,11,"ن ف ر"
17,7,2,"ح س ن"
17,7,3,"ح س ن"
17,7,4,"ن ف س"
17,7,6,"س و ا"
17,7,8,"إِذَا"
17,7,9,"ج ي ا"
17,7,10,"و ع د"
17,7,11,"ا خ ر"
17,7,12,"س و ا"
17,7,13,"و ج ه"
17,7,14,"د خ ل"
17,7,15,"س ج د"
17,7,17,"د خ ل"
17,7,18,"ا و ل"
17,7,19,"م ر ر"
17,7,20,"ت ب ر"
17,7,22,"ع ل و"
17,7,23,"ت ب ر"
17,8,1,"ع س ي"
17,8,2,"ر ب ب"
17,8,4,"ر ح م"
17,8,6,"ع و د"
17,8,7,"ع و د"
17,8,8,"ج ع ل"
17,8,10,"ك ف ر"
17,8,11,"ح ص ر"
17,9,3,"ق ر ا"
17,9,4,"ه د ي"
17,9,5,"ٱلَّذِى"
17,9,7,"ق و م"
17,9,8,"ب ش ر"
17,9,9,"ا م ن"
17,9,10,"ٱلَّذِى"
17,9,11,"ع م ل"
17,9,12,"ص ل ح"
17,9,15,"ا ج ر"
17,9,16,"ك ب ر"
17,10,2,"ٱلَّذِى"
17,10,4,"ا م ن"
17,10,5,"ا خ ر"
17,10,6,"ع ت د"
17,10,8,"ع ذ ب"
17,10,9,"ا ل م"
17,11,1,"د ع و"
17,11,2,"ا ن س"
17,11,3,"ش ر ر"
17,11,4,"د ع و"
17,11,5,"خ ي ر"
17,11,6,"ك و ن"
17,11,7,"ا ن س"
17,11,8,"ع ج ل"
17,12,1,"ج ع ل"
17,12,2,"ل ي ل"
17,12,3,"ن ه ر"
17,12,4,"ا ي ي"
17,12,5,"م ح و"
17,12,6,"ا ي ي"
17,12,7,"ل ي ل"
17,12,8,"ج ع ل"
17,12,9,"ا ي ي"
17,12,10,"ن ه ر"
17,12,11,"ب ص ر"
17,12,12,"ب غ ي"
17,12,13,"ف ض ل"
17,12,15,"ر ب ب"
17,12,16,"ع ل م"
17,12,17,"ع د د"
17,12,18,"س ن و"
17,12,19,"ح س ب"
17,12,20,"ك ل ل"
17,12,21,"ش ي ا"
17,12,22,"ف ص ل"
17,12,23,"ف ص ل"
17,13,1,"ك ل ل"
17,13,2,"ا ن س"
17,13,3,"ل ز م"
17,13,4,"ط ي ر"
17,13,6,"ع ن ق"
17,13,7,"خ ر ج"
17,13,9,"ي و م"
17,13,10,"ق و م"
17,13,11,"ك ت ب"
17,13,12,"ل ق ي"
17,13,13,"ن ش ر"
17,14,1,"ق ر ا"
17,14,2,"ك ت ب"
17,14,3,"ك ف ي"
17,14,4,"ن ف س"
17,14,5,"ي و م"
17,14,7,"ح س ب"
17,15,2,"ه د ي"
17,15,4,"ه د ي"
17,15,5,"ن ف س"
17,15,7,"ض ل ل"
17,15,9,"ض ل ل"
17,15,12,"و ز ر"
17,15,13,"و ز ر"
17,15,14,"و ز ر"
17,15,15,"ا خ ر"
17,15,17,"ك و ن"
17,15,18,"ع ذ ب"
17,15,20,"ب ع ث"
17,15,21,"ر س ل"
17,16,1,"إِذَا"
17,16,2,"ر و د"
17,16,4,"ه ل ك"
17,16,5,"ق ر ي"
17,16,6,"ا م ر"
17,16,7,"ت ر ف"
17,16,8,"ف س ق"
17,16,10,"ح ق ق"
17,16,12,"ق و ل"
17,16,13,"د م ر"
17,16,14,"د م ر"
17,17,2,"ه ل ك"
17,17,4,"ق ر ن"
17,17,6,"ب ع د"
17,17,8,"ك ف ي"
17,17,9,"ر ب ب"
17,17,10,"ذ ن ب"
17,17,11,"ع ب د"
17,17,12,"خ ب ر"
17,17,13,"ب ص ر"
17,18,2,"ك و ن"
17,18,3,"ر و د"
17,18,4,"ع ج ل"
17,18,5,"ع ج ل"
17,18,9,"ش ي ا"
17,18,11,"ر و د"
17,18,13,"ج ع ل"
17,18,16,"ص ل ي"
17,18,17,"ذ م م"
17,18,18,"د ح ر"
17,19,2,"ر و د"
17,19,3,"ا خ ر"
17,19,4,"س ع ي"
17,19,6,"س ع ي"
17,19,8,"ا م ن"
17,19,10,"ك و ن"
17,19,11,"س ع ي"
17,19,12,"ش ك ر"
17,20,1,"ك ل ل"
17,20,2,"م د د"
17,20,6,"ع ط و"
17,20,7,"ر ب ب"
17,20,9,"ك و ن"
17,20,10,"ع ط و"
17,20,11,"ر ب ب"
17,20,12,"ح ظ ر"
17,21,1,"ن ظ ر"
17,21,2,"ك ي ف"
17,21,3,"ف ض ل"
17,21,4,"ب ع ض"
17,21,6,"ب ع ض"
17,21,7,"ا خ ر"
17,21,8,"ك ب ر"
17,21,9,"د ر ج"
17,21,10,"ك ب ر"
17,21,11,"ف ض ل"
17,22,2,"ج ع ل"
17,22,4,"ا ل ه"
17,22,5,"ا ل ه"
17,22,6,"ا خ ر"
17,22,7,"ق ع د"
17,22,8,"ذ م م"
17,22,9,"خ ذ ل"
17,23,1,"ق ض ي"
17,23,2,"ر ب ب"
17,23,4,"ع ب د"
17,23,5,"إِلَّا"
17,23,7,"و ل د"
17,23,8,"ح س ن"
17,23,9,"إِمَّا"
17,23,10,"ب ل غ"
17,23,11,"ع ن د"
17,23,12,"ك ب ر"
17,23,13,"ا ح د"
17,23,15,"ك ل و"
17,23,17,"ق و ل"
17,23,19,"ا ف ف"
17,23,21,"ن ه ر"
17,23,22,"ق و ل"
17,23,24,"ق و ل"
17,23,25,"ك ر م"
17,24,1,"خ ف ض"
17,24,3,"ج ن ح"
17,24,4,"ذ ل ل"
17,24,6,"ر ح م"
17,24,7,"ق و ل"
17,24,8,"ر ب ب"
17,24,9,"ر ح م"
17,24,11,"ر ب و"
17,24,12,"ص غ ر"
17,25,1,"ر ب ب"
17,25,2,"ع ل م"
17,25,5,"ن ف س"
17,25,7,"ك و ن"
17,25,8,"ص ل ح"
17,25,10,"ك و ن"
17,25,11,"ا و ب"
17,25,12,"غ ف ر"
17,26,1,"ا ت ي"
17,26,3,"ق ر ب"
17,26,4,"ح ق ق"
17,26,5,"س ك ن"
17,26,6,"ب ن ي"
17,26,7,"س ب ل"
17,26,9,"ب ذ ر"
17,26,10,"ب ذ ر"
17,27,2,"ب ذ ر"
17,27,3,"ك و ن"
17,27,4,"ا خ و"
17,27,5,"ش ط ن"
17,27,6,"ك و ن"
17,27,7,"ش ط ن"
17,27,8,"ر ب ب"
17,27,9,"ك ف ر"
17,28,1,"إِمَّا"
17,28,2,"ع ر ض"
17,28,4,"ب غ ي"
17,28,5,"ر ح م"
17,28,7,"ر ب ب"
17,28,8,"ر ج و"
17,28,9,"ق و ل"
17,28,11,"ق و ل"
17,28,12,"ي س ر"
17,29,2,"ج ع ل"
17,29,3,"ي د ي"
17,29,4,"غ ل ل"
17,29,5,"إِلَىٰ"
17,29,6,"ع ن ق"
17,29,8,"ب س ط"
17,29,9,"ك ل ل"
17,29,10,"ب س ط"
17,29,11,"ق ع د"
17,29,12,"ل و م"
17,29,13,"ح س ر"
17,30,2,"ر ب ب"
17,30,3,"ب س ط"
17,30,4,"ر ز ق"
17,30,6,"ش ي ا"
17,30,7,"ق د ر"
17,30,9,"ك و ن"
17,30,10,"ع ب د"
17,30,11,"خ ب ر"
17,30,12,"ب ص ر"
17,31,2,"ق ت ل"
17,31,3,"و ل د"
17,31,4,"خ ش ي"
17,31,5,"م ل ق"
17,31,7,"ر ز ق"
17,31,10,"ق ت ل"
17,31,11,"ك و ن"
17,31,12,"خ ط ا"
17,31,13,"ك ب ر"
17,32,2,"ق ر ب"
17,32,3,"ز ن ي"
17,32,5,"ك و ن"
17,32,6,"ف ح ش"
17,32,7,"س و ا"
17,32,8,"س ب ل"
17,33,2,"ق ت ل"
17,33,3,"ن ف س"
17,33,4,"ٱلَّذِى"
17,33,5,"ح ر م"
17,33,6,"ا ل ه"
17,33,7,"إِلَّا"
17,33,8,"ح ق ق"
17,33,10,"ق ت ل"
17,33,11,"ظ ل م"
17,33,13,"ج ع ل"
17,33,14,"و ل ي"
17,33,15,"س ل ط"
17,33,17,"س ر ف"
17,33,19,"ق ت ل"
17,33,21,"ك و ن"
17,33,22,"ن ص ر"
17,34,2,"ق ر ب"
17,34,3,"م و ل"
17,34,4,"ي ت م"
17,34,5,"إِلَّا"
17,34,6,"ٱلَّذِى"
17,34,8,"ح س ن"
17,34,10,"ب ل غ"
17,34,11,"ش د د"
17,34,12,"و ف ي"
17,34,13,"ع ه د"
17,34,15,"ع ه د"
17,34,16,"ك و ن"
17,34,17,"س ا ل"
17,35,1,"و ف ي"
17,35,2,"ك ي ل"
17,35,3,"إِذَا"
17,35,4,"ك ي ل"
17,35,5,"و ز ن"
17,35,6,"ق س ط س"
17,35,7,"ق و م"
17,35,9,"خ ي ر"
17,35,10,"ح س ن"
17,35,11,"ا و ل"
17,36,2,"ق ف و"
17,36,4,"ل ي س"
17,36,7,"ع ل م"
17,36,9,"س م ع"
17,36,10,"ب ص ر"
17,36,11,"ف ا د"
17,36,12,"ك ل ل"
17,36,14,"ك و ن"
17,36,16,"س ا ل"
17,37,2,"م ش ي"
17,37,4,"ا ر ض"
17,37,5,"م ر ح"
17,37,8,"خ ر ق"
17,37,9,"ا ر ض"
17,37,11,"ب ل غ"
17,37,12,"ج ب ل"
17,37,13,"ط و ل"
17,38,1,"ك ل ل"
17,38,3,"ك و ن"
17,38,4,"س و ا"
17,38,5,"ع ن د"
17,38,6,"ر ب ب"
17,38,7,"ك ر ه"
17,39,3,"و ح ي"
17,39,4,"إِلَىٰ"
17,39,5,"ر ب ب"
17,39,7,"ح ك م"
17,39,9,"ج ع ل"
17,39,11,"ا ل ه"
17,39,12,"ا ل ه"
17,39,13,"ا خ ر"
17,39,14,"ل ق ي"
17,39,17,"ل و م"
17,39,18,"د ح ر"
17,40,1,"ص ف و"
17,40,2,"ر ب ب"
17,40,3,"ب ن ي"
17,40,4,"ا خ ذ"
17,40,6,"م ل ك"
17,40,7,"ا ن ث"
17,40,9,"ق و ل"
17,40,10,"ق و ل"
17,40,11,"ع ظ م"
17,41,2,"ص ر ف"
17,41,5,"ق ر ا"
17,41,6,"ذ ك ر"
17,41,8,"ز ي د"
17,41,9,"إِلَّا"
17,41,10,"ن ف ر"
17,42,1,"ق و ل"
17,42,3,"ك و ن"
17,42,5,"ا ل ه"
17,42,7,"ق و ل"
17,42,8,"إِذًا"
17,42,9,"ب غ ي"
17,42,10,"إِلَىٰ"
17,42,12,"ع ر ش"
17,42,13,"س ب ل"
17,43,1,"س ب ح"
17,43,2,"ع ل و"
17,43,4,"ق و ل"
17,43,5,"ع ل و"
17,43,6,"ك ب ر"
17,44,1,"س ب ح"
17,44,3,"س م و"
17,44,4,"س ب ع"
17,44,5,"ا ر ض"
17,44,10,"ش ي ا"
17,44,11,"إِلَّا"
17,44,12,"س ب ح"
17,44,13,"ح م د"
17,44,16,"ف ق ه"
17,44,17,"س ب ح"
17,44,19,"ك و ن"
17,44,20,"ح ل م"
17,44,21,"غ ف ر"
17,45,1,"إِذَا"
17,45,2,"ق ر ا"
17,45,3,"ق ر ا"
17,45,4,"ج ع ل"
17,45,5,"ب ي ن"
17,45,6,"ب ي ن"
17,45,7,"ٱلَّذِى"
17,45,9,"ا م ن"
17,45,10,"ا خ ر"
17,45,11,"ح ج ب"
17,45,12,"س ت ر"
17,46,1,"ج ع ل"
17,46,3,"ق ل ب"
17,46,4,"ك ن ن"
17,46,6,"ف ق ه"
17,46,8,"ا ذ ن"
17,46,9,"و ق ر"
17,46,10,"إِذَا"
17,46,11,"ذ ك ر"
17,46,12,"ر ب ب"
17,46,14,"ق ر ا"
17,46,15,"و ح د"
17,46,16,"و ل ي"
17,46,18,"د ب ر"
17,46,19,"ن ف ر"
17,47,2,"ع ل م"
17,47,4,"س م ع"
17,47,6,"إِذ"
17,47,7,"س م ع"
17,47,8,"إِلَىٰ"
17,47,9,"إِذ"
17,47,11,"ن ج و"
17,47,12,"إِذ"
17,47,13,"ق و ل"
17,47,14,"ظ ل م"
17,47,16,"ت ب ع"
17,47,17,"إِلَّا"
17,47,18,"ر ج ل"
17,47,19,"س ح ر"
17,48,1,"ن ظ ر"
17,48,2,"ك ي ف"
17,48,3,"ض ر ب"
17,48,5,"م ث ل"
17,48,6,"ض ل ل"
17,48,8,"ط و ع"
17,48,9,"س ب ل"
17,49,1,"ق و ل"
17,49,2,"إِذَا"
17,49,3,"ك و ن"
17,49,4,"ع ظ م"
17,49,5,"ر ف ت"
17,49,7,"ب ع ث"
17,49,8,"خ ل ق"
17,49,9,"ج د د"
17,50,1,"ق و ل"
17,50,2,"ك و ن"
17,50,3,"ح ج ر"
17,50,5,"ح د د"
17,51,2,"خ ل ق"
17,51,4,"ك ب ر"
17,51,6,"ص د ر"
17,51,7,"ق و ل"
17,51,9,"ع و د"
17,51,10,"ق و ل"
17,51,11,"ٱلَّذِى"
17,51,12,"ف ط ر"
17,51,13,"ا و ل"
17,51,14,"م ر ر"
17,51,15,"ن غ ض"
17,51,16,"إِلَىٰ"
17,51,17,"ر ا س"
17,51,18,"ق و ل"
17,51,21,"ق و ل"
17,51,22,"ع س ي"
17,51,24,"ك و ن"
17,51,25,"ق ر ب"
17,52,1,"ي و م"
17,52,2,"د ع و"
17,52,3,"ج و ب"
17,52,4,"ح م د"
17,52,5,"ظ ن ن"
17,52,7,"ل ب ث"
17,52,8,"إِلَّا"
17,52,9,"ق ل ل"
17,53,1,"ق و ل"
17,53,2,"ع ب د"
17,53,3,"ق و ل"
17,53,4,"ٱلَّذِى"
17,53,6,"ح س ن"
17,53,8,"ش ط ن"
17,53,9,"ن ز غ"
17,53,10,"ب ي ن"
17,53,12,"ش ط ن"
17,53,13,"ك و ن"
17,53,14,"ا ن س"
17,53,15,"ع د و"
17,53,16,"ب ي ن"
17,54,1,"ر ب ب"
17,54,2,"ع ل م"
17,54,5,"ش ي ا"
17,54,6,"ر ح م"
17,54,9,"ش ي ا"
17,54,10,"ع ذ ب"
17,54,12,"ر س ل"
17,54,14,"و ك ل"
17,55,1,"ر ب ب"
17,55,2,"ع ل م"
17,55,5,"س م و"
17,55,6,"ا ر ض"
17,55,8,"ف ض ل"
17,55,9,"ب ع ض"
17,55,10,"ن ب ا"
17,55,12,"ب ع ض"
17,55,13,"ا ت ي"
17,55,15,"ز ب ر"
17,56,1,"ق و ل"
17,56,2,"د ع و"
17,56,3,"ٱلَّذِى"
17,56,4,"ز ع م"
17,56,6,"د و ن"
17,56,8,"م ل ك"
17,56,9,"ك ش ف"
17,56,10,"ض ر ر"
17,56,13,"ح و ل"
17,57,2,"ٱلَّذِى"
17,57,3,"د ع و"
17,57,4,"ب غ ي"
17,57,5,"إِلَىٰ"
17,57,6,"ر ب ب"
17,57,7,"و س ل"
17,57,9,"ق ر ب"
17,57,10,"ر ج و"
17,57,11,"ر ح م"
17,57,12,"خ و ف"
17,57,13,"ع ذ ب"
17,57,15,"ع ذ ب"
17,57,16,"ر ب ب"
17,57,17,"ك و ن"
17,57,18,"ح ذ ر"
17,58,3,"ق ر ي"
17,58,4,"إِلَّا"
17,58,6,"ه ل ك"
17,58,7,"ق ب ل"
17,58,8,"ي و م"
17,58,9,"ق و م"
17,58,11,"ع ذ ب"
17,58,12,"ع ذ ب"
17,58,13,"ش د د"
17,58,14,"ك و ن"
17,58,17,"ك ت ب"
17,58,18,"س ط ر"
17,59,2,"م ن ع"
17,59,4,"ر س ل"
17,59,5,"ا ي ي"
17,59,6,"إِلَّا"
17,59,8,"ك ذ ب"
17,59,10,"ا و ل"
17,59,11,"ا ت ي"
17,59,13,"ن و ق"
17,59,14,"ب ص ر"
17,59,15,"ظ ل م"
17,59,18,"ر س ل"
17,59,19,"ا ي ي"
17,59,20,"إِلَّا"
17,59,21,"خ و ف"
17,60,1,"إِذ"
17,60,2,"ق و ل"
17,60,5,"ر ب ب"
17,60,6,"ح و ط"
17,60,7,"ن و س"
17,60,9,"ج ع ل"
17,60,10,"ر ا ي"
17,60,11,"ٱلَّذِى"
17,60,12,"ر ا ي"
17,60,13,"إِلَّا"
17,60,14,"ف ت ن"
17,60,15,"ن و س"
17,60,16,"ش ج ر"
17,60,17,"ل ع ن"
17,60,19,"ق ر ا"
17,60,20,"خ و ف"
17,60,22,"ز ي د"
17,60,23,"إِلَّا"
17,60,24,"ط غ ي"
17,60,25,"ك ب ر"
17,61,1,"إِذ"
17,61,2,"ق و ل"
17,61,3,"م ل ك"
17,61,4,"س ج د"
17,61,5,"آدَم"
17,61,6,"س ج د"
17,61,7,"إِلَّا"
17,61,8,"إِبْلِيس"
17,61,9,"ق و ل"
17,61,10,"س ج د"
17,61,12,"خ ل ق"
17,61,13,"ط ي ن"
17,62,1,"ق و ل"
17,62,2,"ر ا ي"
17,62,4,"ٱلَّذِى"
17,62,5,"ك ر م"
17,62,8,"ا خ ر"
17,62,9,"إِلَىٰ"
17,62,10,"ي و م"
17,62,11,"ق و م"
17,62,12,"ح ن ك"
17,62,13,"ذ ر ر"
17,62,14,"إِلَّا"
17,62,15,"ق ل ل"
17,63,1,"ق و ل"
17,63,2,"ذ ه ب"
17,63,4,"ت ب ع"
17,63,8,"ج ز ي"
17,63,9,"ج ز ي"
17,63,10,"و ف ر"
17,64,1,"ف ز ز"
17,64,3,"ط و ع"
17,64,5,"ص و ت"
17,64,6,"ج ل ب"
17,64,8,"خ ي ل"
17,64,9,"ر ج ل"
17,64,10,"ش ر ك"
17,64,12,"م و ل"
17,64,13,"و ل د"
17,64,14,"و ع د"
17,64,16,"و ع د"
17,64,17,"ش ط ن"
17,64,18,"إِلَّا"
17,64,19,"غ ر ر"
17,65,2,"ع ب د"
17,65,3,"ل ي س"
17,65,6,"س ل ط"
17,65,7,"ك ف ي"
17,65,8,"ر ب ب"
17,65,9,"و ك ل"
17,66,1,"ر ب ب"
17,66,2,"ٱلَّذِى"
17,66,3,"ز ج و"
17,66,5,"ف ل ك"
17,66,7,"ب ح ر"
17,66,8,"ب غ ي"
17,66,10,"ف ض ل"
17,66,12,"ك و ن"
17,66,14,"ر ح م"
17,67,1,"إِذَا"
17,67,2,"م س س"
17,67,3,"ض ر ر"
17,67,5,"ب ح ر"
17,67,6,"ض ل ل"
17,67,8,"د ع و"
17,67,9,"إِلَّا"
17,67,12,"ن ج و"
17,67,13,"إِلَىٰ"
17,67,14,"ب ر ر"
17,67,15,"ع ر ض"
17,67,16,"ك و ن"
17,67,17,"ا ن س"
17,67,18,"ك ف ر"
17,68,1,"ا م ن"
17,68,3,"خ س ف"
17,68,5,"ج ن ب"
17,68,6,"ب ر ر"
17,68,8,"ر س ل"
17,68,10,"ح ص ب"
17,68,13,"و ج د"
17,68,15,"و ك ل"
17,69,1,"أَم"
17,69,2,"ا م ن"
17,69,4,"ع و د"
17,69,6,"ت و ر"
17,69,7,"ا خ ر"
17,69,8,"ر س ل"
17,69,10,"ق ص ف"
17,69,12,"ر و ح"
17,69,13,"غ ر ق"
17,69,15,"ك ف ر"
17,69,18,"و ج د"
17,69,22,"ت ب ع"
17,70,2,"ك ر م"
17,70,3,"ب ن ي"
17,70,4,"آدَم"
17,70,5,"ح م ل"
17,70,7,"ب ر ر"
17,70,8,"ب ح ر"
17,70,9,"ر ز ق"
17,70,11,"ط ي ب"
17,70,12,"ف ض ل"
17,70,14,"ك ث ر"
17,70,16,"خ ل ق"
17,70,17,"ف ض ل"
17,71,1,"ي و م"
17,71,2,"د ع و"
17,71,3,"ك ل ل"
17,71,4,"ا ن س"
17,71,5,"ا م م"
17,71,7,"ا ت ي"
17,71,8,"ك ت ب"
17,71,9,"ي م ن"
17,71,11,"ق ر ا"
17,71,12,"ك ت ب"
17,71,14,"ظ ل م"
17,71,15,"ف ت ل"
17,72,2,"ك و ن"
17,72,5,"ع م ي"
17,72,8,"ا خ ر"
17,72,9,"ع م ي"
17,72,10,"ض ل ل"
17,72,11,"س ب ل"
17,73,2,"ك و د"
17,73,3,"ف ت ن"
17,73,5,"ٱلَّذِى"
17,73,6,"و ح ي"
17,73,7,"إِلَىٰ"
17,73,8,"ف ر ي"
17,73,10,"غ ي ر"
17,73,11,"إِذًا"
17,73,12,"ا خ ذ"
17,73,13,"خ ل ل"
17,74,3,"ث ب ت"
17,74,5,"ك و د"
17,74,6,"ر ك ن"
17,74,7,"إِلَىٰ"
17,74,8,"ش ي ا"
17,74,9,"ق ل ل"
17,75,1,"إِذًا"
17,75,2,"ذ و ق"
17,75,3,"ض ع ف"
17,75,4,"ح ي ي"
17,75,5,"ض ع ف"
17,75,6,"م و ت"
17,75,9,"و ج د"
17,75,12,"ن ص ر"
17,76,2,"ك و د"
17,76,3,"ف ز ز"
17,76,5,"ا ر ض"
17,76,6,"خ ر ج"
17,76,8,"إِذًا"
17,76,10,"ل ب ث"
17,76,11,"خ ل ف"
17,76,12,"إِلَّا"
17,76,13,"ق ل ل"
17,77,1,"س ن ن"
17,77,4,"ر س ل"
17,77,5,"ق ب ل"
17,77,7,"ر س ل"
17,77,9,"و ج د"
17,77,10,"س ن ن"
17,77,11,"ح و ل"
17,78,1,"ق و م"
17,78,2,"ص ل و"
17,78,3,"د ل ك"
17,78,4,"ش م س"
17,78,5,"إِلَىٰ"
17,78,6,"غ س ق"
17,78,7,"ل ي ل"
17,78,8,"ق ر ا"
17,78,9,"ف ج ر"
17,78,11,"ق ر ا"
17,78,12,"ف ج ر"
17,78,13,"ك و ن"
17,78,14,"ش ه د"
17,79,2,"ل ي ل"
17,79,3,"ه ج د"
17,79,5,"ن ف ل"
17,79,7,"ع س ي"
17,79,9,"ب ع ث"
17,79,10,"ر ب ب"
17,79,11,"ق و م"
17,79,12,"ح م د"
17,80,1,"ق و ل"
17,80,2,"ر ب ب"
17,80,3,"د خ ل"
17,80,4,"د خ ل"
17,80,5,"ص د ق"
17,80,6,"خ ر ج"
17,80,7,"خ ر ج"
17,80,8,"ص د ق"
17,80,9,"ج ع ل"
17,80,12,"ل د ن"
17,80,13,"س ل ط"
17,80,14,"ن ص ر"
17,81,1,"ق و ل"
17,81,2,"ج ي ا"
17,81,3,"ح ق ق"
17,81,4,"ز ه ق"
17,81,5,"ب ط ل"
17,81,7,"ب ط ل"
17,81,8,"ك و ن"
17,81,9,"ز ه ق"
17,82,1,"ن ز ل"
17,82,3,"ق ر ا"
17,82,6,"ش ف ي"
17,82,7,"ر ح م"
17,82,8,"ا م ن"
17,82,10,"ز ي د"
17,82,11,"ظ ل م"
17,82,12,"إِلَّا"
17,82,13,"خ س ر"
17,83,1,"إِذَا"
17,83,2,"ن ع م"
17,83,4,"ا ن س"
17,83,5,"ع ر ض"
17,83,6,"ن ا ي"
17,83,7,"ج ن ب"
17,83,8,"إِذَا"
17,83,9,"م س س"
17,83,10,"ش ر ر"
17,83,11,"ك و ن"
17,83,12,"ي ا س"
17,84,1,"ق و ل"
17,84,2,"ك ل ل"
17,84,3,"ع م ل"
17,84,5,"ش ك ل"
17,84,6,"ر ب ب"
17,84,7,"ع ل م"
17,84,10,"ه د ي"
17,84,11,"س ب ل"
17,85,1,"س ا ل"
17,85,3,"ر و ح"
17,85,4,"ق و ل"
17,85,5,"ر و ح"
17,85,7,"ا م ر"
17,85,8,"ر ب ب"
17,85,10,"ا ت ي"
17,85,12,"ع ل م"
17,85,13,"إِلَّا"
17,85,14,"ق ل ل"
17,86,2,"ش ي ا"
17,86,3,"ذ ه ب"
17,86,4,"ٱلَّذِى"
17,86,5,"و ح ي"
17,86,6,"إِلَىٰ"
17,86,9,"و ج د"
17,86,13,"و ك ل"
17,87,1,"إِلَّا"
17,87,2,"ر ح م"
17,87,4,"ر ب ب"
17,87,6,"ف ض ل"
17,87,7,"ك و ن"
17,87,9,"ك ب ر"
17,88,1,"ق و ل"
17,88,3,"ج م ع"
17,88,4,"ا ن س"
17,88,5,"ج ن ن"
17,88,8,"ا ت ي"
17,88,9,"م ث ل"
17,88,11,"ق ر ا"
17,88,13,"ا ت ي"
17,88,14,"م ث ل"
17,88,16,"ك و ن"
17,88,17,"ب ع ض"
17,88,18,"ب ع ض"
17,88,19,"ظ ه ر"
17,89,2,"ص ر ف"
17,89,3,"ن و س"
17,89,6,"ق ر ا"
17,89,8,"ك ل ل"
17,89,9,"م ث ل"
17,89,10,"ا ب ي"
17,89,11,"ك ث ر"
17,89,12,"ن و س"
17,89,13,"إِلَّا"
17,89,14,"ك ف ر"
17,90,1,"ق و ل"
17,90,3,"ا م ن"
17,90,6,"ف ج ر"
17,90,9,"ا ر ض"
17,90,10,"ن ب ع"
17,91,2,"ك و ن"
17,91,4,"ج ن ن"
17,91,6,"ن خ ل"
17,91,7,"ع ن ب"
17,91,8,"ف ج ر"
17,91,9,"ن ه ر"
17,91,10,"خ ل ل"
17,91,11,"ف ج ر"
17,92,2,"س ق ط"
17,92,3,"س م و"
17,92,5,"ز ع م"
17,92,7,"ك س ف"
17,92,9,"ا ت ي"
17,92,10,"ا ل ه"
17,92,11,"م ل ك"
17,92,12,"ق ب ل"
17,93,2,"ك و ن"
17,93,4,"ب ي ت"
17,93,6,"ز خ ر ف"
17,93,8,"ر ق ي"
17,93,10,"س م و"
17,93,12,"ا م ن"
17,93,13,"ر ق ي"
17,93,15,"ن ز ل"
17,93,17,"ك ت ب"
17,93,18,"ق ر ا"
17,93,19,"ق و ل"
17,93,20,"س ب ح"
17,93,21,"ر ب ب"
17,93,23,"ك و ن"
17,93,24,"إِلَّا"
17,93,25,"ب ش ر"
17,93,26,"ر س ل"
17,94,2,"م ن ع"
17,94,3,"ن و س"
17,94,5,"ا م ن"
17,94,6,"إِذ"
17,94,7,"ج ي ا"
17,94,8,"ه د ي"
17,94,9,"إِلَّا"
17,94,11,"ق و ل"
17,94,12,"ب ع ث"
17,94,13,"ا ل ه"
17,94,14,"ب ش ر"
17,94,15,"ر س ل"
17,95,1,"ق و ل"
17,95,3,"ك و ن"
17,95,5,"ا ر ض"
17,95,6,"م ل ك"
17,95,7,"م ش ي"
17,95,8,"ط م ن"
17,95,9,"ن ز ل"
17,95,12,"س م و"
17,95,13,"م ل ك"
17,95,14,"ر س ل"
17,96,1,"ق و ل"
17,96,2,"ك ف ي"
17,96,3,"ا ل ه"
17,96,4,"ش ه د"
17,96,5,"ب ي ن"
17,96,6,"ب ي ن"
17,96,8,"ك و ن"
17,96,9,"ع ب د"
17,96,10,"خ ب ر"
17,96,11,"ب ص ر"
17,97,2,"ه د ي"
17,97,3,"ا ل ه"
17,97,5,"ه د ي"
17,97,7,"ض ل ل"
17,97,9,"و ج د"
17,97,11,"و ل ي"
17,97,13,"د و ن"
17,97,14,"ح ش ر"
17,97,15,"ي و م"
17,97,16,"ق و م"
17,97,18,"و ج ه"
17,97,19,"ع م ي"
17,97,20,"ب ك م"
17,97,21,"ص م م"
17,97,22,"ا و ي"
17,97,24,"ك ل ل"
17,97,25,"خ ب و"
17,97,26,"ز ي د"
17,97,27,"س ع ر"
17,98,2,"ج ز ي"
17,98,4,"ك ف ر"
17,98,5,"ا ي ي"
17,98,6,"ق و ل"
17,98,7,"إِذَا"
17,98,8,"ك و ن"
17,98,9,"ع ظ م"
17,98,10,"ر ف ت"
17,98,12,"ب ع ث"
17,98,13,"خ ل ق"
17,98,14,"ج د د"
17,99,2,"ر ا ي"
17,99,4,"ا ل ه"
17,99,5,"ٱلَّذِى"
17,99,6,"خ ل ق"
17,99,7,"س م و"
17,99,8,"ا ر ض"
17,99,9,"ق د ر"
17,99,12,"خ ل ق"
17,99,13,"م ث ل"
17,99,14,"ج ع ل"
17,99,16,"ا ج ل"
17,99,18,"ر ي ب"
17,99,20,"ا ب ي"
17,99,21,"ظ ل م"
17,99,22,"إِلَّا"
17,99,23,"ك ف ر"
17,100,1,"ق و ل"
17,100,4,"م ل ك"
17,100,5,"خ ز ن"
17,100,6,"ر ح م"
17,100,7,"ر ب ب"
17,100,8,"إِذًا"
17,100,9,"م س ك"
17,100,10,"خ ش ي"
17,100,11,"ن ف ق"
17,100,12,"ك و ن"
17,100,13,"ا ن س"
17,100,14,"ق ت ر"
17,101,2,"ا ت ي"
17,101,4,"ت س ع"
17,101,5,"ا ي ي"
17,101,6,"ب ي ن"
17,101,7,"س ا ل"
17,101,8,"ب ن ي"
17,101,9,"إِسْرَائِيل"
17,101,10,"إِذ"
17,101,11,"ج ي ا"
17,101,12,"ق و ل"
17,101,16,"ظ ن ن"
17,101,18,"س ح ر"
17,102,1,"ق و ل"
17,102,3,"ع ل م"
17,102,5,"ن ز ل"
17,102,7,"إِلَّا"
17,102,8,"ر ب ب"
17,102,9,"س م و"
17,102,10,"ا ر ض"
17,102,11,"ب ص ر"
17,102,13,"ظ ن ن"
17,102,15,"ث ب ر"
17,103,1,"ر و د"
17,103,3,"ف ز ز"
17,103,5,"ا ر ض"
17,103,6,"غ ر ق"
17,103,9,"ج م ع"
17,104,1,"ق و ل"
17,104,3,"ب ع د"
17,104,4,"ب ن ي"
17,104,5,"إِسْرَائِيل"
17,104,6,"س ك ن"
17,104,7,"ا ر ض"
17,104,8,"إِذَا"
17,104,9,"ج ي ا"
17,104,10,"و ع د"
17,104,11,"ا خ ر"
17,104,12,"ج ي ا"
17,104,14,"ل ف ف"
17,105,1,"ح ق ق"
17,105,2,"ن ز ل"
17,105,3,"ح ق ق"
17,105,4,"ن ز ل"
17,105,6,"ر س ل"
17,105,7,"إِلَّا"
17,105,8,"ب ش ر"
17,105,9,"ن ذ ر"
17,106,1,"ق ر ا"
17,106,2,"ف ر ق"
17,106,3,"ق ر ا"
17,106,5,"ن و س"
17,106,7,"م ك ث"
17,106,8,"ن ز ل"
17,106,9,"ن ز ل"
17,107,1,"ق و ل"
17,107,2,"ا م ن"
17,107,6,"ا م ن"
17,107,8,"ٱلَّذِى"
17,107,9,"ا ت ي"
17,107,10,"ع ل م"
17,107,12,"ق ب ل"
17,107,13,"إِذَا"
17,107,14,"ت ل و"
17,107,16,"خ ر ر"
17,107,17,"ذ ق ن"
17,107,18,"س ج د"
17,108,1,"ق و ل"
17,108,2,"س ب ح"
17,108,3,"ر ب ب"
17,108,5,"ك و ن"
17,108,6,"و ع د"
17,108,7,"ر ب ب"
17,108,8,"ف ع ل"
17,109,1,"خ ر ر"
17,109,2,"ذ ق ن"
17,109,3,"ب ك ي"
17,109,4,"ز ي د"
17,109,5,"خ ش ع"
17,110,1,"ق و ل"
17,110,2,"د ع و"
17,110,3,"ا ل ه"
17,110,5,"د ع و"
17,110,6,"ر ح م"
17,110,9,"د ع و"
17,110,11,"س م و"
17,110,12,"ح س ن"
17,110,14,"ج ه ر"
17,110,15,"ص ل و"
17,110,17,"خ ف ت"
17,110,19,"ب غ ي"
17,110,20,"ب ي ن"
17,110,22,"س ب ل"
17,111,1,"ق و ل"
17,111,2,"ح م د"
17,111,3,"ا ل ه"
17,111,4,"ٱلَّذِى"
17,111,6,"ا خ ذ"
17,111,7,"و ل د"
17,111,9,"ك و ن"
17,111,11,"ش ر ك"
17,111,13,"م ل ك"
17,111,15,"ك و ن"
17,111,17,"و ل ي"
17,111,19,"ذ ل ل"
17,111,20,"ك ب ر"
17,111,21,"ك ب ر"
18,1,1,"ح م د"
18,1,2,"ا ل ه"
18,1,3,"ٱلَّذِى"
18,1,4,"ن ز ل"
18,1,6,"ع ب د"
18,1,7,"ك ت ب"
18,1,9,"ج ع ل"
18,1,11,"ع و ج"
18,2,1,"ق و م"
18,2,2,"ن ذ ر"
18,2,3,"ب ا س"
18,2,4,"ش د د"
18,2,6,"ل د ن"
18,2,7,"ب ش ر"
18,2,8,"ا م ن"
18,2,9,"ٱلَّذِى"
18,2,10,"ع م ل"
18,2,11,"ص ل ح"
18,2,14,"ا ج ر"
18,2,15,"ح س ن"
18,3,1,"م ك ث"
18,3,3,"ا ب د"
18,4,1,"ن ذ ر"
18,4,2,"ٱلَّذِى"
18,4,3,"ق و ل"
18,4,4,"ا خ ذ"
18,4,5,"ا ل ه"
18,4,6,"و ل د"
18,5,5,"ع ل م"
18,5,7,"ا ب و"
18,5,8,"ك ب ر"
18,5,9,"ك ل م"
18,5,10,"خ ر ج"
18,5,12,"ف و ه"
18,5,14,"ق و ل"
18,5,15,"إِلَّا"
18,5,16,"ك ذ ب"
18,6,2,"ب خ ع"
18,6,3,"ن ف س"
18,6,5,"ا ث ر"
18,6,8,"ا م ن"
18,6,10,"ح د ث"
18,6,11,"ا س ف"
18,7,2,"ج ع ل"
18,7,5,"ا ر ض"
18,7,6,"ز ي ن"
18,7,8,"ب ل و"
18,7,10,"ح س ن"
18,7,11,"ع م ل"
18,8,2,"ج ع ل"
18,8,5,"ص ع د"
18,8,6,"ج ر ز"
18,9,1,"أَم"
18,9,2,"ح س ب"
18,9,4,"ص ح ب"
18,9,5,"ك ه ف"
18,9,6,"ر ق م"
18,9,7,"ك و ن"
18,9,9,"ا ي ي"
18,9,10,"ع ج ب"
18,10,1,"إِذ"
18,10,2,"ا و ي"
18,10,3,"ف ت ي"
18,10,4,"إِلَىٰ"
18,10,5,"ك ه ف"
18,10,6,"ق و ل"
18,10,7,"ر ب ب"
18,10,8,"ا ت ي"
18,10,10,"ل د ن"
18,10,11,"ر ح م"
18,10,12,"ه ي ا"
18,10,15,"ا م ر"
18,10,16,"ر ش د"
18,11,1,"ض ر ب"
18,11,3,"ا ذ ن"
18,11,5,"ك ه ف"
18,11,6,"س ن و"
18,11,7,"ع د د"
18,12,2,"ب ع ث"
18,12,3,"ع ل م"
18,12,5,"ح ز ب"
18,12,6,"ح ص ي"
18,12,8,"ل ب ث"
18,12,9,"ا م د"
18,13,2,"ق ص ص"
18,13,4,"ن ب ا"
18,13,5,"ح ق ق"
18,13,7,"ف ت ي"
18,13,8,"ا م ن"
18,13,9,"ر ب ب"
18,13,10,"ز ي د"
18,13,11,"ه د ي"
18,14,1,"ر ب ط"
18,14,3,"ق ل ب"
18,14,4,"إِذ"
18,14,5,"ق و م"
18,14,6,"ق و ل"
18,14,7,"ر ب ب"
18,14,8,"ر ب ب"
18,14,9,"س م و"
18,14,10,"ا ر ض"
18,14,12,"د ع و"
18,14,14,"د و ن"
18,14,15,"ا ل ه"
18,14,17,"ق و ل"
18,14,18,"إِذًا"
18,14,19,"ش ط ط"
18,15,2,"ق و م"
18,15,3,"ا خ ذ"
18,15,5,"د و ن"
18,15,6,"ا ل ه"
18,15,8,"ا ت ي"
18,15,10,"س ل ط"
18,15,11,"ب ي ن"
18,15,13,"ظ ل م"
18,15,15,"ف ر ي"
18,15,17,"ا ل ه"
18,15,18,"ك ذ ب"
18,16,1,"إِذ"
18,16,2,"ع ز ل"
18,16,4,"ع ب د"
18,16,5,"إِلَّا"
18,16,6,"ا ل ه"
18,16,7,"ا و ي"
18,16,8,"إِلَىٰ"
18,16,9,"ك ه ف"
18,16,10,"ن ش ر"
18,16,12,"ر ب ب"
18,16,14,"ر ح م"
18,16,15,"ه ي ا"
18,16,18,"ا م ر"
18,16,19,"ر ف ق"
18,17,1,"ر ا ي"
18,17,2,"ش م س"
18,17,3,"إِذَا"
18,17,4,"ط ل ع"
18,17,5,"ز و ر"
18,17,7,"ك ه ف"
18,17,9,"ي م ن"
18,17,10,"إِذَا"
18,17,11,"غ ر ب"
18,17,12,"ق ر ض"
18,17,14,"ش م ل"
18,17,17,"ف ج و"
18,17,21,"ا ي ي"
18,17,22,"ا ل ه"
18,17,24,"ه د ي"
18,17,25,"ا ل ه"
18,17,27,"ه د ي"
18,17,29,"ض ل ل"
18,17,31,"و ج د"
18,17,33,"و ل ي"
18,17,34,"ر ش د"
18,18,1,"ح س ب"
18,18,2,"ي ق ظ"
18,18,4,"ر ق د"
18,18,5,"ق ل ب"
18,18,7,"ي م ن"
18,18,9,"ش م ل"
18,18,10,"ك ل ب"
18,18,11,"ب س ط"
18,18,12,"ذ ر ع"
18,18,13,"و ص د"
18,18,15,"ط ل ع"
18,18,17,"و ل ي"
18,18,19,"ف ر ر"
18,18,20,"م ل ا"
18,18,22,"ر ع ب"
18,19,2,"ب ع ث"
18,19,3,"س ا ل"
18,19,4,"ب ي ن"
18,19,5,"ق و ل"
18,19,6,"ق و ل"
18,19,9,"ل ب ث"
18,19,10,"ق و ل"
18,19,11,"ل ب ث"
18,19,12,"ي و م"
18,19,14,"ب ع ض"
18,19,15,"ي و م"
18,19,16,"ق و ل"
18,19,17,"ر ب ب"
18,19,18,"ع ل م"
18,19,20,"ل ب ث"
18,19,21,"ب ع ث"
18,19,22,"ا ح د"
18,19,23,"و ر ق"
18,19,25,"إِلَىٰ"
18,19,26,"م د ن"
18,19,27,"ن ظ ر"
18,19,29,"ز ك و"
18,19,30,"ط ع م"
18,19,31,"ا ت ي"
18,19,32,"ر ز ق"
18,19,34,"ل ط ف"
18,19,36,"ش ع ر"
18,19,38,"ا ح د"
18,20,3,"ظ ه ر"
18,20,5,"ر ج م"
18,20,7,"ع و د"
18,20,9,"م ل ل"
18,20,11,"ف ل ح"
18,20,12,"إِذًا"
18,20,13,"ا ب د"
18,21,2,"ع ث ر"
18,21,4,"ع ل م"
18,21,6,"و ع د"
18,21,7,"ا ل ه"
18,21,8,"ح ق ق"
18,21,10,"س و ع"
18,21,12,"ر ي ب"
18,21,14,"إِذ"
18,21,15,"ن ز ع"
18,21,16,"ب ي ن"
18,21,17,"ا م ر"
18,21,18,"ق و ل"
18,21,19,"ب ن ي"
18,21,21,"ب ن ي"
18,21,22,"ر ب ب"
18,21,23,"ع ل م"
18,21,25,"ق و ل"
18,21,26,"ٱلَّذِى"
18,21,27,"غ ل ب"
18,21,29,"ا م ر"
18,21,30,"ا خ ذ"
18,21,32,"س ج د"
18,22,1,"ق و ل"
18,22,2,"ث ل ث"
18,22,3,"ر ب ع"
18,22,4,"ك ل ب"
18,22,5,"ق و ل"
18,22,6,"خ م س"
18,22,7,"س د س"
18,22,8,"ك ل ب"
18,22,9,"ر ج م"
18,22,10,"غ ي ب"
18,22,11,"ق و ل"
18,22,12,"س ب ع"
18,22,13,"ث م ن"
18,22,14,"ك ل ب"
18,22,15,"ق و ل"
18,22,16,"ر ب ب"
18,22,17,"ع ل م"
18,22,18,"ع د د"
18,22,20,"ع ل م"
18,22,21,"إِلَّا"
18,22,22,"ق ل ل"
18,22,24,"م ر ي"
18,22,26,"إِلَّا"
18,22,27,"م ر ي"
18,22,28,"ظ ه ر"
18,22,30,"ف ت ي"
18,22,33,"ا ح د"
18,23,2,"ق و ل"
18,23,3,"ش ي ا"
18,23,5,"ف ع ل"
18,23,7,"غ د و"
18,24,1,"إِلَّا"
18,24,3,"ش ي ا"
18,24,4,"ا ل ه"
18,24,5,"ذ ك ر"
18,24,6,"ر ب ب"
18,24,7,"إِذَا"
18,24,8,"ن س ي"
18,24,9,"ق و ل"
18,24,10,"ع س ي"
18,24,12,"ه د ي"
18,24,13,"ر ب ب"
18,24,14,"ق ر ب"
18,24,17,"ر ش د"
18,25,1,"ل ب ث"
18,25,3,"ك ه ف"
18,25,4,"ث ل ث"
18,25,5,"م ا ي"
18,25,6,"س ن و"
18,25,7,"ز ي د"
18,25,8,"ت س ع"
18,26,1,"ق و ل"
18,26,2,"ا ل ه"
18,26,3,"ع ل م"
18,26,5,"ل ب ث"
18,26,7,"غ ي ب"
18,26,8,"س م و"
18,26,9,"ا ر ض"
18,26,10,"ب ص ر"
18,26,12,"س م ع"
18,26,16,"د و ن"
18,26,18,"و ل ي"
18,26,20,"ش ر ك"
18,26,22,"ح ك م"
18,26,23,"ا ح د"
18,27,1,"ت ل و"
18,27,3,"و ح ي"
18,27,4,"إِلَىٰ"
18,27,6,"ك ت ب"
18,27,7,"ر ب ب"
18,27,9,"ب د ل"
18,27,10,"ك ل م"
18,27,12,"و ج د"
18,27,14,"د و ن"
18,27,15,"ل ح د"
18,28,1,"ص ب ر"
18,28,2,"ن ف س"
18,28,4,"ٱلَّذِى"
18,28,5,"د ع و"
18,28,6,"ر ب ب"
18,28,7,"غ د و"
18,28,8,"ع ش و"
18,28,9,"ر و د"
18,28,10,"و ج ه"
18,28,12,"ع د و"
18,28,13,"ع ي ن"
18,28,15,"ر و د"
18,28,16,"ز ي ن"
18,28,17,"ح ي ي"
18,28,18,"د ن و"
18,28,20,"ط و ع"
18,28,22,"غ ف ل"
18,28,23,"ق ل ب"
18,28,25,"ذ ك ر"
18,28,26,"ت ب ع"
18,28,27,"ه و ي"
18,28,28,"ك و ن"
18,28,29,"ا م ر"
18,28,30,"ف ر ط"
18,29,1,"ق و ل"
18,29,2,"ح ق ق"
18,29,4,"ر ب ب"
18,29,6,"ش ي ا"
18,29,7,"ا م ن"
18,29,9,"ش ي ا"
18,29,10,"ك ف ر"
18,29,12,"ع ت د"
18,29,13,"ظ ل م"
18,29,14,"ن و ر"
18,29,15,"ح و ط"
18,29,17,"س ر د ق"
18,29,19,"غ و ث"
18,29,20,"غ و ث"
18,29,21,"م و ه"
18,29,22,"م ه ل"
18,29,23,"ش و ي"
18,29,24,"و ج ه"
18,29,25,"ب ا س"
18,29,26,"ش ر ب"
18,29,27,"س و ا"
18,29,28,"ر ف ق"
18,30,2,"ٱلَّذِى"
18,30,3,"ا م ن"
18,30,4,"ع م ل"
18,30,5,"ص ل ح"
18,30,8,"ض ي ع"
18,30,9,"ا ج ر"
18,30,11,"ح س ن"
18,30,12,"ع م ل"
18,31,3,"ج ن ن"
18,31,5,"ج ر ي"
18,31,7,"ت ح ت"
18,31,8,"ن ه ر"
18,31,9,"ح ل ي"
18,31,12,"س و ر"
18,31,14,"ذ ه ب"
18,31,15,"ل ب س"
18,31,16,"ث و ب"
18,31,17,"خ ض ر"
18,31,20,"إِسْتَبْرَق"
18,31,21,"و ك ا"
18,31,24,"ا ر ك"
18,31,25,"ن ع م"
18,31,26,"ث و ب"
18,31,27,"ح س ن"
18,31,28,"ر ف ق"
18,32,1,"ض ر ب"
18,32,3,"م ث ل"
18,32,4,"ر ج ل"
18,32,5,"ج ع ل"
18,32,6,"ا ح د"
18,32,7,"ج ن ن"
18,32,9,"ع ن ب"
18,32,10,"ح ف ف"
18,32,11,"ن خ ل"
18,32,12,"ج ع ل"
18,32,13,"ب ي ن"
18,32,14,"ز ر ع"
18,33,1,"ك ل و"
18,33,2,"ج ن ن"
18,33,3,"ا ت ي"
18,33,4,"ا ك ل"
18,33,6,"ظ ل م"
18,33,8,"ش ي ا"
18,33,9,"ف ج ر"
18,33,10,"خ ل ل"
18,33,11,"ن ه ر"
18,34,1,"ك و ن"
18,34,3,"ث م ر"
18,34,4,"ق و ل"
18,34,5,"ص ح ب"
18,34,7,"ح و ر"
18,34,9,"ك ث ر"
18,34,11,"م و ل"
18,34,12,"ع ز ز"
18,34,13,"ن ف ر"
18,35,1,"د خ ل"
18,35,2,"ج ن ن"
18,35,4,"ظ ل م"
18,35,5,"ن ف س"
18,35,6,"ق و ل"
18,35,8,"ظ ن ن"
18,35,10,"ب ي د"
18,35,12,"ا ب د"
18,36,2,"ظ ن ن"
18,36,3,"س و ع"
18,36,4,"ق و م"
18,36,6,"ر د د"
18,36,7,"إِلَىٰ"
18,36,8,"ر ب ب"
18,36,9,"و ج د"
18,36,10,"خ ي ر"
18,36,12,"ق ل ب"
18,37,1,"ق و ل"
18,37,3,"ص ح ب"
18,37,5,"ح و ر"
18,37,6,"ك ف ر"
18,37,7,"ٱلَّذِى"
18,37,8,"خ ل ق"
18,37,10,"ت ر ب"
18,37,13,"ن ط ف"
18,37,15,"س و ي"
18,37,16,"ر ج ل"
18,38,3,"ا ل ه"
18,38,4,"ر ب ب"
18,38,6,"ش ر ك"
18,38,7,"ر ب ب"
18,38,8,"ا ح د"
18,39,2,"إِذ"
18,39,3,"د خ ل"
18,39,4,"ج ن ن"
18,39,5,"ق و ل"
18,39,7,"ش ي ا"
18,39,8,"ا ل ه"
18,39,10,"ق و ي"
18,39,11,"إِلَّا"
18,39,12,"ا ل ه"
18,39,14,"ر ا ي"
18,39,16,"ق ل ل"
18,39,18,"م و ل"
18,39,19,"و ل د"
18,40,1,"ع س ي"
18,40,2,"ر ب ب"
18,40,4,"ا ت ي"
18,40,5,"خ ي ر"
18,40,7,"ج ن ن"
18,40,8,"ر س ل"
18,40,10,"ح س ب"
18,40,12,"س م و"
18,40,13,"ص ب ح"
18,40,14,"ص ع د"
18,40,15,"ز ل ق"
18,41,2,"ص ب ح"
18,41,3,"م و ه"
18,41,4,"غ و ر"
18,41,6,"ط و ع"
18,41,8,"ط ل ب"
18,42,1,"ح و ط"
18,42,2,"ث م ر"
18,42,3,"ص ب ح"
18,42,4,"ق ل ب"
18,42,5,"ك ف ف"
18,42,8,"ن ف ق"
18,42,11,"خ و ي"
18,42,13,"ع ر ش"
18,42,14,"ق و ل"
18,42,17,"ش ر ك"
18,42,18,"ر ب ب"
18,42,19,"ا ح د"
18,43,2,"ك و ن"
18,43,4,"ف ا ي"
18,43,5,"ن ص ر"
18,43,7,"د و ن"
18,43,8,"ا ل ه"
18,43,10,"ك و ن"
18,43,11,"ن ص ر"
18,44,2,"و ل ي"
18,44,3,"ا ل ه"
18,44,4,"ح ق ق"
18,44,6,"خ ي ر"
18,44,7,"ث و ب"
18,44,8,"خ ي ر"
18,44,9,"ع ق ب"
18,45,1,"ض ر ب"
18,45,3,"م ث ل"
18,45,4,"ح ي ي"
18,45,5,"د ن و"
18,45,6,"م و ه"
18,45,7,"ن ز ل"
18,45,9,"س م و"
18,45,10,"خ ل ط"
18,45,12,"ن ب ت"
18,45,13,"ا ر ض"
18,45,14,"ص ب ح"
18,45,15,"ه ش م"
18,45,16,"ذ ر و"
18,45,17,"ر و ح"
18,45,18,"ك و ن"
18,45,19,"ا ل ه"
18,45,21,"ك ل ل"
18,45,22,"ش ي ا"
18,45,23,"ق د ر"
18,46,1,"م و ل"
18,46,2,"ب ن ي"
18,46,3,"ز ي ن"
18,46,4,"ح ي ي"
18,46,5,"د ن و"
18,46,6,"ب ق ي"
18,46,7,"ص ل ح"
18,46,8,"خ ي ر"
18,46,9,"ع ن د"
18,46,10,"ر ب ب"
18,46,11,"ث و ب"
18,46,12,"خ ي ر"
18,46,13,"ا م ل"
18,47,1,"ي و م"
18,47,2,"س ي ر"
18,47,3,"ج ب ل"
18,47,4,"ر ا ي"
18,47,5,"ا ر ض"
18,47,6,"ب ر ز"
18,47,7,"ح ش ر"
18,47,9,"غ د ر"
18,47,11,"ا ح د"
18,48,1,"ع ر ض"
18,48,3,"ر ب ب"
18,48,4,"ص ف ف"
18,48,6,"ج ي ا"
18,48,8,"خ ل ق"
18,48,9,"ا و ل"
18,48,10,"م ر ر"
18,48,12,"ز ع م"
18,48,14,"ج ع ل"
18,48,16,"و ع د"
18,49,1,"و ض ع"
18,49,2,"ك ت ب"
18,49,3,"ر ا ي"
18,49,4,"ج ر م"
18,49,5,"ش ف ق"
18,49,8,"ق و ل"
18,49,12,"ك ت ب"
18,49,14,"غ د ر"
18,49,15,"ص غ ر"
18,49,17,"ك ب ر"
18,49,18,"إِلَّا"
18,49,19,"ح ص ي"
18,49,20,"و ج د"
18,49,22,"ع م ل"
18,49,23,"ح ض ر"
18,49,25,"ظ ل م"
18,49,26,"ر ب ب"
18,49,27,"ا ح د"
18,50,1,"إِذ"
18,50,2,"ق و ل"
18,50,3,"م ل ك"
18,50,4,"س ج د"
18,50,5,"آدَم"
18,50,6,"س ج د"
18,50,7,"إِلَّا"
18,50,8,"إِبْلِيس"
18,50,9,"ك و ن"
18,50,11,"ج ن ن"
18,50,12,"ف س ق"
18,50,14,"ا م ر"
18,50,15,"ر ب ب"
18,50,16,"ا خ ذ"
18,50,17,"ذ ر ر"
18,50,18,"و ل ي"
18,50,20,"د و ن"
18,50,23,"ع د و"
18,50,24,"ب ا س"
18,50,25,"ظ ل م"
18,50,26,"ب د ل"
18,51,2,"ش ه د"
18,51,3,"خ ل ق"
18,51,4,"س م و"
18,51,5,"ا ر ض"
18,51,7,"خ ل ق"
18,51,8,"ن ف س"
18,51,10,"ك و ن"
18,51,11,"ا خ ذ"
18,51,12,"ض ل ل"
18,51,13,"ع ض د"
18,52,1,"ي و م"
18,52,2,"ق و ل"
18,52,3,"ن د و"
18,52,4,"ش ر ك"
18,52,5,"ٱلَّذِى"
18,52,6,"ز ع م"
18,52,7,"د ع و"
18,52,9,"ج و ب"
18,52,11,"ج ع ل"
18,52,12,"ب ي ن"
18,52,13,"و ب ق"
18,53,1,"ر ا ي"
18,53,2,"ج ر م"
18,53,3,"ن و ر"
18,53,4,"ظ ن ن"
18,53,6,"و ق ع"
18,53,8,"و ج د"
18,53,10,"ص ر ف"
18,54,2,"ص ر ف"
18,54,5,"ق ر ا"
18,54,6,"ن و س"
18,54,8,"ك ل ل"
18,54,9,"م ث ل"
18,54,10,"ك و ن"
18,54,11,"ا ن س"
18,54,12,"ك ث ر"
18,54,13,"ش ي ا"
18,54,14,"ج د ل"
18,55,2,"م ن ع"
18,55,3,"ن و س"
18,55,5,"ا م ن"
18,55,6,"إِذ"
18,55,7,"ج ي ا"
18,55,8,"ه د ي"
18,55,9,"غ ف ر"
18,55,10,"ر ب ب"
18,55,11,"إِلَّا"
18,55,13,"ا ت ي"
18,55,14,"س ن ن"
18,55,15,"ا و ل"
18,55,17,"ا ت ي"
18,55,18,"ع ذ ب"
18,55,19,"ق ب ل"
18,56,2,"ر س ل"
18,56,3,"ر س ل"
18,56,4,"إِلَّا"
18,56,5,"ب ش ر"
18,56,6,"ن ذ ر"
18,56,7,"ج د ل"
18,56,8,"ٱلَّذِى"
18,56,9,"ك ف ر"
18,56,10,"ب ط ل"
18,56,11,"د ح ض"
18,56,13,"ح ق ق"
18,56,14,"ا خ ذ"
18,56,15,"ا ي ي"
18,56,17,"ن ذ ر"
18,56,18,"ه ز ا"
18,57,2,"ظ ل م"
18,57,4,"ذ ك ر"
18,57,5,"ا ي ي"
18,57,6,"ر ب ب"
18,57,7,"ع ر ض"
18,57,9,"ن س ي"
18,57,11,"ق د م"
18,57,12,"ي د ي"
18,57,14,"ج ع ل"
18,57,16,"ق ل ب"
18,57,17,"ك ن ن"
18,57,19,"ف ق ه"
18,57,21,"ا ذ ن"
18,57,22,"و ق ر"
18,57,24,"د ع و"
18,57,25,"إِلَىٰ"
18,57,26,"ه د ي"
18,57,28,"ه د ي"
18,57,29,"إِذًا"
18,57,30,"ا ب د"
18,58,1,"ر ب ب"
18,58,2,"غ ف ر"
18,58,4,"ر ح م"
18,58,6,"ا خ ذ"
18,58,8,"ك س ب"
18,58,9,"ع ج ل"
18,58,11,"ع ذ ب"
18,58,14,"و ع د"
18,58,16,"و ج د"
18,58,18,"د و ن"
18,58,19,"و ا ل"
18,59,2,"ق ر ي"
18,59,3,"ه ل ك"
18,59,5,"ظ ل م"
18,59,6,"ج ع ل"
18,59,7,"ه ل ك"
18,59,8,"و ع د"
18,60,1,"إِذ"
18,60,2,"ق و ل"
18,60,4,"ف ت ي"
18,60,6,"ب ر ح"
18,60,8,"ب ل غ"
18,60,9,"ج م ع"
18,60,10,"ب ح ر"
18,60,12,"م ض ي"
18,60,13,"ح ق ب"
18,61,2,"ب ل غ"
18,61,3,"ج م ع"
18,61,4,"ب ي ن"
18,61,5,"ن س ي"
18,61,6,"ح و ت"
18,61,7,"ا خ ذ"
18,61,8,"س ب ل"
18,61,10,"ب ح ر"
18,61,11,"س ر ب"
18,62,2,"ج و ز"
18,62,3,"ق و ل"
18,62,4,"ف ت ي"
18,62,5,"ا ت ي"
18,62,6,"غ د و"
18,62,8,"ل ق ي"
18,62,10,"س ف ر"
18,62,12,"ن ص ب"
18,63,1,"ق و ل"
18,63,2,"ر ا ي"
18,63,3,"إِذ"
18,63,4,"ا و ي"
18,63,5,"إِلَىٰ"
18,63,6,"ص خ ر"
18,63,8,"ن س ي"
18,63,9,"ح و ت"
18,63,11,"ن س ي"
18,63,12,"إِلَّا"
18,63,13,"ش ط ن"
18,63,15,"ذ ك ر"
18,63,16,"ا خ ذ"
18,63,17,"س ب ل"
18,63,19,"ب ح ر"
18,63,20,"ع ج ب"
18,64,1,"ق و ل"
18,64,4,"ك و ن"
18,64,5,"ب غ ي"
18,64,6,"ر د د"
18,64,8,"ا ث ر"
18,64,9,"ق ص ص"
18,65,1,"و ج د"
18,65,2,"ع ب د"
18,65,4,"ع ب د"
18,65,5,"ا ت ي"
18,65,6,"ر ح م"
18,65,8,"ع ن د"
18,65,9,"ع ل م"
18,65,11,"ل د ن"
18,65,12,"ع ل م"
18,66,1,"ق و ل"
18,66,5,"ت ب ع"
18,66,8,"ع ل م"
18,66,10,"ع ل م"
18,66,11,"ر ش د"
18,67,1,"ق و ل"
18,67,4,"ط و ع"
18,67,6,"ص ب ر"
18,68,1,"ك ي ف"
18,68,2,"ص ب ر"
18,68,6,"ح و ط"
18,68,8,"خ ب ر"
18,69,1,"ق و ل"
18,69,2,"و ج د"
18,69,4,"ش ي ا"
18,69,5,"ا ل ه"
18,69,6,"ص ب ر"
18,69,8,"ع ص ي"
18,69,10,"ا م ر"
18,70,1,"ق و ل"
18,70,3,"ت ب ع"
18,70,5,"س ا ل"
18,70,7,"ش ي ا"
18,70,9,"ح د ث"
18,70,12,"ذ ك ر"
18,71,1,"ط ل ق"
18,71,3,"إِذَا"
18,71,4,"ر ك ب"
18,71,6,"س ف ن"
18,71,7,"خ ر ق"
18,71,8,"ق و ل"
18,71,9,"خ ر ق"
18,71,10,"غ ر ق"
18,71,11,"ا ه ل"
18,71,13,"ج ي ا"
18,71,14,"ش ي ا"
18,71,15,"ا م ر"
18,72,1,"ق و ل"
18,72,3,"ق و ل"
18,72,6,"ط و ع"
18,72,8,"ص ب ر"
18,73,1,"ق و ل"
18,73,3,"ا خ ذ"
18,73,5,"ن س ي"
18,73,7,"ر ه ق"
18,73,9,"ا م ر"
18,73,10,"ع س ر"
18,74,1,"ط ل ق"
18,74,3,"إِذَا"
18,74,4,"ل ق ي"
18,74,5,"غ ل م"
18,74,6,"ق ت ل"
18,74,7,"ق و ل"
18,74,8,"ق ت ل"
18,74,9,"ن ف س"
18,74,10,"ز ك و"
18,74,11,"غ ي ر"
18,74,12,"ن ف س"
18,74,14,"ج ي ا"
18,74,15,"ش ي ا"
18,74,16,"ن ك ر"
18,75,1,"ق و ل"
18,75,3,"ق و ل"
18,75,7,"ط و ع"
18,75,9,"ص ب ر"
18,76,1,"ق و ل"
18,76,3,"س ا ل"
18,76,5,"ش ي ا"
18,76,6,"ب ع د"
18,76,8,"ص ح ب"
18,76,10,"ب ل غ"
18,76,12,"ل د ن"
18,76,13,"ع ذ ر"
18,77,1,"ط ل ق"
18,77,3,"إِذَا"
18,77,4,"ا ت ي"
18,77,5,"ا ه ل"
18,77,6,"ق ر ي"
18,77,7,"ط ع م"
18,77,8,"ا ه ل"
18,77,9,"ا ب ي"
18,77,11,"ض ي ف"
18,77,12,"و ج د"
18,77,14,"ج د ر"
18,77,15,"ر و د"
18,77,17,"ق ض ض"
18,77,18,"ق و م"
18,77,19,"ق و ل"
18,77,21,"ش ي ا"
18,77,22,"ا خ ذ"
18,77,24,"ا ج ر"
18,78,1,"ق و ل"
18,78,3,"ف ر ق"
18,78,4,"ب ي ن"
18,78,5,"ب ي ن"
18,78,6,"ن ب ا"
18,78,7,"ا و ل"
18,78,10,"ط و ع"
18,78,12,"ص ب ر"
18,79,1,"أَمَّا"
18,79,2,"س ف ن"
18,79,3,"ك و ن"
18,79,4,"س ك ن"
18,79,5,"ع م ل"
18,79,7,"ب ح ر"
18,79,8,"ر و د"
18,79,10,"ع ي ب"
18,79,11,"ك و ن"
18,79,12,"و ر ي"
18,79,13,"م ل ك"
18,79,14,"ا خ ذ"
18,79,15,"ك ل ل"
18,79,16,"س ف ن"
18,79,17,"غ ص ب"
18,80,1,"أَمَّا"
18,80,2,"غ ل م"
18,80,3,"ك و ن"
18,80,4,"ا ب و"
18,80,5,"ا م ن"
18,80,6,"خ ش ي"
18,80,8,"ر ه ق"
18,80,9,"ط غ ي"
18,80,10,"ك ف ر"
18,81,1,"ر و د"
18,81,3,"ب د ل"
18,81,4,"ر ب ب"
18,81,5,"خ ي ر"
18,81,7,"ز ك و"
18,81,8,"ق ر ب"
18,81,9,"ر ح م"
18,82,1,"أَمَّا"
18,82,2,"ج د ر"
18,82,3,"ك و ن"
18,82,4,"غ ل م"
18,82,5,"ي ت م"
18,82,7,"م د ن"
18,82,8,"ك و ن"
18,82,9,"ت ح ت"
18,82,10,"ك ن ز"
18,82,12,"ك و ن"
18,82,13,"ا ب و"
18,82,14,"ص ل ح"
18,82,15,"ر و د"
18,82,16,"ر ب ب"
18,82,18,"ب ل غ"
18,82,19,"ش د د"
18,82,20,"خ ر ج"
18,82,21,"ك ن ز"
18,82,22,"ر ح م"
18,82,24,"ر ب ب"
18,82,26,"ف ع ل"
18,82,28,"ا م ر"
18,82,30,"ا و ل"
18,82,33,"ط و ع"
18,82,35,"ص ب ر"
18,83,1,"س ا ل"
18,83,4,"ق ر ن"
18,83,5,"ق و ل"
18,83,6,"ت ل و"
18,83,9,"ذ ك ر"
18,84,2,"م ك ن"
18,84,5,"ا ر ض"
18,84,6,"ا ت ي"
18,84,8,"ك ل ل"
18,84,9,"ش ي ا"
18,84,10,"س ب ب"
18,85,1,"ت ب ع"
18,85,2,"س ب ب"
18,86,2,"إِذَا"
18,86,3,"ب ل غ"
18,86,4,"غ ر ب"
18,86,5,"ش م س"
18,86,6,"و ج د"
18,86,7,"غ ر ب"
18,86,9,"ع ي ن"
18,86,10,"ح م ا"
18,86,11,"و ج د"
18,86,12,"ع ن د"
18,86,13,"ق و م"
18,86,14,"ق و ل"
18,86,16,"ق ر ن"
18,86,17,"إِمَّا"
18,86,19,"ع ذ ب"
18,86,20,"إِمَّا"
18,86,22,"ا خ ذ"
18,86,24,"ح س ن"
18,87,1,"ق و ل"
18,87,2,"أَمَّا"
18,87,4,"ظ ل م"
18,87,6,"ع ذ ب"
18,87,8,"ر د د"
18,87,9,"إِلَىٰ"
18,87,10,"ر ب ب"
18,87,11,"ع ذ ب"
18,87,12,"ع ذ ب"
18,87,13,"ن ك ر"
18,88,1,"أَمَّا"
18,88,3,"ا م ن"
18,88,4,"ع م ل"
18,88,5,"ص ل ح"
18,88,7,"ج ز ي"
18,88,8,"ح س ن"
18,88,9,"ق و ل"
18,88,12,"ا م ر"
18,88,13,"ي س ر"
18,89,2,"ت ب ع"
18,89,3,"س ب ب"
18,90,2,"إِذَا"
18,90,3,"ب ل غ"
18,90,4,"ط ل ع"
18,90,5,"ش م س"
18,90,6,"و ج د"
18,90,7,"ط ل ع"
18,90,9,"ق و م"
18,90,11,"ج ع ل"
18,90,14,"د و ن"
18,90,15,"س ت ر"
18,91,3,"ح و ط"
18,91,6,"خ ب ر"
18,92,2,"ت ب ع"
18,92,3,"س ب ب"
18,93,2,"إِذَا"
18,93,3,"ب ل غ"
18,93,4,"ب ي ن"
18,93,5,"س د د"
18,93,6,"و ج د"
18,93,8,"د و ن"
18,93,9,"ق و م"
18,93,11,"ك و د"
18,93,12,"ف ق ه"
18,93,13,"ق و ل"
18,94,1,"ق و ل"
18,94,3,"ق ر ن"
18,94,7,"ف س د"
18,94,9,"ا ر ض"
18,94,11,"ج ع ل"
18,94,13,"خ ر ج"
18,94,16,"ج ع ل"
18,94,17,"ب ي ن"
18,94,18,"ب ي ن"
18,94,19,"س د د"
18,95,1,"ق و ل"
18,95,3,"م ك ن"
18,95,5,"ر ب ب"
18,95,6,"خ ي ر"
18,95,7,"ع و ن"
18,95,8,"ق و ي"
18,95,9,"ج ع ل"
18,95,10,"ب ي ن"
18,95,11,"ب ي ن"
18,95,12,"ر د م"
18,96,1,"ا ت ي"
18,96,2,"ز ب ر"
18,96,3,"ح د د"
18,96,5,"إِذَا"
18,96,6,"س و ي"
18,96,7,"ب ي ن"
18,96,8,"ص د ف"
18,96,9,"ق و ل"
18,96,10,"ن ف خ"
18,96,12,"إِذَا"
18,96,13,"ج ع ل"
18,96,14,"ن و ر"
18,96,15,"ق و ل"
18,96,16,"ا ت ي"
18,96,17,"ف ر غ"
18,96,19,"ق ط ر"
18,97,2,"ط و ع"
18,97,4,"ظ ه ر"
18,97,6,"ط و ع"
18,97,8,"ن ق ب"
18,98,1,"ق و ل"
18,98,3,"ر ح م"
18,98,5,"ر ب ب"
18,98,6,"إِذَا"
18,98,7,"ج ي ا"
18,98,8,"و ع د"
18,98,9,"ر ب ب"
18,98,10,"ج ع ل"
18,98,11,"د ك ك"
18,98,12,"ك و ن"
18,98,13,"و ع د"
18,98,14,"ر ب ب"
18,98,15,"ح ق ق"
18,99,1,"ت ر ك"
18,99,2,"ب ع ض"
18,99,4,"م و ج"
18,99,6,"ب ع ض"
18,99,7,"ن ف خ"
18,99,9,"ص و ر"
18,99,10,"ج م ع"
18,99,11,"ج م ع"
18,100,1,"ع ر ض"
18,100,4,"ك ف ر"
18,100,5,"ع ر ض"
18,101,1,"ٱلَّذِى"
18,101,2,"ك و ن"
18,101,3,"ع ي ن"
18,101,5,"غ ط و"
18,101,7,"ذ ك ر"
18,101,8,"ك و ن"
18,101,10,"ط و ع"
18,101,11,"س م ع"
18,102,1,"ح س ب"
18,102,2,"ٱلَّذِى"
18,102,3,"ك ف ر"
18,102,5,"ا خ ذ"
18,102,6,"ع ب د"
18,102,8,"د و ن"
18,102,9,"و ل ي"
18,102,11,"ع ت د"
18,102,13,"ك ف ر"
18,102,14,"ن ز ل"
18,103,1,"ق و ل"
18,103,3,"ن ب ا"
18,103,4,"خ س ر"
18,103,5,"ع م ل"
18,104,1,"ٱلَّذِى"
18,104,2,"ض ل ل"
18,104,3,"س ع ي"
18,104,5,"ح ي ي"
18,104,6,"د ن و"
18,104,8,"ح س ب"
18,104,10,"ح س ن"
18,104,11,"ص ن ع"
18,105,2,"ٱلَّذِى"
18,105,3,"ك ف ر"
18,105,4,"ا ي ي"
18,105,5,"ر ب ب"
18,105,6,"ل ق ي"
18,105,7,"ح ب ط"
18,105,8,"ع م ل"
18,105,10,"ق و م"
18,105,12,"ي و م"
18,105,13,"ق و م"
18,105,14,"و ز ن"
18,106,2,"ج ز ي"
18,106,5,"ك ف ر"
18,106,6,"ا خ ذ"
18,106,7,"ا ي ي"
18,106,8,"ر س ل"
18,106,9,"ه ز ا"
18,107,2,"ٱلَّذِى"
18,107,3,"ا م ن"
18,107,4,"ع م ل"
18,107,5,"ص ل ح"
18,107,6,"ك و ن"
18,107,8,"ج ن ن"
18,107,10,"ن ز ل"
18,108,1,"خ ل د"
18,108,4,"ب غ ي"
18,108,6,"ح و ل"
18,109,1,"ق و ل"
18,109,3,"ك و ن"
18,109,4,"ب ح ر"
18,109,5,"م د د"
18,109,6,"ك ل م"
18,109,7,"ر ب ب"
18,109,8,"ن ف د"
18,109,9,"ب ح ر"
18,109,10,"ق ب ل"
18,109,12,"ن ف د"
18,109,13,"ك ل م"
18,109,14,"ر ب ب"
18,109,16,"ج ي ا"
18,109,17,"م ث ل"
18,109,18,"م د د"
18,110,1,"ق و ل"
18,110,4,"ب ش ر"
18,110,5,"م ث ل"
18,110,6,"و ح ي"
18,110,7,"إِلَىٰ"
18,110,9,"ا ل ه"
18,110,10,"ا ل ه"
18,110,11,"و ح د"
18,110,13,"ك و ن"
18,110,14,"ر ج و"
18,110,15,"ل ق ي"
18,110,16,"ر ب ب"
18,110,17,"ع م ل"
18,110,18,"ع م ل"
18,110,19,"ص ل ح"
18,110,21,"ش ر ك"
18,110,22,"ع ب د"
18,110,23,"ر ب ب"
18,110,24,"ا ح د"
19,2,1,"ذ ك ر"
19,2,2,"ر ح م"
19,2,3,"ر ب ب"
19,2,4,"ع ب د"
19,3,1,"إِذ"
19,3,2,"ن د و"
19,3,3,"ر ب ب"
19,3,4,"ن د و"
19,3,5,"خ ف ي"
19,4,1,"ق و ل"
19,4,2,"ر ب ب"
19,4,4,"و ه ن"
19,4,5,"ع ظ م"
19,4,7,"ش ع ل"
19,4,8,"ر ا س"
19,4,9,"ش ي ب"
19,4,11,"ك و ن"
19,4,12,"د ع و"
19,4,13,"ر ب ب"
19,4,14,"ش ق و"
19,5,2,"خ و ف"
19,5,3,"و ل ي"
19,5,5,"و ر ي"
19,5,6,"ك و ن"
19,5,7,"م ر ا"
19,5,8,"ع ق ر"
19,5,9,"و ه ب"
19,5,12,"ل د ن"
19,5,13,"و ل ي"
19,6,1,"و ر ث"
19,6,2,"و ر ث"
19,6,4,"ا و ل"
19,6,6,"ج ع ل"
19,6,7,"ر ب ب"
19,6,8,"ر ض و"
19,7,3,"ب ش ر"
19,7,4,"غ ل م"
19,7,5,"س م و"
19,7,8,"ج ع ل"
19,7,11,"ق ب ل"
19,7,12,"س م و"
19,8,1,"ق و ل"
19,8,2,"ر ب ب"
19,8,3,"ا ن ي"
19,8,4,"ك و ن"
19,8,6,"غ ل م"
19,8,7,"ك و ن"
19,8,8,"م ر ا"
19,8,9,"ع ق ر"
19,8,11,"ب ل غ"
19,8,13,"ك ب ر"
19,8,14,"ع ت و"
19,9,1,"ق و ل"
19,9,3,"ق و ل"
19,9,4,"ر ب ب"
19,9,7,"ه و ن"
19,9,9,"خ ل ق"
19,9,11,"ق ب ل"
19,9,13,"ك و ن"
19,9,14,"ش ي ا"
19,10,1,"ق و ل"
19,10,2,"ر ب ب"
19,10,3,"ج ع ل"
19,10,5,"ا ي ي"
19,10,6,"ق و ل"
19,10,7,"ا ي ي"
19,10,9,"ك ل م"
19,10,10,"ن و س"
19,10,11,"ث ل ث"
19,10,12,"ل ي ل"
19,10,13,"س و ي"
19,11,1,"خ ر ج"
19,11,3,"ق و م"
19,11,5,"ح ر ب"
19,11,6,"و ح ي"
19,11,7,"إِلَىٰ"
19,11,9,"س ب ح"
19,11,10,"ب ك ر"
19,11,11,"ع ش و"
19,12,2,"ا خ ذ"
19,12,3,"ك ت ب"
19,12,4,"ق و ي"
19,12,5,"ا ت ي"
19,12,6,"ح ك م"
19,12,7,"ص ب و"
19,13,1,"ح ن ن"
19,13,3,"ل د ن"
19,13,4,"ز ك و"
19,13,5,"ك و ن"
19,13,6,"و ق ي"
19,14,1,"ب ر ر"
19,14,2,"و ل د"
19,14,4,"ك و ن"
19,14,5,"ج ب ر"
19,14,6,"ع ص ي"
19,15,1,"س ل م"
19,15,3,"ي و م"
19,15,4,"و ل د"
19,15,5,"ي و م"
19,15,6,"م و ت"
19,15,7,"ي و م"
19,15,8,"ب ع ث"
19,15,9,"ح ي ي"
19,16,1,"ذ ك ر"
19,16,3,"ك ت ب"
19,16,5,"إِذ"
19,16,6,"ن ب ذ"
19,16,8,"ا ه ل"
19,16,9,"ك و ن"
19,16,10,"ش ر ق"
19,17,1,"ا خ ذ"
19,17,3,"د و ن"
19,17,4,"ح ج ب"
19,17,5,"ر س ل"
19,17,6,"إِلَىٰ"
19,17,7,"ر و ح"
19,17,8,"م ث ل"
19,17,10,"ب ش ر"
19,17,11,"س و ي"
19,18,1,"ق و ل"
19,18,3,"ع و ذ"
19,18,4,"ر ح م"
19,18,7,"ك و ن"
19,18,8,"و ق ي"
19,19,1,"ق و ل"
19,19,4,"ر س ل"
19,19,5,"ر ب ب"
19,19,6,"و ه ب"
19,19,8,"غ ل م"
19,19,9,"ز ك و"
19,20,1,"ق و ل"
19,20,2,"ا ن ي"
19,20,3,"ك و ن"
19,20,5,"غ ل م"
19,20,7,"م س س"
19,20,8,"ب ش ر"
19,20,10,"ك و ن"
19,20,11,"ب غ ي"
19,21,1,"ق و ل"
19,21,3,"ق و ل"
19,21,4,"ر ب ب"
19,21,7,"ه و ن"
19,21,8,"ج ع ل"
19,21,9,"ا ي ي"
19,21,10,"ن و س"
19,21,11,"ر ح م"
19,21,13,"ك و ن"
19,21,14,"ا م ر"
19,21,15,"ق ض ي"
19,22,1,"ح م ل"
19,22,2,"ن ب ذ"
19,22,4,"ك و ن"
19,22,5,"ق ص و"
19,23,1,"ج ي ا"
19,23,2,"م خ ض"
19,23,3,"إِلَىٰ"
19,23,4,"ج ذ ع"
19,23,5,"ن خ ل"
19,23,6,"ق و ل"
19,23,8,"م و ت"
19,23,9,"ق ب ل"
19,23,11,"ك و ن"
19,23,12,"ن س ي"
19,23,13,"ن س ي"
19,24,1,"ن د و"
19,24,3,"ت ح ت"
19,24,5,"ح ز ن"
19,24,7,"ج ع ل"
19,24,8,"ر ب ب"
19,24,9,"ت ح ت"
19,24,10,"س ر ي"
19,25,1,"ه ز ز"
19,25,2,"إِلَىٰ"
19,25,3,"ج ذ ع"
19,25,4,"ن خ ل"
19,25,5,"س ق ط"
19,25,7,"ر ط ب"
19,25,8,"ج ن ي"
19,26,1,"ا ك ل"
19,26,2,"ش ر ب"
19,26,3,"ق ر ر"
19,26,4,"ع ي ن"
19,26,5,"إِمَّا"
19,26,6,"ر ا ي"
19,26,8,"ب ش ر"
19,26,9,"ا ح د"
19,26,10,"ق و ل"
19,26,12,"ن ذ ر"
19,26,13,"ر ح م"
19,26,14,"ص و م"
19,26,16,"ك ل م"
19,26,17,"ي و م"
19,26,18,"ا ن س"
19,27,1,"ا ت ي"
19,27,3,"ق و م"
19,27,4,"ح م ل"
19,27,5,"ق و ل"
19,27,8,"ج ي ا"
19,27,9,"ش ي ا"
19,27,10,"ف ر ي"
19,28,1,"ا خ و"
19,28,4,"ك و ن"
19,28,5,"ا ب و"
19,28,6,"م ر ا"
19,28,7,"س و ا"
19,28,9,"ك و ن"
19,28,10,"ا م م"
19,28,11,"ب غ ي"
19,29,1,"ش و ر"
19,29,2,"إِلَىٰ"
19,29,3,"ق و ل"
19,29,4,"ك ي ف"
19,29,5,"ك ل م"
19,29,7,"ك و ن"
19,29,9,"م ه د"
19,29,10,"ص ب و"
19,30,1,"ق و ل"
19,30,3,"ع ب د"
19,30,4,"ا ل ه"
19,30,5,"ا ت ي"
19,30,6,"ك ت ب"
19,30,7,"ج ع ل"
19,30,8,"ن ب ا"
19,31,1,"ج ع ل"
19,31,2,"ب ر ك"
19,31,5,"ك و ن"
19,31,6,"و ص ي"
19,31,7,"ص ل و"
19,31,8,"ز ك و"
19,31,10,"د و م"
19,31,11,"ح ي ي"
19,32,1,"ب ر ر"
19,32,2,"و ل د"
19,32,4,"ج ع ل"
19,32,5,"ج ب ر"
19,32,6,"ش ق و"
19,33,1,"س ل م"
19,33,3,"ي و م"
19,33,4,"و ل د"
19,33,5,"ي و م"
19,33,6,"م و ت"
19,33,7,"ي و م"
19,33,8,"ب ع ث"
19,33,9,"ح ي ي"
19,34,3,"ب ن ي"
19,34,5,"ق و ل"
19,34,6,"ح ق ق"
19,34,7,"ٱلَّذِى"
19,34,9,"م ر ي"
19,35,2,"ك و ن"
19,35,3,"ا ل ه"
19,35,5,"ا خ ذ"
19,35,7,"و ل د"
19,35,8,"س ب ح"
19,35,9,"إِذَا"
19,35,10,"ق ض ي"
19,35,11,"ا م ر"
19,35,13,"ق و ل"
19,35,15,"ك و ن"
19,35,16,"ك و ن"
19,36,2,"ا ل ه"
19,36,3,"ر ب ب"
19,36,4,"ر ب ب"
19,36,5,"ع ب د"
19,36,7,"ص ر ط"
19,36,8,"ق و م"
19,37,1,"خ ل ف"
19,37,2,"ح ز ب"
19,37,4,"ب ي ن"
19,37,6,"ٱلَّذِى"
19,37,7,"ك ف ر"
19,37,9,"ش ه د"
19,37,10,"ي و م"
19,37,11,"ع ظ م"
19,38,1,"س م ع"
19,38,3,"ب ص ر"
19,38,4,"ي و م"
19,38,5,"ا ت ي"
19,38,7,"ظ ل م"
19,38,8,"ي و م"
19,38,10,"ض ل ل"
19,38,11,"ب ي ن"
19,39,1,"ن ذ ر"
19,39,2,"ي و م"
19,39,3,"ح س ر"
19,39,4,"إِذ"
19,39,5,"ق ض ي"
19,39,6,"ا م ر"
19,39,9,"غ ف ل"
19,39,12,"ا م ن"
19,40,3,"و ر ث"
19,40,4,"ا ر ض"
19,40,7,"إِلَىٰ"
19,40,8,"ر ج ع"
19,41,1,"ذ ك ر"
19,41,3,"ك ت ب"
19,41,4,"إِبْرَاهِيم"
19,41,6,"ك و ن"
19,41,7,"ص د ق"
19,41,8,"ن ب ا"
19,42,1,"إِذ"
19,42,2,"ق و ل"
19,42,3,"ا ب و"
19,42,4,"ا ب و"
19,42,6,"ع ب د"
19,42,9,"س م ع"
19,42,11,"ب ص ر"
19,42,13,"غ ن ي"
19,42,15,"ش ي ا"
19,43,1,"ا ب و"
19,43,4,"ج ي ا"
19,43,6,"ع ل م"
19,43,9,"ا ت ي"
19,43,10,"ت ب ع"
19,43,11,"ه د ي"
19,43,12,"ص ر ط"
19,43,13,"س و ي"
19,44,1,"ا ب و"
19,44,3,"ع ب د"
19,44,4,"ش ط ن"
19,44,6,"ش ط ن"
19,44,7,"ك و ن"
19,44,8,"ر ح م"
19,44,9,"ع ص ي"
19,45,1,"ا ب و"
19,45,3,"خ و ف"
19,45,5,"م س س"
19,45,6,"ع ذ ب"
19,45,8,"ر ح م"
19,45,9,"ك و ن"
19,45,10,"ش ط ن"
19,45,11,"و ل ي"
19,46,1,"ق و ل"
19,46,2,"ر غ ب"
19,46,5,"ا ل ه"
19,46,6,"إِبْرَاهِيم"
19,46,9,"ن ه ي"
19,46,10,"ر ج م"
19,46,11,"ه ج ر"
19,46,12,"م ل و"
19,47,1,"ق و ل"
19,47,2,"س ل م"
19,47,4,"غ ف ر"
19,47,6,"ر ب ب"
19,47,8,"ك و ن"
19,47,10,"ح ف و"
19,48,1,"ع ز ل"
19,48,3,"د ع و"
19,48,5,"د و ن"
19,48,6,"ا ل ه"
19,48,7,"د ع و"
19,48,8,"ر ب ب"
19,48,9,"ع س ي"
19,48,11,"ك و ن"
19,48,12,"د ع و"
19,48,13,"ر ب ب"
19,48,14,"ش ق و"
19,49,2,"ع ز ل"
19,49,4,"ع ب د"
19,49,6,"د و ن"
19,49,7,"ا ل ه"
19,49,8,"و ه ب"
19,49,10,"إِسْحَاق"
19,49,12,"ك ل ل"
19,49,13,"ج ع ل"
19,49,14,"ن ب ا"
19,50,1,"و ه ب"
19,50,4,"ر ح م"
19,50,5,"ج ع ل"
19,50,7,"ل س ن"
19,50,8,"ص د ق"
19,50,9,"ع ل و"
19,51,1,"ذ ك ر"
19,51,3,"ك ت ب"
19,51,6,"ك و ن"
19,51,7,"خ ل ص"
19,51,8,"ك و ن"
19,51,9,"ر س ل"
19,51,10,"ن ب ا"
19,52,1,"ن د و"
19,52,3,"ج ن ب"
19,52,4,"ط و ر"
19,52,5,"ي م ن"
19,52,6,"ق ر ب"
19,52,7,"ن ج و"
19,53,1,"و ه ب"
19,53,4,"ر ح م"
19,53,5,"ا خ و"
19,53,7,"ن ب ا"
19,54,1,"ذ ك ر"
19,54,3,"ك ت ب"
19,54,4,"إِسْمَاعِيل"
19,54,6,"ك و ن"
19,54,7,"ص د ق"
19,54,8,"و ع د"
19,54,9,"ك و ن"
19,54,10,"ر س ل"
19,54,11,"ن ب ا"
19,55,1,"ك و ن"
19,55,2,"ا م ر"
19,55,3,"ا ه ل"
19,55,4,"ص ل و"
19,55,5,"ز ك و"
19,55,6,"ك و ن"
19,55,7,"ع ن د"
19,55,8,"ر ب ب"
19,55,9,"ر ض و"
19,56,1,"ذ ك ر"
19,56,3,"ك ت ب"
19,56,6,"ك و ن"
19,56,7,"ص د ق"
19,56,8,"ن ب ا"
19,57,1,"ر ف ع"
19,57,2,"ك و ن"
19,57,3,"ع ل و"
19,58,2,"ٱلَّذِى"
19,58,3,"ن ع م"
19,58,4,"ا ل ه"
19,58,7,"ن ب ا"
19,58,9,"ذ ر ر"
19,58,10,"آدَم"
19,58,12,"ح م ل"
19,58,16,"ذ ر ر"
19,58,17,"إِبْرَاهِيم"
19,58,18,"إِسْرَائِيل"
19,58,20,"ه د ي"
19,58,21,"ج ب ي"
19,58,22,"إِذَا"
19,58,23,"ت ل و"
19,58,25,"ا ي ي"
19,58,26,"ر ح م"
19,58,27,"خ ر ر"
19,58,28,"س ج د"
19,58,29,"ب ك ي"
19,59,1,"خ ل ف"
19,59,3,"ب ع د"
19,59,4,"خ ل ف"
19,59,5,"ض ي ع"
19,59,6,"ص ل و"
19,59,7,"ت ب ع"
19,59,8,"ش ه و"
19,59,10,"ل ق ي"
19,59,11,"غ و ي"
19,60,1,"إِلَّا"
19,60,3,"ت و ب"
19,60,4,"ا م ن"
19,60,5,"ع م ل"
19,60,6,"ص ل ح"
19,60,8,"د خ ل"
19,60,9,"ج ن ن"
19,60,11,"ظ ل م"
19,60,12,"ش ي ا"
19,61,1,"ج ن ن"
19,61,3,"ٱلَّذِى"
19,61,4,"و ع د"
19,61,5,"ر ح م"
19,61,6,"ع ب د"
19,61,7,"غ ي ب"
19,61,9,"ك و ن"
19,61,10,"و ع د"
19,61,11,"ا ت ي"
19,62,2,"س م ع"
19,62,4,"ل غ و"
19,62,5,"إِلَّا"
19,62,6,"س ل م"
19,62,8,"ر ز ق"
19,62,10,"ب ك ر"
19,62,11,"ع ش و"
19,63,2,"ج ن ن"
19,63,3,"ٱلَّذِى"
19,63,4,"و ر ث"
19,63,6,"ع ب د"
19,63,8,"ك و ن"
19,63,9,"و ق ي"
19,64,2,"ن ز ل"
19,64,3,"إِلَّا"
19,64,4,"ا م ر"
19,64,5,"ر ب ب"
19,64,8,"ب ي ن"
19,64,9,"ي د ي"
19,64,11,"خ ل ف"
19,64,13,"ب ي ن"
19,64,16,"ك و ن"
19,64,17,"ر ب ب"
19,64,18,"ن س ي"
19,65,1,"ر ب ب"
19,65,2,"س م و"
19,65,3,"ا ر ض"
19,65,5,"ب ي ن"
19,65,6,"ع ب د"
19,65,7,"ص ب ر"
19,65,8,"ع ب د"
19,65,10,"ع ل م"
19,65,12,"س م و"
19,66,1,"ق و ل"
19,66,2,"ا ن س"
19,66,3,"إِذَا"
19,66,5,"م و ت"
19,66,7,"خ ر ج"
19,66,8,"ح ي ي"
19,67,2,"ذ ك ر"
19,67,3,"ا ن س"
19,67,5,"خ ل ق"
19,67,7,"ق ب ل"
19,67,9,"ك و ن"
19,67,10,"ش ي ا"
19,68,1,"ر ب ب"
19,68,2,"ح ش ر"
19,68,3,"ش ط ن"
19,68,5,"ح ض ر"
19,68,6,"ح و ل"
19,68,8,"ج ث و"
19,69,2,"ن ز ع"
19,69,4,"ك ل ل"
19,69,5,"ش ي ع"
19,69,7,"ش د د"
19,69,9,"ر ح م"
19,69,10,"ع ت و"
19,70,3,"ع ل م"
19,70,4,"ٱلَّذِى"
19,70,6,"و ل ي"
19,70,8,"ص ل ي"
19,71,3,"إِلَّا"
19,71,4,"و ر د"
19,71,5,"ك و ن"
19,71,7,"ر ب ب"
19,71,8,"ح ت م"
19,71,9,"ق ض ي"
19,72,2,"ن ج و"
19,72,3,"ٱلَّذِى"
19,72,4,"و ق ي"
19,72,5,"و ذ ر"
19,72,6,"ظ ل م"
19,72,8,"ج ث و"
19,73,1,"إِذَا"
19,73,2,"ت ل و"
19,73,4,"ا ي ي"
19,73,5,"ب ي ن"
19,73,6,"ق و ل"
19,73,7,"ٱلَّذِى"
19,73,8,"ك ف ر"
19,73,9,"ٱلَّذِى"
19,73,10,"ا م ن"
19,73,12,"ف ر ق"
19,73,13,"خ ي ر"
19,73,14,"ق و م"
19,73,15,"ح س ن"
19,73,16,"ن د و"
19,74,2,"ه ل ك"
19,74,3,"ق ب ل"
19,74,5,"ق ر ن"
19,74,7,"ح س ن"
19,74,8,"ا ث ث"
19,74,9,"ر ا ي"
19,75,1,"ق و ل"
19,75,3,"ك و ن"
19,75,5,"ض ل ل"
19,75,6,"م د د"
19,75,8,"ر ح م"
19,75,9,"م د د"
19,75,11,"إِذَا"
19,75,12,"ر ا ي"
19,75,14,"و ع د"
19,75,15,"إِمَّا"
19,75,16,"ع ذ ب"
19,75,17,"إِمَّا"
19,75,18,"س و ع"
19,75,19,"ع ل م"
19,75,22,"ش ر ر"
19,75,23,"ك و ن"
19,75,24,"ض ع ف"
19,75,25,"ج ن د"
19,76,1,"ز ي د"
19,76,2,"ا ل ه"
19,76,3,"ٱلَّذِى"
19,76,4,"ه د ي"
19,76,5,"ه د ي"
19,76,6,"ب ق ي"
19,76,7,"ص ل ح"
19,76,8,"خ ي ر"
19,76,9,"ع ن د"
19,76,10,"ر ب ب"
19,76,11,"ث و ب"
19,76,12,"خ ي ر"
19,76,13,"ر د د"
19,77,1,"ر ا ي"
19,77,2,"ٱلَّذِى"
19,77,3,"ك ف ر"
19,77,4,"ا ي ي"
19,77,5,"ق و ل"
19,77,6,"ا ت ي"
19,77,7,"م و ل"
19,77,8,"و ل د"
19,78,1,"ط ل ع"
19,78,2,"غ ي ب"
19,78,3,"أَم"
19,78,4,"ا خ ذ"
19,78,5,"ع ن د"
19,78,6,"ر ح م"
19,78,7,"ع ه د"
19,79,2,"ك ت ب"
19,79,4,"ق و ل"
19,79,5,"م د د"
19,79,8,"ع ذ ب"
19,79,9,"م د د"
19,80,1,"و ر ث"
19,80,3,"ق و ل"
19,80,4,"ا ت ي"
19,80,5,"ف ر د"
19,81,1,"ا خ ذ"
19,81,3,"د و ن"
19,81,4,"ا ل ه"
19,81,5,"ا ل ه"
19,81,6,"ك و ن"
19,81,8,"ع ز ز"
19,82,2,"ك ف ر"
19,82,3,"ع ب د"
19,82,4,"ك و ن"
19,82,6,"ض د د"
19,83,2,"ر ا ي"
19,83,4,"ر س ل"
19,83,5,"ش ط ن"
19,83,7,"ك ف ر"
19,83,8,"ا ز ز"
19,83,9,"ا ز ز"
19,84,2,"ع ج ل"
19,84,5,"ع د د"
19,84,7,"ع د د"
19,85,1,"ي و م"
19,85,2,"ح ش ر"
19,85,3,"و ق ي"
19,85,4,"إِلَىٰ"
19,85,5,"ر ح م"
19,85,6,"و ف د"
19,86,1,"س و ق"
19,86,2,"ج ر م"
19,86,3,"إِلَىٰ"
19,86,5,"و ر د"
19,87,2,"م ل ك"
19,87,3,"ش ف ع"
19,87,4,"إِلَّا"
19,87,6,"ا خ ذ"
19,87,7,"ع ن د"
19,87,8,"ر ح م"
19,87,9,"ع ه د"
19,88,1,"ق و ل"
19,88,2,"ا خ ذ"
19,88,3,"ر ح م"
19,88,4,"و ل د"
19,89,2,"ج ي ا"
19,89,3,"ش ي ا"
19,89,4,"ا د د"
19,90,1,"ك و د"
19,90,2,"س م و"
19,90,3,"ف ط ر"
19,90,5,"ش ق ق"
19,90,6,"ا ر ض"
19,90,7,"خ ر ر"
19,90,8,"ج ب ل"
19,90,9,"ه د د"
19,91,2,"د ع و"
19,91,3,"ر ح م"
19,91,4,"و ل د"
19,92,2,"ب غ ي"
19,92,3,"ر ح م"
19,92,5,"ا خ ذ"
19,92,6,"و ل د"
19,93,2,"ك ل ل"
19,93,5,"س م و"
19,93,6,"ا ر ض"
19,93,7,"إِلَّا"
19,93,8,"ا ت ي"
19,93,9,"ر ح م"
19,93,10,"ع ب د"
19,94,2,"ح ص ي"
19,94,3,"ع د د"
19,94,4,"ع د د"
19,95,1,"ك ل ل"
19,95,2,"ا ت ي"
19,95,3,"ي و م"
19,95,4,"ق و م"
19,95,5,"ف ر د"
19,96,2,"ٱلَّذِى"
19,96,3,"ا م ن"
19,96,4,"ع م ل"
19,96,5,"ص ل ح"
19,96,6,"ج ع ل"
19,96,8,"ر ح م"
19,96,9,"و د د"
19,97,2,"ي س ر"
19,97,3,"ل س ن"
19,97,4,"ب ش ر"
19,97,6,"و ق ي"
19,97,7,"ن ذ ر"
19,97,9,"ق و م"
19,97,10,"ل د د"
19,98,2,"ه ل ك"
19,98,3,"ق ب ل"
19,98,5,"ق ر ن"
19,98,7,"ح س س"
19,98,10,"ا ح د"
19,98,12,"س م ع"
19,98,14,"ر ك ز"
20,2,2,"ن ز ل"
20,2,4,"ق ر ا"
20,2,5,"ش ق و"
20,3,1,"إِلَّا"
20,3,2,"ذ ك ر"
20,3,4,"خ ش ي"
20,4,1,"ن ز ل"
20,4,3,"خ ل ق"
20,4,4,"ا ر ض"
20,4,5,"س م و"
20,4,6,"ع ل و"
20,5,1,"ر ح م"
20,5,3,"ع ر ش"
20,5,4,"س و ي"
20,6,4,"س م و"
20,6,7,"ا ر ض"
20,6,9,"ب ي ن"
20,6,11,"ت ح ت"
20,6,12,"ث ر ي"
20,7,2,"ج ه ر"
20,7,3,"ق و ل"
20,7,5,"ع ل م"
20,7,6,"س ر ر"
20,7,7,"خ ف ي"
20,8,1,"ا ل ه"
20,8,3,"ا ل ه"
20,8,4,"إِلَّا"
20,8,7,"س م و"
20,8,8,"ح س ن"
20,9,2,"ا ت ي"
20,9,3,"ح د ث"
20,10,1,"إِذ"
20,10,2,"ر ا ي"
20,10,3,"ن و ر"
20,10,4,"ق و ل"
20,10,5,"ا ه ل"
20,10,6,"م ك ث"
20,10,8,"ا ن س"
20,10,9,"ن و ر"
20,10,11,"ا ت ي"
20,10,13,"ق ب س"
20,10,15,"و ج د"
20,10,17,"ن و ر"
20,10,18,"ه د ي"
20,11,2,"ا ت ي"
20,11,3,"ن د و"
20,12,3,"ر ب ب"
20,12,4,"خ ل ع"
20,12,5,"ن ع ل"
20,12,7,"و د ي"
20,12,8,"ق د س"
20,12,9,"ط و ي"
20,13,2,"خ ي ر"
20,13,3,"س م ع"
20,13,5,"و ح ي"
20,14,3,"ا ل ه"
20,14,5,"ا ل ه"
20,14,6,"إِلَّا"
20,14,8,"ع ب د"
20,14,9,"ق و م"
20,14,10,"ص ل و"
20,14,11,"ذ ك ر"
20,15,2,"س و ع"
20,15,3,"ا ت ي"
20,15,4,"ك و د"
20,15,5,"خ ف ي"
20,15,6,"ج ز ي"
20,15,7,"ك ل ل"
20,15,8,"ن ف س"
20,15,10,"س ع ي"
20,16,2,"ص د د"
20,16,6,"ا م ن"
20,16,8,"ت ب ع"
20,16,9,"ه و ي"
20,16,10,"ر د ي"
20,17,3,"ي م ن"
20,18,1,"ق و ل"
20,18,3,"ع ص و"
20,18,4,"و ك ا"
20,18,6,"ه ش ش"
20,18,9,"غ ن م"
20,18,12,"ا ر ب"
20,18,13,"ا خ ر"
20,19,1,"ق و ل"
20,19,2,"ل ق ي"
20,20,1,"ل ق ي"
20,20,4,"ح ي ي"
20,20,5,"س ع ي"
20,21,1,"ق و ل"
20,21,2,"ا خ ذ"
20,21,4,"خ و ف"
20,21,5,"ع و د"
20,21,6,"س ي ر"
20,21,7,"ا و ل"
20,22,1,"ض م م"
20,22,2,"ي د ي"
20,22,3,"إِلَىٰ"
20,22,4,"ج ن ح"
20,22,5,"خ ر ج"
20,22,6,"ب ي ض"
20,22,8,"غ ي ر"
20,22,9,"س و ا"
20,22,10,"ا ي ي"
20,22,11,"ا خ ر"
20,23,1,"ر ا ي"
20,23,3,"ا ي ي"
20,23,4,"ك ب ر"
20,24,1,"ذ ه ب"
20,24,2,"إِلَىٰ"
20,24,5,"ط غ ي"
20,25,1,"ق و ل"
20,25,2,"ر ب ب"
20,25,3,"ش ر ح"
20,25,5,"ص د ر"
20,26,1,"ي س ر"
20,26,3,"ا م ر"
20,27,1,"ح ل ل"
20,27,2,"ع ق د"
20,27,4,"ل س ن"
20,28,1,"ف ق ه"
20,28,2,"ق و ل"
20,29,1,"ج ع ل"
20,29,3,"و ز ر"
20,29,5,"ا ه ل"
20,30,2,"ا خ و"
20,31,1,"ش د د"
20,31,3,"ا ز ر"
20,32,1,"ش ر ك"
20,32,3,"ا م ر"
20,33,2,"س ب ح"
20,33,3,"ك ث ر"
20,34,1,"ذ ك ر"
20,34,2,"ك ث ر"
20,35,2,"ك و ن"
20,35,4,"ب ص ر"
20,36,1,"ق و ل"
20,36,3,"ا ت ي"
20,36,4,"س ا ل"
20,37,2,"م ن ن"
20,37,4,"م ر ر"
20,37,5,"ا خ ر"
20,38,1,"إِذ"
20,38,2,"و ح ي"
20,38,3,"إِلَىٰ"
20,38,4,"ا م م"
20,38,6,"و ح ي"
20,39,2,"ق ذ ف"
20,39,5,"ق ذ ف"
20,39,7,"ي م م"
20,39,8,"ل ق ي"
20,39,9,"ي م م"
20,39,10,"س ح ل"
20,39,11,"ا خ ذ"
20,39,12,"ع د و"
20,39,14,"ع د و"
20,39,16,"ل ق ي"
20,39,18,"ح ب ب"
20,39,20,"ص ن ع"
20,39,22,"ع ي ن"
20,40,1,"إِذ"
20,40,2,"م ش ي"
20,40,3,"ا خ و"
20,40,4,"ق و ل"
20,40,6,"د ل ل"
20,40,9,"ك ف ل"
20,40,10,"ر ج ع"
20,40,11,"إِلَىٰ"
20,40,12,"ا م م"
20,40,14,"ق ر ر"
20,40,15,"ع ي ن"
20,40,17,"ح ز ن"
20,40,18,"ق ت ل"
20,40,19,"ن ف س"
20,40,20,"ن ج و"
20,40,22,"غ م م"
20,40,23,"ف ت ن"
20,40,24,"ف ت ن"
20,40,25,"ل ب ث"
20,40,26,"س ن و"
20,40,28,"ا ه ل"
20,40,31,"ج ي ا"
20,40,33,"ق د ر"
20,41,1,"ص ن ع"
20,41,2,"ن ف س"
20,42,1,"ذ ه ب"
20,42,3,"ا خ و"
20,42,4,"ا ي ي"
20,42,6,"و ن ي"
20,42,8,"ذ ك ر"
20,43,1,"ذ ه ب"
20,43,2,"إِلَىٰ"
20,43,5,"ط غ ي"
20,44,1,"ق و ل"
20,44,3,"ق و ل"
20,44,4,"ل ي ن"
20,44,6,"ذ ك ر"
20,44,8,"خ ش ي"
20,45,1,"ق و ل"
20,45,2,"ر ب ب"
20,45,4,"خ و ف"
20,45,6,"ف ر ط"
20,45,10,"ط غ ي"
20,46,1,"ق و ل"
20,46,3,"خ و ف"
20,46,6,"س م ع"
20,46,7,"ر ا ي"
20,47,1,"ا ت ي"
20,47,2,"ق و ل"
20,47,4,"ر س ل"
20,47,5,"ر ب ب"
20,47,6,"ر س ل"
20,47,8,"ب ن ي"
20,47,9,"إِسْرَائِيل"
20,47,11,"ع ذ ب"
20,47,13,"ج ي ا"
20,47,14,"ا ي ي"
20,47,16,"ر ب ب"
20,47,17,"س ل م"
20,47,20,"ت ب ع"
20,47,21,"ه د ي"
20,48,3,"و ح ي"
20,48,4,"إِلَىٰ"
20,48,6,"ع ذ ب"
20,48,9,"ك ذ ب"
20,48,10,"و ل ي"
20,49,1,"ق و ل"
20,49,3,"ر ب ب"
20,50,1,"ق و ل"
20,50,2,"ر ب ب"
20,50,3,"ٱلَّذِى"
20,50,4,"ع ط و"
20,50,5,"ك ل ل"
20,50,6,"ش ي ا"
20,50,7,"خ ل ق"
20,50,9,"ه د ي"
20,51,1,"ق و ل"
20,51,3,"ب و ل"
20,51,4,"ق ر ن"
20,51,5,"ا و ل"
20,52,1,"ق و ل"
20,52,2,"ع ل م"
20,52,3,"ع ن د"
20,52,4,"ر ب ب"
20,52,6,"ك ت ب"
20,52,8,"ض ل ل"
20,52,9,"ر ب ب"
20,52,11,"ن س ي"
20,53,1,"ٱلَّذِى"
20,53,2,"ج ع ل"
20,53,4,"ا ر ض"
20,53,5,"م ه د"
20,53,6,"س ل ك"
20,53,9,"س ب ل"
20,53,10,"ن ز ل"
20,53,12,"س م و"
20,53,13,"م و ه"
20,53,14,"خ ر ج"
20,53,16,"ز و ج"
20,53,18,"ن ب ت"
20,53,19,"ش ت ت"
20,54,1,"ا ك ل"
20,54,2,"ر ع ي"
20,54,3,"ن ع م"
20,54,7,"ا ي ي"
20,54,8,"ا و ل"
20,54,9,"ن ه ي"
20,55,2,"خ ل ق"
20,55,4,"ع و د"
20,55,6,"خ ر ج"
20,55,7,"ت و ر"
20,55,8,"ا خ ر"
20,56,2,"ر ا ي"
20,56,3,"ا ي ي"
20,56,4,"ك ل ل"
20,56,5,"ك ذ ب"
20,56,6,"ا ب ي"
20,57,1,"ق و ل"
20,57,2,"ج ي ا"
20,57,3,"خ ر ج"
20,57,5,"ا ر ض"
20,57,6,"س ح ر"
20,58,1,"ا ت ي"
20,58,2,"س ح ر"
20,58,3,"م ث ل"
20,58,4,"ج ع ل"
20,58,5,"ب ي ن"
20,58,6,"ب ي ن"
20,58,7,"و ع د"
20,58,9,"خ ل ف"
20,58,13,"ك و ن"
20,58,14,"س و ي"
20,59,1,"ق و ل"
20,59,2,"و ع د"
20,59,3,"ي و م"
20,59,4,"ز ي ن"
20,59,6,"ح ش ر"
20,59,7,"ن و س"
20,59,8,"ض ح و"
20,60,1,"و ل ي"
20,60,3,"ج م ع"
20,60,4,"ك ي د"
20,60,6,"ا ت ي"
20,61,1,"ق و ل"
20,61,6,"ف ر ي"
20,61,8,"ا ل ه"
20,61,9,"ك ذ ب"
20,61,10,"س ح ت"
20,61,11,"ع ذ ب"
20,61,13,"خ ي ب"
20,61,15,"ف ر ي"
20,62,1,"ن ز ع"
20,62,2,"ا م ر"
20,62,3,"ب ي ن"
20,62,4,"س ر ر"
20,62,5,"ن ج و"
20,63,1,"ق و ل"
20,63,4,"س ح ر"
20,63,5,"ر و د"
20,63,7,"خ ر ج"
20,63,9,"ا ر ض"
20,63,10,"س ح ر"
20,63,11,"ذ ه ب"
20,63,12,"ط ر ق"
20,63,13,"م ث ل"
20,64,1,"ج م ع"
20,64,2,"ك ي د"
20,64,4,"ا ت ي"
20,64,5,"ص ف ف"
20,64,7,"ف ل ح"
20,64,8,"ي و م"
20,64,10,"ع ل و"
20,65,1,"ق و ل"
20,65,3,"إِمَّا"
20,65,5,"ل ق ي"
20,65,6,"إِمَّا"
20,65,8,"ك و ن"
20,65,9,"ا و ل"
20,65,11,"ل ق ي"
20,66,1,"ق و ل"
20,66,3,"ل ق ي"
20,66,5,"ح ب ل"
20,66,6,"ع ص و"
20,66,7,"خ ي ل"
20,66,8,"إِلَىٰ"
20,66,10,"س ح ر"
20,66,12,"س ع ي"
20,67,1,"و ج س"
20,67,3,"ن ف س"
20,67,4,"خ و ف"
20,68,1,"ق و ل"
20,68,3,"خ و ف"
20,68,6,"ع ل و"
20,69,1,"ل ق ي"
20,69,4,"ي م ن"
20,69,5,"ل ق ف"
20,69,7,"ص ن ع"
20,69,9,"ص ن ع"
20,69,10,"ك ي د"
20,69,11,"س ح ر"
20,69,13,"ف ل ح"
20,69,14,"س ح ر"
20,69,15,"ح ي ث"
20,69,16,"ا ت ي"
20,70,1,"ل ق ي"
20,70,2,"س ح ر"
20,70,3,"س ج د"
20,70,4,"ق و ل"
20,70,5,"ا م ن"
20,70,6,"ر ب ب"
20,71,1,"ق و ل"
20,71,2,"ا م ن"
20,71,4,"ق ب ل"
20,71,6,"ا ذ ن"
20,71,9,"ك ب ر"
20,71,10,"ٱلَّذِى"
20,71,11,"ع ل م"
20,71,12,"س ح ر"
20,71,13,"ق ط ع"
20,71,14,"ي د ي"
20,71,15,"ر ج ل"
20,71,17,"خ ل ف"
20,71,18,"ص ل ب"
20,71,20,"ج ذ ع"
20,71,21,"ن خ ل"
20,71,22,"ع ل م"
20,71,24,"ش د د"
20,71,25,"ع ذ ب"
20,71,26,"ب ق ي"
20,72,1,"ق و ل"
20,72,3,"ا ث ر"
20,72,6,"ج ي ا"
20,72,8,"ب ي ن"
20,72,9,"ٱلَّذِى"
20,72,10,"ف ط ر"
20,72,11,"ق ض ي"
20,72,14,"ق ض ي"
20,72,16,"ق ض ي"
20,72,18,"ح ي ي"
20,72,19,"د ن و"
20,73,2,"ا م ن"
20,73,3,"ر ب ب"
20,73,4,"غ ف ر"
20,73,6,"خ ط ا"
20,73,8,"ك ر ه"
20,73,11,"س ح ر"
20,73,12,"ا ل ه"
20,73,13,"خ ي ر"
20,73,14,"ب ق ي"
20,74,3,"ا ت ي"
20,74,4,"ر ب ب"
20,74,5,"ج ر م"
20,74,10,"م و ت"
20,74,13,"ح ي ي"
20,75,2,"ا ت ي"
20,75,3,"ا م ن"
20,75,5,"ع م ل"
20,75,6,"ص ل ح"
20,75,9,"د ر ج"
20,75,10,"ع ل و"
20,76,1,"ج ن ن"
20,76,3,"ج ر ي"
20,76,5,"ت ح ت"
20,76,6,"ن ه ر"
20,76,7,"خ ل د"
20,76,10,"ج ز ي"
20,76,12,"ز ك و"
20,77,2,"و ح ي"
20,77,3,"إِلَىٰ"
20,77,6,"س ر ي"
20,77,7,"ع ب د"
20,77,8,"ض ر ب"
20,77,10,"ط ر ق"
20,77,12,"ب ح ر"
20,77,13,"ي ب س"
20,77,15,"خ و ف"
20,77,16,"د ر ك"
20,77,18,"خ ش ي"
20,78,1,"ت ب ع"
20,78,3,"ج ن د"
20,78,4,"غ ش و"
20,78,6,"ي م م"
20,78,8,"غ ش و"
20,79,1,"ض ل ل"
20,79,3,"ق و م"
20,79,5,"ه د ي"
20,80,1,"ب ن ي"
20,80,2,"إِسْرَائِيل"
20,80,4,"ن ج و"
20,80,6,"ع د و"
20,80,7,"و ع د"
20,80,8,"ج ن ب"
20,80,9,"ط و ر"
20,80,10,"ي م ن"
20,80,11,"ن ز ل"
20,80,13,"م ن ن"
20,80,14,"س ل و"
20,81,1,"ا ك ل"
20,81,3,"ط ي ب"
20,81,5,"ر ز ق"
20,81,7,"ط غ ي"
20,81,9,"ح ل ل"
20,81,11,"غ ض ب"
20,81,13,"ح ل ل"
20,81,15,"غ ض ب"
20,81,17,"ه و ي"
20,82,2,"غ ف ر"
20,82,4,"ت و ب"
20,82,5,"ا م ن"
20,82,6,"ع م ل"
20,82,7,"ص ل ح"
20,82,9,"ه د ي"
20,83,2,"ع ج ل"
20,83,4,"ق و م"
20,84,1,"ق و ل"
20,84,5,"ا ث ر"
20,84,6,"ع ج ل"
20,84,7,"إِلَىٰ"
20,84,8,"ر ب ب"
20,84,9,"ر ض و"
20,85,1,"ق و ل"
20,85,4,"ف ت ن"
20,85,5,"ق و م"
20,85,7,"ب ع د"
20,85,8,"ض ل ل"
20,85,9,"س م ر"
20,86,1,"ر ج ع"
20,86,3,"إِلَىٰ"
20,86,4,"ق و م"
20,86,5,"غ ض ب"
20,86,6,"ا س ف"
20,86,7,"ق و ل"
20,86,8,"ق و م"
20,86,10,"و ع د"
20,86,11,"ر ب ب"
20,86,12,"و ع د"
20,86,13,"ح س ن"
20,86,14,"ط و ل"
20,86,16,"ع ه د"
20,86,17,"أَم"
20,86,18,"ر و د"
20,86,20,"ح ل ل"
20,86,22,"غ ض ب"
20,86,24,"ر ب ب"
20,86,25,"خ ل ف"
20,86,26,"و ع د"
20,87,1,"ق و ل"
20,87,3,"خ ل ف"
20,87,4,"و ع د"
20,87,5,"م ل ك"
20,87,7,"ح م ل"
20,87,8,"و ز ر"
20,87,10,"ز ي ن"
20,87,11,"ق و م"
20,87,12,"ق ذ ف"
20,87,14,"ل ق ي"
20,87,15,"س م ر"
20,88,1,"خ ر ج"
20,88,3,"ع ج ل"
20,88,4,"ج س د"
20,88,6,"خ و ر"
20,88,7,"ق و ل"
20,88,9,"ا ل ه"
20,88,10,"ا ل ه"
20,88,12,"ن س ي"
20,89,2,"ر ا ي"
20,89,4,"ر ج ع"
20,89,5,"إِلَىٰ"
20,89,6,"ق و ل"
20,89,8,"م ل ك"
20,89,10,"ض ر ر"
20,89,12,"ن ف ع"
20,90,2,"ق و ل"
20,90,6,"ق ب ل"
20,90,7,"ق و م"
20,90,9,"ف ت ن"
20,90,12,"ر ب ب"
20,90,13,"ر ح م"
20,90,14,"ت ب ع"
20,90,15,"ط و ع"
20,90,16,"ا م ر"
20,91,1,"ق و ل"
20,91,3,"ب ر ح"
20,91,5,"ع ك ف"
20,91,7,"ر ج ع"
20,91,8,"إِلَىٰ"
20,92,1,"ق و ل"
20,92,4,"م ن ع"
20,92,5,"إِذ"
20,92,6,"ر ا ي"
20,92,7,"ض ل ل"
20,93,2,"ت ب ع"
20,93,3,"ع ص ي"
20,93,4,"ا م ر"
20,94,1,"ق و ل"
20,94,2,"ب ن ي"
20,94,4,"ا خ ذ"
20,94,5,"ل ح ي"
20,94,7,"ر ا س"
20,94,9,"خ ش ي"
20,94,11,"ق و ل"
20,94,12,"ف ر ق"
20,94,13,"ب ي ن"
20,94,14,"ب ن ي"
20,94,15,"إِسْرَائِيل"
20,94,17,"ر ق ب"
20,94,18,"ق و ل"
20,94,19,"ا م م"
20,95,1,"ق و ل"
20,95,3,"خ ط ب"
20,95,4,"س م ر"
20,96,1,"ق و ل"
20,96,2,"ب ص ر"
20,96,5,"ب ص ر"
20,96,7,"ق ب ض"
20,96,8,"ق ب ض"
20,96,10,"ا ث ر"
20,96,11,"ر س ل"
20,96,12,"ن ب ذ"
20,96,14,"س و ل"
20,96,16,"ن ف س"
20,97,1,"ق و ل"
20,97,2,"ذ ه ب"
20,97,6,"ح ي ي"
20,97,8,"ق و ل"
20,97,10,"م س س"
20,97,13,"و ع د"
20,97,15,"خ ل ف"
20,97,16,"ن ظ ر"
20,97,17,"إِلَىٰ"
20,97,18,"ا ل ه"
20,97,19,"ٱلَّذِى"
20,97,20,"ظ ل ل"
20,97,22,"ع ك ف"
20,97,23,"ح ر ق"
20,97,25,"ن س ف"
20,97,27,"ي م م"
20,97,28,"ن س ف"
20,98,2,"ا ل ه"
20,98,3,"ا ل ه"
20,98,4,"ٱلَّذِى"
20,98,6,"ا ل ه"
20,98,7,"إِلَّا"
20,98,9,"و س ع"
20,98,10,"ك ل ل"
20,98,11,"ش ي ا"
20,98,12,"ع ل م"
20,99,2,"ق ص ص"
20,99,5,"ن ب ا"
20,99,8,"س ب ق"
20,99,10,"ا ت ي"
20,99,12,"ل د ن"
20,99,13,"ذ ك ر"
20,100,2,"ع ر ض"
20,100,5,"ح م ل"
20,100,6,"ي و م"
20,100,7,"ق و م"
20,100,8,"و ز ر"
20,101,1,"خ ل د"
20,101,3,"س و ا"
20,101,5,"ي و م"
20,101,6,"ق و م"
20,101,7,"ح م ل"
20,102,1,"ي و م"
20,102,2,"ن ف خ"
20,102,4,"ص و ر"
20,102,5,"ح ش ر"
20,102,6,"ج ر م"
20,102,8,"ز ر ق"
20,103,1,"خ ف ت"
20,103,2,"ب ي ن"
20,103,4,"ل ب ث"
20,103,5,"إِلَّا"
20,103,6,"ع ش ر"
20,104,2,"ع ل م"
20,104,4,"ق و ل"
20,104,5,"إِذ"
20,104,6,"ق و ل"
20,104,7,"م ث ل"
20,104,8,"ط ر ق"
20,104,10,"ل ب ث"
20,104,11,"إِلَّا"
20,104,12,"ي و م"
20,105,1,"س ا ل"
20,105,3,"ج ب ل"
20,105,4,"ق و ل"
20,105,5,"ن س ف"
20,105,6,"ر ب ب"
20,105,7,"ن س ف"
20,106,1,"و ذ ر"
20,106,2,"ق و ع"
20,106,3,"ص ف ص ف"
20,107,2,"ر ا ي"
20,107,4,"ع و ج"
20,107,6,"ا م ت"
20,108,2,"ت ب ع"
20,108,3,"د ع و"
20,108,5,"ع و ج"
20,108,7,"خ ش ع"
20,108,8,"ص و ت"
20,108,9,"ر ح م"
20,108,11,"س م ع"
20,108,12,"إِلَّا"
20,108,13,"ه م س"
20,109,3,"ن ف ع"
20,109,4,"ش ف ع"
20,109,5,"إِلَّا"
20,109,7,"ا ذ ن"
20,109,9,"ر ح م"
20,109,10,"ر ض و"
20,109,12,"ق و ل"
20,110,1,"ع ل م"
20,110,3,"ب ي ن"
20,110,4,"ي د ي"
20,110,6,"خ ل ف"
20,110,8,"ح و ط"
20,110,10,"ع ل م"
20,111,1,"ع ن و"
20,111,2,"و ج ه"
20,111,3,"ح ي ي"
20,111,4,"ق و م"
20,111,6,"خ ي ب"
20,111,8,"ح م ل"
20,111,9,"ظ ل م"
20,112,2,"ع م ل"
20,112,4,"ص ل ح"
20,112,6,"ا م ن"
20,112,8,"خ و ف"
20,112,9,"ظ ل م"
20,112,11,"ه ض م"
20,113,2,"ن ز ل"
20,113,3,"ق ر ا"
20,113,4,"ع ر ب"
20,113,5,"ص ر ف"
20,113,8,"و ع د"
20,113,10,"و ق ي"
20,113,12,"ح د ث"
20,113,14,"ذ ك ر"
20,114,1,"ع ل و"
20,114,2,"ا ل ه"
20,114,3,"م ل ك"
20,114,4,"ح ق ق"
20,114,6,"ع ج ل"
20,114,7,"ق ر ا"
20,114,9,"ق ب ل"
20,114,11,"ق ض ي"
20,114,12,"إِلَىٰ"
20,114,13,"و ح ي"
20,114,14,"ق و ل"
20,114,15,"ر ب ب"
20,114,16,"ز ي د"
20,114,17,"ع ل م"
20,115,2,"ع ه د"
20,115,3,"إِلَىٰ"
20,115,4,"آدَم"
20,115,6,"ق ب ل"
20,115,7,"ن س ي"
20,115,9,"و ج د"
20,115,11,"ع ز م"
20,116,1,"إِذ"
20,116,2,"ق و ل"
20,116,3,"م ل ك"
20,116,4,"س ج د"
20,116,5,"آدَم"
20,116,6,"س ج د"
20,116,7,"إِلَّا"
20,116,8,"إِبْلِيس"
20,116,9,"ا ب ي"
20,117,1,"ق و ل"
20,117,2,"آدَم"
20,117,5,"ع د و"
20,117,7,"ز و ج"
20,117,9,"خ ر ج"
20,117,11,"ج ن ن"
20,117,12,"ش ق و"
20,118,4,"ج و ع"
20,118,7,"ع ر ي"
20,119,3,"ظ م ا"
20,119,6,"ض ح و"
20,120,1,"و س و س"
20,120,2,"إِلَىٰ"
20,120,3,"ش ط ن"
20,120,4,"ق و ل"
20,120,5,"آدَم"
20,120,7,"د ل ل"
20,120,9,"ش ج ر"
20,120,10,"خ ل د"
20,120,11,"م ل ك"
20,120,13,"ب ل و"
20,121,1,"ا ك ل"
20,121,3,"ب د و"
20,121,5,"س و ا"
20,121,6,"ط ف ق"
20,121,7,"خ ص ف"
20,121,10,"و ر ق"
20,121,11,"ج ن ن"
20,121,12,"ع ص ي"
20,121,13,"آدَم"
20,121,14,"ر ب ب"
20,121,15,"غ و ي"
20,122,2,"ج ب ي"
20,122,3,"ر ب ب"
20,122,4,"ت و ب"
20,122,6,"ه د ي"
20,123,1,"ق و ل"
20,123,2,"ه ب ط"
20,123,4,"ج م ع"
20,123,5,"ب ع ض"
20,123,6,"ب ع ض"
20,123,7,"ع د و"
20,123,9,"ا ت ي"
20,123,11,"ه د ي"
20,123,13,"ت ب ع"
20,123,14,"ه د ي"
20,123,16,"ض ل ل"
20,123,18,"ش ق و"
20,124,2,"ع ر ض"
20,124,4,"ذ ك ر"
20,124,7,"ع ي ش"
20,124,8,"ض ن ك"
20,124,9,"ح ش ر"
20,124,10,"ي و م"
20,124,11,"ق و م"
20,124,12,"ع م ي"
20,125,1,"ق و ل"
20,125,2,"ر ب ب"
20,125,4,"ح ش ر"
20,125,5,"ع م ي"
20,125,7,"ك و ن"
20,125,8,"ب ص ر"
20,126,1,"ق و ل"
20,126,3,"ا ت ي"
20,126,4,"ا ي ي"
20,126,5,"ن س ي"
20,126,7,"ي و م"
20,126,8,"ن س ي"
20,127,2,"ج ز ي"
20,127,4,"س ر ف"
20,127,6,"ا م ن"
20,127,7,"ا ي ي"
20,127,8,"ر ب ب"
20,127,9,"ع ذ ب"
20,127,10,"ا خ ر"
20,127,11,"ش د د"
20,127,12,"ب ق ي"
20,128,2,"ه د ي"
20,128,5,"ه ل ك"
20,128,6,"ق ب ل"
20,128,8,"ق ر ن"
20,128,9,"م ش ي"
20,128,11,"س ك ن"
20,128,15,"ا ي ي"
20,128,16,"ا و ل"
20,128,17,"ن ه ي"
20,129,2,"ك ل م"
20,129,3,"س ب ق"
20,129,5,"ر ب ب"
20,129,6,"ك و ن"
20,129,7,"ل ز م"
20,129,8,"ا ج ل"
20,129,9,"س م و"
20,130,1,"ص ب ر"
20,130,4,"ق و ل"
20,130,5,"س ب ح"
20,130,6,"ح م د"
20,130,7,"ر ب ب"
20,130,8,"ق ب ل"
20,130,9,"ط ل ع"
20,130,10,"ش م س"
20,130,11,"ق ب ل"
20,130,12,"غ ر ب"
20,130,14,"ا ن ي"
20,130,15,"ل ي ل"
20,130,16,"س ب ح"
20,130,17,"ط ر ف"
20,130,18,"ن ه ر"
20,130,20,"ر ض و"
20,131,2,"م د د"
20,131,3,"ع ي ن"
20,131,4,"إِلَىٰ"
20,131,6,"م ت ع"
20,131,8,"ز و ج"
20,131,10,"ز ه ر"
20,131,11,"ح ي ي"
20,131,12,"د ن و"
20,131,13,"ف ت ن"
20,131,15,"ر ز ق"
20,131,16,"ر ب ب"
20,131,17,"خ ي ر"
20,131,18,"ب ق ي"
20,132,1,"ا م ر"
20,132,2,"ا ه ل"
20,132,3,"ص ل و"
20,132,4,"ص ب ر"
20,132,7,"س ا ل"
20,132,8,"ر ز ق"
20,132,10,"ر ز ق"
20,132,11,"ع ق ب"
20,132,12,"و ق ي"
20,133,1,"ق و ل"
20,133,3,"ا ت ي"
20,133,4,"ا ي ي"
20,133,6,"ر ب ب"
20,133,8,"ا ت ي"
20,133,9,"ب ي ن"
20,133,12,"ص ح ف"
20,133,13,"ا و ل"
20,134,3,"ه ل ك"
20,134,4,"ع ذ ب"
20,134,6,"ق ب ل"
20,134,7,"ق و ل"
20,134,8,"ر ب ب"
20,134,10,"ر س ل"
20,134,11,"إِلَىٰ"
20,134,12,"ر س ل"
20,134,13,"ت ب ع"
20,134,14,"ا ي ي"
20,134,16,"ق ب ل"
20,134,18,"ذ ل ل"
20,134,19,"خ ز ي"
20,135,1,"ق و ل"
20,135,2,"ك ل ل"
20,135,3,"ر ب ص"
20,135,4,"ر ب ص"
20,135,5,"ع ل م"
20,135,7,"ص ح ب"
20,135,8,"ص ر ط"
20,135,9,"س و ي"
20,135,11,"ه د ي"
21,1,1,"ق ر ب"
21,1,2,"ن و س"
21,1,3,"ح س ب"
21,1,6,"غ ف ل"
21,1,7,"ع ر ض"
21,2,2,"ا ت ي"
21,2,4,"ذ ك ر"
21,2,6,"ر ب ب"
21,2,7,"ح د ث"
21,2,8,"إِلَّا"
21,2,9,"س م ع"
21,2,11,"ل ع ب"
21,3,1,"ل ه و"
21,3,2,"ق ل ب"
21,3,3,"س ر ر"
21,3,4,"ن ج و"
21,3,5,"ٱلَّذِى"
21,3,6,"ظ ل م"
21,3,9,"إِلَّا"
21,3,10,"ب ش ر"
21,3,11,"م ث ل"
21,3,12,"ا ت ي"
21,3,13,"س ح ر"
21,3,15,"ب ص ر"
21,4,1,"ق و ل"
21,4,2,"ر ب ب"
21,4,3,"ع ل م"
21,4,4,"ق و ل"
21,4,6,"س م و"
21,4,7,"ا ر ض"
21,4,9,"س م ع"
21,4,10,"ع ل م"
21,5,2,"ق و ل"
21,5,3,"ض غ ث"
21,5,4,"ح ل م"
21,5,6,"ف ر ي"
21,5,9,"ش ع ر"
21,5,10,"ا ت ي"
21,5,11,"ا ي ي"
21,5,13,"ر س ل"
21,5,14,"ا و ل"
21,6,2,"ا م ن"
21,6,3,"ق ب ل"
21,6,5,"ق ر ي"
21,6,6,"ه ل ك"
21,6,8,"ا م ن"
21,7,2,"ر س ل"
21,7,3,"ق ب ل"
21,7,4,"إِلَّا"
21,7,5,"ر ج ل"
21,7,6,"و ح ي"
21,7,7,"إِلَىٰ"
21,7,8,"س ا ل"
21,7,9,"ا ه ل"
21,7,10,"ذ ك ر"
21,7,12,"ك و ن"
21,7,14,"ع ل م"
21,8,2,"ج ع ل"
21,8,3,"ج س د"
21,8,5,"ا ك ل"
21,8,6,"ط ع م"
21,8,8,"ك و ن"
21,8,9,"خ ل د"
21,9,2,"ص د ق"
21,9,3,"و ع د"
21,9,4,"ن ج و"
21,9,6,"ش ي ا"
21,9,7,"ه ل ك"
21,9,8,"س ر ف"
21,10,2,"ن ز ل"
21,10,3,"إِلَىٰ"
21,10,4,"ك ت ب"
21,10,6,"ذ ك ر"
21,10,8,"ع ق ل"
21,11,2,"ق ص م"
21,11,4,"ق ر ي"
21,11,5,"ك و ن"
21,11,6,"ظ ل م"
21,11,7,"ن ش ا"
21,11,8,"ب ع د"
21,11,9,"ق و م"
21,11,10,"ا خ ر"
21,12,2,"ح س س"
21,12,3,"ب ا س"
21,12,4,"إِذَا"
21,12,7,"ر ك ض"
21,13,2,"ر ك ض"
21,13,3,"ر ج ع"
21,13,4,"إِلَىٰ"
21,13,6,"ت ر ف"
21,13,8,"س ك ن"
21,13,10,"س ا ل"
21,14,1,"ق و ل"
21,14,4,"ك و ن"
21,14,5,"ظ ل م"
21,15,2,"ز ي ل"
21,15,4,"د ع و"
21,15,6,"ج ع ل"
21,15,7,"ح ص د"
21,15,8,"خ م د"
21,16,2,"خ ل ق"
21,16,3,"س م و"
21,16,4,"ا ر ض"
21,16,6,"ب ي ن"
21,16,7,"ل ع ب"
21,17,2,"ر و د"
21,17,4,"ا خ ذ"
21,17,5,"ل ه و"
21,17,6,"ا خ ذ"
21,17,8,"ل د ن"
21,17,10,"ك و ن"
21,17,11,"ف ع ل"
21,18,2,"ق ذ ف"
21,18,3,"ح ق ق"
21,18,5,"ب ط ل"
21,18,6,"د م غ"
21,18,7,"إِذَا"
21,18,9,"ز ه ق"
21,18,13,"و ص ف"
21,19,4,"س م و"
21,19,5,"ا ر ض"
21,19,7,"ع ن د"
21,19,9,"ك ب ر"
21,19,11,"ع ب د"
21,19,13,"ح س ر"
21,20,1,"س ب ح"
21,20,2,"ل ي ل"
21,20,3,"ن ه ر"
21,20,5,"ف ت ر"
21,21,1,"أَم"
21,21,2,"ا خ ذ"
21,21,3,"ا ل ه"
21,21,5,"ا ر ض"
21,21,7,"ن ش ر"
21,22,2,"ك و ن"
21,22,4,"ا ل ه"
21,22,5,"إِلَّا"
21,22,6,"ا ل ه"
21,22,7,"ف س د"
21,22,8,"س ب ح"
21,22,9,"ا ل ه"
21,22,10,"ر ب ب"
21,22,11,"ع ر ش"
21,22,13,"و ص ف"
21,23,2,"س ا ل"
21,23,4,"ف ع ل"
21,23,6,"س ا ل"
21,24,1,"أَم"
21,24,2,"ا خ ذ"
21,24,4,"د و ن"
21,24,5,"ا ل ه"
21,24,6,"ق و ل"
21,24,7,"ه ا ت"
21,24,8,"ب ر ه ن"
21,24,10,"ذ ك ر"
21,24,13,"ذ ك ر"
21,24,15,"ق ب ل"
21,24,17,"ك ث ر"
21,24,19,"ع ل م"
21,24,20,"ح ق ق"
21,24,22,"ع ر ض"
21,25,2,"ر س ل"
21,25,4,"ق ب ل"
21,25,6,"ر س ل"
21,25,7,"إِلَّا"
21,25,8,"و ح ي"
21,25,9,"إِلَىٰ"
21,25,12,"ا ل ه"
21,25,13,"إِلَّا"
21,25,15,"ع ب د"
21,26,1,"ق و ل"
21,26,2,"ا خ ذ"
21,26,3,"ر ح م"
21,26,4,"و ل د"
21,26,5,"س ب ح"
21,26,7,"ع ب د"
21,26,8,"ك ر م"
21,27,2,"س ب ق"
21,27,3,"ق و ل"
21,27,5,"ا م ر"
21,27,6,"ع م ل"
21,28,1,"ع ل م"
21,28,3,"ب ي ن"
21,28,4,"ي د ي"
21,28,6,"خ ل ف"
21,28,8,"ش ف ع"
21,28,9,"إِلَّا"
21,28,11,"ر ض و"
21,28,14,"خ ش ي"
21,28,15,"ش ف ق"
21,29,2,"ق و ل"
21,29,5,"ا ل ه"
21,29,7,"د و ن"
21,29,9,"ج ز ي"
21,29,12,"ج ز ي"
21,29,13,"ظ ل م"
21,30,2,"ر ا ي"
21,30,3,"ٱلَّذِى"
21,30,4,"ك ف ر"
21,30,6,"س م و"
21,30,7,"ا ر ض"
21,30,8,"ك و ن"
21,30,9,"ر ت ق"
21,30,10,"ف ت ق"
21,30,11,"ج ع ل"
21,30,13,"م و ه"
21,30,14,"ك ل ل"
21,30,15,"ش ي ا"
21,30,16,"ح ي ي"
21,30,18,"ا م ن"
21,31,1,"ج ع ل"
21,31,3,"ا ر ض"
21,31,4,"ر س و"
21,31,6,"م ي د"
21,31,8,"ج ع ل"
21,31,10,"ف ج ج"
21,31,11,"س ب ل"
21,31,13,"ه د ي"
21,32,1,"ج ع ل"
21,32,2,"س م و"
21,32,3,"س ق ف"
21,32,4,"ح ف ظ"
21,32,7,"ا ي ي"
21,32,8,"ع ر ض"
21,33,2,"ٱلَّذِى"
21,33,3,"خ ل ق"
21,33,4,"ل ي ل"
21,33,5,"ن ه ر"
21,33,6,"ش م س"
21,33,7,"ق م ر"
21,33,8,"ك ل ل"
21,33,10,"ف ل ك"
21,33,11,"س ب ح"
21,34,2,"ج ع ل"
21,34,3,"ب ش ر"
21,34,5,"ق ب ل"
21,34,6,"خ ل د"
21,34,8,"م و ت"
21,34,10,"خ ل د"
21,35,1,"ك ل ل"
21,35,2,"ن ف س"
21,35,3,"ذ و ق"
21,35,4,"م و ت"
21,35,5,"ب ل و"
21,35,6,"ش ر ر"
21,35,7,"خ ي ر"
21,35,8,"ف ت ن"
21,35,9,"إِلَىٰ"
21,35,10,"ر ج ع"
21,36,1,"إِذَا"
21,36,2,"ر ا ي"
21,36,3,"ٱلَّذِى"
21,36,4,"ك ف ر"
21,36,6,"ا خ ذ"
21,36,7,"إِلَّا"
21,36,8,"ه ز ا"
21,36,10,"ٱلَّذِى"
21,36,11,"ذ ك ر"
21,36,12,"ا ل ه"
21,36,14,"ذ ك ر"
21,36,15,"ر ح م"
21,36,17,"ك ف ر"
21,37,1,"خ ل ق"
21,37,2,"ا ن س"
21,37,4,"ع ج ل"
21,37,5,"ر ا ي"
21,37,6,"ا ي ي"
21,37,8,"ع ج ل"
21,38,1,"ق و ل"
21,38,4,"و ع د"
21,38,6,"ك و ن"
21,38,7,"ص د ق"
21,39,2,"ع ل م"
21,39,3,"ٱلَّذِى"
21,39,4,"ك ف ر"
21,39,5,"ح ي ن"
21,39,7,"ك ف ف"
21,39,9,"و ج ه"
21,39,10,"ن و ر"
21,39,13,"ظ ه ر"
21,39,16,"ن ص ر"
21,40,2,"ا ت ي"
21,40,3,"ب غ ت"
21,40,4,"ب ه ت"
21,40,6,"ط و ع"
21,40,7,"ر د د"
21,40,10,"ن ظ ر"
21,41,2,"ه ز ا"
21,41,3,"ر س ل"
21,41,5,"ق ب ل"
21,41,6,"ح ي ق"
21,41,7,"ٱلَّذِى"
21,41,8,"س خ ر"
21,41,11,"ك و ن"
21,41,13,"ه ز ا"
21,42,1,"ق و ل"
21,42,3,"ك ل ا"
21,42,4,"ل ي ل"
21,42,5,"ن ه ر"
21,42,7,"ر ح م"
21,42,11,"ذ ك ر"
21,42,12,"ر ب ب"
21,42,13,"ع ر ض"
21,43,1,"أَم"
21,43,3,"ا ل ه"
21,43,4,"م ن ع"
21,43,6,"د و ن"
21,43,8,"ط و ع"
21,43,9,"ن ص ر"
21,43,10,"ن ف س"
21,43,14,"ص ح ب"
21,44,2,"م ت ع"
21,44,4,"ا ب و"
21,44,6,"ط و ل"
21,44,8,"ع م ر"
21,44,10,"ر ا ي"
21,44,12,"ا ت ي"
21,44,13,"ا ر ض"
21,44,14,"ن ق ص"
21,44,16,"ط ر ف"
21,44,18,"غ ل ب"
21,45,1,"ق و ل"
21,45,3,"ن ذ ر"
21,45,4,"و ح ي"
21,45,6,"س م ع"
21,45,7,"ص م م"
21,45,8,"د ع و"
21,45,9,"إِذَا"
21,45,11,"ن ذ ر"
21,46,2,"م س س"
21,46,3,"ن ف ح"
21,46,5,"ع ذ ب"
21,46,6,"ر ب ب"
21,46,7,"ق و ل"
21,46,10,"ك و ن"
21,46,11,"ظ ل م"
21,47,1,"و ض ع"
21,47,2,"و ز ن"
21,47,3,"ق س ط"
21,47,4,"ي و م"
21,47,5,"ق و م"
21,47,7,"ظ ل م"
21,47,8,"ن ف س"
21,47,9,"ش ي ا"
21,47,11,"ك و ن"
21,47,12,"ث ق ل"
21,47,13,"ح ب ب"
21,47,15,"خ ر د ل"
21,47,16,"ا ت ي"
21,47,18,"ك ف ي"
21,47,20,"ح س ب"
21,48,2,"ا ت ي"
21,48,5,"ف ر ق"
21,48,6,"ض و ا"
21,48,7,"ذ ك ر"
21,48,8,"و ق ي"
21,49,1,"ٱلَّذِى"
21,49,2,"خ ش ي"
21,49,3,"ر ب ب"
21,49,4,"غ ي ب"
21,49,7,"س و ع"
21,49,8,"ش ف ق"
21,50,2,"ذ ك ر"
21,50,3,"ب ر ك"
21,50,4,"ن ز ل"
21,50,7,"ن ك ر"
21,51,2,"ا ت ي"
21,51,3,"إِبْرَاهِيم"
21,51,4,"ر ش د"
21,51,6,"ق ب ل"
21,51,7,"ك و ن"
21,51,9,"ع ل م"
21,52,1,"إِذ"
21,52,2,"ق و ل"
21,52,3,"ا ب و"
21,52,4,"ق و م"
21,52,7,"م ث ل"
21,52,8,"ٱلَّذِى"
21,52,11,"ع ك ف"
21,53,1,"ق و ل"
21,53,2,"و ج د"
21,53,3,"ا ب و"
21,53,5,"ع ب د"
21,54,1,"ق و ل"
21,54,3,"ك و ن"
21,54,5,"ا ب و"
21,54,7,"ض ل ل"
21,54,8,"ب ي ن"
21,55,1,"ق و ل"
21,55,2,"ج ي ا"
21,55,3,"ح ق ق"
21,55,4,"أَم"
21,55,7,"ل ع ب"
21,56,1,"ق و ل"
21,56,3,"ر ب ب"
21,56,4,"ر ب ب"
21,56,5,"س م و"
21,56,6,"ا ر ض"
21,56,7,"ٱلَّذِى"
21,56,8,"ف ط ر"
21,56,13,"ش ه د"
21,57,1,"ا ل ه"
21,57,2,"ك ي د"
21,57,3,"ص ن م"
21,57,4,"ب ع د"
21,57,6,"و ل ي"
21,57,7,"د ب ر"
21,58,1,"ج ع ل"
21,58,2,"ج ذ ذ"
21,58,3,"إِلَّا"
21,58,4,"ك ب ر"
21,58,7,"إِلَىٰ"
21,58,8,"ر ج ع"
21,59,1,"ق و ل"
21,59,3,"ف ع ل"
21,59,5,"ا ل ه"
21,59,8,"ظ ل م"
21,60,1,"ق و ل"
21,60,2,"س م ع"
21,60,3,"ف ت ي"
21,60,4,"ذ ك ر"
21,60,5,"ق و ل"
21,60,7,"إِبْرَاهِيم"
21,61,1,"ق و ل"
21,61,2,"ا ت ي"
21,61,5,"ع ي ن"
21,61,6,"ن و س"
21,61,8,"ش ه د"
21,62,1,"ق و ل"
21,62,3,"ف ع ل"
21,62,5,"ا ل ه"
21,62,6,"إِبْرَاهِيم"
21,63,1,"ق و ل"
21,63,3,"ف ع ل"
21,63,4,"ك ب ر"
21,63,6,"س ا ل"
21,63,8,"ك و ن"
21,63,9,"ن ط ق"
21,64,1,"ر ج ع"
21,64,2,"إِلَىٰ"
21,64,3,"ن ف س"
21,64,4,"ق و ل"
21,64,7,"ظ ل م"
21,65,2,"ن ك س"
21,65,4,"ر ا س"
21,65,6,"ع ل م"
21,65,9,"ن ط ق"
21,66,1,"ق و ل"
21,66,2,"ع ب د"
21,66,4,"د و ن"
21,66,5,"ا ل ه"
21,66,8,"ن ف ع"
21,66,9,"ش ي ا"
21,66,11,"ض ر ر"
21,67,1,"ا ف ف"
21,67,4,"ع ب د"
21,67,6,"د و ن"
21,67,7,"ا ل ه"
21,67,9,"ع ق ل"
21,68,1,"ق و ل"
21,68,2,"ح ر ق"
21,68,3,"ن ص ر"
21,68,4,"ا ل ه"
21,68,6,"ك و ن"
21,68,7,"ف ع ل"
21,69,1,"ق و ل"
21,69,2,"ن و ر"
21,69,3,"ك و ن"
21,69,4,"ب ر د"
21,69,5,"س ل م"
21,69,7,"إِبْرَاهِيم"
21,70,1,"ر و د"
21,70,3,"ك ي د"
21,70,4,"ج ع ل"
21,70,5,"خ س ر"
21,71,1,"ن ج و"
21,71,3,"إِلَىٰ"
21,71,4,"ا ر ض"
21,71,5,"ٱلَّذِى"
21,71,6,"ب ر ك"
21,71,8,"ع ل م"
21,72,1,"و ه ب"
21,72,3,"إِسْحَاق"
21,72,5,"ن ف ل"
21,72,6,"ك ل ل"
21,72,7,"ج ع ل"
21,72,8,"ص ل ح"
21,73,1,"ج ع ل"
21,73,2,"ا م م"
21,73,3,"ه د ي"
21,73,4,"ا م ر"
21,73,5,"و ح ي"
21,73,6,"إِلَىٰ"
21,73,7,"ف ع ل"
21,73,8,"خ ي ر"
21,73,9,"ق و م"
21,73,10,"ص ل و"
21,73,11,"ا ت ي"
21,73,12,"ز ك و"
21,73,13,"ك و ن"
21,73,15,"ع ب د"
21,74,2,"ا ت ي"
21,74,3,"ح ك م"
21,74,4,"ع ل م"
21,74,5,"ن ج و"
21,74,7,"ق ر ي"
21,74,8,"ٱلَّذِى"
21,74,9,"ك و ن"
21,74,10,"ع م ل"
21,74,11,"خ ب ث"
21,74,13,"ك و ن"
21,74,14,"ق و م"
21,74,15,"س و ا"
21,74,16,"ف س ق"
21,75,1,"د خ ل"
21,75,3,"ر ح م"
21,75,6,"ص ل ح"
21,76,2,"إِذ"
21,76,3,"ن د و"
21,76,5,"ق ب ل"
21,76,6,"ج و ب"
21,76,8,"ن ج و"
21,76,9,"ا ه ل"
21,76,11,"ك ر ب"
21,76,12,"ع ظ م"
21,77,1,"ن ص ر"
21,77,3,"ق و م"
21,77,4,"ٱلَّذِى"
21,77,5,"ك ذ ب"
21,77,6,"ا ي ي"
21,77,8,"ك و ن"
21,77,9,"ق و م"
21,77,10,"س و ا"
21,77,11,"غ ر ق"
21,77,12,"ج م ع"
21,78,3,"إِذ"
21,78,4,"ح ك م"
21,78,6,"ح ر ث"
21,78,7,"إِذ"
21,78,8,"ن ف ش"
21,78,10,"غ ن م"
21,78,11,"ق و م"
21,78,12,"ك و ن"
21,78,13,"ح ك م"
21,78,14,"ش ه د"
21,79,1,"ف ه م"
21,79,3,"ك ل ل"
21,79,4,"ا ت ي"
21,79,5,"ح ك م"
21,79,6,"ع ل م"
21,79,7,"س خ ر"
21,79,10,"ج ب ل"
21,79,11,"س ب ح"
21,79,12,"ط ي ر"
21,79,13,"ك و ن"
21,79,14,"ف ع ل"
21,80,1,"ع ل م"
21,80,2,"ص ن ع"
21,80,3,"ل ب س"
21,80,5,"ح ص ن"
21,80,7,"ب ا س"
21,80,10,"ش ك ر"
21,81,2,"ر و ح"
21,81,3,"ع ص ف"
21,81,4,"ج ر ي"
21,81,5,"ا م ر"
21,81,6,"إِلَىٰ"
21,81,7,"ا ر ض"
21,81,8,"ٱلَّذِى"
21,81,9,"ب ر ك"
21,81,11,"ك و ن"
21,81,12,"ك ل ل"
21,81,13,"ش ي ا"
21,81,14,"ع ل م"
21,82,2,"ش ط ن"
21,82,4,"غ و ص"
21,82,6,"ع م ل"
21,82,7,"ع م ل"
21,82,8,"د و ن"
21,82,10,"ك و ن"
21,82,12,"ح ف ظ"
21,83,2,"إِذ"
21,83,3,"ن د و"
21,83,4,"ر ب ب"
21,83,6,"م س س"
21,83,7,"ض ر ر"
21,83,9,"ر ح م"
21,83,10,"ر ح م"
21,84,1,"ج و ب"
21,84,3,"ك ش ف"
21,84,7,"ض ر ر"
21,84,8,"ا ت ي"
21,84,9,"ا ه ل"
21,84,10,"م ث ل"
21,84,12,"ر ح م"
21,84,14,"ع ن د"
21,84,15,"ذ ك ر"
21,84,16,"ع ب د"
21,85,1,"إِسْمَاعِيل"
21,85,4,"ك ف ل"
21,85,5,"ك ل ل"
21,85,7,"ص ب ر"
21,86,1,"د خ ل"
21,86,3,"ر ح م"
21,86,6,"ص ل ح"
21,87,2,"ن و ن"
21,87,3,"إِذ"
21,87,4,"ذ ه ب"
21,87,5,"غ ض ب"
21,87,6,"ظ ن ن"
21,87,9,"ق د ر"
21,87,11,"ن د و"
21,87,13,"ظ ل م"
21,87,16,"ا ل ه"
21,87,17,"إِلَّا"
21,87,19,"س ب ح"
21,87,21,"ك و ن"
21,87,23,"ظ ل م"
21,88,1,"ج و ب"
21,88,3,"ن ج و"
21,88,5,"غ م م"
21,88,7,"ن ج و"
21,88,8,"ا م ن"
21,89,2,"إِذ"
21,89,3,"ن د و"
21,89,4,"ر ب ب"
21,89,5,"ر ب ب"
21,89,7,"و ذ ر"
21,89,8,"ف ر د"
21,89,10,"خ ي ر"
21,89,11,"و ر ث"
21,90,1,"ج و ب"
21,90,3,"و ه ب"
21,90,6,"ص ل ح"
21,90,8,"ز و ج"
21,90,10,"ك و ن"
21,90,11,"س ر ع"
21,90,13,"خ ي ر"
21,90,14,"د ع و"
21,90,15,"ر غ ب"
21,90,16,"ر ه ب"
21,90,17,"ك و ن"
21,90,19,"خ ش ع"
21,91,1,"ٱلَّذِى"
21,91,2,"ح ص ن"
21,91,3,"ف ر ج"
21,91,4,"ن ف خ"
21,91,7,"ر و ح"
21,91,8,"ج ع ل"
21,91,9,"ب ن ي"
21,91,10,"ا ي ي"
21,91,11,"ع ل م"
21,92,3,"ا م م"
21,92,4,"ا م م"
21,92,5,"و ح د"
21,92,7,"ر ب ب"
21,92,8,"ع ب د"
21,93,1,"ق ط ع"
21,93,2,"ا م ر"
21,93,3,"ب ي ن"
21,93,4,"ك ل ل"
21,93,5,"إِلَىٰ"
21,93,6,"ر ج ع"
21,94,2,"ع م ل"
21,94,4,"ص ل ح"
21,94,6,"ا م ن"
21,94,8,"ك ف ر"
21,94,9,"س ع ي"
21,94,12,"ك ت ب"
21,95,1,"ح ر م"
21,95,3,"ق ر ي"
21,95,4,"ه ل ك"
21,95,7,"ر ج ع"
21,96,2,"إِذَا"
21,96,3,"ف ت ح"
21,96,8,"ك ل ل"
21,96,9,"ح د ب"
21,96,10,"ن س ل"
21,97,1,"ق ر ب"
21,97,2,"و ع د"
21,97,3,"ح ق ق"
21,97,4,"إِذَا"
21,97,6,"ش خ ص"
21,97,7,"ب ص ر"
21,97,8,"ٱلَّذِى"
21,97,9,"ك ف ر"
21,97,12,"ك و ن"
21,97,14,"غ ف ل"
21,97,18,"ك و ن"
21,97,19,"ظ ل م"
21,98,3,"ع ب د"
21,98,5,"د و ن"
21,98,6,"ا ل ه"
21,98,7,"ح ص ب"
21,98,11,"و ر د"
21,99,2,"ك و ن"
21,99,4,"ا ل ه"
21,99,6,"و ر د"
21,99,7,"ك ل ل"
21,99,9,"خ ل د"
21,100,3,"ز ف ر"
21,100,7,"س م ع"
21,101,2,"ٱلَّذِى"
21,101,3,"س ب ق"
21,101,6,"ح س ن"
21,101,9,"ب ع د"
21,102,2,"س م ع"
21,102,3,"ح س س"
21,102,7,"ش ه و"
21,102,8,"ن ف س"
21,102,9,"خ ل د"
21,103,2,"ح ز ن"
21,103,3,"ف ز ع"
21,103,4,"ك ب ر"
21,103,5,"ل ق ي"
21,103,6,"م ل ك"
21,103,8,"ي و م"
21,103,9,"ٱلَّذِى"
21,103,10,"ك و ن"
21,103,11,"و ع د"
21,104,1,"ي و م"
21,104,2,"ط و ي"
21,104,3,"س م و"
21,104,4,"ط و ي"
21,104,5,"س ج ل"
21,104,6,"ك ت ب"
21,104,8,"ب د ا"
21,104,9,"ا و ل"
21,104,10,"خ ل ق"
21,104,11,"ع و د"
21,104,12,"و ع د"
21,104,15,"ك و ن"
21,104,16,"ف ع ل"
21,105,2,"ك ت ب"
21,105,4,"ز ب ر"
21,105,6,"ب ع د"
21,105,7,"ذ ك ر"
21,105,9,"ا ر ض"
21,105,10,"و ر ث"
21,105,11,"ع ب د"
21,105,12,"ص ل ح"
21,106,4,"ب ل غ"
21,106,5,"ق و م"
21,106,6,"ع ب د"
21,107,2,"ر س ل"
21,107,3,"إِلَّا"
21,107,4,"ر ح م"
21,107,5,"ع ل م"
21,108,1,"ق و ل"
21,108,3,"و ح ي"
21,108,4,"إِلَىٰ"
21,108,6,"ا ل ه"
21,108,7,"ا ل ه"
21,108,8,"و ح د"
21,108,11,"س ل م"
21,109,2,"و ل ي"
21,109,3,"ق و ل"
21,109,4,"ا ذ ن"
21,109,6,"س و ي"
21,109,8,"د ر ي"
21,109,9,"ق ر ب"
21,109,10,"أَم"
21,109,11,"ب ع د"
21,109,13,"و ع د"
21,110,2,"ع ل م"
21,110,3,"ج ه ر"
21,110,5,"ق و ل"
21,110,6,"ع ل م"
21,110,8,"ك ت م"
21,111,2,"د ر ي"
21,111,4,"ف ت ن"
21,111,6,"م ت ع"
21,111,7,"إِلَىٰ"
21,111,8,"ح ي ن"
21,112,1,"ق و ل"
21,112,2,"ر ب ب"
21,112,3,"ح ك م"
21,112,4,"ح ق ق"
21,112,5,"ر ب ب"
21,112,6,"ر ح م"
21,112,7,"ع و ن"
21,112,10,"و ص ف"
22,1,2,"ن و س"
22,1,3,"و ق ي"
22,1,4,"ر ب ب"
22,1,6,"ز ل ز ل"
22,1,7,"س و ع"
22,1,8,"ش ي ا"
22,1,9,"ع ظ م"
22,2,1,"ي و م"
22,2,2,"ر ا ي"
22,2,3,"ذ ه ل"
22,2,4,"ك ل ل"
22,2,5,"ر ض ع"
22,2,7,"ر ض ع"
22,2,8,"و ض ع"
22,2,9,"ك ل ل"
22,2,11,"ح م ل"
22,2,12,"ح م ل"
22,2,13,"ر ا ي"
22,2,14,"ن و س"
22,2,15,"س ك ر"
22,2,18,"س ك ر"
22,2,20,"ع ذ ب"
22,2,21,"ا ل ه"
22,2,22,"ش د د"
22,3,2,"ن و س"
22,3,4,"ج د ل"
22,3,6,"ا ل ه"
22,3,7,"غ ي ر"
22,3,8,"ع ل م"
22,3,9,"ت ب ع"
22,3,10,"ك ل ل"
22,3,11,"ش ط ن"
22,3,12,"م ر د"
22,4,1,"ك ت ب"
22,4,5,"و ل ي"
22,4,7,"ض ل ل"
22,4,8,"ه د ي"
22,4,9,"إِلَىٰ"
22,4,10,"ع ذ ب"
22,4,11,"س ع ر"
22,5,2,"ن و س"
22,5,4,"ك و ن"
22,5,6,"ر ي ب"
22,5,8,"ب ع ث"
22,5,10,"خ ل ق"
22,5,12,"ت ر ب"
22,5,15,"ن ط ف"
22,5,18,"ع ل ق"
22,5,21,"م ض غ"
22,5,22,"خ ل ق"
22,5,23,"غ ي ر"
22,5,24,"خ ل ق"
22,5,25,"ب ي ن"
22,5,27,"ق ر ر"
22,5,29,"ر ح م"
22,5,31,"ش ي ا"
22,5,32,"إِلَىٰ"
22,5,33,"ا ج ل"
22,5,34,"س م و"
22,5,36,"خ ر ج"
22,5,37,"ط ف ل"
22,5,39,"ب ل غ"
22,5,40,"ش د د"
22,5,43,"و ف ي"
22,5,46,"ر د د"
22,5,47,"إِلَىٰ"
22,5,48,"ر ذ ل"
22,5,49,"ع م ر"
22,5,51,"ع ل م"
22,5,53,"ب ع د"
22,5,54,"ع ل م"
22,5,55,"ش ي ا"
22,5,56,"ر ا ي"
22,5,57,"ا ر ض"
22,5,58,"ه م د"
22,5,59,"إِذَا"
22,5,60,"ن ز ل"
22,5,62,"م و ه"
22,5,63,"ه ز ز"
22,5,64,"ر ب و"
22,5,65,"ن ب ت"
22,5,67,"ك ل ل"
22,5,68,"ز و ج"
22,5,69,"ب ه ج"
22,6,3,"ا ل ه"
22,6,5,"ح ق ق"
22,6,7,"ح ي ي"
22,6,8,"م و ت"
22,6,11,"ك ل ل"
22,6,12,"ش ي ا"
22,6,13,"ق د ر"
22,7,2,"س و ع"
22,7,3,"ا ت ي"
22,7,5,"ر ي ب"
22,7,8,"ا ل ه"
22,7,9,"ب ع ث"
22,7,12,"ق ب ر"
22,8,2,"ن و س"
22,8,4,"ج د ل"
22,8,6,"ا ل ه"
22,8,7,"غ ي ر"
22,8,8,"ع ل م"
22,8,10,"ه د ي"
22,8,12,"ك ت ب"
22,8,13,"ن و ر"
22,9,1,"ث ن ي"
22,9,2,"ع ط ف"
22,9,3,"ض ل ل"
22,9,5,"س ب ل"
22,9,6,"ا ل ه"
22,9,9,"د ن و"
22,9,10,"خ ز ي"
22,9,11,"ذ و ق"
22,9,12,"ي و م"
22,9,13,"ق و م"
22,9,14,"ع ذ ب"
22,9,15,"ح ر ق"
22,10,3,"ق د م"
22,10,4,"ي د ي"
22,10,6,"ا ل ه"
22,10,7,"ل ي س"
22,10,8,"ظ ل م"
22,10,9,"ع ب د"
22,11,2,"ن و س"
22,11,4,"ع ب د"
22,11,5,"ا ل ه"
22,11,7,"ح ر ف"
22,11,9,"ص و ب"
22,11,10,"خ ي ر"
22,11,11,"ط م ن"
22,11,14,"ص و ب"
22,11,15,"ف ت ن"
22,11,16,"ق ل ب"
22,11,18,"و ج ه"
22,11,19,"خ س ر"
22,11,20,"د ن و"
22,11,21,"ا خ ر"
22,11,24,"خ س ر"
22,11,25,"ب ي ن"
22,12,1,"د ع و"
22,12,3,"د و ن"
22,12,4,"ا ل ه"
22,12,7,"ض ر ر"
22,12,10,"ن ف ع"
22,12,13,"ض ل ل"
22,12,14,"ب ع د"
22,13,1,"د ع و"
22,13,3,"ض ر ر"
22,13,4,"ق ر ب"
22,13,6,"ن ف ع"
22,13,7,"ب ا س"
22,13,8,"و ل ي"
22,13,9,"ب ا س"
22,13,10,"ع ش ر"
22,14,2,"ا ل ه"
22,14,3,"د خ ل"
22,14,4,"ٱلَّذِى"
22,14,5,"ا م ن"
22,14,6,"ع م ل"
22,14,7,"ص ل ح"
22,14,8,"ج ن ن"
22,14,9,"ج ر ي"
22,14,11,"ت ح ت"
22,14,12,"ن ه ر"
22,14,14,"ا ل ه"
22,14,15,"ف ع ل"
22,14,17,"ر و د"
22,15,2,"ك و ن"
22,15,3,"ظ ن ن"
22,15,6,"ن ص ر"
22,15,7,"ا ل ه"
22,15,9,"د ن و"
22,15,10,"ا خ ر"
22,15,11,"م د د"
22,15,12,"س ب ب"
22,15,13,"إِلَىٰ"
22,15,14,"س م و"
22,15,16,"ق ط ع"
22,15,17,"ن ظ ر"
22,15,19,"ذ ه ب"
22,15,20,"ك ي د"
22,15,22,"غ ي ظ"
22,16,2,"ن ز ل"
22,16,3,"ا ي ي"
22,16,4,"ب ي ن"
22,16,6,"ا ل ه"
22,16,7,"ه د ي"
22,16,9,"ر و د"
22,17,2,"ٱلَّذِى"
22,17,3,"ا م ن"
22,17,4,"ٱلَّذِى"
22,17,5,"ه و د"
22,17,6,"ص ب ا"
22,17,7,"ن ص ر"
22,17,8,"م ج س"
22,17,9,"ٱلَّذِى"
22,17,10,"ش ر ك"
22,17,12,"ا ل ه"
22,17,13,"ف ص ل"
22,17,14,"ب ي ن"
22,17,15,"ي و م"
22,17,16,"ق و م"
22,17,18,"ا ل ه"
22,17,20,"ك ل ل"
22,17,21,"ش ي ا"
22,17,22,"ش ه د"
22,18,2,"ر ا ي"
22,18,4,"ا ل ه"
22,18,5,"س ج د"
22,18,9,"س م و"
22,18,12,"ا ر ض"
22,18,13,"ش م س"
22,18,14,"ق م ر"
22,18,15,"ن ج م"
22,18,16,"ج ب ل"
22,18,17,"ش ج ر"
22,18,18,"د ب ب"
22,18,19,"ك ث ر"
22,18,21,"ن و س"
22,18,22,"ك ث ر"
22,18,23,"ح ق ق"
22,18,25,"ع ذ ب"
22,18,27,"ه و ن"
22,18,28,"ا ل ه"
22,18,32,"ك ر م"
22,18,34,"ا ل ه"
22,18,35,"ف ع ل"
22,18,37,"ش ي ا"
22,19,2,"خ ص م"
22,19,3,"خ ص م"
22,19,5,"ر ب ب"
22,19,6,"ٱلَّذِى"
22,19,7,"ك ف ر"
22,19,8,"ق ط ع"
22,19,10,"ث و ب"
22,19,12,"ن و ر"
22,19,13,"ص ب ب"
22,19,15,"ف و ق"
22,19,16,"ر ا س"
22,19,17,"ح م م"
22,20,1,"ص ه ر"
22,20,5,"ب ط ن"
22,20,6,"ج ل د"
22,21,2,"ق م ع"
22,21,4,"ح د د"
22,22,1,"ك ل ل"
22,22,2,"ر و د"
22,22,4,"خ ر ج"
22,22,7,"غ م م"
22,22,8,"ع و د"
22,22,10,"ذ و ق"
22,22,11,"ع ذ ب"
22,22,12,"ح ر ق"
22,23,2,"ا ل ه"
22,23,3,"د خ ل"
22,23,4,"ٱلَّذِى"
22,23,5,"ا م ن"
22,23,6,"ع م ل"
22,23,7,"ص ل ح"
22,23,8,"ج ن ن"
22,23,9,"ج ر ي"
22,23,11,"ت ح ت"
22,23,12,"ن ه ر"
22,23,13,"ح ل ي"
22,23,16,"س و ر"
22,23,18,"ذ ه ب"
22,23,19,"ل ا ل ا"
22,23,20,"ل ب س"
22,23,22,"ح ر ر"
22,24,1,"ه د ي"
22,24,2,"إِلَىٰ"
22,24,3,"ط ي ب"
22,24,5,"ق و ل"
22,24,6,"ه د ي"
22,24,7,"إِلَىٰ"
22,24,8,"ص ر ط"
22,24,9,"ح م د"
22,25,2,"ٱلَّذِى"
22,25,3,"ك ف ر"
22,25,4,"ص د د"
22,25,6,"س ب ل"
22,25,7,"ا ل ه"
22,25,8,"س ج د"
22,25,9,"ح ر م"
22,25,10,"ٱلَّذِى"
22,25,11,"ج ع ل"
22,25,12,"ن و س"
22,25,13,"س و ي"
22,25,14,"ع ك ف"
22,25,16,"ب د و"
22,25,18,"ر و د"
22,25,20,"ل ح د"
22,25,21,"ظ ل م"
22,25,22,"ذ و ق"
22,25,24,"ع ذ ب"
22,25,25,"ا ل م"
22,26,1,"إِذ"
22,26,2,"ب و ا"
22,26,3,"إِبْرَاهِيم"
22,26,4,"ك و ن"
22,26,5,"ب ي ت"
22,26,8,"ش ر ك"
22,26,10,"ش ي ا"
22,26,11,"ط ه ر"
22,26,12,"ب ي ت"
22,26,13,"ط و ف"
22,26,14,"ق و م"
22,26,15,"ر ك ع"
22,26,16,"س ج د"
22,27,1,"ا ذ ن"
22,27,3,"ن و س"
22,27,4,"ح ج ج"
22,27,5,"ا ت ي"
22,27,6,"ر ج ل"
22,27,8,"ك ل ل"
22,27,9,"ض م ر"
22,27,10,"ا ت ي"
22,27,12,"ك ل ل"
22,27,13,"ف ج ج"
22,27,14,"ع م ق"
22,28,1,"ش ه د"
22,28,2,"ن ف ع"
22,28,4,"ذ ك ر"
22,28,5,"س م و"
22,28,6,"ا ل ه"
22,28,8,"ي و م"
22,28,9,"ع ل م"
22,28,12,"ر ز ق"
22,28,14,"ب ه م"
22,28,15,"ن ع م"
22,28,16,"ا ك ل"
22,28,18,"ط ع م"
22,28,19,"ب ا س"
22,28,20,"ف ق ر"
22,29,2,"ق ض ي"
22,29,3,"ت ف ث"
22,29,4,"و ف ي"
22,29,5,"ن ذ ر"
22,29,6,"ط و ف"
22,29,7,"ب ي ت"
22,29,8,"ع ت ق"
22,30,3,"ع ظ م"
22,30,4,"ح ر م"
22,30,5,"ا ل ه"
22,30,7,"خ ي ر"
22,30,9,"ع ن د"
22,30,10,"ر ب ب"
22,30,11,"ح ل ل"
22,30,13,"ن ع م"
22,30,14,"إِلَّا"
22,30,16,"ت ل و"
22,30,18,"ج ن ب"
22,30,19,"ر ج س"
22,30,21,"و ث ن"
22,30,22,"ج ن ب"
22,30,23,"ق و ل"
22,30,24,"ز و ر"
22,31,1,"ح ن ف"
22,31,2,"ا ل ه"
22,31,3,"غ ي ر"
22,31,4,"ش ر ك"
22,31,7,"ش ر ك"
22,31,8,"ا ل ه"
22,31,10,"خ ر ر"
22,31,12,"س م و"
22,31,13,"خ ط ف"
22,31,14,"ط ي ر"
22,31,16,"ه و ي"
22,31,18,"ر و ح"
22,31,20,"ك و ن"
22,31,21,"س ح ق"
22,32,3,"ع ظ م"
22,32,4,"ش ع ر"
22,32,5,"ا ل ه"
22,32,8,"و ق ي"
22,32,9,"ق ل ب"
22,33,3,"ن ف ع"
22,33,4,"إِلَىٰ"
22,33,5,"ا ج ل"
22,33,6,"س م و"
22,33,8,"ح ل ل"
22,33,9,"إِلَىٰ"
22,33,10,"ب ي ت"
22,33,11,"ع ت ق"
22,34,1,"ك ل ل"
22,34,2,"ا م م"
22,34,3,"ج ع ل"
22,34,4,"ن س ك"
22,34,5,"ذ ك ر"
22,34,6,"س م و"
22,34,7,"ا ل ه"
22,34,10,"ر ز ق"
22,34,12,"ب ه م"
22,34,13,"ن ع م"
22,34,14,"ا ل ه"
22,34,15,"ا ل ه"
22,34,16,"و ح د"
22,34,18,"س ل م"
22,34,19,"ب ش ر"
22,34,20,"خ ب ت"
22,35,1,"ٱلَّذِى"
22,35,2,"إِذَا"
22,35,3,"ذ ك ر"
22,35,4,"ا ل ه"
22,35,5,"و ج ل"
22,35,6,"ق ل ب"
22,35,7,"ص ب ر"
22,35,10,"ص و ب"
22,35,11,"ق و م"
22,35,12,"ص ل و"
22,35,14,"ر ز ق"
22,35,15,"ن ف ق"
22,36,1,"ب د ن"
22,36,2,"ج ع ل"
22,36,5,"ش ع ر"
22,36,6,"ا ل ه"
22,36,9,"خ ي ر"
22,36,10,"ذ ك ر"
22,36,11,"س م و"
22,36,12,"ا ل ه"
22,36,14,"ص ف ف"
22,36,15,"إِذَا"
22,36,16,"و ج ب"
22,36,17,"ج ن ب"
22,36,18,"ا ك ل"
22,36,20,"ط ع م"
22,36,21,"ق ن ع"
22,36,22,"ع ر ر"
22,36,24,"س خ ر"
22,36,27,"ش ك ر"
22,37,2,"ن ي ل"
22,37,3,"ا ل ه"
22,37,4,"ل ح م"
22,37,6,"د م و"
22,37,8,"ن ي ل"
22,37,9,"و ق ي"
22,37,12,"س خ ر"
22,37,14,"ك ب ر"
22,37,15,"ا ل ه"
22,37,18,"ه د ي"
22,37,19,"ب ش ر"
22,37,20,"ح س ن"
22,38,2,"ا ل ه"
22,38,3,"د ف ع"
22,38,5,"ٱلَّذِى"
22,38,6,"ا م ن"
22,38,8,"ا ل ه"
22,38,10,"ح ب ب"
22,38,11,"ك ل ل"
22,38,12,"خ و ن"
22,38,13,"ك ف ر"
22,39,1,"ا ذ ن"
22,39,2,"ٱلَّذِى"
22,39,3,"ق ت ل"
22,39,5,"ظ ل م"
22,39,7,"ا ل ه"
22,39,9,"ن ص ر"
22,39,10,"ق د ر"
22,40,1,"ٱلَّذِى"
22,40,2,"خ ر ج"
22,40,4,"د و ر"
22,40,5,"غ ي ر"
22,40,6,"ح ق ق"
22,40,7,"إِلَّا"
22,40,9,"ق و ل"
22,40,10,"ر ب ب"
22,40,11,"ا ل ه"
22,40,13,"د ف ع"
22,40,14,"ا ل ه"
22,40,15,"ن و س"
22,40,16,"ب ع ض"
22,40,17,"ب ع ض"
22,40,18,"ه د م"
22,40,19,"ص م ع"
22,40,20,"ب ي ع"
22,40,21,"ص ل و"
22,40,22,"س ج د"
22,40,23,"ذ ك ر"
22,40,25,"س م و"
22,40,26,"ا ل ه"
22,40,27,"ك ث ر"
22,40,28,"ن ص ر"
22,40,29,"ا ل ه"
22,40,31,"ن ص ر"
22,40,33,"ا ل ه"
22,40,34,"ق و ي"
22,40,35,"ع ز ز"
22,41,1,"ٱلَّذِى"
22,41,3,"م ك ن"
22,41,5,"ا ر ض"
22,41,6,"ق و م"
22,41,7,"ص ل و"
22,41,8,"ا ت ي"
22,41,9,"ز ك و"
22,41,10,"ا م ر"
22,41,11,"ع ر ف"
22,41,12,"ن ه ي"
22,41,14,"ن ك ر"
22,41,15,"ا ل ه"
22,41,16,"ع ق ب"
22,41,17,"ا م ر"
22,42,2,"ك ذ ب"
22,42,4,"ك ذ ب"
22,42,5,"ق ب ل"
22,42,6,"ق و م"
22,42,8,"ع و د"
22,43,1,"ق و م"
22,43,2,"إِبْرَاهِيم"
22,43,3,"ق و م"
22,44,1,"ص ح ب"
22,44,3,"ك ذ ب"
22,44,5,"م ل و"
22,44,6,"ك ف ر"
22,44,8,"ا خ ذ"
22,44,9,"ك ي ف"
22,44,10,"ك و ن"
22,44,11,"ن ك ر"
22,45,3,"ق ر ي"
22,45,4,"ه ل ك"
22,45,6,"ظ ل م"
22,45,8,"خ و ي"
22,45,10,"ع ر ش"
22,45,11,"ب ا ر"
22,45,12,"ع ط ل"
22,45,13,"ق ص ر"
22,45,14,"ش ي د"
22,46,2,"س ي ر"
22,46,4,"ا ر ض"
22,46,5,"ك و ن"
22,46,7,"ق ل ب"
22,46,8,"ع ق ل"
22,46,11,"ا ذ ن"
22,46,12,"س م ع"
22,46,16,"ع م ي"
22,46,17,"ب ص ر"
22,46,19,"ع م ي"
22,46,20,"ق ل ب"
22,46,21,"ٱلَّذِى"
22,46,23,"ص د ر"
22,47,1,"ع ج ل"
22,47,2,"ع ذ ب"
22,47,4,"خ ل ف"
22,47,5,"ا ل ه"
22,47,6,"و ع د"
22,47,8,"ي و م"
22,47,9,"ع ن د"
22,47,10,"ر ب ب"
22,47,11,"ا ل ف"
22,47,12,"س ن و"
22,47,14,"ع د د"
22,48,3,"ق ر ي"
22,48,4,"م ل و"
22,48,7,"ظ ل م"
22,48,9,"ا خ ذ"
22,48,10,"إِلَىٰ"
22,48,11,"ص ي ر"
22,49,1,"ق و ل"
22,49,3,"ن و س"
22,49,7,"ن ذ ر"
22,49,8,"ب ي ن"
22,50,1,"ٱلَّذِى"
22,50,2,"ا م ن"
22,50,3,"ع م ل"
22,50,4,"ص ل ح"
22,50,6,"غ ف ر"
22,50,7,"ر ز ق"
22,50,8,"ك ر م"
22,51,1,"ٱلَّذِى"
22,51,2,"س ع ي"
22,51,4,"ا ي ي"
22,51,5,"ع ج ز"
22,51,7,"ص ح ب"
22,51,8,"ج ح م"
22,52,2,"ر س ل"
22,52,4,"ق ب ل"
22,52,6,"ر س ل"
22,52,8,"ن ب ا"
22,52,9,"إِلَّا"
22,52,10,"إِذَا"
22,52,11,"م ن ي"
22,52,12,"ل ق ي"
22,52,13,"ش ط ن"
22,52,15,"م ن ي"
22,52,16,"ن س خ"
22,52,17,"ا ل ه"
22,52,19,"ل ق ي"
22,52,20,"ش ط ن"
22,52,22,"ح ك م"
22,52,23,"ا ل ه"
22,52,24,"ا ي ي"
22,52,25,"ا ل ه"
22,52,26,"ع ل م"
22,52,27,"ح ك م"
22,53,1,"ج ع ل"
22,53,3,"ل ق ي"
22,53,4,"ش ط ن"
22,53,5,"ف ت ن"
22,53,6,"ٱلَّذِى"
22,53,8,"ق ل ب"
22,53,9,"م ر ض"
22,53,10,"ق س و"
22,53,11,"ق ل ب"
22,53,13,"ظ ل م"
22,53,15,"ش ق ق"
22,53,16,"ب ع د"
22,54,1,"ع ل م"
22,54,2,"ٱلَّذِى"
22,54,3,"ا ت ي"
22,54,4,"ع ل م"
22,54,6,"ح ق ق"
22,54,8,"ر ب ب"
22,54,9,"ا م ن"
22,54,11,"خ ب ت"
22,54,13,"ق ل ب"
22,54,15,"ا ل ه"
22,54,16,"ه د ي"
22,54,17,"ٱلَّذِى"
22,54,18,"ا م ن"
22,54,19,"إِلَىٰ"
22,54,20,"ص ر ط"
22,54,21,"ق و م"
22,55,2,"ز ي ل"
22,55,3,"ٱلَّذِى"
22,55,4,"ك ف ر"
22,55,6,"م ر ي"
22,55,9,"ا ت ي"
22,55,10,"س و ع"
22,55,11,"ب غ ت"
22,55,13,"ا ت ي"
22,55,14,"ع ذ ب"
22,55,15,"ي و م"
22,55,16,"ع ق م"
22,56,1,"م ل ك"
22,56,3,"ا ل ه"
22,56,4,"ح ك م"
22,56,5,"ب ي ن"
22,56,6,"ٱلَّذِى"
22,56,7,"ا م ن"
22,56,8,"ع م ل"
22,56,9,"ص ل ح"
22,56,11,"ج ن ن"
22,56,12,"ن ع م"
22,57,1,"ٱلَّذِى"
22,57,2,"ك ف ر"
22,57,3,"ك ذ ب"
22,57,4,"ا ي ي"
22,57,7,"ع ذ ب"
22,57,8,"ه و ن"
22,58,1,"ٱلَّذِى"
22,58,2,"ه ج ر"
22,58,4,"س ب ل"
22,58,5,"ا ل ه"
22,58,7,"ق ت ل"
22,58,9,"م و ت"
22,58,10,"ر ز ق"
22,58,11,"ا ل ه"
22,58,12,"ر ز ق"
22,58,13,"ح س ن"
22,58,15,"ا ل ه"
22,58,17,"خ ي ر"
22,58,18,"ر ز ق"
22,59,1,"د خ ل"
22,59,2,"د خ ل"
22,59,3,"ر ض و"
22,59,5,"ا ل ه"
22,59,6,"ع ل م"
22,59,7,"ح ل م"
22,60,3,"ع ق ب"
22,60,4,"م ث ل"
22,60,6,"ع ق ب"
22,60,9,"ب غ ي"
22,60,11,"ن ص ر"
22,60,12,"ا ل ه"
22,60,14,"ا ل ه"
22,60,15,"ع ف و"
22,60,16,"غ ف ر"
22,61,3,"ا ل ه"
22,61,4,"و ل ج"
22,61,5,"ل ي ل"
22,61,7,"ن ه ر"
22,61,8,"و ل ج"
22,61,9,"ن ه ر"
22,61,11,"ل ي ل"
22,61,13,"ا ل ه"
22,61,14,"س م ع"
22,61,15,"ب ص ر"
22,62,3,"ا ل ه"
22,62,5,"ح ق ق"
22,62,8,"د ع و"
22,62,10,"د و ن"
22,62,12,"ب ط ل"
22,62,14,"ا ل ه"
22,62,16,"ع ل و"
22,62,17,"ك ب ر"
22,63,2,"ر ا ي"
22,63,4,"ا ل ه"
22,63,5,"ن ز ل"
22,63,7,"س م و"
22,63,8,"م و ه"
22,63,9,"ص ب ح"
22,63,10,"ا ر ض"
22,63,11,"خ ض ر"
22,63,13,"ا ل ه"
22,63,14,"ل ط ف"
22,63,15,"خ ب ر"
22,64,4,"س م و"
22,64,7,"ا ر ض"
22,64,9,"ا ل ه"
22,64,11,"غ ن ي"
22,64,12,"ح م د"
22,65,2,"ر ا ي"
22,65,4,"ا ل ه"
22,65,5,"س خ ر"
22,65,9,"ا ر ض"
22,65,10,"ف ل ك"
22,65,11,"ج ر ي"
22,65,13,"ب ح ر"
22,65,14,"ا م ر"
22,65,15,"م س ك"
22,65,16,"س م و"
22,65,18,"و ق ع"
22,65,20,"ا ر ض"
22,65,21,"إِلَّا"
22,65,22,"ا ذ ن"
22,65,24,"ا ل ه"
22,65,25,"ن و س"
22,65,26,"ر ا ف"
22,65,27,"ر ح م"
22,66,2,"ٱلَّذِى"
22,66,3,"ح ي ي"
22,66,5,"م و ت"
22,66,7,"ح ي ي"
22,66,9,"ا ن س"
22,66,10,"ك ف ر"
22,67,1,"ك ل ل"
22,67,2,"ا م م"
22,67,3,"ج ع ل"
22,67,4,"ن س ك"
22,67,6,"ن س ك"
22,67,8,"ن ز ع"
22,67,10,"ا م ر"
22,67,11,"د ع و"
22,67,12,"إِلَىٰ"
22,67,13,"ر ب ب"
22,67,16,"ه د ي"
22,67,17,"ق و م"
22,68,2,"ج د ل"
22,68,3,"ق و ل"
22,68,4,"ا ل ه"
22,68,5,"ع ل م"
22,68,7,"ع م ل"
22,69,1,"ا ل ه"
22,69,2,"ح ك م"
22,69,3,"ب ي ن"
22,69,4,"ي و م"
22,69,5,"ق و م"
22,69,7,"ك و ن"
22,69,9,"خ ل ف"
22,70,2,"ع ل م"
22,70,4,"ا ل ه"
22,70,5,"ع ل م"
22,70,8,"س م و"
22,70,9,"ا ر ض"
22,70,13,"ك ت ب"
22,70,17,"ا ل ه"
22,70,18,"ي س ر"
22,71,1,"ع ب د"
22,71,3,"د و ن"
22,71,4,"ا ل ه"
22,71,7,"ن ز ل"
22,71,9,"س ل ط"
22,71,11,"ل ي س"
22,71,14,"ع ل م"
22,71,16,"ظ ل م"
22,71,18,"ن ص ر"
22,72,1,"إِذَا"
22,72,2,"ت ل و"
22,72,4,"ا ي ي"
22,72,5,"ب ي ن"
22,72,6,"ع ر ف"
22,72,8,"و ج ه"
22,72,9,"ٱلَّذِى"
22,72,10,"ك ف ر"
22,72,11,"ن ك ر"
22,72,12,"ك و د"
22,72,13,"س ط و"
22,72,14,"ٱلَّذِى"
22,72,15,"ت ل و"
22,72,17,"ا ي ي"
22,72,18,"ق و ل"
22,72,19,"ن ب ا"
22,72,20,"ش ر ر"
22,72,23,"ن و ر"
22,72,24,"و ع د"
22,72,25,"ا ل ه"
22,72,26,"ٱلَّذِى"
22,72,27,"ك ف ر"
22,72,28,"ب ا س"
22,72,29,"ص ي ر"
22,73,2,"ن و س"
22,73,3,"ض ر ب"
22,73,4,"م ث ل"
22,73,5,"س م ع"
22,73,8,"ٱلَّذِى"
22,73,9,"د ع و"
22,73,11,"د و ن"
22,73,12,"ا ل ه"
22,73,14,"خ ل ق"
22,73,15,"ذ ب ب"
22,73,17,"ج م ع"
22,73,20,"س ل ب"
22,73,21,"ذ ب ب"
22,73,22,"ش ي ا"
22,73,24,"ن ق ذ"
22,73,26,"ض ع ف"
22,73,27,"ط ل ب"
22,73,28,"ط ل ب"
22,74,2,"ق د ر"
22,74,3,"ا ل ه"
22,74,4,"ح ق ق"
22,74,5,"ق د ر"
22,74,7,"ا ل ه"
22,74,8,"ق و ي"
22,74,9,"ع ز ز"
22,75,1,"ا ل ه"
22,75,2,"ص ف و"
22,75,4,"م ل ك"
22,75,5,"ر س ل"
22,75,7,"ن و س"
22,75,9,"ا ل ه"
22,75,10,"س م ع"
22,75,11,"ب ص ر"
22,76,1,"ع ل م"
22,76,3,"ب ي ن"
22,76,4,"ي د ي"
22,76,6,"خ ل ف"
22,76,7,"إِلَىٰ"
22,76,8,"ا ل ه"
22,76,9,"ر ج ع"
22,76,10,"ا م ر"
22,77,2,"ٱلَّذِى"
22,77,3,"ا م ن"
22,77,4,"ر ك ع"
22,77,5,"س ج د"
22,77,6,"ع ب د"
22,77,7,"ر ب ب"
22,77,8,"ف ع ل"
22,77,9,"خ ي ر"
22,77,11,"ف ل ح"
22,78,1,"ج ه د"
22,78,3,"ا ل ه"
22,78,4,"ح ق ق"
22,78,5,"ج ه د"
22,78,7,"ج ب ي"
22,78,9,"ج ع ل"
22,78,12,"د ي ن"
22,78,14,"ح ر ج"
22,78,15,"م ل ل"
22,78,16,"ا ب و"
22,78,17,"إِبْرَاهِيم"
22,78,19,"س م و"
22,78,20,"س ل م"
22,78,22,"ق ب ل"
22,78,25,"ك و ن"
22,78,26,"ر س ل"
22,78,27,"ش ه د"
22,78,29,"ك و ن"
22,78,30,"ش ه د"
22,78,32,"ن و س"
22,78,33,"ق و م"
22,78,34,"ص ل و"
22,78,35,"ا ت ي"
22,78,36,"ز ك و"
22,78,37,"ع ص م"
22,78,38,"ا ل ه"
22,78,40,"و ل ي"
22,78,41,"ن ع م"
22,78,42,"و ل ي"
22,78,43,"ن ع م"
22,78,44,"ن ص ر"
23,1,2,"ف ل ح"
23,1,3,"ا م ن"
23,2,1,"ٱلَّذِى"
23,2,4,"ص ل و"
23,2,5,"خ ش ع"
23,3,1,"ٱلَّذِى"
23,3,4,"ل غ و"
23,3,5,"ع ر ض"
23,4,1,"ٱلَّذِى"
23,4,3,"ز ك و"
23,4,4,"ف ع ل"
23,5,1,"ٱلَّذِى"
23,5,3,"ف ر ج"
23,5,4,"ح ف ظ"
23,6,1,"إِلَّا"
23,6,3,"ز و ج"
23,6,6,"م ل ك"
23,6,7,"ي م ن"
23,6,9,"غ ي ر"
23,6,10,"ل و م"
23,7,2,"ب غ ي"
23,7,3,"و ر ي"
23,7,7,"ع د و"
23,8,1,"ٱلَّذِى"
23,8,3,"ا م ن"
23,8,4,"ع ه د"
23,8,5,"ر ع ي"
23,9,1,"ٱلَّذِى"
23,9,4,"ص ل و"
23,9,5,"ح ف ظ"
23,10,3,"و ر ث"
23,11,1,"ٱلَّذِى"
23,11,2,"و ر ث"
23,11,6,"خ ل د"
23,12,2,"خ ل ق"
23,12,3,"ا ن س"
23,12,5,"س ل ل"
23,12,7,"ط ي ن"
23,13,2,"ج ع ل"
23,13,3,"ن ط ف"
23,13,5,"ق ر ر"
23,13,6,"م ك ن"
23,14,2,"خ ل ق"
23,14,3,"ن ط ف"
23,14,4,"ع ل ق"
23,14,5,"خ ل ق"
23,14,6,"ع ل ق"
23,14,7,"م ض غ"
23,14,8,"خ ل ق"
23,14,9,"م ض غ"
23,14,10,"ع ظ م"
23,14,11,"ك س و"
23,14,12,"ع ظ م"
23,14,13,"ل ح م"
23,14,15,"ن ش ا"
23,14,16,"خ ل ق"
23,14,17,"ا خ ر"
23,14,18,"ب ر ك"
23,14,19,"ا ل ه"
23,14,20,"ح س ن"
23,14,21,"خ ل ق"
23,15,3,"ب ع د"
23,15,5,"م و ت"
23,16,3,"ي و م"
23,16,4,"ق و م"
23,16,5,"ب ع ث"
23,17,2,"خ ل ق"
23,17,3,"ف و ق"
23,17,4,"س ب ع"
23,17,5,"ط ر ق"
23,17,7,"ك و ن"
23,17,9,"خ ل ق"
23,17,10,"غ ف ل"
23,18,1,"ن ز ل"
23,18,3,"س م و"
23,18,4,"م و ه"
23,18,5,"ق د ر"
23,18,6,"س ك ن"
23,18,8,"ا ر ض"
23,18,11,"ذ ه ب"
23,18,13,"ق د ر"
23,19,1,"ن ش ا"
23,19,4,"ج ن ن"
23,19,6,"ن خ ل"
23,19,7,"ع ن ب"
23,19,10,"ف ك ه"
23,19,11,"ك ث ر"
23,19,13,"ا ك ل"
23,20,1,"ش ج ر"
23,20,2,"خ ر ج"
23,20,4,"ط و ر"
23,20,6,"ن ب ت"
23,20,7,"د ه ن"
23,20,8,"ص ب غ"
23,20,9,"ا ك ل"
23,21,4,"ن ع م"
23,21,5,"ع ب ر"
23,21,6,"س ق ي"
23,21,9,"ب ط ن"
23,21,12,"ن ف ع"
23,21,13,"ك ث ر"
23,21,15,"ا ك ل"
23,22,3,"ف ل ك"
23,22,4,"ح م ل"
23,23,2,"ر س ل"
23,23,4,"إِلَىٰ"
23,23,5,"ق و م"
23,23,6,"ق و ل"
23,23,7,"ق و م"
23,23,8,"ع ب د"
23,23,9,"ا ل ه"
23,23,13,"ا ل ه"
23,23,14,"غ ي ر"
23,23,16,"و ق ي"
23,24,1,"ق و ل"
23,24,2,"م ل ا"
23,24,3,"ٱلَّذِى"
23,24,4,"ك ف ر"
23,24,6,"ق و م"
23,24,9,"إِلَّا"
23,24,10,"ب ش ر"
23,24,11,"م ث ل"
23,24,12,"ر و د"
23,24,14,"ف ض ل"
23,24,17,"ش ي ا"
23,24,18,"ا ل ه"
23,24,19,"ن ز ل"
23,24,20,"م ل ك"
23,24,22,"س م ع"
23,24,25,"ا ب و"
23,24,26,"ا و ل"
23,25,3,"إِلَّا"
23,25,4,"ر ج ل"
23,25,6,"ج ن ن"
23,25,7,"ر ب ص"
23,25,10,"ح ي ن"
23,26,1,"ق و ل"
23,26,2,"ر ب ب"
23,26,3,"ن ص ر"
23,26,5,"ك ذ ب"
23,27,1,"و ح ي"
23,27,2,"إِلَىٰ"
23,27,4,"ص ن ع"
23,27,5,"ف ل ك"
23,27,6,"ع ي ن"
23,27,7,"و ح ي"
23,27,8,"إِذَا"
23,27,9,"ج ي ا"
23,27,10,"ا م ر"
23,27,11,"ف و ر"
23,27,13,"س ل ك"
23,27,16,"ك ل ل"
23,27,17,"ز و ج"
23,27,18,"ث ن ي"
23,27,19,"ا ه ل"
23,27,20,"إِلَّا"
23,27,22,"س ب ق"
23,27,24,"ق و ل"
23,27,27,"خ ط ب"
23,27,29,"ٱلَّذِى"
23,27,30,"ظ ل م"
23,27,32,"غ ر ق"
23,28,1,"إِذَا"
23,28,2,"س و ي"
23,28,7,"ف ل ك"
23,28,8,"ق و ل"
23,28,9,"ح م د"
23,28,10,"ا ل ه"
23,28,11,"ٱلَّذِى"
23,28,12,"ن ج و"
23,28,14,"ق و م"
23,28,15,"ظ ل م"
23,29,1,"ق و ل"
23,29,2,"ر ب ب"
23,29,3,"ن ز ل"
23,29,4,"ن ز ل"
23,29,5,"ب ر ك"
23,29,7,"خ ي ر"
23,29,8,"ن ز ل"
23,30,4,"ا ي ي"
23,30,6,"ك و ن"
23,30,7,"ب ل و"
23,31,2,"ن ش ا"
23,31,4,"ب ع د"
23,31,5,"ق ر ن"
23,31,6,"ا خ ر"
23,32,1,"ر س ل"
23,32,3,"ر س ل"
23,32,6,"ع ب د"
23,32,7,"ا ل ه"
23,32,11,"ا ل ه"
23,32,12,"غ ي ر"
23,32,14,"و ق ي"
23,33,1,"ق و ل"
23,33,2,"م ل ا"
23,33,4,"ق و م"
23,33,5,"ٱلَّذِى"
23,33,6,"ك ف ر"
23,33,7,"ك ذ ب"
23,33,8,"ل ق ي"
23,33,9,"ا خ ر"
23,33,10,"ت ر ف"
23,33,12,"ح ي ي"
23,33,13,"د ن و"
23,33,16,"إِلَّا"
23,33,17,"ب ش ر"
23,33,18,"م ث ل"
23,33,19,"ا ك ل"
23,33,21,"ا ك ل"
23,33,23,"ش ر ب"
23,33,25,"ش ر ب"
23,34,2,"ط و ع"
23,34,3,"ب ش ر"
23,34,4,"م ث ل"
23,34,6,"إِذًا"
23,34,7,"خ س ر"
23,35,1,"و ع د"
23,35,3,"إِذَا"
23,35,4,"م و ت"
23,35,5,"ك و ن"
23,35,6,"ت ر ب"
23,35,7,"ع ظ م"
23,35,9,"خ ر ج"
23,36,4,"و ع د"
23,37,3,"إِلَّا"
23,37,4,"ح ي ي"
23,37,5,"د ن و"
23,37,6,"م و ت"
23,37,7,"ح ي ي"
23,37,10,"ب ع ث"
23,38,3,"إِلَّا"
23,38,4,"ر ج ل"
23,38,5,"ف ر ي"
23,38,7,"ا ل ه"
23,38,8,"ك ذ ب"
23,38,12,"ا م ن"
23,39,1,"ق و ل"
23,39,2,"ر ب ب"
23,39,3,"ن ص ر"
23,39,5,"ك ذ ب"
23,40,1,"ق و ل"
23,40,3,"ق ل ل"
23,40,4,"ص ب ح"
23,40,5,"ن د م"
23,41,1,"ا خ ذ"
23,41,2,"ص ي ح"
23,41,3,"ح ق ق"
23,41,4,"ج ع ل"
23,41,5,"غ ث و"
23,41,6,"ب ع د"
23,41,7,"ق و م"
23,41,8,"ظ ل م"
23,42,2,"ن ش ا"
23,42,4,"ب ع د"
23,42,5,"ق ر ن"
23,42,6,"ا خ ر"
23,43,2,"س ب ق"
23,43,4,"ا م م"
23,43,5,"ا ج ل"
23,43,7,"ا خ ر"
23,44,2,"ر س ل"
23,44,3,"ر س ل"
23,44,4,"و ت ر"
23,44,5,"ك ل ل"
23,44,7,"ج ي ا"
23,44,8,"ا م م"
23,44,9,"ر س ل"
23,44,10,"ك ذ ب"
23,44,11,"ت ب ع"
23,44,12,"ب ع ض"
23,44,13,"ب ع ض"
23,44,14,"ج ع ل"
23,44,15,"ح د ث"
23,44,16,"ب ع د"
23,44,17,"ق و م"
23,44,19,"ا م ن"
23,45,2,"ر س ل"
23,45,4,"ا خ و"
23,45,6,"ا ي ي"
23,45,7,"س ل ط"
23,45,8,"ب ي ن"
23,46,1,"إِلَىٰ"
23,46,3,"م ل ا"
23,46,4,"ك ب ر"
23,46,5,"ك و ن"
23,46,6,"ق و م"
23,46,7,"ع ل و"
23,47,1,"ق و ل"
23,47,2,"ا م ن"
23,47,3,"ب ش ر"
23,47,4,"م ث ل"
23,47,5,"ق و م"
23,47,7,"ع ب د"
23,48,1,"ك ذ ب"
23,48,2,"ك و ن"
23,48,4,"ه ل ك"
23,49,2,"ا ت ي"
23,49,4,"ك ت ب"
23,49,6,"ه د ي"
23,50,1,"ج ع ل"
23,50,2,"ب ن ي"
23,50,4,"ا م م"
23,50,5,"ا ي ي"
23,50,6,"ا و ي"
23,50,7,"إِلَىٰ"
23,50,8,"ر ب و"
23,50,10,"ق ر ر"
23,50,11,"ع ي ن"
23,51,2,"ر س ل"
23,51,3,"ا ك ل"
23,51,5,"ط ي ب"
23,51,6,"ع م ل"
23,51,7,"ص ل ح"
23,51,10,"ع م ل"
23,51,11,"ع ل م"
23,52,3,"ا م م"
23,52,4,"ا م م"
23,52,5,"و ح د"
23,52,7,"ر ب ب"
23,52,8,"و ق ي"
23,53,1,"ق ط ع"
23,53,2,"ا م ر"
23,53,3,"ب ي ن"
23,53,4,"ز ب ر"
23,53,5,"ك ل ل"
23,53,6,"ح ز ب"
23,53,9,"ف ر ح"
23,54,1,"و ذ ر"
23,54,3,"غ م ر"
23,54,5,"ح ي ن"
23,55,1,"ح س ب"
23,55,3,"م د د"
23,55,6,"م و ل"
23,55,7,"ب ن ي"
23,56,1,"س ر ع"
23,56,4,"خ ي ر"
23,56,7,"ش ع ر"
23,57,2,"ٱلَّذِى"
23,57,5,"خ ش ي"
23,57,6,"ر ب ب"
23,57,7,"ش ف ق"
23,58,1,"ٱلَّذِى"
23,58,3,"ا ي ي"
23,58,4,"ر ب ب"
23,58,5,"ا م ن"
23,59,1,"ٱلَّذِى"
23,59,3,"ر ب ب"
23,59,5,"ش ر ك"
23,60,1,"ٱلَّذِى"
23,60,2,"ا ت ي"
23,60,4,"ا ت ي"
23,60,5,"ق ل ب"
23,60,6,"و ج ل"
23,60,8,"إِلَىٰ"
23,60,9,"ر ب ب"
23,60,10,"ر ج ع"
23,61,2,"س ر ع"
23,61,4,"خ ي ر"
23,61,7,"س ب ق"
23,62,2,"ك ل ف"
23,62,3,"ن ف س"
23,62,4,"إِلَّا"
23,62,5,"و س ع"
23,62,7,"ك ت ب"
23,62,8,"ن ط ق"
23,62,9,"ح ق ق"
23,62,12,"ظ ل م"
23,63,2,"ق ل ب"
23,63,4,"غ م ر"
23,63,8,"ع م ل"
23,63,10,"د و ن"
23,63,14,"ع م ل"
23,64,2,"إِذَا"
23,64,3,"ا خ ذ"
23,64,4,"ت ر ف"
23,64,5,"ع ذ ب"
23,64,6,"إِذَا"
23,64,8,"ج ا ر"
23,65,2,"ج ا ر"
23,65,3,"ي و م"
23,65,7,"ن ص ر"
23,66,2,"ك و ن"
23,66,3,"ا ي ي"
23,66,4,"ت ل و"
23,66,6,"ك و ن"
23,66,8,"ع ق ب"
23,66,9,"ن ك ص"
23,67,1,"ك ب ر"
23,67,3,"س م ر"
23,67,4,"ه ج ر"
23,68,2,"د ب ر"
23,68,3,"ق و ل"
23,68,4,"أَم"
23,68,5,"ج ي ا"
23,68,8,"ا ت ي"
23,68,9,"ا ب و"
23,68,10,"ا و ل"
23,69,1,"أَم"
23,69,3,"ع ر ف"
23,69,4,"ر س ل"
23,69,7,"ن ك ر"
23,70,1,"أَم"
23,70,2,"ق و ل"
23,70,4,"ج ن ن"
23,70,6,"ج ي ا"
23,70,7,"ح ق ق"
23,70,8,"ك ث ر"
23,70,9,"ح ق ق"
23,70,10,"ك ر ه"
23,71,2,"ت ب ع"
23,71,3,"ح ق ق"
23,71,4,"ه و ي"
23,71,5,"ف س د"
23,71,6,"س م و"
23,71,7,"ا ر ض"
23,71,11,"ا ت ي"
23,71,12,"ذ ك ر"
23,71,15,"ذ ك ر"
23,71,16,"ع ر ض"
23,72,1,"أَم"
23,72,2,"س ا ل"
23,72,3,"خ ر ج"
23,72,4,"خ ر ج"
23,72,5,"ر ب ب"
23,72,6,"خ ي ر"
23,72,8,"خ ي ر"
23,72,9,"ر ز ق"
23,73,2,"د ع و"
23,73,3,"إِلَىٰ"
23,73,4,"ص ر ط"
23,73,5,"ق و م"
23,74,2,"ٱلَّذِى"
23,74,4,"ا م ن"
23,74,5,"ا خ ر"
23,74,7,"ص ر ط"
23,74,8,"ن ك ب"
23,75,2,"ر ح م"
23,75,3,"ك ش ف"
23,75,7,"ض ر ر"
23,75,8,"ل ج ج"
23,75,10,"ط غ ي"
23,75,11,"ع م ه"
23,76,2,"ا خ ذ"
23,76,3,"ع ذ ب"
23,76,5,"ك ي ن"
23,76,6,"ر ب ب"
23,76,8,"ض ر ع"
23,77,2,"إِذَا"
23,77,3,"ف ت ح"
23,77,5,"ب و ب"
23,77,7,"ع ذ ب"
23,77,8,"ش د د"
23,77,9,"إِذَا"
23,77,12,"ب ل س"
23,78,2,"ٱلَّذِى"
23,78,3,"ن ش ا"
23,78,5,"س م ع"
23,78,6,"ب ص ر"
23,78,7,"ف ا د"
23,78,8,"ق ل ل"
23,78,10,"ش ك ر"
23,79,2,"ٱلَّذِى"
23,79,3,"ذ ر ا"
23,79,5,"ا ر ض"
23,79,6,"إِلَىٰ"
23,79,7,"ح ش ر"
23,80,2,"ٱلَّذِى"
23,80,3,"ح ي ي"
23,80,4,"م و ت"
23,80,6,"خ ل ف"
23,80,7,"ل ي ل"
23,80,8,"ن ه ر"
23,80,10,"ع ق ل"
23,81,2,"ق و ل"
23,81,3,"م ث ل"
23,81,5,"ق و ل"
23,81,6,"ا و ل"
23,82,1,"ق و ل"
23,82,2,"إِذَا"
23,82,3,"م و ت"
23,82,4,"ك و ن"
23,82,5,"ت ر ب"
23,82,6,"ع ظ م"
23,82,8,"ب ع ث"
23,83,2,"و ع د"
23,83,4,"ا ب و"
23,83,7,"ق ب ل"
23,83,10,"إِلَّا"
23,83,11,"س ط ر"
23,83,12,"ا و ل"
23,84,1,"ق و ل"
23,84,3,"ا ر ض"
23,84,7,"ك و ن"
23,84,8,"ع ل م"
23,85,1,"ق و ل"
23,85,2,"ا ل ه"
23,85,3,"ق و ل"
23,85,5,"ذ ك ر"
23,86,1,"ق و ل"
23,86,3,"ر ب ب"
23,86,4,"س م و"
23,86,5,"س ب ع"
23,86,6,"ر ب ب"
23,86,7,"ع ر ش"
23,86,8,"ع ظ م"
23,87,1,"ق و ل"
23,87,2,"ا ل ه"
23,87,3,"ق و ل"
23,87,5,"و ق ي"
23,88,1,"ق و ل"
23,88,3,"ي د ي"
23,88,4,"م ل ك"
23,88,5,"ك ل ل"
23,88,6,"ش ي ا"
23,88,8,"ج و ر"
23,88,10,"ج و ر"
23,88,13,"ك و ن"
23,88,14,"ع ل م"
23,89,1,"ق و ل"
23,89,2,"ا ل ه"
23,89,3,"ق و ل"
23,89,4,"ا ن ي"
23,89,5,"س ح ر"
23,90,2,"ا ت ي"
23,90,3,"ح ق ق"
23,90,5,"ك ذ ب"
23,91,2,"ا خ ذ"
23,91,3,"ا ل ه"
23,91,5,"و ل د"
23,91,7,"ك و ن"
23,91,10,"ا ل ه"
23,91,11,"إِذًا"
23,91,12,"ذ ه ب"
23,91,13,"ك ل ل"
23,91,14,"ا ل ه"
23,91,16,"خ ل ق"
23,91,17,"ع ل و"
23,91,18,"ب ع ض"
23,91,20,"ب ع ض"
23,91,21,"س ب ح"
23,91,22,"ا ل ه"
23,91,24,"و ص ف"
23,92,1,"ع ل م"
23,92,2,"غ ي ب"
23,92,3,"ش ه د"
23,92,4,"ع ل و"
23,92,6,"ش ر ك"
23,93,1,"ق و ل"
23,93,2,"ر ب ب"
23,93,3,"إِمَّا"
23,93,4,"ر ا ي"
23,93,6,"و ع د"
23,94,1,"ر ب ب"
23,94,3,"ج ع ل"
23,94,5,"ق و م"
23,94,6,"ظ ل م"
23,95,4,"ر ا ي"
23,95,6,"و ع د"
23,95,7,"ق د ر"
23,96,1,"د ف ع"
23,96,2,"ٱلَّذِى"
23,96,4,"ح س ن"
23,96,5,"س و ا"
23,96,7,"ع ل م"
23,96,9,"و ص ف"
23,97,1,"ق و ل"
23,97,2,"ر ب ب"
23,97,3,"ع و ذ"
23,97,6,"ه م ز"
23,97,7,"ش ط ن"
23,98,1,"ع و ذ"
23,98,3,"ر ب ب"
23,98,5,"ح ض ر"
23,99,2,"إِذَا"
23,99,3,"ج ي ا"
23,99,4,"ا ح د"
23,99,5,"م و ت"
23,99,6,"ق و ل"
23,99,7,"ر ب ب"
23,99,8,"ر ج ع"
23,100,2,"ع م ل"
23,100,3,"ص ل ح"
23,100,5,"ت ر ك"
23,100,8,"ك ل م"
23,100,10,"ق و ل"
23,100,12,"و ر ي"
23,100,14,"إِلَىٰ"
23,100,15,"ي و م"
23,100,16,"ب ع ث"
23,101,1,"إِذَا"
23,101,2,"ن ف خ"
23,101,4,"ص و ر"
23,101,6,"ن س ب"
23,101,7,"ب ي ن"
23,101,10,"س ا ل"
23,102,2,"ث ق ل"
23,102,3,"و ز ن"
23,102,6,"ف ل ح"
23,103,2,"خ ف ف"
23,103,3,"و ز ن"
23,103,5,"ٱلَّذِى"
23,103,6,"خ س ر"
23,103,7,"ن ف س"
23,103,10,"خ ل د"
23,104,1,"ل ف ح"
23,104,2,"و ج ه"
23,104,3,"ن و ر"
23,104,6,"ك ل ح"
23,105,2,"ك و ن"
23,105,3,"ا ي ي"
23,105,4,"ت ل و"
23,105,6,"ك و ن"
23,105,8,"ك ذ ب"
23,106,1,"ق و ل"
23,106,2,"ر ب ب"
23,106,3,"غ ل ب"
23,106,5,"ش ق و"
23,106,6,"ك و ن"
23,106,7,"ق و م"
23,106,8,"ض ل ل"
23,107,1,"ر ب ب"
23,107,2,"خ ر ج"
23,107,5,"ع و د"
23,107,7,"ظ ل م"
23,108,1,"ق و ل"
23,108,2,"خ س ا"
23,108,5,"ك ل م"
23,109,2,"ك و ن"
23,109,3,"ف ر ق"
23,109,5,"ع ب د"
23,109,6,"ق و ل"
23,109,7,"ر ب ب"
23,109,8,"ا م ن"
23,109,9,"غ ف ر"
23,109,11,"ر ح م"
23,109,13,"خ ي ر"
23,109,14,"ر ح م"
23,110,1,"ا خ ذ"
23,110,2,"س خ ر"
23,110,4,"ن س ي"
23,110,5,"ذ ك ر"
23,110,6,"ك و ن"
23,110,8,"ض ح ك"
23,111,2,"ج ز ي"
23,111,3,"ي و م"
23,111,5,"ص ب ر"
23,111,8,"ف و ز"
23,112,1,"ق و ل"
23,112,3,"ل ب ث"
23,112,5,"ا ر ض"
23,112,6,"ع د د"
23,112,7,"س ن و"
23,113,1,"ق و ل"
23,113,2,"ل ب ث"
23,113,3,"ي و م"
23,113,5,"ب ع ض"
23,113,6,"ي و م"
23,113,7,"س ا ل"
23,113,8,"ع د د"
23,114,1,"ق و ل"
23,114,3,"ل ب ث"
23,114,4,"إِلَّا"
23,114,5,"ق ل ل"
23,114,8,"ك و ن"
23,114,9,"ع ل م"
23,115,1,"ح س ب"
23,115,3,"خ ل ق"
23,115,4,"ع ب ث"
23,115,6,"إِلَىٰ"
23,115,8,"ر ج ع"
23,116,1,"ع ل و"
23,116,2,"ا ل ه"
23,116,3,"م ل ك"
23,116,4,"ح ق ق"
23,116,6,"ا ل ه"
23,116,7,"إِلَّا"
23,116,9,"ر ب ب"
23,116,10,"ع ر ش"
23,116,11,"ك ر م"
23,117,2,"د ع و"
23,117,4,"ا ل ه"
23,117,5,"ا ل ه"
23,117,6,"ا خ ر"
23,117,8,"ب ر ه ن"
23,117,12,"ح س ب"
23,117,13,"ع ن د"
23,117,14,"ر ب ب"
23,117,17,"ف ل ح"
23,117,18,"ك ف ر"
23,118,1,"ق و ل"
23,118,2,"ر ب ب"
23,118,3,"غ ف ر"
23,118,4,"ر ح م"
23,118,6,"خ ي ر"
23,118,7,"ر ح م"
24,1,1,"س و ر"
24,1,2,"ن ز ل"
24,1,3,"ف ر ض"
24,1,4,"ن ز ل"
24,1,6,"ا ي ي"
24,1,7,"ب ي ن"
24,1,9,"ذ ك ر"
24,2,1,"ز ن ي"
24,2,2,"ز ن ي"
24,2,3,"ج ل د"
24,2,4,"ك ل ل"
24,2,5,"و ح د"
24,2,7,"م ا ي"
24,2,8,"ج ل د"
24,2,10,"ا خ ذ"
24,2,12,"ر ا ف"
24,2,14,"د ي ن"
24,2,15,"ا ل ه"
24,2,17,"ك و ن"
24,2,18,"ا م ن"
24,2,19,"ا ل ه"
24,2,20,"ي و م"
24,2,21,"ا خ ر"
24,2,22,"ش ه د"
24,2,23,"ع ذ ب"
24,2,24,"ط و ف"
24,2,26,"ا م ن"
24,3,1,"ز ن ي"
24,3,3,"ن ك ح"
24,3,4,"إِلَّا"
24,3,5,"ز ن ي"
24,3,7,"ش ر ك"
24,3,8,"ز ن ي"
24,3,10,"ن ك ح"
24,3,11,"إِلَّا"
24,3,12,"ز ن ي"
24,3,14,"ش ر ك"
24,3,15,"ح ر م"
24,3,18,"ا م ن"
24,4,1,"ٱلَّذِى"
24,4,2,"ر م ي"
24,4,3,"ح ص ن"
24,4,6,"ا ت ي"
24,4,7,"ر ب ع"
24,4,8,"ش ه د"
24,4,9,"ج ل د"
24,4,10,"ث م ن"
24,4,11,"ج ل د"
24,4,13,"ق ب ل"
24,4,15,"ش ه د"
24,4,16,"ا ب د"
24,4,19,"ف س ق"
24,5,1,"إِلَّا"
24,5,2,"ٱلَّذِى"
24,5,3,"ت و ب"
24,5,5,"ب ع د"
24,5,7,"ص ل ح"
24,5,9,"ا ل ه"
24,5,10,"غ ف ر"
24,5,11,"ر ح م"
24,6,1,"ٱلَّذِى"
24,6,2,"ر م ي"
24,6,3,"ز و ج"
24,6,5,"ك و ن"
24,6,7,"ش ه د"
24,6,8,"إِلَّا"
24,6,9,"ن ف س"
24,6,10,"ش ه د"
24,6,11,"ا ح د"
24,6,12,"ر ب ع"
24,6,13,"ش ه د"
24,6,14,"ا ل ه"
24,6,17,"ص د ق"
24,7,1,"خ م س"
24,7,3,"ل ع ن"
24,7,4,"ا ل ه"
24,7,7,"ك و ن"
24,7,9,"ك ذ ب"
24,8,1,"د ر ا"
24,8,3,"ع ذ ب"
24,8,5,"ش ه د"
24,8,6,"ر ب ع"
24,8,7,"ش ه د"
24,8,8,"ا ل ه"
24,8,11,"ك ذ ب"
24,9,1,"خ م س"
24,9,3,"غ ض ب"
24,9,4,"ا ل ه"
24,9,7,"ك و ن"
24,9,9,"ص د ق"
24,10,2,"ف ض ل"
24,10,3,"ا ل ه"
24,10,5,"ر ح م"
24,10,7,"ا ل ه"
24,10,8,"ت و ب"
24,10,9,"ح ك م"
24,11,2,"ٱلَّذِى"
24,11,3,"ج ي ا"
24,11,4,"ا ف ك"
24,11,5,"ع ص ب"
24,11,8,"ح س ب"
24,11,9,"ش ر ر"
24,11,13,"خ ي ر"
24,11,15,"ك ل ل"
24,11,16,"م ر ا"
24,11,19,"ك س ب"
24,11,21,"ا ث م"
24,11,22,"ٱلَّذِى"
24,11,23,"و ل ي"
24,11,24,"ك ب ر"
24,11,27,"ع ذ ب"
24,11,28,"ع ظ م"
24,12,2,"إِذ"
24,12,3,"س م ع"
24,12,4,"ظ ن ن"
24,12,5,"ا م ن"
24,12,6,"ا م ن"
24,12,7,"ن ف س"
24,12,8,"خ ي ر"
24,12,9,"ق و ل"
24,12,11,"ا ف ك"
24,12,12,"ب ي ن"
24,13,2,"ج ي ا"
24,13,4,"ر ب ع"
24,13,5,"ش ه د"
24,13,6,"إِذ"
24,13,8,"ا ت ي"
24,13,9,"ش ه د"
24,13,11,"ع ن د"
24,13,12,"ا ل ه"
24,13,14,"ك ذ ب"
24,14,2,"ف ض ل"
24,14,3,"ا ل ه"
24,14,5,"ر ح م"
24,14,7,"د ن و"
24,14,8,"ا خ ر"
24,14,9,"م س س"
24,14,12,"ف ي ض"
24,14,14,"ع ذ ب"
24,14,15,"ع ظ م"
24,15,1,"إِذ"
24,15,2,"ل ق ي"
24,15,3,"ل س ن"
24,15,4,"ق و ل"
24,15,5,"ف و ه"
24,15,7,"ل ي س"
24,15,10,"ع ل م"
24,15,11,"ح س ب"
24,15,12,"ه و ن"
24,15,14,"ع ن د"
24,15,15,"ا ل ه"
24,15,16,"ع ظ م"
24,16,2,"إِذ"
24,16,3,"س م ع"
24,16,4,"ق و ل"
24,16,6,"ك و ن"
24,16,9,"ك ل م"
24,16,11,"س ب ح"
24,16,13,"ب ه ت"
24,16,14,"ع ظ م"
24,17,1,"و ع ظ"
24,17,2,"ا ل ه"
24,17,4,"ع و د"
24,17,5,"م ث ل"
24,17,6,"ا ب د"
24,17,8,"ك و ن"
24,17,9,"ا م ن"
24,18,1,"ب ي ن"
24,18,2,"ا ل ه"
24,18,4,"ا ي ي"
24,18,5,"ا ل ه"
24,18,6,"ع ل م"
24,18,7,"ح ك م"
24,19,2,"ٱلَّذِى"
24,19,3,"ح ب ب"
24,19,5,"ش ي ع"
24,19,6,"ف ح ش"
24,19,8,"ٱلَّذِى"
24,19,9,"ا م ن"
24,19,11,"ع ذ ب"
24,19,12,"ا ل م"
24,19,14,"د ن و"
24,19,15,"ا خ ر"
24,19,16,"ا ل ه"
24,19,17,"ع ل م"
24,19,20,"ع ل م"
24,20,2,"ف ض ل"
24,20,3,"ا ل ه"
24,20,5,"ر ح م"
24,20,7,"ا ل ه"
24,20,8,"ر ا ف"
24,20,9,"ر ح م"
24,21,2,"ٱلَّذِى"
24,21,3,"ا م ن"
24,21,5,"ت ب ع"
24,21,6,"خ ط و"
24,21,7,"ش ط ن"
24,21,9,"ت ب ع"
24,21,10,"خ ط و"
24,21,11,"ش ط ن"
24,21,13,"ا م ر"
24,21,14,"ف ح ش"
24,21,15,"ن ك ر"
24,21,17,"ف ض ل"
24,21,18,"ا ل ه"
24,21,20,"ر ح م"
24,21,22,"ز ك و"
24,21,25,"ا ح د"
24,21,26,"ا ب د"
24,21,28,"ا ل ه"
24,21,29,"ز ك و"
24,21,31,"ش ي ا"
24,21,32,"ا ل ه"
24,21,33,"س م ع"
24,21,34,"ع ل م"
24,22,2,"ا ل و"
24,22,3,"ا و ل"
24,22,4,"ف ض ل"
24,22,6,"و س ع"
24,22,8,"ا ت ي"
24,22,9,"ا و ل"
24,22,10,"ق ر ب"
24,22,11,"س ك ن"
24,22,12,"ه ج ر"
24,22,14,"س ب ل"
24,22,15,"ا ل ه"
24,22,16,"ع ف و"
24,22,17,"ص ف ح"
24,22,19,"ح ب ب"
24,22,21,"غ ف ر"
24,22,22,"ا ل ه"
24,22,24,"ا ل ه"
24,22,25,"غ ف ر"
24,22,26,"ر ح م"
24,23,2,"ٱلَّذِى"
24,23,3,"ر م ي"
24,23,4,"ح ص ن"
24,23,5,"غ ف ل"
24,23,6,"ا م ن"
24,23,7,"ل ع ن"
24,23,9,"د ن و"
24,23,10,"ا خ ر"
24,23,12,"ع ذ ب"
24,23,13,"ع ظ م"
24,24,1,"ي و م"
24,24,2,"ش ه د"
24,24,4,"ل س ن"
24,24,5,"ي د ي"
24,24,6,"ر ج ل"
24,24,8,"ك و ن"
24,24,9,"ع م ل"
24,25,2,"و ف ي"
24,25,3,"ا ل ه"
24,25,4,"د ي ن"
24,25,5,"ح ق ق"
24,25,6,"ع ل م"
24,25,8,"ا ل ه"
24,25,10,"ح ق ق"
24,25,11,"ب ي ن"
24,26,1,"خ ب ث"
24,26,2,"خ ب ث"
24,26,3,"خ ب ث"
24,26,4,"خ ب ث"
24,26,5,"ط ي ب"
24,26,6,"ط ي ب"
24,26,7,"ط ي ب"
24,26,8,"ط ي ب"
24,26,10,"ب ر ا"
24,26,12,"ق و ل"
24,26,14,"غ ف ر"
24,26,15,"ر ز ق"
24,26,16,"ك ر م"
24,27,2,"ٱلَّذِى"
24,27,3,"ا م ن"
24,27,5,"د خ ل"
24,27,6,"ب ي ت"
24,27,7,"غ ي ر"
24,27,8,"ب ي ت"
24,27,10,"ا ن س"
24,27,11,"س ل م"
24,27,13,"ا ه ل"
24,27,15,"خ ي ر"
24,27,18,"ذ ك ر"
24,28,3,"و ج د"
24,28,5,"ا ح د"
24,28,7,"د خ ل"
24,28,9,"ا ذ ن"
24,28,12,"ق و ل"
24,28,14,"ر ج ع"
24,28,15,"ر ج ع"
24,28,17,"ز ك و"
24,28,19,"ا ل ه"
24,28,21,"ع م ل"
24,28,22,"ع ل م"
24,29,1,"ل ي س"
24,29,3,"ج ن ح"
24,29,5,"د خ ل"
24,29,6,"ب ي ت"
24,29,7,"غ ي ر"
24,29,8,"س ك ن"
24,29,10,"م ت ع"
24,29,12,"ا ل ه"
24,29,13,"ع ل م"
24,29,15,"ب د و"
24,29,17,"ك ت م"
24,30,1,"ق و ل"
24,30,2,"ا م ن"
24,30,3,"غ ض ض"
24,30,5,"ب ص ر"
24,30,6,"ح ف ظ"
24,30,7,"ف ر ج"
24,30,9,"ز ك و"
24,30,12,"ا ل ه"
24,30,13,"خ ب ر"
24,30,15,"ص ن ع"
24,31,1,"ق و ل"
24,31,2,"ا م ن"
24,31,3,"غ ض ض"
24,31,5,"ب ص ر"
24,31,6,"ح ف ظ"
24,31,7,"ف ر ج"
24,31,9,"ب د و"
24,31,10,"ز ي ن"
24,31,11,"إِلَّا"
24,31,13,"ظ ه ر"
24,31,15,"ض ر ب"
24,31,16,"خ م ر"
24,31,18,"ج ي ب"
24,31,20,"ب د و"
24,31,21,"ز ي ن"
24,31,22,"إِلَّا"
24,31,23,"ب ع ل"
24,31,25,"ا ب و"
24,31,27,"ا ب و"
24,31,28,"ب ع ل"
24,31,30,"ب ن ي"
24,31,32,"ب ن ي"
24,31,33,"ب ع ل"
24,31,35,"ا خ و"
24,31,37,"ب ن ي"
24,31,38,"ا خ و"
24,31,40,"ب ن ي"
24,31,41,"ا خ و"
24,31,43,"ن س و"
24,31,46,"م ل ك"
24,31,47,"ي م ن"
24,31,49,"ت ب ع"
24,31,50,"غ ي ر"
24,31,51,"ا و ل"
24,31,52,"ا ر ب"
24,31,54,"ر ج ل"
24,31,56,"ط ف ل"
24,31,57,"ٱلَّذِى"
24,31,59,"ظ ه ر"
24,31,61,"ع و ر"
24,31,62,"ن س و"
24,31,64,"ض ر ب"
24,31,65,"ر ج ل"
24,31,66,"ع ل م"
24,31,68,"خ ف ي"
24,31,70,"ز ي ن"
24,31,71,"ت و ب"
24,31,72,"إِلَىٰ"
24,31,73,"ا ل ه"
24,31,74,"ج م ع"
24,31,76,"ا م ن"
24,31,78,"ف ل ح"
24,32,1,"ن ك ح"
24,32,2,"ا ي م"
24,32,4,"ص ل ح"
24,32,6,"ع ب د"
24,32,7,"ا م و"
24,32,9,"ك و ن"
24,32,10,"ف ق ر"
24,32,11,"غ ن ي"
24,32,12,"ا ل ه"
24,32,14,"ف ض ل"
24,32,15,"ا ل ه"
24,32,16,"و س ع"
24,32,17,"ع ل م"
24,33,1,"ع ف ف"
24,33,2,"ٱلَّذِى"
24,33,4,"و ج د"
24,33,5,"ن ك ح"
24,33,7,"غ ن ي"
24,33,8,"ا ل ه"
24,33,10,"ف ض ل"
24,33,11,"ٱلَّذِى"
24,33,12,"ب غ ي"
24,33,13,"ك ت ب"
24,33,15,"م ل ك"
24,33,16,"ي م ن"
24,33,17,"ك ت ب"
24,33,19,"ع ل م"
24,33,21,"خ ي ر"
24,33,22,"ا ت ي"
24,33,24,"م و ل"
24,33,25,"ا ل ه"
24,33,26,"ٱلَّذِى"
24,33,27,"ا ت ي"
24,33,29,"ك ر ه"
24,33,30,"ف ت ي"
24,33,32,"ب غ ي"
24,33,34,"ر و د"
24,33,35,"ح ص ن"
24,33,36,"ب غ ي"
24,33,37,"ع ر ض"
24,33,38,"ح ي ي"
24,33,39,"د ن و"
24,33,41,"ك ر ه"
24,33,43,"ا ل ه"
24,33,45,"ب ع د"
24,33,46,"ك ر ه"
24,33,47,"غ ف ر"
24,33,48,"ر ح م"
24,34,2,"ن ز ل"
24,34,3,"إِلَىٰ"
24,34,4,"ا ي ي"
24,34,5,"ب ي ن"
24,34,6,"م ث ل"
24,34,8,"ٱلَّذِى"
24,34,9,"خ ل و"
24,34,11,"ق ب ل"
24,34,12,"و ع ظ"
24,34,13,"و ق ي"
24,35,1,"ا ل ه"
24,35,2,"ن و ر"
24,35,3,"س م و"
24,35,4,"ا ر ض"
24,35,5,"م ث ل"
24,35,6,"ن و ر"
24,35,7,"ش ك و"
24,35,9,"ص ب ح"
24,35,10,"ص ب ح"
24,35,12,"ز ج ج"
24,35,13,"ز ج ج"
24,35,15,"ك و ك ب"
24,35,16,"د ر ر"
24,35,17,"و ق د"
24,35,19,"ش ج ر"
24,35,20,"ب ر ك"
24,35,21,"ز ي ت"
24,35,23,"ش ر ق"
24,35,25,"غ ر ب"
24,35,26,"ك و د"
24,35,27,"ز ي ت"
24,35,28,"ض و ا"
24,35,31,"م س س"
24,35,32,"ن و ر"
24,35,33,"ن و ر"
24,35,35,"ن و ر"
24,35,36,"ه د ي"
24,35,37,"ا ل ه"
24,35,38,"ن و ر"
24,35,40,"ش ي ا"
24,35,41,"ض ر ب"
24,35,42,"ا ل ه"
24,35,43,"م ث ل"
24,35,44,"ن و س"
24,35,45,"ا ل ه"
24,35,46,"ك ل ل"
24,35,47,"ش ي ا"
24,35,48,"ع ل م"
24,36,2,"ب ي ت"
24,36,3,"ا ذ ن"
24,36,4,"ا ل ه"
24,36,6,"ر ف ع"
24,36,7,"ذ ك ر"
24,36,9,"س م و"
24,36,10,"س ب ح"
24,36,13,"غ د و"
24,36,14,"ا ص ل"
24,37,1,"ر ج ل"
24,37,3,"ل ه و"
24,37,4,"ت ج ر"
24,37,6,"ب ي ع"
24,37,8,"ذ ك ر"
24,37,9,"ا ل ه"
24,37,10,"ق و م"
24,37,11,"ص ل و"
24,37,12,"ا ت ي"
24,37,13,"ز ك و"
24,37,14,"خ و ف"
24,37,15,"ي و م"
24,37,16,"ق ل ب"
24,37,18,"ق ل ب"
24,37,19,"ب ص ر"
24,38,1,"ج ز ي"
24,38,2,"ا ل ه"
24,38,3,"ح س ن"
24,38,5,"ع م ل"
24,38,6,"ز ي د"
24,38,8,"ف ض ل"
24,38,9,"ا ل ه"
24,38,10,"ر ز ق"
24,38,12,"ش ي ا"
24,38,13,"غ ي ر"
24,38,14,"ح س ب"
24,39,1,"ٱلَّذِى"
24,39,2,"ك ف ر"
24,39,3,"ع م ل"
24,39,4,"س ر ب"
24,39,5,"ق و ع"
24,39,6,"ح س ب"
24,39,7,"ظ م ا"
24,39,8,"م و ه"
24,39,10,"إِذَا"
24,39,11,"ج ي ا"
24,39,13,"و ج د"
24,39,14,"ش ي ا"
24,39,15,"و ج د"
24,39,16,"ا ل ه"
24,39,17,"ع ن د"
24,39,18,"و ف ي"
24,39,19,"ح س ب"
24,39,20,"ا ل ه"
24,39,21,"س ر ع"
24,39,22,"ح س ب"
24,40,2,"ظ ل م"
24,40,4,"ب ح ر"
24,40,5,"ل ج ج"
24,40,6,"غ ش و"
24,40,7,"م و ج"
24,40,9,"ف و ق"
24,40,10,"م و ج"
24,40,12,"ف و ق"
24,40,13,"س ح ب"
24,40,14,"ظ ل م"
24,40,15,"ب ع ض"
24,40,16,"ف و ق"
24,40,17,"ب ع ض"
24,40,18,"إِذَا"
24,40,19,"خ ر ج"
24,40,20,"ي د ي"
24,40,22,"ك و د"
24,40,23,"ر ا ي"
24,40,26,"ج ع ل"
24,40,27,"ا ل ه"
24,40,29,"ن و ر"
24,40,33,"ن و ر"
24,41,2,"ر ا ي"
24,41,4,"ا ل ه"
24,41,5,"س ب ح"
24,41,9,"س م و"
24,41,10,"ا ر ض"
24,41,11,"ط ي ر"
24,41,12,"ص ف ف"
24,41,13,"ك ل ل"
24,41,15,"ع ل م"
24,41,16,"ص ل و"
24,41,17,"س ب ح"
24,41,18,"ا ل ه"
24,41,19,"ع ل م"
24,41,21,"ف ع ل"
24,42,1,"ا ل ه"
24,42,2,"م ل ك"
24,42,3,"س م و"
24,42,4,"ا ر ض"
24,42,5,"إِلَىٰ"
24,42,6,"ا ل ه"
24,42,7,"ص ي ر"
24,43,2,"ر ا ي"
24,43,4,"ا ل ه"
24,43,5,"ز ج و"
24,43,6,"س ح ب"
24,43,8,"ا ل ف"
24,43,9,"ب ي ن"
24,43,11,"ج ع ل"
24,43,12,"ر ك م"
24,43,13,"ر ا ي"
24,43,14,"و د ق"
24,43,15,"خ ر ج"
24,43,17,"خ ل ل"
24,43,18,"ن ز ل"
24,43,20,"س م و"
24,43,22,"ج ب ل"
24,43,25,"ب ر د"
24,43,26,"ص و ب"
24,43,29,"ش ي ا"
24,43,30,"ص ر ف"
24,43,33,"ش ي ا"
24,43,34,"ك و د"
24,43,35,"س ن و"
24,43,36,"ب ر ق"
24,43,37,"ذ ه ب"
24,43,38,"ب ص ر"
24,44,1,"ق ل ب"
24,44,2,"ا ل ه"
24,44,3,"ل ي ل"
24,44,4,"ن ه ر"
24,44,8,"ع ب ر"
24,44,9,"ا و ل"
24,44,10,"ب ص ر"
24,45,1,"ا ل ه"
24,45,2,"خ ل ق"
24,45,3,"ك ل ل"
24,45,4,"د ب ب"
24,45,6,"م و ه"
24,45,9,"م ش ي"
24,45,11,"ب ط ن"
24,45,14,"م ش ي"
24,45,16,"ر ج ل"
24,45,19,"م ش ي"
24,45,21,"ر ب ع"
24,45,22,"خ ل ق"
24,45,23,"ا ل ه"
24,45,25,"ش ي ا"
24,45,27,"ا ل ه"
24,45,29,"ك ل ل"
24,45,30,"ش ي ا"
24,45,31,"ق د ر"
24,46,2,"ن ز ل"
24,46,3,"ا ي ي"
24,46,4,"ب ي ن"
24,46,5,"ا ل ه"
24,46,6,"ه د ي"
24,46,8,"ش ي ا"
24,46,9,"إِلَىٰ"
24,46,10,"ص ر ط"
24,46,11,"ق و م"
24,47,1,"ق و ل"
24,47,2,"ا م ن"
24,47,3,"ا ل ه"
24,47,4,"ر س ل"
24,47,5,"ط و ع"
24,47,7,"و ل ي"
24,47,8,"ف ر ق"
24,47,11,"ب ع د"
24,47,15,"ا م ن"
24,48,1,"إِذَا"
24,48,2,"د ع و"
24,48,3,"إِلَىٰ"
24,48,4,"ا ل ه"
24,48,5,"ر س ل"
24,48,6,"ح ك م"
24,48,7,"ب ي ن"
24,48,8,"إِذَا"
24,48,9,"ف ر ق"
24,48,11,"ع ر ض"
24,49,2,"ك و ن"
24,49,4,"ح ق ق"
24,49,5,"ا ت ي"
24,49,6,"إِلَىٰ"
24,49,7,"ذ ع ن"
24,50,2,"ق ل ب"
24,50,3,"م ر ض"
24,50,4,"أَم"
24,50,5,"ر ي ب"
24,50,6,"أَم"
24,50,7,"خ و ف"
24,50,9,"ح ي ف"
24,50,10,"ا ل ه"
24,50,12,"ر س ل"
24,50,16,"ظ ل م"
24,51,2,"ك و ن"
24,51,3,"ق و ل"
24,51,4,"ا م ن"
24,51,5,"إِذَا"
24,51,6,"د ع و"
24,51,7,"إِلَىٰ"
24,51,8,"ا ل ه"
24,51,9,"ر س ل"
24,51,10,"ح ك م"
24,51,11,"ب ي ن"
24,51,13,"ق و ل"
24,51,14,"س م ع"
24,51,15,"ط و ع"
24,51,18,"ف ل ح"
24,52,2,"ط و ع"
24,52,3,"ا ل ه"
24,52,4,"ر س ل"
24,52,5,"خ ش ي"
24,52,6,"ا ل ه"
24,52,7,"و ق ي"
24,52,10,"ف و ز"
24,53,1,"ق س م"
24,53,2,"ا ل ه"
24,53,3,"ج ه د"
24,53,4,"ي م ن"
24,53,6,"ا م ر"
24,53,7,"خ ر ج"
24,53,8,"ق و ل"
24,53,10,"ق س م"
24,53,11,"ط و ع"
24,53,12,"ع ر ف"
24,53,14,"ا ل ه"
24,53,15,"خ ب ر"
24,53,17,"ع م ل"
24,54,1,"ق و ل"
24,54,2,"ط و ع"
24,54,3,"ا ل ه"
24,54,4,"ط و ع"
24,54,5,"ر س ل"
24,54,7,"و ل ي"
24,54,11,"ح م ل"
24,54,14,"ح م ل"
24,54,16,"ط و ع"
24,54,17,"ه د ي"
24,54,20,"ر س ل"
24,54,21,"إِلَّا"
24,54,22,"ب ل غ"
24,54,23,"ب ي ن"
24,55,1,"و ع د"
24,55,2,"ا ل ه"
24,55,3,"ٱلَّذِى"
24,55,4,"ا م ن"
24,55,6,"ع م ل"
24,55,7,"ص ل ح"
24,55,8,"خ ل ف"
24,55,10,"ا ر ض"
24,55,12,"خ ل ف"
24,55,13,"ٱلَّذِى"
24,55,15,"ق ب ل"
24,55,16,"م ك ن"
24,55,18,"د ي ن"
24,55,19,"ٱلَّذِى"
24,55,20,"ر ض و"
24,55,22,"ب د ل"
24,55,24,"ب ع د"
24,55,25,"خ و ف"
24,55,26,"ا م ن"
24,55,27,"ع ب د"
24,55,29,"ش ر ك"
24,55,31,"ش ي ا"
24,55,33,"ك ف ر"
24,55,34,"ب ع د"
24,55,38,"ف س ق"
24,56,1,"ق و م"
24,56,2,"ص ل و"
24,56,3,"ا ت ي"
24,56,4,"ز ك و"
24,56,5,"ط و ع"
24,56,6,"ر س ل"
24,56,8,"ر ح م"
24,57,2,"ح س ب"
24,57,3,"ٱلَّذِى"
24,57,4,"ك ف ر"
24,57,5,"ع ج ز"
24,57,7,"ا ر ض"
24,57,8,"ا و ي"
24,57,9,"ن و ر"
24,57,10,"ب ا س"
24,57,11,"ص ي ر"
24,58,2,"ٱلَّذِى"
24,58,3,"ا م ن"
24,58,4,"ا ذ ن"
24,58,5,"ٱلَّذِى"
24,58,6,"م ل ك"
24,58,7,"ي م ن"
24,58,8,"ٱلَّذِى"
24,58,10,"ب ل غ"
24,58,11,"ح ل م"
24,58,13,"ث ل ث"
24,58,14,"م ر ر"
24,58,16,"ق ب ل"
24,58,17,"ص ل و"
24,58,18,"ف ج ر"
24,58,19,"ح ي ن"
24,58,20,"و ض ع"
24,58,21,"ث و ب"
24,58,23,"ظ ه ر"
24,58,25,"ب ع د"
24,58,26,"ص ل و"
24,58,27,"ع ش و"
24,58,28,"ث ل ث"
24,58,29,"ع و ر"
24,58,31,"ل ي س"
24,58,35,"ج ن ح"
24,58,36,"ب ع د"
24,58,37,"ط و ف"
24,58,39,"ب ع ض"
24,58,41,"ب ع ض"
24,58,43,"ب ي ن"
24,58,44,"ا ل ه"
24,58,46,"ا ي ي"
24,58,47,"ا ل ه"
24,58,48,"ع ل م"
24,58,49,"ح ك م"
24,59,1,"إِذَا"
24,59,2,"ب ل غ"
24,59,3,"ط ف ل"
24,59,5,"ح ل م"
24,59,6,"ا ذ ن"
24,59,8,"ا ذ ن"
24,59,9,"ٱلَّذِى"
24,59,11,"ق ب ل"
24,59,13,"ب ي ن"
24,59,14,"ا ل ه"
24,59,16,"ا ي ي"
24,59,17,"ا ل ه"
24,59,18,"ع ل م"
24,59,19,"ح ك م"
24,60,1,"ق ع د"
24,60,3,"ن س و"
24,60,4,"ٱلَّذِى"
24,60,6,"ر ج و"
24,60,7,"ن ك ح"
24,60,8,"ل ي س"
24,60,10,"ج ن ح"
24,60,12,"و ض ع"
24,60,13,"ث و ب"
24,60,14,"غ ي ر"
24,60,15,"ب ر ج"
24,60,16,"ز ي ن"
24,60,18,"ع ف ف"
24,60,19,"خ ي ر"
24,60,21,"ا ل ه"
24,60,22,"س م ع"
24,60,23,"ع ل م"
24,61,1,"ل ي س"
24,61,3,"ع م ي"
24,61,4,"ح ر ج"
24,61,7,"ع ر ج"
24,61,8,"ح ر ج"
24,61,11,"م ر ض"
24,61,12,"ح ر ج"
24,61,15,"ن ف س"
24,61,17,"ا ك ل"
24,61,19,"ب ي ت"
24,61,21,"ب ي ت"
24,61,22,"ا ب و"
24,61,24,"ب ي ت"
24,61,25,"ا م م"
24,61,27,"ب ي ت"
24,61,28,"ا خ و"
24,61,30,"ب ي ت"
24,61,31,"ا خ و"
24,61,33,"ب ي ت"
24,61,34,"ع م م"
24,61,36,"ب ي ت"
24,61,37,"ع م م"
24,61,39,"ب ي ت"
24,61,40,"خ و ل"
24,61,42,"ب ي ت"
24,61,43,"خ و ل"
24,61,46,"م ل ك"
24,61,47,"ف ت ح"
24,61,49,"ص د ق"
24,61,50,"ل ي س"
24,61,52,"ج ن ح"
24,61,54,"ا ك ل"
24,61,55,"ج م ع"
24,61,57,"ش ت ت"
24,61,58,"إِذَا"
24,61,59,"د خ ل"
24,61,60,"ب ي ت"
24,61,61,"س ل م"
24,61,63,"ن ف س"
24,61,64,"ح ي ي"
24,61,66,"ع ن د"
24,61,67,"ا ل ه"
24,61,68,"ب ر ك"
24,61,69,"ط ي ب"
24,61,71,"ب ي ن"
24,61,72,"ا ل ه"
24,61,74,"ا ي ي"
24,61,76,"ع ق ل"
24,62,2,"ا م ن"
24,62,3,"ٱلَّذِى"
24,62,4,"ا م ن"
24,62,5,"ا ل ه"
24,62,6,"ر س ل"
24,62,7,"إِذَا"
24,62,8,"ك و ن"
24,62,11,"ا م ر"
24,62,12,"ج م ع"
24,62,14,"ذ ه ب"
24,62,16,"ا ذ ن"
24,62,18,"ٱلَّذِى"
24,62,19,"ا ذ ن"
24,62,21,"ٱلَّذِى"
24,62,22,"ا م ن"
24,62,23,"ا ل ه"
24,62,24,"ر س ل"
24,62,25,"إِذَا"
24,62,26,"ا ذ ن"
24,62,27,"ب ع ض"
24,62,28,"ش ا ن"
24,62,29,"ا ذ ن"
24,62,31,"ش ي ا"
24,62,33,"غ ف ر"
24,62,35,"ا ل ه"
24,62,37,"ا ل ه"
24,62,38,"غ ف ر"
24,62,39,"ر ح م"
24,63,2,"ج ع ل"
24,63,3,"د ع و"
24,63,4,"ر س ل"
24,63,5,"ب ي ن"
24,63,6,"د ع و"
24,63,7,"ب ع ض"
24,63,8,"ب ع ض"
24,63,10,"ع ل م"
24,63,11,"ا ل ه"
24,63,12,"ٱلَّذِى"
24,63,13,"س ل ل"
24,63,15,"ل و ذ"
24,63,16,"ح ذ ر"
24,63,17,"ٱلَّذِى"
24,63,18,"خ ل ف"
24,63,20,"ا م ر"
24,63,22,"ص و ب"
24,63,23,"ف ت ن"
24,63,25,"ص و ب"
24,63,26,"ع ذ ب"
24,63,27,"ا ل م"
24,64,3,"ا ل ه"
24,64,6,"س م و"
24,64,7,"ا ر ض"
24,64,9,"ع ل م"
24,64,13,"ي و م"
24,64,14,"ر ج ع"
24,64,15,"إِلَىٰ"
24,64,16,"ن ب ا"
24,64,18,"ع م ل"
24,64,19,"ا ل ه"
24,64,20,"ك ل ل"
24,64,21,"ش ي ا"
24,64,22,"ع ل م"
25,1,1,"ب ر ك"
25,1,2,"ٱلَّذِى"
25,1,3,"ن ز ل"
25,1,4,"ف ر ق"
25,1,6,"ع ب د"
25,1,7,"ك و ن"
25,1,8,"ع ل م"
25,1,9,"ن ذ ر"
25,2,1,"ٱلَّذِى"
25,2,3,"م ل ك"
25,2,4,"س م و"
25,2,5,"ا ر ض"
25,2,7,"ا خ ذ"
25,2,8,"و ل د"
25,2,10,"ك و ن"
25,2,12,"ش ر ك"
25,2,14,"م ل ك"
25,2,15,"خ ل ق"
25,2,16,"ك ل ل"
25,2,17,"ش ي ا"
25,2,18,"ق د ر"
25,2,19,"ق د ر"
25,3,1,"ا خ ذ"
25,3,3,"د و ن"
25,3,4,"ا ل ه"
25,3,6,"خ ل ق"
25,3,7,"ش ي ا"
25,3,9,"خ ل ق"
25,3,11,"م ل ك"
25,3,12,"ن ف س"
25,3,13,"ض ر ر"
25,3,15,"ن ف ع"
25,3,17,"م ل ك"
25,3,18,"م و ت"
25,3,20,"ح ي ي"
25,3,22,"ن ش ر"
25,4,1,"ق و ل"
25,4,2,"ٱلَّذِى"
25,4,3,"ك ف ر"
25,4,6,"إِلَّا"
25,4,7,"ا ف ك"
25,4,8,"ف ر ي"
25,4,9,"ع و ن"
25,4,11,"ق و م"
25,4,12,"ا خ ر"
25,4,14,"ج ي ا"
25,4,15,"ظ ل م"
25,4,16,"ز و ر"
25,5,1,"ق و ل"
25,5,2,"س ط ر"
25,5,3,"ا و ل"
25,5,4,"ك ت ب"
25,5,6,"م ل و"
25,5,8,"ب ك ر"
25,5,9,"ا ص ل"
25,6,1,"ق و ل"
25,6,2,"ن ز ل"
25,6,3,"ٱلَّذِى"
25,6,4,"ع ل م"
25,6,5,"س ر ر"
25,6,7,"س م و"
25,6,8,"ا ر ض"
25,6,10,"ك و ن"
25,6,11,"غ ف ر"
25,6,12,"ر ح م"
25,7,1,"ق و ل"
25,7,4,"ر س ل"
25,7,5,"ا ك ل"
25,7,6,"ط ع م"
25,7,7,"م ش ي"
25,7,9,"س و ق"
25,7,11,"ن ز ل"
25,7,12,"إِلَىٰ"
25,7,13,"م ل ك"
25,7,14,"ك و ن"
25,7,16,"ن ذ ر"
25,8,2,"ل ق ي"
25,8,3,"إِلَىٰ"
25,8,4,"ك ن ز"
25,8,6,"ك و ن"
25,8,8,"ج ن ن"
25,8,9,"ا ك ل"
25,8,11,"ق و ل"
25,8,12,"ظ ل م"
25,8,14,"ت ب ع"
25,8,15,"إِلَّا"
25,8,16,"ر ج ل"
25,8,17,"س ح ر"
25,9,1,"ن ظ ر"
25,9,2,"ك ي ف"
25,9,3,"ض ر ب"
25,9,5,"م ث ل"
25,9,6,"ض ل ل"
25,9,8,"ط و ع"
25,9,9,"س ب ل"
25,10,1,"ب ر ك"
25,10,2,"ٱلَّذِى"
25,10,4,"ش ي ا"
25,10,5,"ج ع ل"
25,10,7,"خ ي ر"
25,10,10,"ج ن ن"
25,10,11,"ج ر ي"
25,10,13,"ت ح ت"
25,10,14,"ن ه ر"
25,10,15,"ج ع ل"
25,10,17,"ق ص ر"
25,11,2,"ك ذ ب"
25,11,3,"س و ع"
25,11,4,"ع ت د"
25,11,6,"ك ذ ب"
25,11,7,"س و ع"
25,11,8,"س ع ر"
25,12,1,"إِذَا"
25,12,2,"ر ا ي"
25,12,4,"ك و ن"
25,12,5,"ب ع د"
25,12,6,"س م ع"
25,12,8,"غ ي ظ"
25,12,9,"ز ف ر"
25,13,1,"إِذَا"
25,13,2,"ل ق ي"
25,13,4,"ك و ن"
25,13,5,"ض ي ق"
25,13,6,"ق ر ن"
25,13,7,"د ع و"
25,13,9,"ث ب ر"
25,14,2,"د ع و"
25,14,3,"ي و م"
25,14,4,"ث ب ر"
25,14,5,"و ح د"
25,14,6,"د ع و"
25,14,7,"ث ب ر"
25,14,8,"ك ث ر"
25,15,1,"ق و ل"
25,15,3,"خ ي ر"
25,15,4,"أَم"
25,15,5,"ج ن ن"
25,15,6,"خ ل د"
25,15,7,"ٱلَّذِى"
25,15,8,"و ع د"
25,15,9,"و ق ي"
25,15,10,"ك و ن"
25,15,12,"ج ز ي"
25,15,13,"ص ي ر"
25,16,4,"ش ي ا"
25,16,5,"خ ل د"
25,16,6,"ك و ن"
25,16,8,"ر ب ب"
25,16,9,"و ع د"
25,16,10,"س ا ل"
25,17,1,"ي و م"
25,17,2,"ح ش ر"
25,17,4,"ع ب د"
25,17,6,"د و ن"
25,17,7,"ا ل ه"
25,17,8,"ق و ل"
25,17,10,"ض ل ل"
25,17,11,"ع ب د"
25,17,13,"أَم"
25,17,15,"ض ل ل"
25,17,16,"س ب ل"
25,18,1,"ق و ل"
25,18,2,"س ب ح"
25,18,4,"ك و ن"
25,18,5,"ب غ ي"
25,18,8,"ا خ ذ"
25,18,10,"د و ن"
25,18,12,"و ل ي"
25,18,14,"م ت ع"
25,18,15,"ا ب و"
25,18,17,"ن س ي"
25,18,18,"ذ ك ر"
25,18,19,"ك و ن"
25,18,20,"ق و م"
25,18,21,"ب و ر"
25,19,2,"ك ذ ب"
25,19,4,"ق و ل"
25,19,6,"ط و ع"
25,19,7,"ص ر ف"
25,19,9,"ن ص ر"
25,19,11,"ظ ل م"
25,19,13,"ذ و ق"
25,19,14,"ع ذ ب"
25,19,15,"ك ب ر"
25,20,2,"ر س ل"
25,20,3,"ق ب ل"
25,20,5,"ر س ل"
25,20,6,"إِلَّا"
25,20,8,"ا ك ل"
25,20,9,"ط ع م"
25,20,10,"م ش ي"
25,20,12,"س و ق"
25,20,13,"ج ع ل"
25,20,14,"ب ع ض"
25,20,15,"ب ع ض"
25,20,16,"ف ت ن"
25,20,17,"ص ب ر"
25,20,18,"ك و ن"
25,20,19,"ر ب ب"
25,20,20,"ب ص ر"
25,21,1,"ق و ل"
25,21,2,"ٱلَّذِى"
25,21,4,"ر ج و"
25,21,5,"ل ق ي"
25,21,7,"ن ز ل"
25,21,9,"م ل ك"
25,21,11,"ر ا ي"
25,21,12,"ر ب ب"
25,21,14,"ك ب ر"
25,21,16,"ن ف س"
25,21,17,"ع ت و"
25,21,18,"ع ت و"
25,21,19,"ك ب ر"
25,22,1,"ي و م"
25,22,2,"ر ا ي"
25,22,3,"م ل ك"
25,22,5,"ب ش ر"
25,22,7,"ج ر م"
25,22,8,"ق و ل"
25,22,9,"ح ج ر"
25,22,10,"ح ج ر"
25,23,1,"ق د م"
25,23,2,"إِلَىٰ"
25,23,4,"ع م ل"
25,23,6,"ع م ل"
25,23,7,"ج ع ل"
25,23,8,"ه ب و"
25,23,9,"ن ث ر"
25,24,1,"ص ح ب"
25,24,2,"ج ن ن"
25,24,4,"خ ي ر"
25,24,5,"ق ر ر"
25,24,6,"ح س ن"
25,24,7,"ق ي ل"
25,25,1,"ي و م"
25,25,2,"ش ق ق"
25,25,3,"س م و"
25,25,4,"غ م م"
25,25,5,"ن ز ل"
25,25,6,"م ل ك"
25,25,7,"ن ز ل"
25,26,1,"م ل ك"
25,26,3,"ح ق ق"
25,26,4,"ر ح م"
25,26,5,"ك و ن"
25,26,6,"ي و م"
25,26,8,"ك ف ر"
25,26,9,"ع س ر"
25,27,1,"ي و م"
25,27,2,"ع ض ض"
25,27,3,"ظ ل م"
25,27,5,"ي د ي"
25,27,6,"ق و ل"
25,27,8,"ا خ ذ"
25,27,10,"ر س ل"
25,27,11,"س ب ل"
25,28,4,"ا خ ذ"
25,28,5,"ف ل ن"
25,28,6,"خ ل ل"
25,29,2,"ض ل ل"
25,29,4,"ذ ك ر"
25,29,5,"ب ع د"
25,29,6,"إِذ"
25,29,7,"ج ي ا"
25,29,8,"ك و ن"
25,29,9,"ش ط ن"
25,29,10,"ا ن س"
25,29,11,"خ ذ ل"
25,30,1,"ق و ل"
25,30,2,"ر س ل"
25,30,3,"ر ب ب"
25,30,5,"ق و م"
25,30,6,"ا خ ذ"
25,30,8,"ق ر ا"
25,30,9,"ه ج ر"
25,31,2,"ج ع ل"
25,31,3,"ك ل ل"
25,31,4,"ن ب ا"
25,31,5,"ع د و"
25,31,7,"ج ر م"
25,31,8,"ك ف ي"
25,31,9,"ر ب ب"
25,31,10,"ه د ي"
25,31,11,"ن ص ر"
25,32,1,"ق و ل"
25,32,2,"ٱلَّذِى"
25,32,3,"ك ف ر"
25,32,5,"ن ز ل"
25,32,7,"ق ر ا"
25,32,8,"ج م ل"
25,32,9,"و ح د"
25,32,11,"ث ب ت"
25,32,13,"ف ا د"
25,32,14,"ر ت ل"
25,32,15,"ر ت ل"
25,33,2,"ا ت ي"
25,33,3,"م ث ل"
25,33,4,"إِلَّا"
25,33,5,"ج ي ا"
25,33,6,"ح ق ق"
25,33,7,"ح س ن"
25,33,8,"ف س ر"
25,34,1,"ٱلَّذِى"
25,34,2,"ح ش ر"
25,34,4,"و ج ه"
25,34,5,"إِلَىٰ"
25,34,8,"ش ر ر"
25,34,9,"ك و ن"
25,34,10,"ض ل ل"
25,34,11,"س ب ل"
25,35,2,"ا ت ي"
25,35,4,"ك ت ب"
25,35,5,"ج ع ل"
25,35,7,"ا خ و"
25,35,9,"و ز ر"
25,36,1,"ق و ل"
25,36,2,"ذ ه ب"
25,36,3,"إِلَىٰ"
25,36,4,"ق و م"
25,36,5,"ٱلَّذِى"
25,36,6,"ك ذ ب"
25,36,7,"ا ي ي"
25,36,8,"د م ر"
25,36,9,"د م ر"
25,37,1,"ق و م"
25,37,4,"ك ذ ب"
25,37,5,"ر س ل"
25,37,6,"غ ر ق"
25,37,7,"ج ع ل"
25,37,8,"ن و س"
25,37,9,"ا ي ي"
25,37,10,"ع ت د"
25,37,11,"ظ ل م"
25,37,12,"ع ذ ب"
25,37,13,"ا ل م"
25,38,1,"ع و د"
25,38,3,"ص ح ب"
25,38,4,"ر س س"
25,38,5,"ق ر ن"
25,38,6,"ب ي ن"
25,38,8,"ك ث ر"
25,39,1,"ك ل ل"
25,39,2,"ض ر ب"
25,39,4,"م ث ل"
25,39,5,"ك ل ل"
25,39,6,"ت ب ر"
25,39,7,"ت ب ر"
25,40,2,"ا ت ي"
25,40,4,"ق ر ي"
25,40,5,"ٱلَّذِى"
25,40,6,"م ط ر"
25,40,7,"م ط ر"
25,40,8,"س و ا"
25,40,10,"ك و ن"
25,40,11,"ر ا ي"
25,40,13,"ك و ن"
25,40,15,"ر ج و"
25,40,16,"ن ش ر"
25,41,1,"إِذَا"
25,41,2,"ر ا ي"
25,41,4,"ا خ ذ"
25,41,5,"إِلَّا"
25,41,6,"ه ز ا"
25,41,8,"ٱلَّذِى"
25,41,9,"ب ع ث"
25,41,10,"ا ل ه"
25,41,11,"ر س ل"
25,42,2,"ك و د"
25,42,3,"ض ل ل"
25,42,5,"ا ل ه"
25,42,8,"ص ب ر"
25,42,11,"ع ل م"
25,42,12,"ح ي ن"
25,42,13,"ر ا ي"
25,42,14,"ع ذ ب"
25,42,16,"ض ل ل"
25,42,17,"س ب ل"
25,43,1,"ر ا ي"
25,43,3,"ا خ ذ"
25,43,4,"ا ل ه"
25,43,5,"ه و ي"
25,43,7,"ك و ن"
25,43,9,"و ك ل"
25,44,1,"أَم"
25,44,2,"ح س ب"
25,44,4,"ك ث ر"
25,44,5,"س م ع"
25,44,7,"ع ق ل"
25,44,10,"إِلَّا"
25,44,11,"ن ع م"
25,44,14,"ض ل ل"
25,44,15,"س ب ل"
25,45,2,"ر ا ي"
25,45,3,"إِلَىٰ"
25,45,4,"ر ب ب"
25,45,5,"ك ي ف"
25,45,6,"م د د"
25,45,7,"ظ ل ل"
25,45,9,"ش ي ا"
25,45,10,"ج ع ل"
25,45,11,"س ك ن"
25,45,13,"ج ع ل"
25,45,14,"ش م س"
25,45,16,"د ل ل"
25,46,2,"ق ب ض"
25,46,3,"إِلَىٰ"
25,46,4,"ق ب ض"
25,46,5,"ي س ر"
25,47,2,"ٱلَّذِى"
25,47,3,"ج ع ل"
25,47,5,"ل ي ل"
25,47,6,"ل ب س"
25,47,7,"ن و م"
25,47,8,"س ب ت"
25,47,9,"ج ع ل"
25,47,10,"ن ه ر"
25,47,11,"ن ش ر"
25,48,2,"ٱلَّذِى"
25,48,3,"ر س ل"
25,48,4,"ر و ح"
25,48,5,"ب ش ر"
25,48,6,"ب ي ن"
25,48,7,"ي د ي"
25,48,8,"ر ح م"
25,48,9,"ن ز ل"
25,48,11,"س م و"
25,48,12,"م و ه"
25,48,13,"ط ه ر"
25,49,1,"ح ي ي"
25,49,3,"ب ل د"
25,49,4,"م و ت"
25,49,5,"س ق ي"
25,49,7,"خ ل ق"
25,49,8,"ن ع م"
25,49,9,"ا ن س"
25,49,10,"ك ث ر"
25,50,2,"ص ر ف"
25,50,3,"ب ي ن"
25,50,4,"ذ ك ر"
25,50,5,"ا ب ي"
25,50,6,"ك ث ر"
25,50,7,"ن و س"
25,50,8,"إِلَّا"
25,50,9,"ك ف ر"
25,51,2,"ش ي ا"
25,51,3,"ب ع ث"
25,51,5,"ك ل ل"
25,51,6,"ق ر ي"
25,51,7,"ن ذ ر"
25,52,2,"ط و ع"
25,52,3,"ك ف ر"
25,52,4,"ج ه د"
25,52,6,"ج ه د"
25,52,7,"ك ب ر"
25,53,2,"ٱلَّذِى"
25,53,3,"م ر ج"
25,53,4,"ب ح ر"
25,53,6,"ع ذ ب"
25,53,7,"ف ر ت"
25,53,9,"م ل ح"
25,53,10,"ا ج ج"
25,53,11,"ج ع ل"
25,53,12,"ب ي ن"
25,53,14,"ح ج ر"
25,53,15,"ح ج ر"
25,54,2,"ٱلَّذِى"
25,54,3,"خ ل ق"
25,54,5,"م و ه"
25,54,6,"ب ش ر"
25,54,7,"ج ع ل"
25,54,8,"ن س ب"
25,54,9,"ص ه ر"
25,54,10,"ك و ن"
25,54,11,"ر ب ب"
25,54,12,"ق د ر"
25,55,1,"ع ب د"
25,55,3,"د و ن"
25,55,4,"ا ل ه"
25,55,7,"ن ف ع"
25,55,9,"ض ر ر"
25,55,10,"ك و ن"
25,55,11,"ك ف ر"
25,55,13,"ر ب ب"
25,55,14,"ظ ه ر"
25,56,2,"ر س ل"
25,56,3,"إِلَّا"
25,56,4,"ب ش ر"
25,56,5,"ن ذ ر"
25,57,1,"ق و ل"
25,57,3,"س ا ل"
25,57,6,"ا ج ر"
25,57,7,"إِلَّا"
25,57,9,"ش ي ا"
25,57,11,"ا خ ذ"
25,57,12,"إِلَىٰ"
25,57,13,"ر ب ب"
25,57,14,"س ب ل"
25,58,1,"و ك ل"
25,58,3,"ح ي ي"
25,58,4,"ٱلَّذِى"
25,58,6,"م و ت"
25,58,7,"س ب ح"
25,58,8,"ح م د"
25,58,9,"ك ف ي"
25,58,11,"ذ ن ب"
25,58,12,"ع ب د"
25,58,13,"خ ب ر"
25,59,1,"ٱلَّذِى"
25,59,2,"خ ل ق"
25,59,3,"س م و"
25,59,4,"ا ر ض"
25,59,6,"ب ي ن"
25,59,8,"س ت ت"
25,59,9,"ي و م"
25,59,11,"س و ي"
25,59,13,"ع ر ش"
25,59,14,"ر ح م"
25,59,15,"س ا ل"
25,59,17,"خ ب ر"
25,60,1,"إِذَا"
25,60,2,"ق و ل"
25,60,4,"س ج د"
25,60,5,"ر ح م"
25,60,6,"ق و ل"
25,60,8,"ر ح م"
25,60,9,"س ج د"
25,60,11,"ا م ر"
25,60,12,"ز ي د"
25,60,13,"ن ف ر"
25,61,1,"ب ر ك"
25,61,2,"ٱلَّذِى"
25,61,3,"ج ع ل"
25,61,5,"س م و"
25,61,6,"ب ر ج"
25,61,7,"ج ع ل"
25,61,9,"س ر ج"
25,61,10,"ق م ر"
25,61,11,"ن و ر"
25,62,2,"ٱلَّذِى"
25,62,3,"ج ع ل"
25,62,4,"ل ي ل"
25,62,5,"ن ه ر"
25,62,6,"خ ل ف"
25,62,8,"ر و د"
25,62,10,"ذ ك ر"
25,62,12,"ر و د"
25,62,13,"ش ك ر"
25,63,1,"ع ب د"
25,63,2,"ر ح م"
25,63,3,"ٱلَّذِى"
25,63,4,"م ش ي"
25,63,6,"ا ر ض"
25,63,7,"ه و ن"
25,63,8,"إِذَا"
25,63,9,"خ ط ب"
25,63,10,"ج ه ل"
25,63,11,"ق و ل"
25,63,12,"س ل م"
25,64,1,"ٱلَّذِى"
25,64,2,"ب ي ت"
25,64,3,"ر ب ب"
25,64,4,"س ج د"
25,64,5,"ق و م"
25,65,1,"ٱلَّذِى"
25,65,2,"ق و ل"
25,65,3,"ر ب ب"
25,65,4,"ص ر ف"
25,65,6,"ع ذ ب"
25,65,9,"ع ذ ب"
25,65,10,"ك و ن"
25,65,11,"غ ر م"
25,66,2,"س و ا"
25,66,3,"ق ر ر"
25,66,4,"ق و م"
25,67,1,"ٱلَّذِى"
25,67,2,"إِذَا"
25,67,3,"ن ف ق"
25,67,5,"س ر ف"
25,67,7,"ق ت ر"
25,67,8,"ك و ن"
25,67,9,"ب ي ن"
25,67,11,"ق و م"
25,68,1,"ٱلَّذِى"
25,68,3,"د ع و"
25,68,5,"ا ل ه"
25,68,6,"ا ل ه"
25,68,7,"ا خ ر"
25,68,9,"ق ت ل"
25,68,10,"ن ف س"
25,68,11,"ٱلَّذِى"
25,68,12,"ح ر م"
25,68,13,"ا ل ه"
25,68,14,"إِلَّا"
25,68,15,"ح ق ق"
25,68,17,"ز ن ي"
25,68,19,"ف ع ل"
25,68,21,"ل ق ي"
25,68,22,"ا ث م"
25,69,1,"ض ع ف"
25,69,3,"ع ذ ب"
25,69,4,"ي و م"
25,69,5,"ق و م"
25,69,6,"خ ل د"
25,69,8,"ه و ن"
25,70,1,"إِلَّا"
25,70,3,"ت و ب"
25,70,4,"ا م ن"
25,70,5,"ع م ل"
25,70,6,"ع م ل"
25,70,7,"ص ل ح"
25,70,9,"ب د ل"
25,70,10,"ا ل ه"
25,70,11,"س و ا"
25,70,12,"ح س ن"
25,70,13,"ك و ن"
25,70,14,"ا ل ه"
25,70,15,"غ ف ر"
25,70,16,"ر ح م"
25,71,2,"ت و ب"
25,71,3,"ع م ل"
25,71,4,"ص ل ح"
25,71,6,"ت و ب"
25,71,7,"إِلَىٰ"
25,71,8,"ا ل ه"
25,71,9,"ت و ب"
25,72,1,"ٱلَّذِى"
25,72,3,"ش ه د"
25,72,4,"ز و ر"
25,72,5,"إِذَا"
25,72,6,"م ر ر"
25,72,7,"ل غ و"
25,72,8,"م ر ر"
25,72,9,"ك ر م"
25,73,1,"ٱلَّذِى"
25,73,2,"إِذَا"
25,73,3,"ذ ك ر"
25,73,4,"ا ي ي"
25,73,5,"ر ب ب"
25,73,7,"خ ر ر"
25,73,9,"ص م م"
25,73,10,"ع م ي"
25,74,1,"ٱلَّذِى"
25,74,2,"ق و ل"
25,74,3,"ر ب ب"
25,74,4,"و ه ب"
25,74,7,"ز و ج"
25,74,8,"ذ ر ر"
25,74,9,"ق ر ر"
25,74,10,"ع ي ن"
25,74,11,"ج ع ل"
25,74,12,"و ق ي"
25,74,13,"ا م م"
25,75,2,"ج ز ي"
25,75,3,"غ ر ف"
25,75,5,"ص ب ر"
25,75,6,"ل ق ي"
25,75,8,"ح ي ي"
25,75,9,"س ل م"
25,76,1,"خ ل د"
25,76,3,"ح س ن"
25,76,4,"ق ر ر"
25,76,5,"ق و م"
25,77,1,"ق و ل"
25,77,3,"ع ب ا"
25,77,5,"ر ب ب"
25,77,7,"د ع و"
25,77,9,"ك ذ ب"
25,77,11,"ك و ن"
25,77,12,"ل ز م"
26,2,2,"ا ي ي"
26,2,3,"ك ت ب"
26,2,4,"ب ي ن"
26,3,2,"ب خ ع"
26,3,3,"ن ف س"
26,3,5,"ك و ن"
26,3,6,"ا م ن"
26,4,2,"ش ي ا"
26,4,3,"ن ز ل"
26,4,6,"س م و"
26,4,7,"ا ي ي"
26,4,8,"ظ ل ل"
26,4,9,"ع ن ق"
26,4,11,"خ ض ع"
26,5,2,"ا ت ي"
26,5,4,"ذ ك ر"
26,5,6,"ر ح م"
26,5,7,"ح د ث"
26,5,8,"إِلَّا"
26,5,9,"ك و ن"
26,5,11,"ع ر ض"
26,6,2,"ك ذ ب"
26,6,3,"ا ت ي"
26,6,4,"ن ب ا"
26,6,6,"ك و ن"
26,6,8,"ه ز ا"
26,7,2,"ر ا ي"
26,7,3,"إِلَىٰ"
26,7,4,"ا ر ض"
26,7,6,"ن ب ت"
26,7,9,"ك ل ل"
26,7,10,"ز و ج"
26,7,11,"ك ر م"
26,8,4,"ا ي ي"
26,8,6,"ك و ن"
26,8,7,"ك ث ر"
26,8,8,"ا م ن"
26,9,2,"ر ب ب"
26,9,4,"ع ز ز"
26,9,5,"ر ح م"
26,10,1,"إِذ"
26,10,2,"ن د و"
26,10,3,"ر ب ب"
26,10,6,"ا ت ي"
26,10,7,"ق و م"
26,10,8,"ظ ل م"
26,11,1,"ق و م"
26,11,4,"و ق ي"
26,12,1,"ق و ل"
26,12,2,"ر ب ب"
26,12,4,"خ و ف"
26,12,6,"ك ذ ب"
26,13,1,"ض ي ق"
26,13,2,"ص د ر"
26,13,4,"ط ل ق"
26,13,5,"ل س ن"
26,13,6,"ر س ل"
26,13,7,"إِلَىٰ"
26,14,3,"ذ ن ب"
26,14,4,"خ و ف"
26,14,6,"ق ت ل"
26,15,1,"ق و ل"
26,15,3,"ذ ه ب"
26,15,4,"ا ي ي"
26,15,7,"س م ع"
26,16,1,"ا ت ي"
26,16,3,"ق و ل"
26,16,5,"ر س ل"
26,16,6,"ر ب ب"
26,16,7,"ع ل م"
26,17,2,"ر س ل"
26,17,4,"ب ن ي"
26,17,5,"إِسْرَائِيل"
26,18,1,"ق و ل"
26,18,3,"ر ب و"
26,18,5,"و ل د"
26,18,6,"ل ب ث"
26,18,9,"ع م ر"
26,18,10,"س ن و"
26,19,1,"ف ع ل"
26,19,2,"ف ع ل"
26,19,3,"ٱلَّذِى"
26,19,4,"ف ع ل"
26,19,7,"ك ف ر"
26,20,1,"ق و ل"
26,20,2,"ف ع ل"
26,20,3,"إِذًا"
26,20,6,"ض ل ل"
26,21,1,"ف ر ر"
26,21,4,"خ و ف"
26,21,5,"و ه ب"
26,21,7,"ر ب ب"
26,21,8,"ح ك م"
26,21,9,"ج ع ل"
26,21,11,"ر س ل"
26,22,2,"ن ع م"
26,22,3,"م ن ن"
26,22,6,"ع ب د"
26,22,7,"ب ن ي"
26,22,8,"إِسْرَائِيل"
26,23,1,"ق و ل"
26,23,4,"ر ب ب"
26,23,5,"ع ل م"
26,24,1,"ق و ل"
26,24,2,"ر ب ب"
26,24,3,"س م و"
26,24,4,"ا ر ض"
26,24,6,"ب ي ن"
26,24,8,"ك و ن"
26,24,9,"ي ق ن"
26,25,1,"ق و ل"
26,25,3,"ح و ل"
26,25,5,"س م ع"
26,26,1,"ق و ل"
26,26,2,"ر ب ب"
26,26,3,"ر ب ب"
26,26,4,"ا ب و"
26,26,5,"ا و ل"
26,27,1,"ق و ل"
26,27,3,"ر س ل"
26,27,4,"ٱلَّذِى"
26,27,5,"ر س ل"
26,27,6,"إِلَىٰ"
26,27,7,"ج ن ن"
26,28,1,"ق و ل"
26,28,2,"ر ب ب"
26,28,3,"ش ر ق"
26,28,4,"غ ر ب"
26,28,6,"ب ي ن"
26,28,8,"ك و ن"
26,28,9,"ع ق ل"
26,29,1,"ق و ل"
26,29,3,"ا خ ذ"
26,29,4,"ا ل ه"
26,29,5,"غ ي ر"
26,29,6,"ج ع ل"
26,29,8,"س ج ن"
26,30,1,"ق و ل"
26,30,3,"ج ي ا"
26,30,4,"ش ي ا"
26,30,5,"ب ي ن"
26,31,1,"ق و ل"
26,31,2,"ا ت ي"
26,31,5,"ك و ن"
26,31,7,"ص د ق"
26,32,1,"ل ق ي"
26,32,2,"ع ص و"
26,32,3,"إِذَا"
26,32,5,"ث ع ب"
26,32,6,"ب ي ن"
26,33,1,"ن ز ع"
26,33,2,"ي د ي"
26,33,3,"إِذَا"
26,33,5,"ب ي ض"
26,33,6,"ن ظ ر"
26,34,1,"ق و ل"
26,34,2,"م ل ا"
26,34,3,"ح و ل"
26,34,6,"س ح ر"
26,34,7,"ع ل م"
26,35,1,"ر و د"
26,35,3,"خ ر ج"
26,35,5,"ا ر ض"
26,35,6,"س ح ر"
26,35,8,"ا م ر"
26,36,1,"ق و ل"
26,36,2,"ر ج و"
26,36,3,"ا خ و"
26,36,4,"ب ع ث"
26,36,6,"م د ن"
26,36,7,"ح ش ر"
26,37,1,"ا ت ي"
26,37,2,"ك ل ل"
26,37,3,"س ح ر"
26,37,4,"ع ل م"
26,38,1,"ج م ع"
26,38,2,"س ح ر"
26,38,3,"و ق ت"
26,38,4,"ي و م"
26,38,5,"ع ل م"
26,39,1,"ق و ل"
26,39,2,"ن و س"
26,39,5,"ج م ع"
26,40,2,"ت ب ع"
26,40,3,"س ح ر"
26,40,5,"ك و ن"
26,40,7,"غ ل ب"
26,41,2,"ج ي ا"
26,41,3,"س ح ر"
26,41,4,"ق و ل"
26,41,8,"ا ج ر"
26,41,10,"ك و ن"
26,41,12,"غ ل ب"
26,42,1,"ق و ل"
26,42,4,"إِذًا"
26,42,6,"ق ر ب"
26,43,1,"ق و ل"
26,43,4,"ل ق ي"
26,43,7,"ل ق ي"
26,44,1,"ل ق ي"
26,44,2,"ح ب ل"
26,44,3,"ع ص و"
26,44,4,"ق و ل"
26,44,5,"ع ز ز"
26,44,9,"غ ل ب"
26,45,1,"ل ق ي"
26,45,3,"ع ص و"
26,45,4,"إِذَا"
26,45,6,"ل ق ف"
26,45,8,"ا ف ك"
26,46,1,"ل ق ي"
26,46,2,"س ح ر"
26,46,3,"س ج د"
26,47,1,"ق و ل"
26,47,2,"ا م ن"
26,47,3,"ر ب ب"
26,47,4,"ع ل م"
26,48,1,"ر ب ب"
26,49,1,"ق و ل"
26,49,2,"ا م ن"
26,49,4,"ق ب ل"
26,49,6,"ا ذ ن"
26,49,9,"ك ب ر"
26,49,10,"ٱلَّذِى"
26,49,11,"ع ل م"
26,49,12,"س ح ر"
26,49,14,"ع ل م"
26,49,15,"ق ط ع"
26,49,16,"ي د ي"
26,49,17,"ر ج ل"
26,49,19,"خ ل ف"
26,49,20,"ص ل ب"
26,49,21,"ج م ع"
26,50,1,"ق و ل"
26,50,3,"ض ي ر"
26,50,5,"إِلَىٰ"
26,50,6,"ر ب ب"
26,50,7,"ق ل ب"
26,51,2,"ط م ع"
26,51,4,"غ ف ر"
26,51,6,"ر ب ب"
26,51,7,"خ ط ا"
26,51,9,"ك و ن"
26,51,10,"ا و ل"
26,51,11,"ا م ن"
26,52,1,"و ح ي"
26,52,2,"إِلَىٰ"
26,52,5,"س ر ي"
26,52,6,"ع ب د"
26,52,8,"ت ب ع"
26,53,1,"ر س ل"
26,53,4,"م د ن"
26,53,5,"ح ش ر"
26,54,3,"ش ر ذ م"
26,54,4,"ق ل ل"
26,55,3,"غ ي ظ"
26,56,2,"ج م ع"
26,56,3,"ح ذ ر"
26,57,1,"خ ر ج"
26,57,3,"ج ن ن"
26,57,4,"ع ي ن"
26,58,1,"ك ن ز"
26,58,2,"ق و م"
26,58,3,"ك ر م"
26,59,2,"و ر ث"
26,59,3,"ب ن ي"
26,59,4,"إِسْرَائِيل"
26,60,1,"ت ب ع"
26,60,2,"ش ر ق"
26,61,2,"ر ا ي"
26,61,3,"ج م ع"
26,61,4,"ق و ل"
26,61,5,"ص ح ب"
26,61,8,"د ر ك"
26,62,1,"ق و ل"
26,62,5,"ر ب ب"
26,62,6,"ه د ي"
26,63,1,"و ح ي"
26,63,2,"إِلَىٰ"
26,63,5,"ض ر ب"
26,63,6,"ع ص و"
26,63,7,"ب ح ر"
26,63,8,"ف ل ق"
26,63,9,"ك و ن"
26,63,10,"ك ل ل"
26,63,11,"ف ر ق"
26,63,12,"ط و د"
26,63,13,"ع ظ م"
26,64,1,"ز ل ف"
26,64,3,"ا خ ر"
26,65,1,"ن ج و"
26,65,5,"ج م ع"
26,66,2,"غ ر ق"
26,66,3,"ا خ ر"
26,67,4,"ا ي ي"
26,67,6,"ك و ن"
26,67,7,"ك ث ر"
26,67,8,"ا م ن"
26,68,2,"ر ب ب"
26,68,4,"ع ز ز"
26,68,5,"ر ح م"
26,69,1,"ت ل و"
26,69,3,"ن ب ا"
26,69,4,"إِبْرَاهِيم"
26,70,1,"إِذ"
26,70,2,"ق و ل"
26,70,3,"ا ب و"
26,70,4,"ق و م"
26,70,6,"ع ب د"
26,71,1,"ق و ل"
26,71,2,"ع ب د"
26,71,3,"ص ن م"
26,71,4,"ظ ل ل"
26,71,6,"ع ك ف"
26,72,1,"ق و ل"
26,72,3,"س م ع"
26,72,4,"إِذ"
26,72,5,"د ع و"
26,73,2,"ن ف ع"
26,73,4,"ض ر ر"
26,74,1,"ق و ل"
26,74,3,"و ج د"
26,74,4,"ا ب و"
26,74,6,"ف ع ل"
26,75,1,"ق و ل"
26,75,2,"ر ا ي"
26,75,4,"ك و ن"
26,75,5,"ع ب د"
26,76,2,"ا ب و"
26,76,3,"ق د م"
26,77,2,"ع د و"
26,77,4,"إِلَّا"
26,77,5,"ر ب ب"
26,77,6,"ع ل م"
26,78,1,"ٱلَّذِى"
26,78,2,"خ ل ق"
26,78,4,"ه د ي"
26,79,1,"ٱلَّذِى"
26,79,3,"ط ع م"
26,79,4,"س ق ي"
26,80,1,"إِذَا"
26,80,2,"م ر ض"
26,80,4,"ش ف ي"
26,81,1,"ٱلَّذِى"
26,81,2,"م و ت"
26,81,4,"ح ي ي"
26,82,1,"ٱلَّذِى"
26,82,2,"ط م ع"
26,82,4,"غ ف ر"
26,82,6,"خ ط ا"
26,82,7,"ي و م"
26,82,8,"د ي ن"
26,83,1,"ر ب ب"
26,83,2,"و ه ب"
26,83,4,"ح ك م"
26,83,5,"ل ح ق"
26,83,6,"ص ل ح"
26,84,1,"ج ع ل"
26,84,3,"ل س ن"
26,84,4,"ص د ق"
26,84,6,"ا خ ر"
26,85,1,"ج ع ل"
26,85,3,"و ر ث"
26,85,4,"ج ن ن"
26,85,5,"ن ع م"
26,86,1,"غ ف ر"
26,86,2,"ا ب و"
26,86,4,"ك و ن"
26,86,6,"ض ل ل"
26,87,2,"خ ز ي"
26,87,3,"ي و م"
26,87,4,"ب ع ث"
26,88,1,"ي و م"
26,88,3,"ن ف ع"
26,88,4,"م و ل"
26,88,6,"ب ن ي"
26,89,1,"إِلَّا"
26,89,3,"ا ت ي"
26,89,4,"ا ل ه"
26,89,5,"ق ل ب"
26,89,6,"س ل م"
26,90,1,"ز ل ف"
26,90,2,"ج ن ن"
26,90,3,"و ق ي"
26,91,1,"ب ر ز"
26,91,2,"ج ح م"
26,91,3,"غ و ي"
26,92,1,"ق و ل"
26,92,5,"ك و ن"
26,92,6,"ع ب د"
26,93,2,"د و ن"
26,93,3,"ا ل ه"
26,93,5,"ن ص ر"
26,93,7,"ن ص ر"
26,94,1,"ك ب ك ب"
26,94,4,"غ و ي"
26,95,1,"ج ن د"
26,95,2,"إِبْلِيس"
26,95,3,"ج م ع"
26,96,1,"ق و ل"
26,96,4,"خ ص م"
26,97,1,"ا ل ه"
26,97,3,"ك و ن"
26,97,5,"ض ل ل"
26,97,6,"ب ي ن"
26,98,1,"إِذ"
26,98,2,"س و ي"
26,98,3,"ر ب ب"
26,98,4,"ع ل م"
26,99,2,"ض ل ل"
26,99,3,"إِلَّا"
26,99,4,"ج ر م"
26,100,4,"ش ف ع"
26,101,2,"ص د ق"
26,101,3,"ح م م"
26,102,4,"ك ر ر"
26,102,5,"ك و ن"
26,102,7,"ا م ن"
26,103,4,"ا ي ي"
26,103,6,"ك و ن"
26,103,7,"ك ث ر"
26,103,8,"ا م ن"
26,104,2,"ر ب ب"
26,104,4,"ع ز ز"
26,104,5,"ر ح م"
26,105,1,"ك ذ ب"
26,105,2,"ق و م"
26,105,4,"ر س ل"
26,106,1,"إِذ"
26,106,2,"ق و ل"
26,106,4,"ا خ و"
26,106,7,"و ق ي"
26,107,3,"ر س ل"
26,107,4,"ا م ن"
26,108,1,"و ق ي"
26,108,2,"ا ل ه"
26,108,3,"ط و ع"
26,109,2,"س ا ل"
26,109,5,"ا ج ر"
26,109,7,"ا ج ر"
26,109,8,"إِلَّا"
26,109,10,"ر ب ب"
26,109,11,"ع ل م"
26,110,1,"و ق ي"
26,110,2,"ا ل ه"
26,110,3,"ط و ع"
26,111,1,"ق و ل"
26,111,2,"ا م ن"
26,111,4,"ت ب ع"
26,111,5,"ر ذ ل"
26,112,1,"ق و ل"
26,112,3,"ع ل م"
26,112,5,"ك و ن"
26,112,6,"ع م ل"
26,113,2,"ح س ب"
26,113,3,"إِلَّا"
26,113,5,"ر ب ب"
26,113,7,"ش ع ر"
26,114,3,"ط ر د"
26,114,4,"ا م ن"
26,115,3,"إِلَّا"
26,115,4,"ن ذ ر"
26,115,5,"ب ي ن"
26,116,1,"ق و ل"
26,116,4,"ن ه ي"
26,116,6,"ك و ن"
26,116,8,"ر ج م"
26,117,1,"ق و ل"
26,117,2,"ر ب ب"
26,117,4,"ق و م"
26,117,5,"ك ذ ب"
26,118,1,"ف ت ح"
26,118,2,"ب ي ن"
26,118,3,"ب ي ن"
26,118,4,"ف ت ح"
26,118,5,"ن ج و"
26,118,9,"ا م ن"
26,119,1,"ن ج و"
26,119,5,"ف ل ك"
26,119,6,"ش ح ن"
26,120,2,"غ ر ق"
26,120,3,"ب ع د"
26,120,4,"ب ق ي"
26,121,4,"ا ي ي"
26,121,6,"ك و ن"
26,121,7,"ك ث ر"
26,121,8,"ا م ن"
26,122,2,"ر ب ب"
26,122,4,"ع ز ز"
26,122,5,"ر ح م"
26,123,1,"ك ذ ب"
26,123,2,"ع و د"
26,123,3,"ر س ل"
26,124,1,"إِذ"
26,124,2,"ق و ل"
26,124,4,"ا خ و"
26,124,5,"ه و د"
26,124,7,"و ق ي"
26,125,3,"ر س ل"
26,125,4,"ا م ن"
26,126,1,"و ق ي"
26,126,2,"ا ل ه"
26,126,3,"ط و ع"
26,127,2,"س ا ل"
26,127,5,"ا ج ر"
26,127,7,"ا ج ر"
26,127,8,"إِلَّا"
26,127,10,"ر ب ب"
26,127,11,"ع ل م"
26,128,1,"ب ن ي"
26,128,2,"ك ل ل"
26,128,3,"ر ي ع"
26,128,4,"ا ي ي"
26,128,5,"ع ب ث"
26,129,1,"ا خ ذ"
26,129,2,"ص ن ع"
26,129,4,"خ ل د"
26,130,1,"إِذَا"
26,130,2,"ب ط ش"
26,130,3,"ب ط ش"
26,130,4,"ج ب ر"
26,131,1,"و ق ي"
26,131,2,"ا ل ه"
26,131,3,"ط و ع"
26,132,1,"و ق ي"
26,132,2,"ٱلَّذِى"
26,132,3,"م د د"
26,132,5,"ع ل م"
26,133,1,"م د د"
26,133,2,"ن ع م"
26,133,3,"ب ن ي"
26,134,1,"ج ن ن"
26,134,2,"ع ي ن"
26,135,2,"خ و ف"
26,135,4,"ع ذ ب"
26,135,5,"ي و م"
26,135,6,"ع ظ م"
26,136,1,"ق و ل"
26,136,2,"س و ي"
26,136,4,"و ع ظ"
26,136,5,"أَم"
26,136,7,"ك و ن"
26,136,9,"و ع ظ"
26,137,3,"إِلَّا"
26,137,4,"خ ل ق"
26,137,5,"ا و ل"
26,138,3,"ع ذ ب"
26,139,1,"ك ذ ب"
26,139,2,"ه ل ك"
26,139,6,"ا ي ي"
26,139,8,"ك و ن"
26,139,9,"ك ث ر"
26,139,10,"ا م ن"
26,140,2,"ر ب ب"
26,140,4,"ع ز ز"
26,140,5,"ر ح م"
26,141,1,"ك ذ ب"
26,141,3,"ر س ل"
26,142,1,"إِذ"
26,142,2,"ق و ل"
26,142,4,"ا خ و"
26,142,5,"ص ل ح"
26,142,7,"و ق ي"
26,143,3,"ر س ل"
26,143,4,"ا م ن"
26,144,1,"و ق ي"
26,144,2,"ا ل ه"
26,144,3,"ط و ع"
26,145,2,"س ا ل"
26,145,5,"ا ج ر"
26,145,7,"ا ج ر"
26,145,8,"إِلَّا"
26,145,10,"ر ب ب"
26,145,11,"ع ل م"
26,146,1,"ت ر ك"
26,146,5,"ا م ن"
26,147,2,"ج ن ن"
26,147,3,"ع ي ن"
26,148,1,"ز ر ع"
26,148,2,"ن خ ل"
26,148,3,"ط ل ع"
26,148,4,"ه ض م"
26,149,1,"ن ح ت"
26,149,3,"ج ب ل"
26,149,4,"ب ي ت"
26,149,5,"ف ر ه"
26,150,1,"و ق ي"
26,150,2,"ا ل ه"
26,150,3,"ط و ع"
26,151,2,"ط و ع"
26,151,3,"ا م ر"
26,151,4,"س ر ف"
26,152,1,"ٱلَّذِى"
26,152,2,"ف س د"
26,152,4,"ا ر ض"
26,152,6,"ص ل ح"
26,153,1,"ق و ل"
26,153,5,"س ح ر"
26,154,3,"إِلَّا"
26,154,4,"ب ش ر"
26,154,5,"م ث ل"
26,154,6,"ا ت ي"
26,154,7,"ا ي ي"
26,154,9,"ك و ن"
26,154,11,"ص د ق"
26,155,1,"ق و ل"
26,155,3,"ن و ق"
26,155,5,"ش ر ب"
26,155,7,"ش ر ب"
26,155,8,"ي و م"
26,155,9,"ع ل م"
26,156,2,"م س س"
26,156,3,"س و ا"
26,156,4,"ا خ ذ"
26,156,5,"ع ذ ب"
26,156,6,"ي و م"
26,156,7,"ع ظ م"
26,157,1,"ع ق ر"
26,157,2,"ص ب ح"
26,157,3,"ن د م"
26,158,1,"ا خ ذ"
26,158,2,"ع ذ ب"
26,158,6,"ا ي ي"
26,158,8,"ك و ن"
26,158,9,"ك ث ر"
26,158,10,"ا م ن"
26,159,2,"ر ب ب"
26,159,4,"ع ز ز"
26,159,5,"ر ح م"
26,160,1,"ك ذ ب"
26,160,2,"ق و م"
26,160,4,"ر س ل"
26,161,1,"إِذ"
26,161,2,"ق و ل"
26,161,4,"ا خ و"
26,161,7,"و ق ي"
26,162,3,"ر س ل"
26,162,4,"ا م ن"
26,163,1,"و ق ي"
26,163,2,"ا ل ه"
26,163,3,"ط و ع"
26,164,2,"س ا ل"
26,164,5,"ا ج ر"
26,164,7,"ا ج ر"
26,164,8,"إِلَّا"
26,164,10,"ر ب ب"
26,164,11,"ع ل م"
26,165,1,"ا ت ي"
26,165,2,"ذ ك ر"
26,165,4,"ع ل م"
26,166,1,"و ذ ر"
26,166,3,"خ ل ق"
26,166,5,"ر ب ب"
26,166,7,"ز و ج"
26,166,10,"ق و م"
26,166,11,"ع د و"
26,167,1,"ق و ل"
26,167,4,"ن ه ي"
26,167,6,"ك و ن"
26,167,8,"خ ر ج"
26,168,1,"ق و ل"
26,168,3,"ع م ل"
26,168,5,"ق ل ي"
26,169,1,"ر ب ب"
26,169,2,"ن ج و"
26,169,3,"ا ه ل"
26,169,5,"ع م ل"
26,170,1,"ن ج و"
26,170,2,"ا ه ل"
26,170,3,"ج م ع"
26,171,1,"إِلَّا"
26,171,2,"ع ج ز"
26,171,4,"غ ب ر"
26,172,2,"د م ر"
26,172,3,"ا خ ر"
26,173,1,"م ط ر"
26,173,3,"م ط ر"
26,173,4,"س و ا"
26,173,5,"م ط ر"
26,173,6,"ن ذ ر"
26,174,4,"ا ي ي"
26,174,6,"ك و ن"
26,174,7,"ك ث ر"
26,174,8,"ا م ن"
26,175,2,"ر ب ب"
26,175,4,"ع ز ز"
26,175,5,"ر ح م"
26,176,1,"ك ذ ب"
26,176,2,"ص ح ب"
26,176,4,"ر س ل"
26,177,1,"إِذ"
26,177,2,"ق و ل"
26,177,6,"و ق ي"
26,178,3,"ر س ل"
26,178,4,"ا م ن"
26,179,1,"و ق ي"
26,179,2,"ا ل ه"
26,179,3,"ط و ع"
26,180,2,"س ا ل"
26,180,5,"ا ج ر"
26,180,7,"ا ج ر"
26,180,8,"إِلَّا"
26,180,10,"ر ب ب"
26,180,11,"ع ل م"
26,181,1,"و ف ي"
26,181,2,"ك ي ل"
26,181,4,"ك و ن"
26,181,6,"خ س ر"
26,182,1,"و ز ن"
26,182,2,"ق س ط س"
26,182,3,"ق و م"
26,183,2,"ب خ س"
26,183,3,"ن و س"
26,183,4,"ش ي ا"
26,183,6,"ع ث و"
26,183,8,"ا ر ض"
26,183,9,"ف س د"
26,184,1,"و ق ي"
26,184,2,"ٱلَّذِى"
26,184,3,"خ ل ق"
26,184,4,"ج ب ل"
26,184,5,"ا و ل"
26,185,1,"ق و ل"
26,185,5,"س ح ر"
26,186,3,"إِلَّا"
26,186,4,"ب ش ر"
26,186,5,"م ث ل"
26,186,7,"ظ ن ن"
26,186,9,"ك ذ ب"
26,187,1,"س ق ط"
26,187,3,"ك س ف"
26,187,5,"س م و"
26,187,7,"ك و ن"
26,187,9,"ص د ق"
26,188,1,"ق و ل"
26,188,2,"ر ب ب"
26,188,3,"ع ل م"
26,188,5,"ع م ل"
26,189,1,"ك ذ ب"
26,189,2,"ا خ ذ"
26,189,3,"ع ذ ب"
26,189,4,"ي و م"
26,189,5,"ظ ل ل"
26,189,7,"ك و ن"
26,189,8,"ع ذ ب"
26,189,9,"ي و م"
26,189,10,"ع ظ م"
26,190,4,"ا ي ي"
26,190,6,"ك و ن"
26,190,7,"ك ث ر"
26,190,8,"ا م ن"
26,191,2,"ر ب ب"
26,191,4,"ع ز ز"
26,191,5,"ر ح م"
26,192,2,"ن ز ل"
26,192,3,"ر ب ب"
26,192,4,"ع ل م"
26,193,1,"ن ز ل"
26,193,3,"ر و ح"
26,193,4,"ا م ن"
26,194,2,"ق ل ب"
26,194,3,"ك و ن"
26,194,5,"ن ذ ر"
26,195,1,"ل س ن"
26,195,2,"ع ر ب"
26,195,3,"ب ي ن"
26,196,3,"ز ب ر"
26,196,4,"ا و ل"
26,197,2,"ك و ن"
26,197,4,"ا ي ي"
26,197,6,"ع ل م"
26,197,7,"ع ل م"
26,197,8,"ب ن ي"
26,197,9,"إِسْرَائِيل"
26,198,2,"ن ز ل"
26,198,4,"ب ع ض"
26,198,5,"ع ج م"
26,199,1,"ق ر ا"
26,199,4,"ك و ن"
26,199,6,"ا م ن"
26,200,2,"س ل ك"
26,200,4,"ق ل ب"
26,200,5,"ج ر م"
26,201,2,"ا م ن"
26,201,5,"ر ا ي"
26,201,6,"ع ذ ب"
26,201,7,"ا ل م"
26,202,1,"ا ت ي"
26,202,2,"ب غ ت"
26,202,5,"ش ع ر"
26,203,1,"ق و ل"
26,203,4,"ن ظ ر"
26,204,1,"ع ذ ب"
26,204,2,"ع ج ل"
26,205,1,"ر ا ي"
26,205,3,"م ت ع"
26,205,4,"س ن و"
26,206,2,"ج ي ا"
26,206,4,"ك و ن"
26,206,5,"و ع د"
26,207,2,"غ ن ي"
26,207,5,"ك و ن"
26,207,6,"م ت ع"
26,208,2,"ه ل ك"
26,208,4,"ق ر ي"
26,208,5,"إِلَّا"
26,208,7,"ن ذ ر"
26,209,1,"ذ ك ر"
26,209,3,"ك و ن"
26,209,4,"ظ ل م"
26,210,2,"ن ز ل"
26,210,4,"ش ط ن"
26,211,2,"ب غ ي"
26,211,5,"ط و ع"
26,212,3,"س م ع"
26,212,4,"ع ز ل"
26,213,2,"د ع و"
26,213,4,"ا ل ه"
26,213,5,"ا ل ه"
26,213,6,"ا خ ر"
26,213,7,"ك و ن"
26,213,9,"ع ذ ب"
26,214,1,"ن ذ ر"
26,214,2,"ع ش ر"
26,214,3,"ق ر ب"
26,215,1,"خ ف ض"
26,215,2,"ج ن ح"
26,215,4,"ت ب ع"
26,215,6,"ا م ن"
26,216,2,"ع ص ي"
26,216,3,"ق و ل"
26,216,5,"ب ر ا"
26,216,7,"ع م ل"
26,217,1,"و ك ل"
26,217,3,"ع ز ز"
26,217,4,"ر ح م"
26,218,1,"ٱلَّذِى"
26,218,2,"ر ا ي"
26,218,3,"ح ي ن"
26,218,4,"ق و م"
26,219,1,"ق ل ب"
26,219,3,"س ج د"
26,220,3,"س م ع"
26,220,4,"ع ل م"
26,221,2,"ن ب ا"
26,221,5,"ن ز ل"
26,221,6,"ش ط ن"
26,222,1,"ن ز ل"
26,222,3,"ك ل ل"
26,222,4,"ا ف ك"
26,222,5,"ا ث م"
26,223,1,"ل ق ي"
26,223,2,"س م ع"
26,223,3,"ك ث ر"
26,223,4,"ك ذ ب"
26,224,1,"ش ع ر"
26,224,2,"ت ب ع"
26,224,3,"غ و ي"
26,225,2,"ر ا ي"
26,225,5,"ك ل ل"
26,225,6,"و د ي"
26,225,7,"ه ي م"
26,226,2,"ق و ل"
26,226,5,"ف ع ل"
26,227,1,"إِلَّا"
26,227,2,"ٱلَّذِى"
26,227,3,"ا م ن"
26,227,4,"ع م ل"
26,227,5,"ص ل ح"
26,227,6,"ذ ك ر"
26,227,7,"ا ل ه"
26,227,8,"ك ث ر"
26,227,9,"ن ص ر"
26,227,11,"ب ع د"
26,227,13,"ظ ل م"
26,227,14,"ع ل م"
26,227,15,"ٱلَّذِى"
26,227,16,"ظ ل م"
26,227,18,"ق ل ب"
26,227,19,"ق ل ب"
27,1,3,"ا ي ي"
27,1,4,"ق ر ا"
27,1,5,"ك ت ب"
27,1,6,"ب ي ن"
27,2,1,"ه د ي"
27,2,2,"ب ش ر"
27,2,3,"ا م ن"
27,3,1,"ٱلَّذِى"
27,3,2,"ق و م"
27,3,3,"ص ل و"
27,3,4,"ا ت ي"
27,3,5,"ز ك و"
27,3,7,"ا خ ر"
27,3,9,"ي ق ن"
27,4,2,"ٱلَّذِى"
27,4,4,"ا م ن"
27,4,5,"ا خ ر"
27,4,6,"ز ي ن"
27,4,8,"ع م ل"
27,4,10,"ع م ه"
27,5,2,"ٱلَّذِى"
27,5,4,"س و ا"
27,5,5,"ع ذ ب"
27,5,8,"ا خ ر"
27,5,10,"خ س ر"
27,6,2,"ل ق ي"
27,6,3,"ق ر ا"
27,6,5,"ل د ن"
27,6,6,"ح ك م"
27,6,7,"ع ل م"
27,7,1,"إِذ"
27,7,2,"ق و ل"
27,7,4,"ا ه ل"
27,7,6,"ا ن س"
27,7,7,"ن و ر"
27,7,8,"ا ت ي"
27,7,10,"خ ب ر"
27,7,12,"ا ت ي"
27,7,13,"ش ه ب"
27,7,14,"ق ب س"
27,7,16,"ص ل ي"
27,8,2,"ج ي ا"
27,8,3,"ن د و"
27,8,5,"ب ر ك"
27,8,8,"ن و ر"
27,8,10,"ح و ل"
27,8,11,"س ب ح"
27,8,12,"ا ل ه"
27,8,13,"ر ب ب"
27,8,14,"ع ل م"
27,9,4,"ا ل ه"
27,9,5,"ع ز ز"
27,9,6,"ح ك م"
27,10,1,"ل ق ي"
27,10,2,"ع ص و"
27,10,4,"ر ا ي"
27,10,5,"ه ز ز"
27,10,7,"ج ن ن"
27,10,8,"و ل ي"
27,10,9,"د ب ر"
27,10,11,"ع ق ب"
27,10,14,"خ و ف"
27,10,17,"خ و ف"
27,10,19,"ر س ل"
27,11,1,"إِلَّا"
27,11,3,"ظ ل م"
27,11,5,"ب د ل"
27,11,6,"ح س ن"
27,11,7,"ب ع د"
27,11,8,"س و ا"
27,11,10,"غ ف ر"
27,11,11,"ر ح م"
27,12,1,"د خ ل"
27,12,2,"ي د ي"
27,12,4,"ج ي ب"
27,12,5,"خ ر ج"
27,12,6,"ب ي ض"
27,12,8,"غ ي ر"
27,12,9,"س و ا"
27,12,11,"ت س ع"
27,12,12,"ا ي ي"
27,12,13,"إِلَىٰ"
27,12,15,"ق و م"
27,12,17,"ك و ن"
27,12,18,"ق و م"
27,12,19,"ف س ق"
27,13,2,"ج ي ا"
27,13,3,"ا ي ي"
27,13,4,"ب ص ر"
27,13,5,"ق و ل"
27,13,7,"س ح ر"
27,13,8,"ب ي ن"
27,14,1,"ج ح د"
27,14,3,"ي ق ن"
27,14,4,"ن ف س"
27,14,5,"ظ ل م"
27,14,6,"ع ل و"
27,14,7,"ن ظ ر"
27,14,8,"ك ي ف"
27,14,9,"ك و ن"
27,14,10,"ع ق ب"
27,14,11,"ف س د"
27,15,2,"ا ت ي"
27,15,5,"ع ل م"
27,15,6,"ق و ل"
27,15,7,"ح م د"
27,15,8,"ا ل ه"
27,15,9,"ٱلَّذِى"
27,15,10,"ف ض ل"
27,15,12,"ك ث ر"
27,15,14,"ع ب د"
27,15,15,"ا م ن"
27,16,1,"و ر ث"
27,16,4,"ق و ل"
27,16,6,"ن و س"
27,16,7,"ع ل م"
27,16,8,"ن ط ق"
27,16,9,"ط ي ر"
27,16,10,"ا ت ي"
27,16,12,"ك ل ل"
27,16,13,"ش ي ا"
27,16,17,"ف ض ل"
27,16,18,"ب ي ن"
27,17,1,"ح ش ر"
27,17,3,"ج ن د"
27,17,5,"ج ن ن"
27,17,6,"ا ن س"
27,17,7,"ط ي ر"
27,17,9,"و ز ع"
27,18,2,"إِذَا"
27,18,3,"ا ت ي"
27,18,5,"و د ي"
27,18,6,"ن م ل"
27,18,7,"ق و ل"
27,18,8,"ن م ل"
27,18,10,"ن م ل"
27,18,11,"د خ ل"
27,18,12,"س ك ن"
27,18,14,"ح ط م"
27,18,16,"ج ن د"
27,18,19,"ش ع ر"
27,19,1,"ب س م"
27,19,2,"ض ح ك"
27,19,4,"ق و ل"
27,19,5,"ق و ل"
27,19,6,"ر ب ب"
27,19,7,"و ز ع"
27,19,9,"ش ك ر"
27,19,10,"ن ع م"
27,19,11,"ٱلَّذِى"
27,19,12,"ن ع م"
27,19,15,"و ل د"
27,19,17,"ع م ل"
27,19,18,"ص ل ح"
27,19,19,"ر ض و"
27,19,20,"د خ ل"
27,19,21,"ر ح م"
27,19,23,"ع ب د"
27,19,24,"ص ل ح"
27,20,1,"ف ق د"
27,20,2,"ط ي ر"
27,20,3,"ق و ل"
27,20,7,"ر ا ي"
27,20,8,"ه د ه د"
27,20,9,"أَم"
27,20,10,"ك و ن"
27,20,12,"غ ي ب"
27,21,1,"ع ذ ب"
27,21,2,"ع ذ ب"
27,21,3,"ش د د"
27,21,5,"ذ ب ح"
27,21,7,"ا ت ي"
27,21,8,"س ل ط"
27,21,9,"ب ي ن"
27,22,1,"م ك ث"
27,22,2,"غ ي ر"
27,22,3,"ب ع د"
27,22,4,"ق و ل"
27,22,5,"ح و ط"
27,22,8,"ح و ط"
27,22,10,"ج ي ا"
27,22,13,"ن ب ا"
27,22,14,"ي ق ن"
27,23,2,"و ج د"
27,23,3,"م ر ا"
27,23,4,"م ل ك"
27,23,5,"ا ت ي"
27,23,7,"ك ل ل"
27,23,8,"ش ي ا"
27,23,10,"ع ر ش"
27,23,11,"ع ظ م"
27,24,1,"و ج د"
27,24,2,"ق و م"
27,24,3,"س ج د"
27,24,4,"ش م س"
27,24,6,"د و ن"
27,24,7,"ا ل ه"
27,24,8,"ز ي ن"
27,24,10,"ش ط ن"
27,24,11,"ع م ل"
27,24,12,"ص د د"
27,24,14,"س ب ل"
27,24,17,"ه د ي"
27,25,2,"س ج د"
27,25,3,"ا ل ه"
27,25,4,"ٱلَّذِى"
27,25,5,"خ ر ج"
27,25,6,"خ ب ا"
27,25,8,"س م و"
27,25,9,"ا ر ض"
27,25,10,"ع ل م"
27,25,12,"خ ف ي"
27,25,14,"ع ل ن"
27,26,1,"ا ل ه"
27,26,3,"ا ل ه"
27,26,4,"إِلَّا"
27,26,6,"ر ب ب"
27,26,7,"ع ر ش"
27,26,8,"ع ظ م"
27,27,1,"ق و ل"
27,27,2,"ن ظ ر"
27,27,3,"ص د ق"
27,27,4,"أَم"
27,27,5,"ك و ن"
27,27,7,"ك ذ ب"
27,28,1,"ذ ه ب"
27,28,2,"ك ت ب"
27,28,4,"ل ق ي"
27,28,5,"إِلَىٰ"
27,28,7,"و ل ي"
27,28,9,"ن ظ ر"
27,28,11,"ر ج ع"
27,29,1,"ق و ل"
27,29,3,"م ل ا"
27,29,5,"ل ق ي"
27,29,6,"إِلَىٰ"
27,29,7,"ك ت ب"
27,29,8,"ك ر م"
27,30,5,"س م و"
27,30,6,"ا ل ه"
27,30,7,"ر ح م"
27,30,8,"ر ح م"
27,31,2,"ع ل و"
27,31,4,"ا ت ي"
27,31,5,"س ل م"
27,32,1,"ق و ل"
27,32,3,"م ل ا"
27,32,4,"ف ت ي"
27,32,6,"ا م ر"
27,32,8,"ك و ن"
27,32,9,"ق ط ع"
27,32,10,"ا م ر"
27,32,12,"ش ه د"
27,33,1,"ق و ل"
27,33,3,"ا و ل"
27,33,4,"ق و ي"
27,33,5,"ا و ل"
27,33,6,"ب ا س"
27,33,7,"ش د د"
27,33,8,"ا م ر"
27,33,9,"إِلَىٰ"
27,33,10,"ن ظ ر"
27,33,12,"ا م ر"
27,34,1,"ق و ل"
27,34,3,"م ل ك"
27,34,4,"إِذَا"
27,34,5,"د خ ل"
27,34,6,"ق ر ي"
27,34,7,"ف س د"
27,34,8,"ج ع ل"
27,34,9,"ع ز ز"
27,34,10,"ا ه ل"
27,34,11,"ذ ل ل"
27,34,13,"ف ع ل"
27,35,2,"ر س ل"
27,35,3,"إِلَىٰ"
27,35,4,"ه د ي"
27,35,5,"ن ظ ر"
27,35,7,"ر ج ع"
27,35,8,"ر س ل"
27,36,2,"ج ي ا"
27,36,4,"ق و ل"
27,36,5,"م د د"
27,36,6,"م و ل"
27,36,8,"ا ت ي"
27,36,9,"ا ل ه"
27,36,10,"خ ي ر"
27,36,12,"ا ت ي"
27,36,15,"ه د ي"
27,36,16,"ف ر ح"
27,37,1,"ر ج ع"
27,37,2,"إِلَىٰ"
27,37,3,"ا ت ي"
27,37,4,"ج ن د"
27,37,6,"ق ب ل"
27,37,9,"خ ر ج"
27,37,11,"ذ ل ل"
27,37,13,"ص غ ر"
27,38,1,"ق و ل"
27,38,3,"م ل ا"
27,38,5,"ا ت ي"
27,38,6,"ع ر ش"
27,38,7,"ق ب ل"
27,38,9,"ا ت ي"
27,38,10,"س ل م"
27,39,1,"ق و ل"
27,39,2,"ع ف ر"
27,39,4,"ج ن ن"
27,39,6,"ا ت ي"
27,39,8,"ق ب ل"
27,39,10,"ق و م"
27,39,12,"ق و م"
27,39,15,"ق و ي"
27,39,16,"ا م ن"
27,40,1,"ق و ل"
27,40,2,"ٱلَّذِى"
27,40,3,"ع ن د"
27,40,4,"ع ل م"
27,40,6,"ك ت ب"
27,40,8,"ا ت ي"
27,40,10,"ق ب ل"
27,40,12,"ر د د"
27,40,13,"إِلَىٰ"
27,40,14,"ط ر ف"
27,40,16,"ر ا ي"
27,40,17,"ق ر ر"
27,40,18,"ع ن د"
27,40,19,"ق و ل"
27,40,22,"ف ض ل"
27,40,23,"ر ب ب"
27,40,24,"ب ل و"
27,40,25,"ش ك ر"
27,40,26,"أَم"
27,40,27,"ك ف ر"
27,40,29,"ش ك ر"
27,40,31,"ش ك ر"
27,40,32,"ن ف س"
27,40,34,"ك ف ر"
27,40,36,"ر ب ب"
27,40,37,"غ ن ي"
27,40,38,"ك ر م"
27,41,1,"ق و ل"
27,41,2,"ن ك ر"
27,41,4,"ع ر ش"
27,41,5,"ن ظ ر"
27,41,6,"ه د ي"
27,41,7,"أَم"
27,41,8,"ك و ن"
27,41,10,"ٱلَّذِى"
27,41,12,"ه د ي"
27,42,2,"ج ي ا"
27,42,3,"ق و ل"
27,42,5,"ع ر ش"
27,42,6,"ق و ل"
27,42,9,"ا ت ي"
27,42,10,"ع ل م"
27,42,12,"ق ب ل"
27,42,13,"ك و ن"
27,42,14,"س ل م"
27,43,1,"ص د د"
27,43,3,"ك و ن"
27,43,4,"ع ب د"
27,43,6,"د و ن"
27,43,7,"ا ل ه"
27,43,9,"ك و ن"
27,43,11,"ق و م"
27,43,12,"ك ف ر"
27,44,1,"ق و ل"
27,44,3,"د خ ل"
27,44,4,"ص ر ح"
27,44,6,"ر ا ي"
27,44,7,"ح س ب"
27,44,8,"ل ج ج"
27,44,9,"ك ش ف"
27,44,11,"س و ق"
27,44,12,"ق و ل"
27,44,14,"ص ر ح"
27,44,15,"م ر د"
27,44,17,"ق ر ر"
27,44,18,"ق و ل"
27,44,19,"ر ب ب"
27,44,21,"ظ ل م"
27,44,22,"ن ف س"
27,44,23,"س ل م"
27,44,26,"ا ل ه"
27,44,27,"ر ب ب"
27,44,28,"ع ل م"
27,45,2,"ر س ل"
27,45,3,"إِلَىٰ"
27,45,5,"ا خ و"
27,45,6,"ص ل ح"
27,45,8,"ع ب د"
27,45,9,"ا ل ه"
27,45,10,"إِذَا"
27,45,12,"ف ر ق"
27,45,13,"خ ص م"
27,46,1,"ق و ل"
27,46,2,"ق و م"
27,46,4,"ع ج ل"
27,46,5,"س و ا"
27,46,6,"ق ب ل"
27,46,7,"ح س ن"
27,46,9,"غ ف ر"
27,46,10,"ا ل ه"
27,46,12,"ر ح م"
27,47,1,"ق و ل"
27,47,2,"ط ي ر"
27,47,6,"ق و ل"
27,47,7,"ط ي ر"
27,47,8,"ع ن د"
27,47,9,"ا ل ه"
27,47,12,"ق و م"
27,47,13,"ف ت ن"
27,48,1,"ك و ن"
27,48,3,"م د ن"
27,48,4,"ت س ع"
27,48,5,"ر ه ط"
27,48,6,"ف س د"
27,48,8,"ا ر ض"
27,48,10,"ص ل ح"
27,49,1,"ق و ل"
27,49,2,"ق س م"
27,49,3,"ا ل ه"
27,49,4,"ب ي ت"
27,49,5,"ا ه ل"
27,49,7,"ق و ل"
27,49,8,"و ل ي"
27,49,10,"ش ه د"
27,49,11,"ه ل ك"
27,49,12,"ا ه ل"
27,49,14,"ص د ق"
27,50,1,"م ك ر"
27,50,2,"م ك ر"
27,50,3,"م ك ر"
27,50,4,"م ك ر"
27,50,7,"ش ع ر"
27,51,1,"ن ظ ر"
27,51,2,"ك ي ف"
27,51,3,"ك و ن"
27,51,4,"ع ق ب"
27,51,5,"م ك ر"
27,51,7,"د م ر"
27,51,8,"ق و م"
27,51,9,"ج م ع"
27,52,2,"ب ي ت"
27,52,3,"خ و ي"
27,52,5,"ظ ل م"
27,52,9,"ا ي ي"
27,52,10,"ق و م"
27,52,11,"ع ل م"
27,53,1,"ن ج و"
27,53,2,"ٱلَّذِى"
27,53,3,"ا م ن"
27,53,4,"ك و ن"
27,53,5,"و ق ي"
27,54,2,"إِذ"
27,54,3,"ق و ل"
27,54,4,"ق و م"
27,54,5,"ا ت ي"
27,54,6,"ف ح ش"
27,54,8,"ب ص ر"
27,55,2,"ا ت ي"
27,55,3,"ر ج ل"
27,55,4,"ش ه و"
27,55,6,"د و ن"
27,55,7,"ن س و"
27,55,10,"ق و م"
27,55,11,"ج ه ل"
27,56,2,"ك و ن"
27,56,3,"ج و ب"
27,56,4,"ق و م"
27,56,5,"إِلَّا"
27,56,7,"ق و ل"
27,56,8,"خ ر ج"
27,56,9,"ا و ل"
27,56,12,"ق ر ي"
27,56,14,"ا ن س"
27,56,15,"ط ه ر"
27,57,1,"ن ج و"
27,57,2,"ا ه ل"
27,57,3,"إِلَّا"
27,57,4,"م ر ا"
27,57,5,"ق د ر"
27,57,7,"غ ب ر"
27,58,1,"م ط ر"
27,58,3,"م ط ر"
27,58,4,"س و ا"
27,58,5,"م ط ر"
27,58,6,"ن ذ ر"
27,59,1,"ق و ل"
27,59,2,"ح م د"
27,59,3,"ا ل ه"
27,59,4,"س ل م"
27,59,6,"ع ب د"
27,59,7,"ٱلَّذِى"
27,59,8,"ص ف و"
27,59,9,"ا ل ه"
27,59,10,"خ ي ر"
27,59,11,"أَم"
27,59,12,"ش ر ك"
27,60,1,"أَم"
27,60,2,"خ ل ق"
27,60,3,"س م و"
27,60,4,"ا ر ض"
27,60,5,"ن ز ل"
27,60,8,"س م و"
27,60,9,"م و ه"
27,60,10,"ن ب ت"
27,60,12,"ح د ق"
27,60,14,"ب ه ج"
27,60,16,"ك و ن"
27,60,19,"ن ب ت"
27,60,20,"ش ج ر"
27,60,21,"ا ل ه"
27,60,23,"ا ل ه"
27,60,26,"ق و م"
27,60,27,"ع د ل"
27,61,1,"أَم"
27,61,2,"ج ع ل"
27,61,3,"ا ر ض"
27,61,4,"ق ر ر"
27,61,5,"ج ع ل"
27,61,6,"خ ل ل"
27,61,7,"ن ه ر"
27,61,8,"ج ع ل"
27,61,10,"ر س و"
27,61,11,"ج ع ل"
27,61,12,"ب ي ن"
27,61,13,"ب ح ر"
27,61,14,"ح ج ز"
27,61,15,"ا ل ه"
27,61,17,"ا ل ه"
27,61,19,"ك ث ر"
27,61,21,"ع ل م"
27,62,1,"أَم"
27,62,2,"ج و ب"
27,62,3,"ض ر ر"
27,62,4,"إِذَا"
27,62,5,"د ع و"
27,62,6,"ك ش ف"
27,62,7,"س و ا"
27,62,8,"ج ع ل"
27,62,9,"خ ل ف"
27,62,10,"ا ر ض"
27,62,11,"ا ل ه"
27,62,13,"ا ل ه"
27,62,14,"ق ل ل"
27,62,16,"ذ ك ر"
27,63,1,"أَم"
27,63,2,"ه د ي"
27,63,4,"ظ ل م"
27,63,5,"ب ر ر"
27,63,6,"ب ح ر"
27,63,8,"ر س ل"
27,63,9,"ر و ح"
27,63,10,"ب ش ر"
27,63,11,"ب ي ن"
27,63,12,"ي د ي"
27,63,13,"ر ح م"
27,63,14,"ا ل ه"
27,63,16,"ا ل ه"
27,63,17,"ع ل و"
27,63,18,"ا ل ه"
27,63,20,"ش ر ك"
27,64,1,"أَم"
27,64,2,"ب د ا"
27,64,3,"خ ل ق"
27,64,5,"ع و د"
27,64,7,"ر ز ق"
27,64,9,"س م و"
27,64,10,"ا ر ض"
27,64,11,"ا ل ه"
27,64,13,"ا ل ه"
27,64,14,"ق و ل"
27,64,15,"ه ا ت"
27,64,16,"ب ر ه ن"
27,64,18,"ك و ن"
27,64,19,"ص د ق"
27,65,1,"ق و ل"
27,65,3,"ع ل م"
27,65,6,"س م و"
27,65,7,"ا ر ض"
27,65,8,"غ ي ب"
27,65,9,"إِلَّا"
27,65,10,"ا ل ه"
27,65,12,"ش ع ر"
27,65,14,"ب ع ث"
27,66,2,"د ر ك"
27,66,3,"ع ل م"
27,66,5,"ا خ ر"
27,66,9,"ش ك ك"
27,66,14,"ع م ي"
27,67,1,"ق و ل"
27,67,2,"ٱلَّذِى"
27,67,3,"ك ف ر"
27,67,4,"إِذَا"
27,67,5,"ك و ن"
27,67,6,"ت ر ب"
27,67,7,"ا ب و"
27,67,9,"خ ر ج"
27,68,2,"و ع د"
27,68,5,"ا ب و"
27,68,7,"ق ب ل"
27,68,10,"إِلَّا"
27,68,11,"س ط ر"
27,68,12,"ا و ل"
27,69,1,"ق و ل"
27,69,2,"س ي ر"
27,69,4,"ا ر ض"
27,69,5,"ن ظ ر"
27,69,6,"ك ي ف"
27,69,7,"ك و ن"
27,69,8,"ع ق ب"
27,69,9,"ج ر م"
27,70,2,"ح ز ن"
27,70,5,"ك و ن"
27,70,7,"ض ي ق"
27,70,9,"م ك ر"
27,71,1,"ق و ل"
27,71,4,"و ع د"
27,71,6,"ك و ن"
27,71,7,"ص د ق"
27,72,1,"ق و ل"
27,72,2,"ع س ي"
27,72,4,"ك و ن"
27,72,5,"ر د ف"
27,72,7,"ب ع ض"
27,72,8,"ٱلَّذِى"
27,72,9,"ع ج ل"
27,73,2,"ر ب ب"
27,73,4,"ف ض ل"
27,73,6,"ن و س"
27,73,8,"ك ث ر"
27,73,10,"ش ك ر"
27,74,2,"ر ب ب"
27,74,3,"ع ل م"
27,74,5,"ك ن ن"
27,74,6,"ص د ر"
27,74,8,"ع ل ن"
27,75,3,"غ ي ب"
27,75,5,"س م و"
27,75,6,"ا ر ض"
27,75,7,"إِلَّا"
27,75,9,"ك ت ب"
27,75,10,"ب ي ن"
27,76,3,"ق ر ا"
27,76,4,"ق ص ص"
27,76,6,"ب ن ي"
27,76,7,"إِسْرَائِيل"
27,76,8,"ك ث ر"
27,76,9,"ٱلَّذِى"
27,76,12,"خ ل ف"
27,77,2,"ه د ي"
27,77,3,"ر ح م"
27,77,4,"ا م ن"
27,78,2,"ر ب ب"
27,78,3,"ق ض ي"
27,78,4,"ب ي ن"
27,78,5,"ح ك م"
27,78,7,"ع ز ز"
27,78,8,"ع ل م"
27,79,1,"و ك ل"
27,79,3,"ا ل ه"
27,79,6,"ح ق ق"
27,79,7,"ب ي ن"
27,80,3,"س م ع"
27,80,4,"م و ت"
27,80,6,"س م ع"
27,80,7,"ص م م"
27,80,8,"د ع و"
27,80,9,"إِذَا"
27,80,10,"و ل ي"
27,80,11,"د ب ر"
27,81,3,"ه د ي"
27,81,4,"ع م ي"
27,81,6,"ض ل ل"
27,81,8,"س م ع"
27,81,9,"إِلَّا"
27,81,11,"ا م ن"
27,81,12,"ا ي ي"
27,81,14,"س ل م"
27,82,1,"إِذَا"
27,82,2,"و ق ع"
27,82,3,"ق و ل"
27,82,5,"خ ر ج"
27,82,7,"د ب ب"
27,82,9,"ا ر ض"
27,82,10,"ك ل م"
27,82,12,"ن و س"
27,82,13,"ك و ن"
27,82,14,"ا ي ي"
27,82,16,"ي ق ن"
27,83,1,"ي و م"
27,83,2,"ح ش ر"
27,83,4,"ك ل ل"
27,83,5,"ا م م"
27,83,6,"ف و ج"
27,83,8,"ك ذ ب"
27,83,9,"ا ي ي"
27,83,11,"و ز ع"
27,84,2,"إِذَا"
27,84,3,"ج ي ا"
27,84,4,"ق و ل"
27,84,5,"ك ذ ب"
27,84,6,"ا ي ي"
27,84,8,"ح و ط"
27,84,10,"ع ل م"
27,84,11,"أَم"
27,84,12,"ك و ن"
27,84,13,"ع م ل"
27,85,1,"و ق ع"
27,85,2,"ق و ل"
27,85,5,"ظ ل م"
27,85,8,"ن ط ق"
27,86,2,"ر ا ي"
27,86,4,"ج ع ل"
27,86,5,"ل ي ل"
27,86,6,"س ك ن"
27,86,8,"ن ه ر"
27,86,9,"ب ص ر"
27,86,13,"ا ي ي"
27,86,14,"ق و م"
27,86,15,"ا م ن"
27,87,1,"ي و م"
27,87,2,"ن ف خ"
27,87,4,"ص و ر"
27,87,5,"ف ز ع"
27,87,8,"س م و"
27,87,11,"ا ر ض"
27,87,12,"إِلَّا"
27,87,14,"ش ي ا"
27,87,15,"ا ل ه"
27,87,16,"ك ل ل"
27,87,17,"ا ت ي"
27,87,18,"د خ ر"
27,88,1,"ر ا ي"
27,88,2,"ج ب ل"
27,88,3,"ح س ب"
27,88,4,"ج م د"
27,88,6,"م ر ر"
27,88,7,"م ر ر"
27,88,8,"س ح ب"
27,88,9,"ص ن ع"
27,88,10,"ا ل ه"
27,88,11,"ٱلَّذِى"
27,88,12,"ت ق ن"
27,88,13,"ك ل ل"
27,88,14,"ش ي ا"
27,88,16,"خ ب ر"
27,88,18,"ف ع ل"
27,89,2,"ج ي ا"
27,89,3,"ح س ن"
27,89,5,"خ ي ر"
27,89,9,"ف ز ع"
27,89,11,"ا م ن"
27,90,2,"ج ي ا"
27,90,3,"س و ا"
27,90,4,"ك ب ب"
27,90,5,"و ج ه"
27,90,7,"ن و ر"
27,90,9,"ج ز ي"
27,90,10,"إِلَّا"
27,90,12,"ك و ن"
27,90,13,"ع م ل"
27,91,2,"ا م ر"
27,91,4,"ع ب د"
27,91,5,"ر ب ب"
27,91,7,"ب ل د"
27,91,8,"ٱلَّذِى"
27,91,9,"ح ر م"
27,91,11,"ك ل ل"
27,91,12,"ش ي ا"
27,91,13,"ا م ر"
27,91,15,"ك و ن"
27,91,17,"س ل م"
27,92,2,"ت ل و"
27,92,3,"ق ر ا"
27,92,5,"ه د ي"
27,92,7,"ه د ي"
27,92,8,"ن ف س"
27,92,10,"ض ل ل"
27,92,11,"ق و ل"
27,92,15,"ن ذ ر"
27,93,1,"ق و ل"
27,93,2,"ح م د"
27,93,3,"ا ل ه"
27,93,4,"ر ا ي"
27,93,5,"ا ي ي"
27,93,6,"ع ر ف"
27,93,8,"ر ب ب"
27,93,9,"غ ف ل"
27,93,11,"ع م ل"
28,2,2,"ا ي ي"
28,2,3,"ك ت ب"
28,2,4,"ب ي ن"
28,3,1,"ت ل و"
28,3,4,"ن ب ا"
28,3,7,"ح ق ق"
28,3,8,"ق و م"
28,3,9,"ا م ن"
28,4,3,"ع ل و"
28,4,5,"ا ر ض"
28,4,6,"ج ع ل"
28,4,7,"ا ه ل"
28,4,8,"ش ي ع"
28,4,9,"ض ع ف"
28,4,10,"ط و ف"
28,4,12,"ذ ب ح"
28,4,13,"ب ن ي"
28,4,14,"ح ي ي"
28,4,15,"ن س و"
28,4,17,"ك و ن"
28,4,19,"ف س د"
28,5,1,"ر و د"
28,5,3,"م ن ن"
28,5,5,"ٱلَّذِى"
28,5,6,"ض ع ف"
28,5,8,"ا ر ض"
28,5,9,"ج ع ل"
28,5,10,"ا م م"
28,5,11,"ج ع ل"
28,5,12,"و ر ث"
28,6,1,"م ك ن"
28,6,4,"ا ر ض"
28,6,5,"ر ا ي"
28,6,8,"ج ن د"
28,6,11,"ك و ن"
28,6,12,"ح ذ ر"
28,7,1,"و ح ي"
28,7,2,"إِلَىٰ"
28,7,3,"ا م م"
28,7,6,"ر ض ع"
28,7,7,"إِذَا"
28,7,8,"خ و ف"
28,7,10,"ل ق ي"
28,7,12,"ي م م"
28,7,14,"خ و ف"
28,7,16,"ح ز ن"
28,7,18,"ر د د"
28,7,19,"إِلَىٰ"
28,7,20,"ج ع ل"
28,7,22,"ر س ل"
28,8,1,"ل ق ط"
28,8,2,"ا و ل"
28,8,4,"ك و ن"
28,8,6,"ع د و"
28,8,7,"ح ز ن"
28,8,11,"ج ن د"
28,8,12,"ك و ن"
28,8,13,"خ ط ا"
28,9,1,"ق و ل"
28,9,2,"م ر ا"
28,9,4,"ق ر ر"
28,9,5,"ع ي ن"
28,9,9,"ق ت ل"
28,9,10,"ع س ي"
28,9,12,"ن ف ع"
28,9,14,"ا خ ذ"
28,9,15,"و ل د"
28,9,18,"ش ع ر"
28,10,1,"ص ب ح"
28,10,2,"ف ا د"
28,10,3,"ا م م"
28,10,5,"ف ر غ"
28,10,7,"ك و د"
28,10,8,"ب د و"
28,10,12,"ر ب ط"
28,10,14,"ق ل ب"
28,10,15,"ك و ن"
28,10,17,"ا م ن"
28,11,1,"ق و ل"
28,11,2,"ا خ و"
28,11,3,"ق ص ص"
28,11,4,"ب ص ر"
28,11,7,"ج ن ب"
28,11,10,"ش ع ر"
28,12,1,"ح ر م"
28,12,3,"ر ض ع"
28,12,5,"ق ب ل"
28,12,6,"ق و ل"
28,12,8,"د ل ل"
28,12,10,"ا ه ل"
28,12,11,"ب ي ت"
28,12,12,"ك ف ل"
28,12,16,"ن ص ح"
28,13,1,"ر د د"
28,13,2,"إِلَىٰ"
28,13,3,"ا م م"
28,13,5,"ق ر ر"
28,13,6,"ع ي ن"
28,13,8,"ح ز ن"
28,13,9,"ع ل م"
28,13,11,"و ع د"
28,13,12,"ا ل ه"
28,13,13,"ح ق ق"
28,13,15,"ك ث ر"
28,13,17,"ع ل م"
28,14,2,"ب ل غ"
28,14,3,"ش د د"
28,14,4,"س و ي"
28,14,5,"ا ت ي"
28,14,6,"ح ك م"
28,14,7,"ع ل م"
28,14,9,"ج ز ي"
28,14,10,"ح س ن"
28,15,1,"د خ ل"
28,15,2,"م د ن"
28,15,4,"ح ي ن"
28,15,5,"غ ف ل"
28,15,7,"ا ه ل"
28,15,8,"و ج د"
28,15,10,"ر ج ل"
28,15,11,"ق ت ل"
28,15,14,"ش ي ع"
28,15,17,"ع د و"
28,15,18,"غ و ث"
28,15,19,"ٱلَّذِى"
28,15,21,"ش ي ع"
28,15,23,"ٱلَّذِى"
28,15,25,"ع د و"
28,15,26,"و ك ز"
28,15,28,"ق ض ي"
28,15,30,"ق و ل"
28,15,33,"ع م ل"
28,15,34,"ش ط ن"
28,15,36,"ع د و"
28,15,37,"ض ل ل"
28,15,38,"ب ي ن"
28,16,1,"ق و ل"
28,16,2,"ر ب ب"
28,16,4,"ظ ل م"
28,16,5,"ن ف س"
28,16,6,"غ ف ر"
28,16,8,"غ ف ر"
28,16,12,"غ ف ر"
28,16,13,"ر ح م"
28,17,1,"ق و ل"
28,17,2,"ر ب ب"
28,17,4,"ن ع م"
28,17,7,"ك و ن"
28,17,8,"ظ ه ر"
28,17,9,"ج ر م"
28,18,1,"ص ب ح"
28,18,3,"م د ن"
28,18,4,"خ و ف"
28,18,5,"ر ق ب"
28,18,6,"إِذَا"
28,18,7,"ٱلَّذِى"
28,18,8,"ن ص ر"
28,18,9,"أَمْس"
28,18,10,"ص ر خ"
28,18,11,"ق و ل"
28,18,15,"غ و ي"
28,18,16,"ب ي ن"
28,19,3,"ر و د"
28,19,5,"ب ط ش"
28,19,6,"ٱلَّذِى"
28,19,8,"ع د و"
28,19,10,"ق و ل"
28,19,12,"ر و د"
28,19,14,"ق ت ل"
28,19,16,"ق ت ل"
28,19,17,"ن ف س"
28,19,18,"أَمْس"
28,19,20,"ر و د"
28,19,21,"إِلَّا"
28,19,23,"ك و ن"
28,19,24,"ج ب ر"
28,19,26,"ا ر ض"
28,19,28,"ر و د"
28,19,30,"ك و ن"
28,19,32,"ص ل ح"
28,20,1,"ج ي ا"
28,20,2,"ر ج ل"
28,20,4,"ق ص و"
28,20,5,"م د ن"
28,20,6,"س ع ي"
28,20,7,"ق و ل"
28,20,10,"م ل ا"
28,20,11,"ا م ر"
28,20,13,"ق ت ل"
28,20,14,"خ ر ج"
28,20,18,"ن ص ح"
28,21,1,"خ ر ج"
28,21,3,"خ و ف"
28,21,4,"ر ق ب"
28,21,5,"ق و ل"
28,21,6,"ر ب ب"
28,21,7,"ن ج و"
28,21,9,"ق و م"
28,21,10,"ظ ل م"
28,22,2,"و ج ه"
28,22,3,"ل ق ي"
28,22,5,"ق و ل"
28,22,6,"ع س ي"
28,22,7,"ر ب ب"
28,22,9,"ه د ي"
28,22,10,"س و ي"
28,22,11,"س ب ل"
28,23,2,"و ر د"
28,23,3,"م و ه"
28,23,5,"و ج د"
28,23,7,"ا م م"
28,23,9,"ن و س"
28,23,10,"س ق ي"
28,23,11,"و ج د"
28,23,13,"د و ن"
28,23,14,"م ر ا"
28,23,15,"ذ و د"
28,23,16,"ق و ل"
28,23,18,"خ ط ب"
28,23,19,"ق و ل"
28,23,21,"س ق ي"
28,23,23,"ص د ر"
28,23,24,"ر ع ي"
28,23,25,"ا ب و"
28,23,26,"ش ي خ"
28,23,27,"ك ب ر"
28,24,1,"س ق ي"
28,24,4,"و ل ي"
28,24,5,"إِلَىٰ"
28,24,6,"ظ ل ل"
28,24,7,"ق و ل"
28,24,8,"ر ب ب"
28,24,11,"ن ز ل"
28,24,12,"إِلَىٰ"
28,24,14,"خ ي ر"
28,24,15,"ف ق ر"
28,25,1,"ج ي ا"
28,25,2,"ا ح د"
28,25,3,"م ش ي"
28,25,5,"ح ي ي"
28,25,6,"ق و ل"
28,25,8,"ا ب و"
28,25,9,"د ع و"
28,25,10,"ج ز ي"
28,25,11,"ا ج ر"
28,25,13,"س ق ي"
28,25,16,"ج ي ا"
28,25,17,"ق ص ص"
28,25,19,"ق ص ص"
28,25,20,"ق و ل"
28,25,22,"خ و ف"
28,25,23,"ن ج و"
28,25,25,"ق و م"
28,25,26,"ظ ل م"
28,26,1,"ق و ل"
28,26,2,"ا ح د"
28,26,3,"ا ب و"
28,26,4,"ا ج ر"
28,26,6,"خ ي ر"
28,26,8,"ا ج ر"
28,26,9,"ق و ي"
28,26,10,"ا م ن"
28,27,1,"ق و ل"
28,27,3,"ر و د"
28,27,5,"ن ك ح"
28,27,6,"ا ح د"
28,27,7,"ب ن ي"
28,27,11,"ا ج ر"
28,27,12,"ث م ن"
28,27,13,"ح ج ج"
28,27,15,"ت م م"
28,27,16,"ع ش ر"
28,27,18,"ع ن د"
28,27,20,"ر و د"
28,27,22,"ش ق ق"
28,27,24,"و ج د"
28,27,26,"ش ي ا"
28,27,27,"ا ل ه"
28,27,29,"ص ل ح"
28,28,1,"ق و ل"
28,28,3,"ب ي ن"
28,28,4,"ب ي ن"
28,28,6,"ا ج ل"
28,28,7,"ق ض ي"
28,28,9,"ع د و"
28,28,11,"ا ل ه"
28,28,14,"ق و ل"
28,28,15,"و ك ل"
28,29,2,"ق ض ي"
28,29,4,"ا ج ل"
28,29,5,"س ي ر"
28,29,6,"ا ه ل"
28,29,7,"ا ن س"
28,29,9,"ج ن ب"
28,29,10,"ط و ر"
28,29,11,"ن و ر"
28,29,12,"ق و ل"
28,29,13,"ا ه ل"
28,29,14,"م ك ث"
28,29,16,"ا ن س"
28,29,17,"ن و ر"
28,29,19,"ا ت ي"
28,29,21,"خ ب ر"
28,29,23,"ج ذ و"
28,29,25,"ن و ر"
28,29,27,"ص ل ي"
28,30,2,"ا ت ي"
28,30,3,"ن د و"
28,30,5,"ش ط ا"
28,30,6,"و د ي"
28,30,7,"ي م ن"
28,30,9,"ب ق ع"
28,30,10,"ب ر ك"
28,30,12,"ش ج ر"
28,30,17,"ا ل ه"
28,30,18,"ر ب ب"
28,30,19,"ع ل م"
28,31,2,"ل ق ي"
28,31,3,"ع ص و"
28,31,5,"ر ا ي"
28,31,6,"ه ز ز"
28,31,8,"ج ن ن"
28,31,9,"و ل ي"
28,31,10,"د ب ر"
28,31,12,"ع ق ب"
28,31,14,"ق ب ل"
28,31,16,"خ و ف"
28,31,19,"ا م ن"
28,32,1,"س ل ك"
28,32,2,"ي د ي"
28,32,4,"ج ي ب"
28,32,5,"خ ر ج"
28,32,6,"ب ي ض"
28,32,8,"غ ي ر"
28,32,9,"س و ا"
28,32,10,"ض م م"
28,32,11,"إِلَىٰ"
28,32,12,"ج ن ح"
28,32,14,"ر ه ب"
28,32,16,"ب ر ه ن"
28,32,18,"ر ب ب"
28,32,19,"إِلَىٰ"
28,32,21,"م ل ا"
28,32,23,"ك و ن"
28,32,24,"ق و م"
28,32,25,"ف س ق"
28,33,1,"ق و ل"
28,33,2,"ر ب ب"
28,33,4,"ق ت ل"
28,33,6,"ن ف س"
28,33,7,"خ و ف"
28,33,9,"ق ت ل"
28,34,1,"ا خ و"
28,34,4,"ف ص ح"
28,34,6,"ل س ن"
28,34,7,"ر س ل"
28,34,9,"ر د ا"
28,34,10,"ص د ق"
28,34,12,"خ و ف"
28,34,14,"ك ذ ب"
28,35,1,"ق و ل"
28,35,2,"ش د د"
28,35,3,"ع ض د"
28,35,4,"ا خ و"
28,35,5,"ج ع ل"
28,35,7,"س ل ط"
28,35,9,"و ص ل"
28,35,10,"إِلَىٰ"
28,35,11,"ا ي ي"
28,35,14,"ت ب ع"
28,35,15,"غ ل ب"
28,36,2,"ج ي ا"
28,36,4,"ا ي ي"
28,36,5,"ب ي ن"
28,36,6,"ق و ل"
28,36,9,"إِلَّا"
28,36,10,"س ح ر"
28,36,11,"ف ر ي"
28,36,13,"س م ع"
28,36,16,"ا ب و"
28,36,17,"ا و ل"
28,37,1,"ق و ل"
28,37,3,"ر ب ب"
28,37,4,"ع ل م"
28,37,6,"ج ي ا"
28,37,7,"ه د ي"
28,37,9,"ع ن د"
28,37,11,"ك و ن"
28,37,13,"ع ق ب"
28,37,14,"د و ر"
28,37,17,"ف ل ح"
28,37,18,"ظ ل م"
28,38,1,"ق و ل"
28,38,4,"م ل ا"
28,38,6,"ع ل م"
28,38,9,"ا ل ه"
28,38,10,"غ ي ر"
28,38,11,"و ق د"
28,38,15,"ط ي ن"
28,38,16,"ج ع ل"
28,38,18,"ص ر ح"
28,38,20,"ط ل ع"
28,38,21,"إِلَىٰ"
28,38,22,"ا ل ه"
28,38,25,"ظ ن ن"
28,38,27,"ك ذ ب"
28,39,1,"ك ب ر"
28,39,3,"ج ن د"
28,39,5,"ا ر ض"
28,39,6,"غ ي ر"
28,39,7,"ح ق ق"
28,39,8,"ظ ن ن"
28,39,10,"إِلَىٰ"
28,39,12,"ر ج ع"
28,40,1,"ا خ ذ"
28,40,2,"ج ن د"
28,40,3,"ن ب ذ"
28,40,5,"ي م م"
28,40,6,"ن ظ ر"
28,40,7,"ك ي ف"
28,40,8,"ك و ن"
28,40,9,"ع ق ب"
28,40,10,"ظ ل م"
28,41,1,"ج ع ل"
28,41,2,"ا م م"
28,41,3,"د ع و"
28,41,4,"إِلَىٰ"
28,41,5,"ن و ر"
28,41,6,"ي و م"
28,41,7,"ق و م"
28,41,9,"ن ص ر"
28,42,1,"ت ب ع"
28,42,4,"د ن و"
28,42,5,"ل ع ن"
28,42,6,"ي و م"
28,42,7,"ق و م"
28,42,10,"ق ب ح"
28,43,2,"ا ت ي"
28,43,4,"ك ت ب"
28,43,6,"ب ع د"
28,43,8,"ه ل ك"
28,43,9,"ق ر ن"
28,43,10,"ا و ل"
28,43,11,"ب ص ر"
28,43,12,"ن و س"
28,43,13,"ه د ي"
28,43,14,"ر ح م"
28,43,16,"ذ ك ر"
28,44,2,"ك و ن"
28,44,3,"ج ن ب"
28,44,4,"غ ر ب"
28,44,5,"إِذ"
28,44,6,"ق ض ي"
28,44,7,"إِلَىٰ"
28,44,9,"ا م ر"
28,44,11,"ك و ن"
28,44,13,"ش ه د"
28,45,2,"ن ش ا"
28,45,3,"ق ر ن"
28,45,4,"ط و ل"
28,45,6,"ع م ر"
28,45,8,"ك و ن"
28,45,9,"ث و ي"
28,45,11,"ا ه ل"
28,45,13,"ت ل و"
28,45,15,"ا ي ي"
28,45,17,"ك و ن"
28,45,18,"ر س ل"
28,46,2,"ك و ن"
28,46,3,"ج ن ب"
28,46,4,"ط و ر"
28,46,5,"إِذ"
28,46,6,"ن د و"
28,46,8,"ر ح م"
28,46,10,"ر ب ب"
28,46,11,"ن ذ ر"
28,46,12,"ق و م"
28,46,14,"ا ت ي"
28,46,16,"ن ذ ر"
28,46,18,"ق ب ل"
28,46,20,"ذ ك ر"
28,47,3,"ص و ب"
28,47,4,"ص و ب"
28,47,6,"ق د م"
28,47,7,"ي د ي"
28,47,8,"ق و ل"
28,47,9,"ر ب ب"
28,47,11,"ر س ل"
28,47,12,"إِلَىٰ"
28,47,13,"ر س ل"
28,47,14,"ت ب ع"
28,47,15,"ا ي ي"
28,47,16,"ك و ن"
28,47,18,"ا م ن"
28,48,2,"ج ي ا"
28,48,3,"ح ق ق"
28,48,5,"ع ن د"
28,48,6,"ق و ل"
28,48,8,"ا ت ي"
28,48,9,"م ث ل"
28,48,11,"ا ت ي"
28,48,14,"ك ف ر"
28,48,16,"ا ت ي"
28,48,19,"ق ب ل"
28,48,20,"ق و ل"
28,48,21,"س ح ر"
28,48,22,"ظ ه ر"
28,48,23,"ق و ل"
28,48,25,"ك ل ل"
28,48,26,"ك ف ر"
28,49,1,"ق و ل"
28,49,2,"ا ت ي"
28,49,3,"ك ت ب"
28,49,5,"ع ن د"
28,49,6,"ا ل ه"
28,49,8,"ه د ي"
28,49,10,"ت ب ع"
28,49,12,"ك و ن"
28,49,13,"ص د ق"
28,50,3,"ج و ب"
28,50,5,"ع ل م"
28,50,7,"ت ب ع"
28,50,8,"ه و ي"
28,50,10,"ض ل ل"
28,50,12,"ت ب ع"
28,50,13,"ه و ي"
28,50,14,"غ ي ر"
28,50,15,"ه د ي"
28,50,17,"ا ل ه"
28,50,19,"ا ل ه"
28,50,21,"ه د ي"
28,50,22,"ق و م"
28,50,23,"ظ ل م"
28,51,2,"و ص ل"
28,51,4,"ق و ل"
28,51,6,"ذ ك ر"
28,52,1,"ٱلَّذِى"
28,52,2,"ا ت ي"
28,52,3,"ك ت ب"
28,52,5,"ق ب ل"
28,52,8,"ا م ن"
28,53,1,"إِذَا"
28,53,2,"ت ل و"
28,53,4,"ق و ل"
28,53,5,"ا م ن"
28,53,8,"ح ق ق"
28,53,10,"ر ب ب"
28,53,12,"ك و ن"
28,53,14,"ق ب ل"
28,53,15,"س ل م"
28,54,2,"ا ت ي"
28,54,3,"ا ج ر"
28,54,4,"م ر ر"
28,54,6,"ص ب ر"
28,54,7,"د ر ا"
28,54,8,"ح س ن"
28,54,9,"س و ا"
28,54,11,"ر ز ق"
28,54,12,"ن ف ق"
28,55,1,"إِذَا"
28,55,2,"س م ع"
28,55,3,"ل غ و"
28,55,4,"ع ر ض"
28,55,6,"ق و ل"
28,55,8,"ع م ل"
28,55,10,"ع م ل"
28,55,11,"س ل م"
28,55,14,"ب غ ي"
28,55,15,"ج ه ل"
28,56,3,"ه د ي"
28,56,5,"ح ب ب"
28,56,7,"ا ل ه"
28,56,8,"ه د ي"
28,56,10,"ش ي ا"
28,56,12,"ع ل م"
28,56,13,"ه د ي"
28,57,1,"ق و ل"
28,57,3,"ت ب ع"
28,57,4,"ه د ي"
28,57,6,"خ ط ف"
28,57,8,"ا ر ض"
28,57,10,"م ك ن"
28,57,12,"ح ر م"
28,57,13,"ا م ن"
28,57,14,"ج ب ي"
28,57,15,"إِلَىٰ"
28,57,16,"ث م ر"
28,57,17,"ك ل ل"
28,57,18,"ش ي ا"
28,57,19,"ر ز ق"
28,57,21,"ل د ن"
28,57,23,"ك ث ر"
28,57,25,"ع ل م"
28,58,2,"ه ل ك"
28,58,4,"ق ر ي"
28,58,5,"ب ط ر"
28,58,6,"ع ي ش"
28,58,8,"س ك ن"
28,58,10,"س ك ن"
28,58,12,"ب ع د"
28,58,13,"إِلَّا"
28,58,14,"ق ل ل"
28,58,15,"ك و ن"
28,58,17,"و ر ث"
28,59,2,"ك و ن"
28,59,3,"ر ب ب"
28,59,4,"ه ل ك"
28,59,5,"ق ر ي"
28,59,7,"ب ع ث"
28,59,9,"ا م م"
28,59,10,"ر س ل"
28,59,11,"ت ل و"
28,59,13,"ا ي ي"
28,59,15,"ك و ن"
28,59,16,"ه ل ك"
28,59,17,"ق ر ي"
28,59,18,"إِلَّا"
28,59,19,"ا ه ل"
28,59,20,"ظ ل م"
28,60,2,"ا ت ي"
28,60,4,"ش ي ا"
28,60,5,"م ت ع"
28,60,6,"ح ي ي"
28,60,7,"د ن و"
28,60,8,"ز ي ن"
28,60,10,"ع ن د"
28,60,11,"ا ل ه"
28,60,12,"خ ي ر"
28,60,13,"ب ق ي"
28,60,15,"ع ق ل"
28,61,2,"و ع د"
28,61,3,"و ع د"
28,61,4,"ح س ن"
28,61,6,"ل ق ي"
28,61,8,"م ت ع"
28,61,9,"م ت ع"
28,61,10,"ح ي ي"
28,61,11,"د ن و"
28,61,14,"ي و م"
28,61,15,"ق و م"
28,61,17,"ح ض ر"
28,62,1,"ي و م"
28,62,2,"ن د و"
28,62,3,"ق و ل"
28,62,5,"ش ر ك"
28,62,6,"ٱلَّذِى"
28,62,7,"ك و ن"
28,62,8,"ز ع م"
28,63,1,"ق و ل"
28,63,2,"ٱلَّذِى"
28,63,3,"ح ق ق"
28,63,5,"ق و ل"
28,63,6,"ر ب ب"
28,63,8,"ٱلَّذِى"
28,63,9,"غ و ي"
28,63,10,"غ و ي"
28,63,12,"غ و ي"
28,63,13,"ب ر ا"
28,63,14,"إِلَىٰ"
28,63,16,"ك و ن"
28,63,18,"ع ب د"
28,64,1,"ق و ل"
28,64,2,"د ع و"
28,64,3,"ش ر ك"
28,64,4,"د ع و"
28,64,6,"ج و ب"
28,64,8,"ر ا ي"
28,64,9,"ع ذ ب"
28,64,12,"ك و ن"
28,64,13,"ه د ي"
28,65,1,"ي و م"
28,65,2,"ن د و"
28,65,3,"ق و ل"
28,65,5,"ج و ب"
28,65,6,"ر س ل"
28,66,1,"ع م ي"
28,66,3,"ن ب ا"
28,66,7,"س ا ل"
28,67,1,"أَمَّا"
28,67,3,"ت و ب"
28,67,4,"ا م ن"
28,67,5,"ع م ل"
28,67,6,"ص ل ح"
28,67,7,"ع س ي"
28,67,9,"ك و ن"
28,67,11,"ف ل ح"
28,68,1,"ر ب ب"
28,68,2,"خ ل ق"
28,68,4,"ش ي ا"
28,68,5,"خ ي ر"
28,68,7,"ك و ن"
28,68,9,"خ ي ر"
28,68,10,"س ب ح"
28,68,11,"ا ل ه"
28,68,12,"ع ل و"
28,68,14,"ش ر ك"
28,69,1,"ر ب ب"
28,69,2,"ع ل م"
28,69,4,"ك ن ن"
28,69,5,"ص د ر"
28,69,7,"ع ل ن"
28,70,2,"ا ل ه"
28,70,4,"ا ل ه"
28,70,5,"إِلَّا"
28,70,8,"ح م د"
28,70,10,"ا و ل"
28,70,11,"ا خ ر"
28,70,13,"ح ك م"
28,70,14,"إِلَىٰ"
28,70,15,"ر ج ع"
28,71,1,"ق و ل"
28,71,2,"ر ا ي"
28,71,4,"ج ع ل"
28,71,5,"ا ل ه"
28,71,7,"ل ي ل"
28,71,8,"س ر م د"
28,71,9,"إِلَىٰ"
28,71,10,"ي و م"
28,71,11,"ق و م"
28,71,13,"ا ل ه"
28,71,14,"غ ي ر"
28,71,15,"ا ل ه"
28,71,16,"ا ت ي"
28,71,17,"ض و ا"
28,71,19,"س م ع"
28,72,1,"ق و ل"
28,72,2,"ر ا ي"
28,72,4,"ج ع ل"
28,72,5,"ا ل ه"
28,72,7,"ن ه ر"
28,72,8,"س ر م د"
28,72,9,"إِلَىٰ"
28,72,10,"ي و م"
28,72,11,"ق و م"
28,72,13,"ا ل ه"
28,72,14,"غ ي ر"
28,72,15,"ا ل ه"
28,72,16,"ا ت ي"
28,72,17,"ل ي ل"
28,72,18,"س ك ن"
28,72,21,"ب ص ر"
28,73,2,"ر ح م"
28,73,3,"ج ع ل"
28,73,5,"ل ي ل"
28,73,6,"ن ه ر"
28,73,7,"س ك ن"
28,73,9,"ب غ ي"
28,73,11,"ف ض ل"
28,73,13,"ش ك ر"
28,74,1,"ي و م"
28,74,2,"ن د و"
28,74,3,"ق و ل"
28,74,5,"ش ر ك"
28,74,6,"ٱلَّذِى"
28,74,7,"ك و ن"
28,74,8,"ز ع م"
28,75,1,"ن ز ع"
28,75,3,"ك ل ل"
28,75,4,"ا م م"
28,75,5,"ش ه د"
28,75,6,"ق و ل"
28,75,7,"ه ا ت"
28,75,8,"ب ر ه ن"
28,75,9,"ع ل م"
28,75,11,"ح ق ق"
28,75,12,"ا ل ه"
28,75,13,"ض ل ل"
28,75,16,"ك و ن"
28,75,17,"ف ر ي"
28,76,3,"ك و ن"
28,76,5,"ق و م"
28,76,7,"ب غ ي"
28,76,9,"ا ت ي"
28,76,11,"ك ن ز"
28,76,14,"ف ت ح"
28,76,15,"ن و ا"
28,76,16,"ع ص ب"
28,76,17,"ا و ل"
28,76,18,"ق و ي"
28,76,19,"إِذ"
28,76,20,"ق و ل"
28,76,22,"ق و م"
28,76,24,"ف ر ح"
28,76,26,"ا ل ه"
28,76,28,"ح ب ب"
28,76,29,"ف ر ح"
28,77,1,"ب غ ي"
28,77,3,"ا ت ي"
28,77,4,"ا ل ه"
28,77,5,"د و ر"
28,77,6,"ا خ ر"
28,77,8,"ن س ي"
28,77,9,"ن ص ب"
28,77,11,"د ن و"
28,77,12,"ح س ن"
28,77,14,"ح س ن"
28,77,15,"ا ل ه"
28,77,16,"إِلَىٰ"
28,77,18,"ب غ ي"
28,77,19,"ف س د"
28,77,21,"ا ر ض"
28,77,23,"ا ل ه"
28,77,25,"ح ب ب"
28,77,26,"ف س د"
28,78,1,"ق و ل"
28,78,3,"ا ت ي"
28,78,5,"ع ل م"
28,78,6,"ع ن د"
28,78,8,"ع ل م"
28,78,10,"ا ل ه"
28,78,12,"ه ل ك"
28,78,14,"ق ب ل"
28,78,16,"ق ر ن"
28,78,19,"ش د د"
28,78,21,"ق و ي"
28,78,22,"ك ث ر"
28,78,23,"ج م ع"
28,78,25,"س ا ل"
28,78,27,"ذ ن ب"
28,78,28,"ج ر م"
28,79,1,"خ ر ج"
28,79,3,"ق و م"
28,79,5,"ز ي ن"
28,79,6,"ق و ل"
28,79,7,"ٱلَّذِى"
28,79,8,"ر و د"
28,79,9,"ح ي ي"
28,79,10,"د ن و"
28,79,13,"م ث ل"
28,79,15,"ا ت ي"
28,79,19,"ح ظ ظ"
28,79,20,"ع ظ م"
28,80,1,"ق و ل"
28,80,2,"ٱلَّذِى"
28,80,3,"ا ت ي"
28,80,4,"ع ل م"
28,80,6,"ث و ب"
28,80,7,"ا ل ه"
28,80,8,"خ ي ر"
28,80,10,"ا م ن"
28,80,11,"ع م ل"
28,80,12,"ص ل ح"
28,80,14,"ل ق ي"
28,80,15,"إِلَّا"
28,80,16,"ص ب ر"
28,81,1,"خ س ف"
28,81,3,"د و ر"
28,81,4,"ا ر ض"
28,81,6,"ك و ن"
28,81,9,"ف ا ي"
28,81,10,"ن ص ر"
28,81,12,"د و ن"
28,81,13,"ا ل ه"
28,81,15,"ك و ن"
28,81,17,"ن ص ر"
28,82,1,"ص ب ح"
28,82,2,"ٱلَّذِى"
28,82,3,"م ن ي"
28,82,4,"ك و ن"
28,82,5,"أَمْس"
28,82,6,"ق و ل"
28,82,8,"ا ل ه"
28,82,9,"ب س ط"
28,82,10,"ر ز ق"
28,82,12,"ش ي ا"
28,82,14,"ع ب د"
28,82,15,"ق د ر"
28,82,18,"م ن ن"
28,82,19,"ا ل ه"
28,82,21,"خ س ف"
28,82,25,"ف ل ح"
28,82,26,"ك ف ر"
28,83,2,"د و ر"
28,83,3,"ا خ ر"
28,83,4,"ج ع ل"
28,83,5,"ٱلَّذِى"
28,83,7,"ر و د"
28,83,8,"ع ل و"
28,83,10,"ا ر ض"
28,83,12,"ف س د"
28,83,13,"ع ق ب"
28,83,14,"و ق ي"
28,84,2,"ج ي ا"
28,84,3,"ح س ن"
28,84,5,"خ ي ر"
28,84,8,"ج ي ا"
28,84,9,"س و ا"
28,84,11,"ج ز ي"
28,84,12,"ٱلَّذِى"
28,84,13,"ع م ل"
28,84,14,"س و ا"
28,84,15,"إِلَّا"
28,84,17,"ك و ن"
28,84,18,"ع م ل"
28,85,2,"ٱلَّذِى"
28,85,3,"ف ر ض"
28,85,5,"ق ر ا"
28,85,6,"ر د د"
28,85,7,"إِلَىٰ"
28,85,8,"ع و د"
28,85,9,"ق و ل"
28,85,10,"ر ب ب"
28,85,11,"ع ل م"
28,85,13,"ج ي ا"
28,85,14,"ه د ي"
28,85,18,"ض ل ل"
28,85,19,"ب ي ن"
28,86,2,"ك و ن"
28,86,3,"ر ج و"
28,86,5,"ل ق ي"
28,86,6,"إِلَىٰ"
28,86,7,"ك ت ب"
28,86,8,"إِلَّا"
28,86,9,"ر ح م"
28,86,11,"ر ب ب"
28,86,13,"ك و ن"
28,86,14,"ظ ه ر"
28,86,15,"ك ف ر"
28,87,2,"ص د د"
28,87,4,"ا ي ي"
28,87,5,"ا ل ه"
28,87,6,"ب ع د"
28,87,7,"إِذ"
28,87,8,"ن ز ل"
28,87,9,"إِلَىٰ"
28,87,10,"د ع و"
28,87,11,"إِلَىٰ"
28,87,12,"ر ب ب"
28,87,14,"ك و ن"
28,87,16,"ش ر ك"
28,88,2,"د ع و"
28,88,4,"ا ل ه"
28,88,5,"ا ل ه"
28,88,6,"ا خ ر"
28,88,8,"ا ل ه"
28,88,9,"إِلَّا"
28,88,11,"ك ل ل"
28,88,12,"ش ي ا"
28,88,13,"ه ل ك"
28,88,14,"إِلَّا"
28,88,15,"و ج ه"
28,88,17,"ح ك م"
28,88,18,"إِلَىٰ"
28,88,19,"ر ج ع"
29,2,1,"ح س ب"
29,2,2,"ن و س"
29,2,4,"ت ر ك"
29,2,6,"ق و ل"
29,2,7,"ا م ن"
29,2,10,"ف ت ن"
29,3,2,"ف ت ن"
29,3,3,"ٱلَّذِى"
29,3,5,"ق ب ل"
29,3,6,"ع ل م"
29,3,7,"ا ل ه"
29,3,8,"ٱلَّذِى"
29,3,9,"ص د ق"
29,3,10,"ع ل م"
29,3,11,"ك ذ ب"
29,4,1,"أَم"
29,4,2,"ح س ب"
29,4,3,"ٱلَّذِى"
29,4,4,"ع م ل"
29,4,5,"س و ا"
29,4,7,"س ب ق"
29,4,8,"س و ا"
29,4,10,"ح ك م"
29,5,2,"ك و ن"
29,5,3,"ر ج و"
29,5,4,"ل ق ي"
29,5,5,"ا ل ه"
29,5,7,"ا ج ل"
29,5,8,"ا ل ه"
29,5,9,"ا ت ي"
29,5,11,"س م ع"
29,5,12,"ع ل م"
29,6,2,"ج ه د"
29,6,4,"ج ه د"
29,6,5,"ن ف س"
29,6,7,"ا ل ه"
29,6,8,"غ ن ي"
29,6,10,"ع ل م"
29,7,1,"ٱلَّذِى"
29,7,2,"ا م ن"
29,7,3,"ع م ل"
29,7,4,"ص ل ح"
29,7,5,"ك ف ر"
29,7,7,"س و ا"
29,7,8,"ج ز ي"
29,7,9,"ح س ن"
29,7,10,"ٱلَّذِى"
29,7,11,"ك و ن"
29,7,12,"ع م ل"
29,8,1,"و ص ي"
29,8,2,"ا ن س"
29,8,3,"و ل د"
29,8,4,"ح س ن"
29,8,6,"ج ه د"
29,8,7,"ش ر ك"
29,8,10,"ل ي س"
29,8,13,"ع ل م"
29,8,15,"ط و ع"
29,8,16,"إِلَىٰ"
29,8,17,"ر ج ع"
29,8,18,"ن ب ا"
29,8,20,"ك و ن"
29,8,21,"ع م ل"
29,9,1,"ٱلَّذِى"
29,9,2,"ا م ن"
29,9,3,"ع م ل"
29,9,4,"ص ل ح"
29,9,5,"د خ ل"
29,9,7,"ص ل ح"
29,10,2,"ن و س"
29,10,4,"ق و ل"
29,10,5,"ا م ن"
29,10,6,"ا ل ه"
29,10,7,"إِذَا"
29,10,8,"ا ذ ي"
29,10,10,"ا ل ه"
29,10,11,"ج ع ل"
29,10,12,"ف ت ن"
29,10,13,"ن و س"
29,10,14,"ع ذ ب"
29,10,15,"ا ل ه"
29,10,17,"ج ي ا"
29,10,18,"ن ص ر"
29,10,20,"ر ب ب"
29,10,21,"ق و ل"
29,10,23,"ك و ن"
29,10,25,"ل ي س"
29,10,26,"ا ل ه"
29,10,27,"ع ل م"
29,10,30,"ص د ر"
29,10,31,"ع ل م"
29,11,1,"ع ل م"
29,11,2,"ا ل ه"
29,11,3,"ٱلَّذِى"
29,11,4,"ا م ن"
29,11,5,"ع ل م"
29,11,6,"ن ف ق"
29,12,1,"ق و ل"
29,12,2,"ٱلَّذِى"
29,12,3,"ك ف ر"
29,12,4,"ٱلَّذِى"
29,12,5,"ا م ن"
29,12,6,"ت ب ع"
29,12,7,"س ب ل"
29,12,8,"ح م ل"
29,12,9,"خ ط ا"
29,12,12,"ح م ل"
29,12,14,"خ ط ا"
29,12,16,"ش ي ا"
29,12,18,"ك ذ ب"
29,13,1,"ح م ل"
29,13,2,"ث ق ل"
29,13,3,"ث ق ل"
29,13,5,"ث ق ل"
29,13,6,"س ا ل"
29,13,7,"ي و م"
29,13,8,"ق و م"
29,13,10,"ك و ن"
29,13,11,"ف ر ي"
29,14,2,"ر س ل"
29,14,4,"إِلَىٰ"
29,14,5,"ق و م"
29,14,6,"ل ب ث"
29,14,8,"ا ل ف"
29,14,9,"س ن و"
29,14,10,"إِلَّا"
29,14,11,"خ م س"
29,14,12,"ع و م"
29,14,13,"ا خ ذ"
29,14,14,"ط و ف"
29,14,16,"ظ ل م"
29,15,1,"ن ج و"
29,15,2,"ص ح ب"
29,15,3,"س ف ن"
29,15,4,"ج ع ل"
29,15,5,"ا ي ي"
29,15,6,"ع ل م"
29,16,1,"إِبْرَاهِيم"
29,16,2,"إِذ"
29,16,3,"ق و ل"
29,16,4,"ق و م"
29,16,5,"ع ب د"
29,16,6,"ا ل ه"
29,16,7,"و ق ي"
29,16,9,"خ ي ر"
29,16,12,"ك و ن"
29,16,13,"ع ل م"
29,17,2,"ع ب د"
29,17,4,"د و ن"
29,17,5,"ا ل ه"
29,17,6,"و ث ن"
29,17,7,"خ ل ق"
29,17,8,"ا ف ك"
29,17,10,"ٱلَّذِى"
29,17,11,"ع ب د"
29,17,13,"د و ن"
29,17,14,"ا ل ه"
29,17,16,"م ل ك"
29,17,18,"ر ز ق"
29,17,19,"ب غ ي"
29,17,20,"ع ن د"
29,17,21,"ا ل ه"
29,17,22,"ر ز ق"
29,17,23,"ع ب د"
29,17,24,"ش ك ر"
29,17,26,"إِلَىٰ"
29,17,27,"ر ج ع"
29,18,2,"ك ذ ب"
29,18,4,"ك ذ ب"
29,18,5,"ا م م"
29,18,7,"ق ب ل"
29,18,10,"ر س ل"
29,18,11,"إِلَّا"
29,18,12,"ب ل غ"
29,18,13,"ب ي ن"
29,19,2,"ر ا ي"
29,19,3,"ك ي ف"
29,19,4,"ب د ا"
29,19,5,"ا ل ه"
29,19,6,"خ ل ق"
29,19,8,"ع و د"
29,19,12,"ا ل ه"
29,19,13,"ي س ر"
29,20,1,"ق و ل"
29,20,2,"س ي ر"
29,20,4,"ا ر ض"
29,20,5,"ن ظ ر"
29,20,6,"ك ي ف"
29,20,7,"ب د ا"
29,20,8,"خ ل ق"
29,20,10,"ا ل ه"
29,20,11,"ن ش ا"
29,20,12,"ن ش ا"
29,20,13,"ا خ ر"
29,20,15,"ا ل ه"
29,20,17,"ك ل ل"
29,20,18,"ش ي ا"
29,20,19,"ق د ر"
29,21,1,"ع ذ ب"
29,21,3,"ش ي ا"
29,21,4,"ر ح م"
29,21,6,"ش ي ا"
29,21,7,"إِلَىٰ"
29,21,8,"ق ل ب"
29,22,3,"ع ج ز"
29,22,5,"ا ر ض"
29,22,8,"س م و"
29,22,12,"د و ن"
29,22,13,"ا ل ه"
29,22,15,"و ل ي"
29,22,17,"ن ص ر"
29,23,1,"ٱلَّذِى"
29,23,2,"ك ف ر"
29,23,3,"ا ي ي"
29,23,4,"ا ل ه"
29,23,5,"ل ق ي"
29,23,7,"ي ا س"
29,23,9,"ر ح م"
29,23,12,"ع ذ ب"
29,23,13,"ا ل م"
29,24,2,"ك و ن"
29,24,3,"ج و ب"
29,24,4,"ق و م"
29,24,5,"إِلَّا"
29,24,7,"ق و ل"
29,24,8,"ق ت ل"
29,24,10,"ح ر ق"
29,24,11,"ن ج و"
29,24,12,"ا ل ه"
29,24,14,"ن و ر"
29,24,18,"ا ي ي"
29,24,19,"ق و م"
29,24,20,"ا م ن"
29,25,1,"ق و ل"
29,25,3,"ا خ ذ"
29,25,5,"د و ن"
29,25,6,"ا ل ه"
29,25,7,"و ث ن"
29,25,8,"و د د"
29,25,9,"ب ي ن"
29,25,11,"ح ي ي"
29,25,12,"د ن و"
29,25,14,"ي و م"
29,25,15,"ق و م"
29,25,16,"ك ف ر"
29,25,17,"ب ع ض"
29,25,18,"ب ع ض"
29,25,19,"ل ع ن"
29,25,20,"ب ع ض"
29,25,21,"ب ع ض"
29,25,22,"ا و ي"
29,25,23,"ن و ر"
29,25,27,"ن ص ر"
29,26,1,"ا م ن"
29,26,4,"ق و ل"
29,26,6,"ه ج ر"
29,26,7,"إِلَىٰ"
29,26,8,"ر ب ب"
29,26,11,"ع ز ز"
29,26,12,"ح ك م"
29,27,1,"و ه ب"
29,27,3,"إِسْحَاق"
29,27,5,"ج ع ل"
29,27,7,"ذ ر ر"
29,27,8,"ن ب ا"
29,27,9,"ك ت ب"
29,27,10,"ا ت ي"
29,27,11,"ا ج ر"
29,27,13,"د ن و"
29,27,16,"ا خ ر"
29,27,18,"ص ل ح"
29,28,2,"إِذ"
29,28,3,"ق و ل"
29,28,4,"ق و م"
29,28,6,"ا ت ي"
29,28,7,"ف ح ش"
29,28,9,"س ب ق"
29,28,12,"ا ح د"
29,28,14,"ع ل م"
29,29,2,"ا ت ي"
29,29,3,"ر ج ل"
29,29,4,"ق ط ع"
29,29,5,"س ب ل"
29,29,6,"ا ت ي"
29,29,8,"ن د و"
29,29,9,"ن ك ر"
29,29,11,"ك و ن"
29,29,12,"ج و ب"
29,29,13,"ق و م"
29,29,14,"إِلَّا"
29,29,16,"ق و ل"
29,29,17,"ا ت ي"
29,29,18,"ع ذ ب"
29,29,19,"ا ل ه"
29,29,21,"ك و ن"
29,29,23,"ص د ق"
29,30,1,"ق و ل"
29,30,2,"ر ب ب"
29,30,3,"ن ص ر"
29,30,5,"ق و م"
29,30,6,"ف س د"
29,31,2,"ج ي ا"
29,31,3,"ر س ل"
29,31,4,"إِبْرَاهِيم"
29,31,5,"ب ش ر"
29,31,6,"ق و ل"
29,31,8,"ه ل ك"
29,31,9,"ا ه ل"
29,31,11,"ق ر ي"
29,31,13,"ا ه ل"
29,31,14,"ك و ن"
29,31,15,"ظ ل م"
29,32,1,"ق و ل"
29,32,5,"ق و ل"
29,32,7,"ع ل م"
29,32,10,"ن ج و"
29,32,11,"ا ه ل"
29,32,12,"إِلَّا"
29,32,13,"م ر ا"
29,32,14,"ك و ن"
29,32,16,"غ ب ر"
29,33,3,"ج ي ا"
29,33,4,"ر س ل"
29,33,6,"س و ا"
29,33,8,"ض ي ق"
29,33,10,"ذ ر ع"
29,33,11,"ق و ل"
29,33,13,"خ و ف"
29,33,15,"ح ز ن"
29,33,17,"ن ج و"
29,33,18,"ا ه ل"
29,33,19,"إِلَّا"
29,33,20,"م ر ا"
29,33,21,"ك و ن"
29,33,23,"غ ب ر"
29,34,2,"ن ز ل"
29,34,4,"ا ه ل"
29,34,6,"ق ر ي"
29,34,7,"ر ج ز"
29,34,9,"س م و"
29,34,11,"ك و ن"
29,34,12,"ف س ق"
29,35,2,"ت ر ك"
29,35,4,"ا ي ي"
29,35,5,"ب ي ن"
29,35,6,"ق و م"
29,35,7,"ع ق ل"
29,36,1,"إِلَىٰ"
29,36,3,"ا خ و"
29,36,5,"ق و ل"
29,36,6,"ق و م"
29,36,7,"ع ب د"
29,36,8,"ا ل ه"
29,36,9,"ر ج و"
29,36,10,"ي و م"
29,36,11,"ا خ ر"
29,36,13,"ع ث و"
29,36,15,"ا ر ض"
29,36,16,"ف س د"
29,37,1,"ك ذ ب"
29,37,2,"ا خ ذ"
29,37,3,"ر ج ف"
29,37,4,"ص ب ح"
29,37,6,"د و ر"
29,37,7,"ج ث م"
29,38,1,"ع و د"
29,38,4,"ب ي ن"
29,38,7,"س ك ن"
29,38,8,"ز ي ن"
29,38,10,"ش ط ن"
29,38,11,"ع م ل"
29,38,12,"ص د د"
29,38,14,"س ب ل"
29,38,15,"ك و ن"
29,38,16,"ب ص ر"
29,39,5,"ج ي ا"
29,39,7,"ب ي ن"
29,39,8,"ك ب ر"
29,39,10,"ا ر ض"
29,39,12,"ك و ن"
29,39,13,"س ب ق"
29,40,1,"ك ل ل"
29,40,2,"ا خ ذ"
29,40,3,"ذ ن ب"
29,40,6,"ر س ل"
29,40,8,"ح ص ب"
29,40,11,"ا خ ذ"
29,40,12,"ص ي ح"
29,40,15,"خ س ف"
29,40,17,"ا ر ض"
29,40,20,"غ ر ق"
29,40,22,"ك و ن"
29,40,23,"ا ل ه"
29,40,24,"ظ ل م"
29,40,26,"ك و ن"
29,40,27,"ن ف س"
29,40,28,"ظ ل م"
29,41,1,"م ث ل"
29,41,2,"ٱلَّذِى"
29,41,3,"ا خ ذ"
29,41,5,"د و ن"
29,41,6,"ا ل ه"
29,41,7,"و ل ي"
29,41,8,"م ث ل"
29,41,9,"ع ن ك ب"
29,41,10,"ا خ ذ"
29,41,11,"ب ي ت"
29,41,13,"و ه ن"
29,41,14,"ب ي ت"
29,41,15,"ب ي ت"
29,41,16,"ع ن ك ب"
29,41,18,"ك و ن"
29,41,19,"ع ل م"
29,42,2,"ا ل ه"
29,42,3,"ع ل م"
29,42,5,"د ع و"
29,42,7,"د و ن"
29,42,9,"ش ي ا"
29,42,11,"ع ز ز"
29,42,12,"ح ك م"
29,43,2,"م ث ل"
29,43,3,"ض ر ب"
29,43,4,"ن و س"
29,43,6,"ع ق ل"
29,43,7,"إِلَّا"
29,43,8,"ع ل م"
29,44,1,"خ ل ق"
29,44,2,"ا ل ه"
29,44,3,"س م و"
29,44,4,"ا ر ض"
29,44,5,"ح ق ق"
29,44,9,"ا ي ي"
29,44,10,"ا م ن"
29,45,1,"ت ل و"
29,45,3,"و ح ي"
29,45,4,"إِلَىٰ"
29,45,6,"ك ت ب"
29,45,7,"ق و م"
29,45,8,"ص ل و"
29,45,10,"ص ل و"
29,45,11,"ن ه ي"
29,45,13,"ف ح ش"
29,45,14,"ن ك ر"
29,45,15,"ذ ك ر"
29,45,16,"ا ل ه"
29,45,17,"ك ب ر"
29,45,18,"ا ل ه"
29,45,19,"ع ل م"
29,45,21,"ص ن ع"
29,46,2,"ج د ل"
29,46,3,"ا ه ل"
29,46,4,"ك ت ب"
29,46,5,"إِلَّا"
29,46,6,"ٱلَّذِى"
29,46,8,"ح س ن"
29,46,9,"إِلَّا"
29,46,10,"ٱلَّذِى"
29,46,11,"ظ ل م"
29,46,13,"ق و ل"
29,46,14,"ا م ن"
29,46,15,"ٱلَّذِى"
29,46,16,"ن ز ل"
29,46,17,"إِلَىٰ"
29,46,18,"ن ز ل"
29,46,19,"إِلَىٰ"
29,46,20,"ا ل ه"
29,46,21,"ا ل ه"
29,46,22,"و ح د"
29,46,25,"س ل م"
29,47,2,"ن ز ل"
29,47,3,"إِلَىٰ"
29,47,4,"ك ت ب"
29,47,5,"ٱلَّذِى"
29,47,6,"ا ت ي"
29,47,7,"ك ت ب"
29,47,8,"ا م ن"
29,47,13,"ا م ن"
29,47,16,"ج ح د"
29,47,17,"ا ي ي"
29,47,18,"إِلَّا"
29,47,19,"ك ف ر"
29,48,2,"ك و ن"
29,48,3,"ت ل و"
29,48,5,"ق ب ل"
29,48,7,"ك ت ب"
29,48,9,"خ ط ط"
29,48,10,"ي م ن"
29,48,11,"إِذًا"
29,48,12,"ر ي ب"
29,48,13,"ب ط ل"
29,49,3,"ا ي ي"
29,49,4,"ب ي ن"
29,49,6,"ص د ر"
29,49,7,"ٱلَّذِى"
29,49,8,"ا ت ي"
29,49,9,"ع ل م"
29,49,11,"ج ح د"
29,49,12,"ا ي ي"
29,49,13,"إِلَّا"
29,49,14,"ظ ل م"
29,50,1,"ق و ل"
29,50,3,"ن ز ل"
29,50,5,"ا ي ي"
29,50,7,"ر ب ب"
29,50,8,"ق و ل"
29,50,10,"ا ي ي"
29,50,11,"ع ن د"
29,50,12,"ا ل ه"
29,50,15,"ن ذ ر"
29,50,16,"ب ي ن"
29,51,2,"ك ف ي"
29,51,4,"ن ز ل"
29,51,6,"ك ت ب"
29,51,7,"ت ل و"
29,51,12,"ر ح م"
29,51,13,"ذ ك ر"
29,51,14,"ق و م"
29,51,15,"ا م ن"
29,52,1,"ق و ل"
29,52,2,"ك ف ي"
29,52,3,"ا ل ه"
29,52,4,"ب ي ن"
29,52,5,"ب ي ن"
29,52,6,"ش ه د"
29,52,7,"ع ل م"
29,52,10,"س م و"
29,52,11,"ا ر ض"
29,52,12,"ٱلَّذِى"
29,52,13,"ا م ن"
29,52,14,"ب ط ل"
29,52,15,"ك ف ر"
29,52,16,"ا ل ه"
29,52,19,"خ س ر"
29,53,1,"ع ج ل"
29,53,2,"ع ذ ب"
29,53,4,"ا ج ل"
29,53,5,"س م و"
29,53,6,"ج ي ا"
29,53,7,"ع ذ ب"
29,53,8,"ا ت ي"
29,53,9,"ب غ ت"
29,53,12,"ش ع ر"
29,54,1,"ع ج ل"
29,54,2,"ع ذ ب"
29,54,5,"ح و ط"
29,54,6,"ك ف ر"
29,55,1,"ي و م"
29,55,2,"غ ش و"
29,55,3,"ع ذ ب"
29,55,5,"ف و ق"
29,55,7,"ت ح ت"
29,55,8,"ر ج ل"
29,55,9,"ق و ل"
29,55,10,"ذ و ق"
29,55,12,"ك و ن"
29,55,13,"ع م ل"
29,56,1,"ع ب د"
29,56,2,"ٱلَّذِى"
29,56,3,"ا م ن"
29,56,5,"ا ر ض"
29,56,6,"و س ع"
29,56,8,"ع ب د"
29,57,1,"ك ل ل"
29,57,2,"ن ف س"
29,57,3,"ذ و ق"
29,57,4,"م و ت"
29,57,6,"إِلَىٰ"
29,57,7,"ر ج ع"
29,58,1,"ٱلَّذِى"
29,58,2,"ا م ن"
29,58,3,"ع م ل"
29,58,4,"ص ل ح"
29,58,5,"ب و ا"
29,58,7,"ج ن ن"
29,58,8,"غ ر ف"
29,58,9,"ج ر ي"
29,58,11,"ت ح ت"
29,58,12,"ن ه ر"
29,58,13,"خ ل د"
29,58,15,"ن ع م"
29,58,16,"ا ج ر"
29,58,17,"ع م ل"
29,59,1,"ٱلَّذِى"
29,59,2,"ص ب ر"
29,59,4,"ر ب ب"
29,59,5,"و ك ل"
29,60,3,"د ب ب"
29,60,5,"ح م ل"
29,60,6,"ر ز ق"
29,60,7,"ا ل ه"
29,60,8,"ر ز ق"
29,60,11,"س م ع"
29,60,12,"ع ل م"
29,61,2,"س ا ل"
29,61,4,"خ ل ق"
29,61,5,"س م و"
29,61,6,"ا ر ض"
29,61,7,"س خ ر"
29,61,8,"ش م س"
29,61,9,"ق م ر"
29,61,10,"ق و ل"
29,61,11,"ا ل ه"
29,61,12,"ا ن ي"
29,61,13,"ا ف ك"
29,62,1,"ا ل ه"
29,62,2,"ب س ط"
29,62,3,"ر ز ق"
29,62,5,"ش ي ا"
29,62,7,"ع ب د"
29,62,8,"ق د ر"
29,62,11,"ا ل ه"
29,62,12,"ك ل ل"
29,62,13,"ش ي ا"
29,62,14,"ع ل م"
29,63,2,"س ا ل"
29,63,4,"ن ز ل"
29,63,6,"س م و"
29,63,7,"م و ه"
29,63,8,"ح ي ي"
29,63,10,"ا ر ض"
29,63,12,"ب ع د"
29,63,13,"م و ت"
29,63,14,"ق و ل"
29,63,15,"ا ل ه"
29,63,16,"ق و ل"
29,63,17,"ح م د"
29,63,18,"ا ل ه"
29,63,20,"ك ث ر"
29,63,22,"ع ق ل"
29,64,3,"ح ي ي"
29,64,4,"د ن و"
29,64,5,"إِلَّا"
29,64,6,"ل ه و"
29,64,7,"ل ع ب"
29,64,9,"د و ر"
29,64,10,"ا خ ر"
29,64,12,"ح ي ي"
29,64,14,"ك و ن"
29,64,15,"ع ل م"
29,65,1,"إِذَا"
29,65,2,"ر ك ب"
29,65,4,"ف ل ك"
29,65,5,"د ع و"
29,65,6,"ا ل ه"
29,65,7,"خ ل ص"
29,65,9,"د ي ن"
29,65,11,"ن ج و"
29,65,12,"إِلَىٰ"
29,65,13,"ب ر ر"
29,65,16,"ش ر ك"
29,66,1,"ك ف ر"
29,66,3,"ا ت ي"
29,66,4,"م ت ع"
29,66,6,"ع ل م"
29,67,2,"ر ا ي"
29,67,4,"ج ع ل"
29,67,5,"ح ر م"
29,67,6,"ا م ن"
29,67,7,"خ ط ف"
29,67,8,"ن و س"
29,67,10,"ح و ل"
29,67,11,"ب ط ل"
29,67,12,"ا م ن"
29,67,13,"ن ع م"
29,67,14,"ا ل ه"
29,67,15,"ك ف ر"
29,68,2,"ظ ل م"
29,68,4,"ف ر ي"
29,68,6,"ا ل ه"
29,68,7,"ك ذ ب"
29,68,9,"ك ذ ب"
29,68,10,"ح ق ق"
29,68,12,"ج ي ا"
29,68,13,"ل ي س"
29,68,16,"ث و ي"
29,68,17,"ك ف ر"
29,69,1,"ٱلَّذِى"
29,69,2,"ج ه د"
29,69,4,"ه د ي"
29,69,5,"س ب ل"
29,69,7,"ا ل ه"
29,69,9,"ح س ن"
30,2,1,"غ ل ب"
30,3,2,"د ن و"
30,3,3,"ا ر ض"
30,3,6,"ب ع د"
30,3,7,"غ ل ب"
30,3,8,"غ ل ب"
30,4,2,"ب ض ع"
30,4,3,"س ن و"
30,4,4,"ا ل ه"
30,4,5,"ا م ر"
30,4,7,"ق ب ل"
30,4,9,"ب ع د"
30,4,11,"ف ر ح"
30,4,12,"ا م ن"
30,5,1,"ن ص ر"
30,5,2,"ا ل ه"
30,5,3,"ن ص ر"
30,5,5,"ش ي ا"
30,5,7,"ع ز ز"
30,5,8,"ر ح م"
30,6,1,"و ع د"
30,6,2,"ا ل ه"
30,6,4,"خ ل ف"
30,6,5,"ا ل ه"
30,6,6,"و ع د"
30,6,8,"ك ث ر"
30,6,9,"ن و س"
30,6,11,"ع ل م"
30,7,1,"ع ل م"
30,7,2,"ظ ه ر"
30,7,4,"ح ي ي"
30,7,5,"د ن و"
30,7,8,"ا خ ر"
30,7,10,"غ ف ل"
30,8,2,"ف ك ر"
30,8,4,"ن ف س"
30,8,6,"خ ل ق"
30,8,7,"ا ل ه"
30,8,8,"س م و"
30,8,9,"ا ر ض"
30,8,11,"ب ي ن"
30,8,12,"إِلَّا"
30,8,13,"ح ق ق"
30,8,14,"ا ج ل"
30,8,15,"س م و"
30,8,17,"ك ث ر"
30,8,19,"ن و س"
30,8,20,"ل ق ي"
30,8,21,"ر ب ب"
30,8,22,"ك ف ر"
30,9,2,"س ي ر"
30,9,4,"ا ر ض"
30,9,5,"ن ظ ر"
30,9,6,"ك ي ف"
30,9,7,"ك و ن"
30,9,8,"ع ق ب"
30,9,9,"ٱلَّذِى"
30,9,11,"ق ب ل"
30,9,12,"ك و ن"
30,9,13,"ش د د"
30,9,15,"ق و ي"
30,9,16,"ث و ر"
30,9,17,"ا ر ض"
30,9,18,"ع م ر"
30,9,19,"ك ث ر"
30,9,21,"ع م ر"
30,9,22,"ج ي ا"
30,9,23,"ر س ل"
30,9,24,"ب ي ن"
30,9,26,"ك و ن"
30,9,27,"ا ل ه"
30,9,28,"ظ ل م"
30,9,30,"ك و ن"
30,9,31,"ن ف س"
30,9,32,"ظ ل م"
30,10,2,"ك و ن"
30,10,3,"ع ق ب"
30,10,4,"ٱلَّذِى"
30,10,5,"س و ا"
30,10,6,"س و ا"
30,10,8,"ك ذ ب"
30,10,9,"ا ي ي"
30,10,10,"ا ل ه"
30,10,11,"ك و ن"
30,10,13,"ه ز ا"
30,11,1,"ا ل ه"
30,11,2,"ب د ا"
30,11,3,"خ ل ق"
30,11,5,"ع و د"
30,11,7,"إِلَىٰ"
30,11,8,"ر ج ع"
30,12,1,"ي و م"
30,12,2,"ق و م"
30,12,3,"س و ع"
30,12,4,"ب ل س"
30,12,5,"ج ر م"
30,13,2,"ك و ن"
30,13,5,"ش ر ك"
30,13,6,"ش ف ع"
30,13,7,"ك و ن"
30,13,8,"ش ر ك"
30,13,9,"ك ف ر"
30,14,1,"ي و م"
30,14,2,"ق و م"
30,14,3,"س و ع"
30,14,5,"ف ر ق"
30,15,1,"أَمَّا"
30,15,2,"ٱلَّذِى"
30,15,3,"ا م ن"
30,15,4,"ع م ل"
30,15,5,"ص ل ح"
30,15,8,"ر و ض"
30,15,9,"ح ب ر"
30,16,1,"أَمَّا"
30,16,2,"ٱلَّذِى"
30,16,3,"ك ف ر"
30,16,4,"ك ذ ب"
30,16,5,"ا ي ي"
30,16,6,"ل ق ي"
30,16,7,"ا خ ر"
30,16,10,"ع ذ ب"
30,16,11,"ح ض ر"
30,17,1,"س ب ح"
30,17,2,"ا ل ه"
30,17,3,"ح ي ن"
30,17,4,"م س و"
30,17,5,"ح ي ن"
30,17,6,"ص ب ح"
30,18,2,"ح م د"
30,18,4,"س م و"
30,18,5,"ا ر ض"
30,18,6,"ع ش و"
30,18,7,"ح ي ن"
30,18,8,"ظ ه ر"
30,19,1,"خ ر ج"
30,19,2,"ح ي ي"
30,19,4,"م و ت"
30,19,5,"خ ر ج"
30,19,6,"م و ت"
30,19,8,"ح ي ي"
30,19,9,"ح ي ي"
30,19,10,"ا ر ض"
30,19,11,"ب ع د"
30,19,12,"م و ت"
30,19,14,"خ ر ج"
30,20,2,"ا ي ي"
30,20,4,"خ ل ق"
30,20,6,"ت ر ب"
30,20,8,"إِذَا"
30,20,10,"ب ش ر"
30,20,11,"ن ش ر"
30,21,2,"ا ي ي"
30,21,4,"خ ل ق"
30,21,7,"ن ف س"
30,21,8,"ز و ج"
30,21,9,"س ك ن"
30,21,10,"إِلَىٰ"
30,21,11,"ج ع ل"
30,21,12,"ب ي ن"
30,21,13,"و د د"
30,21,14,"ر ح م"
30,21,18,"ا ي ي"
30,21,19,"ق و م"
30,21,20,"ف ك ر"
30,22,2,"ا ي ي"
30,22,3,"خ ل ق"
30,22,4,"س م و"
30,22,5,"ا ر ض"
30,22,6,"خ ل ف"
30,22,7,"ل س ن"
30,22,8,"ل و ن"
30,22,12,"ا ي ي"
30,22,13,"ع ل م"
30,23,2,"ا ي ي"
30,23,3,"ن و م"
30,23,4,"ل ي ل"
30,23,5,"ن ه ر"
30,23,6,"ب غ ي"
30,23,8,"ف ض ل"
30,23,12,"ا ي ي"
30,23,13,"ق و م"
30,23,14,"س م ع"
30,24,2,"ا ي ي"
30,24,3,"ر ا ي"
30,24,4,"ب ر ق"
30,24,5,"خ و ف"
30,24,6,"ط م ع"
30,24,7,"ن ز ل"
30,24,9,"س م و"
30,24,10,"م و ه"
30,24,11,"ح ي ي"
30,24,13,"ا ر ض"
30,24,14,"ب ع د"
30,24,15,"م و ت"
30,24,19,"ا ي ي"
30,24,20,"ق و م"
30,24,21,"ع ق ل"
30,25,2,"ا ي ي"
30,25,4,"ق و م"
30,25,5,"س م و"
30,25,6,"ا ر ض"
30,25,7,"ا م ر"
30,25,9,"إِذَا"
30,25,10,"د ع و"
30,25,11,"د ع و"
30,25,13,"ا ر ض"
30,25,16,"خ ر ج"
30,26,4,"س م و"
30,26,5,"ا ر ض"
30,26,6,"ك ل ل"
30,26,8,"ق ن ت"
30,27,2,"ٱلَّذِى"
30,27,3,"ب د ا"
30,27,4,"خ ل ق"
30,27,6,"ع و د"
30,27,8,"ه و ن"
30,27,11,"م ث ل"
30,27,12,"ع ل و"
30,27,14,"س م و"
30,27,15,"ا ر ض"
30,27,17,"ع ز ز"
30,27,18,"ح ك م"
30,28,1,"ض ر ب"
30,28,3,"م ث ل"
30,28,5,"ن ف س"
30,28,10,"م ل ك"
30,28,11,"ي م ن"
30,28,13,"ش ر ك"
30,28,16,"ر ز ق"
30,28,19,"س و ي"
30,28,20,"خ و ف"
30,28,21,"خ و ف"
30,28,22,"ن ف س"
30,28,24,"ف ص ل"
30,28,25,"ا ي ي"
30,28,26,"ق و م"
30,28,27,"ع ق ل"
30,29,2,"ت ب ع"
30,29,3,"ٱلَّذِى"
30,29,4,"ظ ل م"
30,29,5,"ه و ي"
30,29,6,"غ ي ر"
30,29,7,"ع ل م"
30,29,9,"ه د ي"
30,29,11,"ض ل ل"
30,29,12,"ا ل ه"
30,29,16,"ن ص ر"
30,30,1,"ق و م"
30,30,2,"و ج ه"
30,30,3,"د ي ن"
30,30,4,"ح ن ف"
30,30,5,"ف ط ر"
30,30,6,"ا ل ه"
30,30,7,"ٱلَّذِى"
30,30,8,"ف ط ر"
30,30,9,"ن و س"
30,30,12,"ب د ل"
30,30,13,"خ ل ق"
30,30,14,"ا ل ه"
30,30,16,"د ي ن"
30,30,17,"ق و م"
30,30,19,"ك ث ر"
30,30,20,"ن و س"
30,30,22,"ع ل م"
30,31,1,"ن و ب"
30,31,2,"إِلَىٰ"
30,31,3,"و ق ي"
30,31,4,"ق و م"
30,31,5,"ص ل و"
30,31,7,"ك و ن"
30,31,9,"ش ر ك"
30,32,2,"ٱلَّذِى"
30,32,3,"ف ر ق"
30,32,4,"د ي ن"
30,32,5,"ك و ن"
30,32,6,"ش ي ع"
30,32,7,"ك ل ل"
30,32,8,"ح ز ب"
30,32,11,"ف ر ح"
30,33,1,"إِذَا"
30,33,2,"م س س"
30,33,3,"ن و س"
30,33,4,"ض ر ر"
30,33,5,"د ع و"
30,33,6,"ر ب ب"
30,33,7,"ن و ب"
30,33,8,"إِلَىٰ"
30,33,10,"إِذَا"
30,33,11,"ذ و ق"
30,33,13,"ر ح م"
30,33,14,"إِذَا"
30,33,15,"ف ر ق"
30,33,17,"ر ب ب"
30,33,18,"ش ر ك"
30,34,1,"ك ف ر"
30,34,3,"ا ت ي"
30,34,4,"م ت ع"
30,34,6,"ع ل م"
30,35,1,"أَم"
30,35,2,"ن ز ل"
30,35,4,"س ل ط"
30,35,6,"ك ل م"
30,35,8,"ك و ن"
30,35,10,"ش ر ك"
30,36,1,"إِذَا"
30,36,2,"ذ و ق"
30,36,3,"ن و س"
30,36,4,"ر ح م"
30,36,5,"ف ر ح"
30,36,8,"ص و ب"
30,36,9,"س و ا"
30,36,11,"ق د م"
30,36,12,"ي د ي"
30,36,15,"ق ن ط"
30,37,2,"ر ا ي"
30,37,4,"ا ل ه"
30,37,5,"ب س ط"
30,37,6,"ر ز ق"
30,37,8,"ش ي ا"
30,37,9,"ق د ر"
30,37,13,"ا ي ي"
30,37,14,"ق و م"
30,37,15,"ا م ن"
30,38,1,"ا ت ي"
30,38,3,"ق ر ب"
30,38,4,"ح ق ق"
30,38,5,"س ك ن"
30,38,6,"ب ن ي"
30,38,7,"س ب ل"
30,38,9,"خ ي ر"
30,38,10,"ٱلَّذِى"
30,38,11,"ر و د"
30,38,12,"و ج ه"
30,38,13,"ا ل ه"
30,38,16,"ف ل ح"
30,39,2,"ا ت ي"
30,39,4,"ر ب و"
30,39,5,"ر ب و"
30,39,7,"م و ل"
30,39,8,"ن و س"
30,39,10,"ر ب و"
30,39,11,"ع ن د"
30,39,12,"ا ل ه"
30,39,14,"ا ت ي"
30,39,16,"ز ك و"
30,39,17,"ر و د"
30,39,18,"و ج ه"
30,39,19,"ا ل ه"
30,39,22,"ض ع ف"
30,40,1,"ا ل ه"
30,40,2,"ٱلَّذِى"
30,40,3,"خ ل ق"
30,40,5,"ر ز ق"
30,40,7,"م و ت"
30,40,9,"ح ي ي"
30,40,12,"ش ر ك"
30,40,14,"ف ع ل"
30,40,18,"ش ي ا"
30,40,19,"س ب ح"
30,40,20,"ع ل و"
30,40,22,"ش ر ك"
30,41,1,"ظ ه ر"
30,41,2,"ف س د"
30,41,4,"ب ر ر"
30,41,5,"ب ح ر"
30,41,7,"ك س ب"
30,41,8,"ي د ي"
30,41,9,"ن و س"
30,41,10,"ذ و ق"
30,41,11,"ب ع ض"
30,41,12,"ٱلَّذِى"
30,41,13,"ع م ل"
30,41,15,"ر ج ع"
30,42,1,"ق و ل"
30,42,2,"س ي ر"
30,42,4,"ا ر ض"
30,42,5,"ن ظ ر"
30,42,6,"ك ي ف"
30,42,7,"ك و ن"
30,42,8,"ع ق ب"
30,42,9,"ٱلَّذِى"
30,42,11,"ق ب ل"
30,42,12,"ك و ن"
30,42,13,"ك ث ر"
30,42,14,"ش ر ك"
30,43,1,"ق و م"
30,43,2,"و ج ه"
30,43,3,"د ي ن"
30,43,4,"ق و م"
30,43,6,"ق ب ل"
30,43,8,"ا ت ي"
30,43,9,"ي و م"
30,43,11,"ر د د"
30,43,14,"ا ل ه"
30,43,16,"ص د ع"
30,44,2,"ك ف ر"
30,44,4,"ك ف ر"
30,44,6,"ع م ل"
30,44,7,"ص ل ح"
30,44,8,"ن ف س"
30,44,9,"م ه د"
30,45,1,"ج ز ي"
30,45,2,"ٱلَّذِى"
30,45,3,"ا م ن"
30,45,4,"ع م ل"
30,45,5,"ص ل ح"
30,45,7,"ف ض ل"
30,45,10,"ح ب ب"
30,45,11,"ك ف ر"
30,46,2,"ا ي ي"
30,46,4,"ر س ل"
30,46,5,"ر و ح"
30,46,6,"ب ش ر"
30,46,7,"ذ و ق"
30,46,9,"ر ح م"
30,46,10,"ج ر ي"
30,46,11,"ف ل ك"
30,46,12,"ا م ر"
30,46,13,"ب غ ي"
30,46,15,"ف ض ل"
30,46,17,"ش ك ر"
30,47,2,"ر س ل"
30,47,4,"ق ب ل"
30,47,5,"ر س ل"
30,47,6,"إِلَىٰ"
30,47,7,"ق و م"
30,47,8,"ج ي ا"
30,47,9,"ب ي ن"
30,47,10,"ن ق م"
30,47,12,"ٱلَّذِى"
30,47,13,"ج ر م"
30,47,14,"ك و ن"
30,47,15,"ح ق ق"
30,47,17,"ن ص ر"
30,47,18,"ا م ن"
30,48,1,"ا ل ه"
30,48,2,"ٱلَّذِى"
30,48,3,"ر س ل"
30,48,4,"ر و ح"
30,48,5,"ث و ر"
30,48,6,"س ح ب"
30,48,7,"ب س ط"
30,48,9,"س م و"
30,48,10,"ك ي ف"
30,48,11,"ش ي ا"
30,48,12,"ج ع ل"
30,48,13,"ك س ف"
30,48,14,"ر ا ي"
30,48,15,"و د ق"
30,48,16,"خ ر ج"
30,48,18,"خ ل ل"
30,48,19,"إِذَا"
30,48,20,"ص و ب"
30,48,23,"ش ي ا"
30,48,25,"ع ب د"
30,48,26,"إِذَا"
30,48,28,"ب ش ر"
30,49,2,"ك و ن"
30,49,4,"ق ب ل"
30,49,6,"ن ز ل"
30,49,9,"ق ب ل"
30,49,10,"ب ل س"
30,50,1,"ن ظ ر"
30,50,2,"إِلَىٰ"
30,50,3,"ا ث ر"
30,50,4,"ر ح م"
30,50,5,"ا ل ه"
30,50,6,"ك ي ف"
30,50,7,"ح ي ي"
30,50,8,"ا ر ض"
30,50,9,"ب ع د"
30,50,10,"م و ت"
30,50,13,"ح ي ي"
30,50,14,"م و ت"
30,50,17,"ك ل ل"
30,50,18,"ش ي ا"
30,50,19,"ق د ر"
30,51,2,"ر س ل"
30,51,3,"ر و ح"
30,51,4,"ر ا ي"
30,51,5,"ص ف ر"
30,51,6,"ظ ل ل"
30,51,8,"ب ع د"
30,51,9,"ك ف ر"
30,52,3,"س م ع"
30,52,4,"م و ت"
30,52,6,"س م ع"
30,52,7,"ص م م"
30,52,8,"د ع و"
30,52,9,"إِذَا"
30,52,10,"و ل ي"
30,52,11,"د ب ر"
30,53,3,"ه د ي"
30,53,4,"ع م ي"
30,53,6,"ض ل ل"
30,53,8,"س م ع"
30,53,9,"إِلَّا"
30,53,11,"ا م ن"
30,53,12,"ا ي ي"
30,53,14,"س ل م"
30,54,1,"ا ل ه"
30,54,2,"ٱلَّذِى"
30,54,3,"خ ل ق"
30,54,5,"ض ع ف"
30,54,7,"ج ع ل"
30,54,9,"ب ع د"
30,54,10,"ض ع ف"
30,54,11,"ق و ي"
30,54,13,"ج ع ل"
30,54,15,"ب ع د"
30,54,16,"ق و ي"
30,54,17,"ض ع ف"
30,54,18,"ش ي ب"
30,54,19,"خ ل ق"
30,54,21,"ش ي ا"
30,54,23,"ع ل م"
30,54,24,"ق د ر"
30,55,1,"ي و م"
30,55,2,"ق و م"
30,55,3,"س و ع"
30,55,4,"ق س م"
30,55,5,"ج ر م"
30,55,7,"ل ب ث"
30,55,8,"غ ي ر"
30,55,9,"س و ع"
30,55,11,"ك و ن"
30,55,12,"ا ف ك"
30,56,1,"ق و ل"
30,56,2,"ٱلَّذِى"
30,56,3,"ا ت ي"
30,56,4,"ع ل م"
30,56,5,"ا م ن"
30,56,7,"ل ب ث"
30,56,9,"ك ت ب"
30,56,10,"ا ل ه"
30,56,11,"إِلَىٰ"
30,56,12,"ي و م"
30,56,13,"ب ع ث"
30,56,15,"ي و م"
30,56,16,"ب ع ث"
30,56,18,"ك و ن"
30,56,20,"ع ل م"
30,57,3,"ن ف ع"
30,57,4,"ٱلَّذِى"
30,57,5,"ظ ل م"
30,57,6,"ع ذ ر"
30,57,9,"ع ت ب"
30,58,2,"ض ر ب"
30,58,3,"ن و س"
30,58,6,"ق ر ا"
30,58,8,"ك ل ل"
30,58,9,"م ث ل"
30,58,11,"ج ي ا"
30,58,12,"ا ي ي"
30,58,13,"ق و ل"
30,58,14,"ٱلَّذِى"
30,58,15,"ك ف ر"
30,58,18,"إِلَّا"
30,58,19,"ب ط ل"
30,59,2,"ط ب ع"
30,59,3,"ا ل ه"
30,59,5,"ق ل ب"
30,59,6,"ٱلَّذِى"
30,59,8,"ع ل م"
30,60,1,"ص ب ر"
30,60,3,"و ع د"
30,60,4,"ا ل ه"
30,60,5,"ح ق ق"
30,60,7,"خ ف ف"
30,60,8,"ٱلَّذِى"
30,60,10,"ي ق ن"
31,2,2,"ا ي ي"
31,2,3,"ك ت ب"
31,2,4,"ح ك م"
31,3,1,"ه د ي"
31,3,2,"ر ح م"
31,3,3,"ح س ن"
31,4,1,"ٱلَّذِى"
31,4,2,"ق و م"
31,4,3,"ص ل و"
31,4,4,"ا ت ي"
31,4,5,"ز ك و"
31,4,7,"ا خ ر"
31,4,9,"ي ق ن"
31,5,3,"ه د ي"
31,5,5,"ر ب ب"
31,5,8,"ف ل ح"
31,6,2,"ن و س"
31,6,4,"ش ر ي"
31,6,5,"ل ه و"
31,6,6,"ح د ث"
31,6,7,"ض ل ل"
31,6,9,"س ب ل"
31,6,10,"ا ل ه"
31,6,11,"غ ي ر"
31,6,12,"ع ل م"
31,6,13,"ا خ ذ"
31,6,14,"ه ز ا"
31,6,17,"ع ذ ب"
31,6,18,"ه و ن"
31,7,1,"إِذَا"
31,7,2,"ت ل و"
31,7,4,"ا ي ي"
31,7,5,"و ل ي"
31,7,6,"ك ب ر"
31,7,9,"س م ع"
31,7,12,"ا ذ ن"
31,7,13,"و ق ر"
31,7,14,"ب ش ر"
31,7,15,"ع ذ ب"
31,7,16,"ا ل م"
31,8,2,"ٱلَّذِى"
31,8,3,"ا م ن"
31,8,4,"ع م ل"
31,8,5,"ص ل ح"
31,8,7,"ج ن ن"
31,8,8,"ن ع م"
31,9,1,"خ ل د"
31,9,3,"و ع د"
31,9,4,"ا ل ه"
31,9,5,"ح ق ق"
31,9,7,"ع ز ز"
31,9,8,"ح ك م"
31,10,1,"خ ل ق"
31,10,2,"س م و"
31,10,3,"غ ي ر"
31,10,4,"ع م د"
31,10,5,"ر ا ي"
31,10,6,"ل ق ي"
31,10,8,"ا ر ض"
31,10,9,"ر س و"
31,10,11,"م ي د"
31,10,13,"ب ث ث"
31,10,16,"ك ل ل"
31,10,17,"د ب ب"
31,10,18,"ن ز ل"
31,10,20,"س م و"
31,10,21,"م و ه"
31,10,22,"ن ب ت"
31,10,25,"ك ل ل"
31,10,26,"ز و ج"
31,10,27,"ك ر م"
31,11,2,"خ ل ق"
31,11,3,"ا ل ه"
31,11,4,"ر ا ي"
31,11,6,"خ ل ق"
31,11,7,"ٱلَّذِى"
31,11,9,"د و ن"
31,11,11,"ظ ل م"
31,11,13,"ض ل ل"
31,11,14,"ب ي ن"
31,12,2,"ا ت ي"
31,12,4,"ح ك م"
31,12,6,"ش ك ر"
31,12,7,"ا ل ه"
31,12,9,"ش ك ر"
31,12,11,"ش ك ر"
31,12,12,"ن ف س"
31,12,14,"ك ف ر"
31,12,16,"ا ل ه"
31,12,17,"غ ن ي"
31,12,18,"ح م د"
31,13,1,"إِذ"
31,13,2,"ق و ل"
31,13,4,"ب ن ي"
31,13,6,"و ع ظ"
31,13,7,"ب ن ي"
31,13,9,"ش ر ك"
31,13,10,"ا ل ه"
31,13,12,"ش ر ك"
31,13,13,"ظ ل م"
31,13,14,"ع ظ م"
31,14,1,"و ص ي"
31,14,2,"ا ن س"
31,14,3,"و ل د"
31,14,4,"ح م ل"
31,14,5,"ا م م"
31,14,6,"و ه ن"
31,14,8,"و ه ن"
31,14,9,"ف ص ل"
31,14,11,"ع و م"
31,14,13,"ش ك ر"
31,14,15,"و ل د"
31,14,16,"إِلَىٰ"
31,14,17,"ص ي ر"
31,15,2,"ج ه د"
31,15,5,"ش ر ك"
31,15,8,"ل ي س"
31,15,11,"ع ل م"
31,15,13,"ط و ع"
31,15,14,"ص ح ب"
31,15,16,"د ن و"
31,15,17,"ع ر ف"
31,15,18,"ت ب ع"
31,15,19,"س ب ل"
31,15,21,"ن و ب"
31,15,22,"إِلَىٰ"
31,15,24,"إِلَىٰ"
31,15,25,"ر ج ع"
31,15,26,"ن ب ا"
31,15,28,"ك و ن"
31,15,29,"ع م ل"
31,16,1,"ب ن ي"
31,16,4,"ك و ن"
31,16,5,"ث ق ل"
31,16,6,"ح ب ب"
31,16,8,"خ ر د ل"
31,16,9,"ك و ن"
31,16,11,"ص خ ر"
31,16,14,"س م و"
31,16,17,"ا ر ض"
31,16,18,"ا ت ي"
31,16,20,"ا ل ه"
31,16,22,"ا ل ه"
31,16,23,"ل ط ف"
31,16,24,"خ ب ر"
31,17,1,"ب ن ي"
31,17,2,"ق و م"
31,17,3,"ص ل و"
31,17,4,"ا م ر"
31,17,5,"ع ر ف"
31,17,6,"ن ه ي"
31,17,8,"ن ك ر"
31,17,9,"ص ب ر"
31,17,12,"ص و ب"
31,17,16,"ع ز م"
31,17,17,"ا م ر"
31,18,2,"ص ع ر"
31,18,3,"خ د د"
31,18,4,"ن و س"
31,18,6,"م ش ي"
31,18,8,"ا ر ض"
31,18,9,"م ر ح"
31,18,11,"ا ل ه"
31,18,13,"ح ب ب"
31,18,14,"ك ل ل"
31,18,15,"خ ي ل"
31,18,16,"ف خ ر"
31,19,1,"ق ص د"
31,19,3,"م ش ي"
31,19,4,"غ ض ض"
31,19,6,"ص و ت"
31,19,8,"ن ك ر"
31,19,9,"ص و ت"
31,19,10,"ص و ت"
31,19,11,"ح م ر"
31,20,2,"ر ا ي"
31,20,4,"ا ل ه"
31,20,5,"س خ ر"
31,20,9,"س م و"
31,20,12,"ا ر ض"
31,20,13,"س ب غ"
31,20,15,"ن ع م"
31,20,16,"ظ ه ر"
31,20,17,"ب ط ن"
31,20,19,"ن و س"
31,20,21,"ج د ل"
31,20,23,"ا ل ه"
31,20,24,"غ ي ر"
31,20,25,"ع ل م"
31,20,27,"ه د ي"
31,20,29,"ك ت ب"
31,20,30,"ن و ر"
31,21,1,"إِذَا"
31,21,2,"ق و ل"
31,21,4,"ت ب ع"
31,21,6,"ن ز ل"
31,21,7,"ا ل ه"
31,21,8,"ق و ل"
31,21,10,"ت ب ع"
31,21,12,"و ج د"
31,21,14,"ا ب و"
31,21,16,"ك و ن"
31,21,17,"ش ط ن"
31,21,18,"د ع و"
31,21,19,"إِلَىٰ"
31,21,20,"ع ذ ب"
31,21,21,"س ع ر"
31,22,2,"س ل م"
31,22,3,"و ج ه"
31,22,4,"إِلَىٰ"
31,22,5,"ا ل ه"
31,22,7,"ح س ن"
31,22,9,"م س ك"
31,22,10,"ع ر و"
31,22,11,"و ث ق"
31,22,12,"إِلَىٰ"
31,22,13,"ا ل ه"
31,22,14,"ع ق ب"
31,22,15,"ا م ر"
31,23,2,"ك ف ر"
31,23,4,"ح ز ن"
31,23,5,"ك ف ر"
31,23,6,"إِلَىٰ"
31,23,7,"ر ج ع"
31,23,8,"ن ب ا"
31,23,10,"ع م ل"
31,23,12,"ا ل ه"
31,23,13,"ع ل م"
31,23,15,"ص د ر"
31,24,1,"م ت ع"
31,24,2,"ق ل ل"
31,24,4,"ض ر ر"
31,24,5,"إِلَىٰ"
31,24,6,"ع ذ ب"
31,24,7,"غ ل ظ"
31,25,2,"س ا ل"
31,25,4,"خ ل ق"
31,25,5,"س م و"
31,25,6,"ا ر ض"
31,25,7,"ق و ل"
31,25,8,"ا ل ه"
31,25,9,"ق و ل"
31,25,10,"ح م د"
31,25,11,"ا ل ه"
31,25,13,"ك ث ر"
31,25,15,"ع ل م"
31,26,1,"ا ل ه"
31,26,4,"س م و"
31,26,5,"ا ر ض"
31,26,7,"ا ل ه"
31,26,9,"غ ن ي"
31,26,10,"ح م د"
31,27,4,"ا ر ض"
31,27,6,"ش ج ر"
31,27,7,"ق ل م"
31,27,8,"ب ح ر"
31,27,9,"م د د"
31,27,11,"ب ع د"
31,27,12,"س ب ع"
31,27,13,"ب ح ر"
31,27,15,"ن ف د"
31,27,16,"ك ل م"
31,27,17,"ا ل ه"
31,27,19,"ا ل ه"
31,27,20,"ع ز ز"
31,27,21,"ح ك م"
31,28,2,"خ ل ق"
31,28,4,"ب ع ث"
31,28,5,"إِلَّا"
31,28,6,"ن ف س"
31,28,7,"و ح د"
31,28,9,"ا ل ه"
31,28,10,"س م ع"
31,28,11,"ب ص ر"
31,29,2,"ر ا ي"
31,29,4,"ا ل ه"
31,29,5,"و ل ج"
31,29,6,"ل ي ل"
31,29,8,"ن ه ر"
31,29,9,"و ل ج"
31,29,10,"ن ه ر"
31,29,12,"ل ي ل"
31,29,13,"س خ ر"
31,29,14,"ش م س"
31,29,15,"ق م ر"
31,29,16,"ك ل ل"
31,29,17,"ج ر ي"
31,29,18,"إِلَىٰ"
31,29,19,"ا ج ل"
31,29,20,"س م و"
31,29,22,"ا ل ه"
31,29,24,"ع م ل"
31,29,25,"خ ب ر"
31,30,3,"ا ل ه"
31,30,5,"ح ق ق"
31,30,8,"د ع و"
31,30,10,"د و ن"
31,30,11,"ب ط ل"
31,30,13,"ا ل ه"
31,30,15,"ع ل و"
31,30,16,"ك ب ر"
31,31,2,"ر ا ي"
31,31,4,"ف ل ك"
31,31,5,"ج ر ي"
31,31,7,"ب ح ر"
31,31,8,"ن ع م"
31,31,9,"ا ل ه"
31,31,10,"ر ا ي"
31,31,12,"ا ي ي"
31,31,16,"ا ي ي"
31,31,17,"ك ل ل"
31,31,18,"ص ب ر"
31,31,19,"ش ك ر"
31,32,1,"إِذَا"
31,32,2,"غ ش و"
31,32,3,"م و ج"
31,32,4,"ظ ل ل"
31,32,5,"د ع و"
31,32,6,"ا ل ه"
31,32,7,"خ ل ص"
31,32,9,"د ي ن"
31,32,11,"ن ج و"
31,32,12,"إِلَىٰ"
31,32,13,"ب ر ر"
31,32,15,"ق ص د"
31,32,17,"ج ح د"
31,32,18,"ا ي ي"
31,32,19,"إِلَّا"
31,32,20,"ك ل ل"
31,32,21,"خ ت ر"
31,32,22,"ك ف ر"
31,33,2,"ن و س"
31,33,3,"و ق ي"
31,33,4,"ر ب ب"
31,33,5,"خ ش ي"
31,33,6,"ي و م"
31,33,8,"ج ز ي"
31,33,9,"و ل د"
31,33,11,"و ل د"
31,33,13,"و ل د"
31,33,15,"ج ز ي"
31,33,17,"و ل د"
31,33,18,"ش ي ا"
31,33,20,"و ع د"
31,33,21,"ا ل ه"
31,33,22,"ح ق ق"
31,33,24,"غ ر ر"
31,33,25,"ح ي ي"
31,33,26,"د ن و"
31,33,28,"غ ر ر"
31,33,29,"ا ل ه"
31,33,30,"غ ر ر"
31,34,2,"ا ل ه"
31,34,3,"ع ن د"
31,34,4,"ع ل م"
31,34,5,"س و ع"
31,34,6,"ن ز ل"
31,34,7,"غ ي ث"
31,34,8,"ع ل م"
31,34,11,"ر ح م"
31,34,13,"د ر ي"
31,34,14,"ن ف س"
31,34,16,"ك س ب"
31,34,17,"غ د و"
31,34,19,"د ر ي"
31,34,20,"ن ف س"
31,34,22,"ا ر ض"
31,34,23,"م و ت"
31,34,25,"ا ل ه"
31,34,26,"ع ل م"
31,34,27,"خ ب ر"
32,2,1,"ن ز ل"
32,2,2,"ك ت ب"
32,2,4,"ر ي ب"
32,2,7,"ر ب ب"
32,2,8,"ع ل م"
32,3,1,"أَم"
32,3,2,"ق و ل"
32,3,3,"ف ر ي"
32,3,6,"ح ق ق"
32,3,8,"ر ب ب"
32,3,9,"ن ذ ر"
32,3,10,"ق و م"
32,3,12,"ا ت ي"
32,3,14,"ن ذ ر"
32,3,16,"ق ب ل"
32,3,18,"ه د ي"
32,4,1,"ا ل ه"
32,4,2,"ٱلَّذِى"
32,4,3,"خ ل ق"
32,4,4,"س م و"
32,4,5,"ا ر ض"
32,4,7,"ب ي ن"
32,4,9,"س ت ت"
32,4,10,"ي و م"
32,4,12,"س و ي"
32,4,14,"ع ر ش"
32,4,18,"د و ن"
32,4,20,"و ل ي"
32,4,22,"ش ف ع"
32,4,24,"ذ ك ر"
32,5,1,"د ب ر"
32,5,2,"ا م ر"
32,5,4,"س م و"
32,5,5,"إِلَىٰ"
32,5,6,"ا ر ض"
32,5,8,"ع ر ج"
32,5,9,"إِلَىٰ"
32,5,11,"ي و م"
32,5,12,"ك و ن"
32,5,13,"ق د ر"
32,5,14,"ا ل ف"
32,5,15,"س ن و"
32,5,17,"ع د د"
32,6,2,"ع ل م"
32,6,3,"غ ي ب"
32,6,4,"ش ه د"
32,6,5,"ع ز ز"
32,6,6,"ر ح م"
32,7,1,"ٱلَّذِى"
32,7,2,"ح س ن"
32,7,3,"ك ل ل"
32,7,4,"ش ي ا"
32,7,5,"خ ل ق"
32,7,6,"ب د ا"
32,7,7,"خ ل ق"
32,7,8,"ا ن س"
32,7,10,"ط ي ن"
32,8,2,"ج ع ل"
32,8,3,"ن س ل"
32,8,5,"س ل ل"
32,8,7,"م و ه"
32,8,8,"م ه ن"
32,9,2,"س و ي"
32,9,3,"ن ف خ"
32,9,6,"ر و ح"
32,9,7,"ج ع ل"
32,9,9,"س م ع"
32,9,10,"ب ص ر"
32,9,11,"ف ا د"
32,9,12,"ق ل ل"
32,9,14,"ش ك ر"
32,10,1,"ق و ل"
32,10,2,"إِذَا"
32,10,3,"ض ل ل"
32,10,5,"ا ر ض"
32,10,8,"خ ل ق"
32,10,9,"ج د د"
32,10,12,"ل ق ي"
32,10,13,"ر ب ب"
32,10,14,"ك ف ر"
32,11,1,"ق و ل"
32,11,2,"و ف ي"
32,11,3,"م ل ك"
32,11,4,"م و ت"
32,11,5,"ٱلَّذِى"
32,11,6,"و ك ل"
32,11,9,"إِلَىٰ"
32,11,10,"ر ب ب"
32,11,11,"ر ج ع"
32,12,2,"ر ا ي"
32,12,3,"إِذ"
32,12,4,"ج ر م"
32,12,5,"ن ك س"
32,12,6,"ر ا س"
32,12,7,"ع ن د"
32,12,8,"ر ب ب"
32,12,9,"ر ب ب"
32,12,10,"ب ص ر"
32,12,11,"س م ع"
32,12,12,"ر ج ع"
32,12,13,"ع م ل"
32,12,14,"ص ل ح"
32,12,16,"ي ق ن"
32,13,2,"ش ي ا"
32,13,3,"ا ت ي"
32,13,4,"ك ل ل"
32,13,5,"ن ف س"
32,13,6,"ه د ي"
32,13,8,"ح ق ق"
32,13,9,"ق و ل"
32,13,11,"م ل ا"
32,13,14,"ج ن ن"
32,13,15,"ن و س"
32,13,16,"ج م ع"
32,14,1,"ذ و ق"
32,14,3,"ن س ي"
32,14,4,"ل ق ي"
32,14,5,"ي و م"
32,14,8,"ن س ي"
32,14,9,"ذ و ق"
32,14,10,"ع ذ ب"
32,14,11,"خ ل د"
32,14,13,"ك و ن"
32,14,14,"ع م ل"
32,15,2,"ا م ن"
32,15,3,"ا ي ي"
32,15,4,"ٱلَّذِى"
32,15,5,"إِذَا"
32,15,6,"ذ ك ر"
32,15,8,"خ ر ر"
32,15,9,"س ج د"
32,15,10,"س ب ح"
32,15,11,"ح م د"
32,15,12,"ر ب ب"
32,15,15,"ك ب ر"
32,16,1,"ج ف و"
32,16,2,"ج ن ب"
32,16,4,"ض ج ع"
32,16,5,"د ع و"
32,16,6,"ر ب ب"
32,16,7,"خ و ف"
32,16,8,"ط م ع"
32,16,10,"ر ز ق"
32,16,11,"ن ف ق"
32,17,2,"ع ل م"
32,17,3,"ن ف س"
32,17,5,"خ ف ي"
32,17,8,"ق ر ر"
32,17,9,"ع ي ن"
32,17,10,"ج ز ي"
32,17,12,"ك و ن"
32,17,13,"ع م ل"
32,18,2,"ك و ن"
32,18,3,"ا م ن"
32,18,5,"ك و ن"
32,18,6,"ف س ق"
32,18,8,"س و ي"
32,19,1,"أَمَّا"
32,19,2,"ٱلَّذِى"
32,19,3,"ا م ن"
32,19,4,"ع م ل"
32,19,5,"ص ل ح"
32,19,7,"ج ن ن"
32,19,8,"ا و ي"
32,19,9,"ن ز ل"
32,19,11,"ك و ن"
32,19,12,"ع م ل"
32,20,1,"أَمَّا"
32,20,2,"ٱلَّذِى"
32,20,3,"ف س ق"
32,20,4,"ا و ي"
32,20,5,"ن و ر"
32,20,6,"ك ل ل"
32,20,7,"ر و د"
32,20,9,"خ ر ج"
32,20,11,"ع و د"
32,20,13,"ق و ل"
32,20,15,"ذ و ق"
32,20,16,"ع ذ ب"
32,20,17,"ن و ر"
32,20,18,"ٱلَّذِى"
32,20,19,"ك و ن"
32,20,21,"ك ذ ب"
32,21,1,"ذ و ق"
32,21,3,"ع ذ ب"
32,21,4,"د ن و"
32,21,5,"د و ن"
32,21,6,"ع ذ ب"
32,21,7,"ك ب ر"
32,21,9,"ر ج ع"
32,22,2,"ظ ل م"
32,22,4,"ذ ك ر"
32,22,5,"ا ي ي"
32,22,6,"ر ب ب"
32,22,8,"ع ر ض"
32,22,12,"ج ر م"
32,22,13,"ن ق م"
32,23,2,"ا ت ي"
32,23,4,"ك ت ب"
32,23,6,"ك و ن"
32,23,8,"م ر ي"
32,23,10,"ل ق ي"
32,23,11,"ج ع ل"
32,23,12,"ه د ي"
32,23,13,"ب ن ي"
32,23,14,"إِسْرَائِيل"
32,24,1,"ج ع ل"
32,24,3,"ا م م"
32,24,4,"ه د ي"
32,24,5,"ا م ر"
32,24,7,"ص ب ر"
32,24,8,"ك و ن"
32,24,9,"ا ي ي"
32,24,10,"ي ق ن"
32,25,2,"ر ب ب"
32,25,4,"ف ص ل"
32,25,5,"ب ي ن"
32,25,6,"ي و م"
32,25,7,"ق و م"
32,25,9,"ك و ن"
32,25,11,"خ ل ف"
32,26,2,"ه د ي"
32,26,5,"ه ل ك"
32,26,7,"ق ب ل"
32,26,9,"ق ر ن"
32,26,10,"م ش ي"
32,26,12,"س ك ن"
32,26,16,"ا ي ي"
32,26,18,"س م ع"
32,27,2,"ر ا ي"
32,27,4,"س و ق"
32,27,5,"م و ه"
32,27,6,"إِلَىٰ"
32,27,7,"ا ر ض"
32,27,8,"ج ر ز"
32,27,9,"خ ر ج"
32,27,11,"ز ر ع"
32,27,12,"ا ك ل"
32,27,14,"ن ع م"
32,27,15,"ن ف س"
32,27,17,"ب ص ر"
32,28,1,"ق و ل"
32,28,4,"ف ت ح"
32,28,6,"ك و ن"
32,28,7,"ص د ق"
32,29,1,"ق و ل"
32,29,2,"ي و م"
32,29,3,"ف ت ح"
32,29,5,"ن ف ع"
32,29,6,"ٱلَّذِى"
32,29,7,"ك ف ر"
32,29,8,"ا م ن"
32,29,11,"ن ظ ر"
32,30,1,"ع ر ض"
32,30,3,"ن ظ ر"
32,30,5,"ن ظ ر"
33,1,2,"ن ب ا"
33,1,3,"و ق ي"
33,1,4,"ا ل ه"
33,1,6,"ط و ع"
33,1,7,"ك ف ر"
33,1,8,"ن ف ق"
33,1,10,"ا ل ه"
33,1,11,"ك و ن"
33,1,12,"ع ل م"
33,1,13,"ح ك م"
33,2,1,"ت ب ع"
33,2,3,"و ح ي"
33,2,4,"إِلَىٰ"
33,2,6,"ر ب ب"
33,2,8,"ا ل ه"
33,2,9,"ك و ن"
33,2,11,"ع م ل"
33,2,12,"خ ب ر"
33,3,1,"و ك ل"
33,3,3,"ا ل ه"
33,3,4,"ك ف ي"
33,3,5,"ا ل ه"
33,3,6,"و ك ل"
33,4,2,"ج ع ل"
33,4,3,"ا ل ه"
33,4,4,"ر ج ل"
33,4,6,"ق ل ب"
33,4,8,"ج و ف"
33,4,10,"ج ع ل"
33,4,11,"ز و ج"
33,4,13,"ظ ه ر"
33,4,15,"ا م م"
33,4,17,"ج ع ل"
33,4,18,"د ع و"
33,4,19,"ب ن ي"
33,4,21,"ق و ل"
33,4,22,"ف و ه"
33,4,23,"ا ل ه"
33,4,24,"ق و ل"
33,4,25,"ح ق ق"
33,4,27,"ه د ي"
33,4,28,"س ب ل"
33,5,1,"د ع و"
33,5,2,"ا ب و"
33,5,4,"ق س ط"
33,5,5,"ع ن د"
33,5,6,"ا ل ه"
33,5,9,"ع ل م"
33,5,10,"ا ب و"
33,5,11,"ا خ و"
33,5,13,"د ي ن"
33,5,14,"و ل ي"
33,5,15,"ل ي س"
33,5,17,"ج ن ح"
33,5,19,"خ ط ا"
33,5,23,"ع م د"
33,5,24,"ق ل ب"
33,5,25,"ك و ن"
33,5,26,"ا ل ه"
33,5,27,"غ ف ر"
33,5,28,"ر ح م"
33,6,1,"ن ب ا"
33,6,2,"و ل ي"
33,6,3,"ا م ن"
33,6,5,"ن ف س"
33,6,6,"ز و ج"
33,6,7,"ا م م"
33,6,8,"ا و ل"
33,6,9,"ر ح م"
33,6,10,"ب ع ض"
33,6,11,"و ل ي"
33,6,12,"ب ع ض"
33,6,14,"ك ت ب"
33,6,15,"ا ل ه"
33,6,17,"ا م ن"
33,6,18,"ه ج ر"
33,6,19,"إِلَّا"
33,6,21,"ف ع ل"
33,6,22,"إِلَىٰ"
33,6,23,"و ل ي"
33,6,24,"ع ر ف"
33,6,25,"ك و ن"
33,6,28,"ك ت ب"
33,6,29,"س ط ر"
33,7,1,"إِذ"
33,7,2,"ا خ ذ"
33,7,4,"ن ب ا"
33,7,5,"و ث ق"
33,7,9,"إِبْرَاهِيم"
33,7,12,"ب ن ي"
33,7,14,"ا خ ذ"
33,7,16,"و ث ق"
33,7,17,"غ ل ظ"
33,8,1,"س ا ل"
33,8,2,"ص د ق"
33,8,4,"ص د ق"
33,8,5,"ع د د"
33,8,6,"ك ف ر"
33,8,7,"ع ذ ب"
33,8,8,"ا ل م"
33,9,2,"ٱلَّذِى"
33,9,3,"ا م ن"
33,9,4,"ذ ك ر"
33,9,5,"ن ع م"
33,9,6,"ا ل ه"
33,9,8,"إِذ"
33,9,9,"ج ي ا"
33,9,10,"ج ن د"
33,9,11,"ر س ل"
33,9,13,"ر و ح"
33,9,14,"ج ن د"
33,9,16,"ر ا ي"
33,9,17,"ك و ن"
33,9,18,"ا ل ه"
33,9,20,"ع م ل"
33,9,21,"ب ص ر"
33,10,1,"إِذ"
33,10,2,"ج ي ا"
33,10,4,"ف و ق"
33,10,6,"س ف ل"
33,10,8,"إِذ"
33,10,9,"ز ي غ"
33,10,10,"ب ص ر"
33,10,11,"ب ل غ"
33,10,12,"ق ل ب"
33,10,13,"ح ن ج ر"
33,10,14,"ظ ن ن"
33,10,15,"ا ل ه"
33,10,16,"ظ ن ن"
33,11,2,"ب ل و"
33,11,3,"ا م ن"
33,11,4,"ز ل ز ل"
33,11,5,"ز ل ز ل"
33,11,6,"ش د د"
33,12,1,"إِذ"
33,12,2,"ق و ل"
33,12,3,"ن ف ق"
33,12,4,"ٱلَّذِى"
33,12,6,"ق ل ب"
33,12,7,"م ر ض"
33,12,9,"و ع د"
33,12,10,"ا ل ه"
33,12,11,"ر س ل"
33,12,12,"إِلَّا"
33,12,13,"غ ر ر"
33,13,1,"إِذ"
33,13,2,"ق و ل"
33,13,3,"ط و ف"
33,13,5,"ا ه ل"
33,13,8,"ق و م"
33,13,10,"ر ج ع"
33,13,11,"ا ذ ن"
33,13,12,"ف ر ق"
33,13,14,"ن ب ا"
33,13,15,"ق و ل"
33,13,17,"ب ي ت"
33,13,18,"ع و ر"
33,13,21,"ع و ر"
33,13,23,"ر و د"
33,13,24,"إِلَّا"
33,13,25,"ف ر ر"
33,14,2,"د خ ل"
33,14,5,"ق ط ر"
33,14,7,"س ا ل"
33,14,8,"ف ت ن"
33,14,9,"ا ت ي"
33,14,11,"ل ب ث"
33,14,13,"إِلَّا"
33,14,14,"ي س ر"
33,15,2,"ك و ن"
33,15,3,"ع ه د"
33,15,4,"ا ل ه"
33,15,6,"ق ب ل"
33,15,8,"و ل ي"
33,15,9,"د ب ر"
33,15,10,"ك و ن"
33,15,11,"ع ه د"
33,15,12,"ا ل ه"
33,15,13,"س ا ل"
33,16,1,"ق و ل"
33,16,3,"ن ف ع"
33,16,4,"ف ر ر"
33,16,6,"ف ر ر"
33,16,8,"م و ت"
33,16,10,"ق ت ل"
33,16,11,"إِذًا"
33,16,13,"م ت ع"
33,16,14,"إِلَّا"
33,16,15,"ق ل ل"
33,17,1,"ق و ل"
33,17,4,"ٱلَّذِى"
33,17,5,"ع ص م"
33,17,7,"ا ل ه"
33,17,9,"ر و د"
33,17,11,"س و ا"
33,17,13,"ر و د"
33,17,15,"ر ح م"
33,17,17,"و ج د"
33,17,20,"د و ن"
33,17,21,"ا ل ه"
33,17,22,"و ل ي"
33,17,24,"ن ص ر"
33,18,2,"ع ل م"
33,18,3,"ا ل ه"
33,18,4,"ع و ق"
33,18,6,"ق و ل"
33,18,7,"ا خ و"
33,18,8,"ل م م"
33,18,9,"إِلَىٰ"
33,18,11,"ا ت ي"
33,18,12,"ب ا س"
33,18,13,"إِلَّا"
33,18,14,"ق ل ل"
33,19,1,"ش ح ح"
33,19,3,"إِذَا"
33,19,4,"ج ي ا"
33,19,5,"خ و ف"
33,19,6,"ر ا ي"
33,19,7,"ن ظ ر"
33,19,8,"إِلَىٰ"
33,19,9,"د و ر"
33,19,10,"ع ي ن"
33,19,11,"ٱلَّذِى"
33,19,12,"غ ش و"
33,19,15,"م و ت"
33,19,16,"إِذَا"
33,19,17,"ذ ه ب"
33,19,18,"خ و ف"
33,19,19,"س ل ق"
33,19,20,"ل س ن"
33,19,21,"ح د د"
33,19,22,"ش ح ح"
33,19,24,"خ ي ر"
33,19,27,"ا م ن"
33,19,28,"ح ب ط"
33,19,29,"ا ل ه"
33,19,30,"ع م ل"
33,19,31,"ك و ن"
33,19,34,"ا ل ه"
33,19,35,"ي س ر"
33,20,1,"ح س ب"
33,20,2,"ح ز ب"
33,20,4,"ذ ه ب"
33,20,6,"ا ت ي"
33,20,7,"ح ز ب"
33,20,8,"و د د"
33,20,11,"ب د و"
33,20,13,"ع ر ب"
33,20,14,"س ا ل"
33,20,16,"ن ب ا"
33,20,18,"ك و ن"
33,20,21,"ق ت ل"
33,20,22,"إِلَّا"
33,20,23,"ق ل ل"
33,21,2,"ك و ن"
33,21,5,"ر س ل"
33,21,6,"ا ل ه"
33,21,7,"ا س و"
33,21,8,"ح س ن"
33,21,10,"ك و ن"
33,21,11,"ر ج و"
33,21,12,"ا ل ه"
33,21,13,"ي و م"
33,21,14,"ا خ ر"
33,21,15,"ذ ك ر"
33,21,16,"ا ل ه"
33,21,17,"ك ث ر"
33,22,2,"ر ا ي"
33,22,3,"ا م ن"
33,22,4,"ح ز ب"
33,22,5,"ق و ل"
33,22,8,"و ع د"
33,22,9,"ا ل ه"
33,22,10,"ر س ل"
33,22,11,"ص د ق"
33,22,12,"ا ل ه"
33,22,13,"ر س ل"
33,22,15,"ز ي د"
33,22,16,"إِلَّا"
33,22,17,"ا م ن"
33,22,18,"س ل م"
33,23,2,"ا م ن"
33,23,3,"ر ج ل"
33,23,4,"ص د ق"
33,23,6,"ع ه د"
33,23,7,"ا ل ه"
33,23,11,"ق ض ي"
33,23,12,"ن ح ب"
33,23,15,"ن ظ ر"
33,23,17,"ب د ل"
33,23,18,"ب د ل"
33,24,1,"ج ز ي"
33,24,2,"ا ل ه"
33,24,3,"ص د ق"
33,24,4,"ص د ق"
33,24,5,"ع ذ ب"
33,24,6,"ن ف ق"
33,24,8,"ش ي ا"
33,24,10,"ت و ب"
33,24,13,"ا ل ه"
33,24,14,"ك و ن"
33,24,15,"غ ف ر"
33,24,16,"ر ح م"
33,25,1,"ر د د"
33,25,2,"ا ل ه"
33,25,3,"ٱلَّذِى"
33,25,4,"ك ف ر"
33,25,5,"غ ي ظ"
33,25,7,"ن ي ل"
33,25,8,"خ ي ر"
33,25,9,"ك ف ي"
33,25,10,"ا ل ه"
33,25,11,"ا م ن"
33,25,12,"ق ت ل"
33,25,13,"ك و ن"
33,25,14,"ا ل ه"
33,25,15,"ق و ي"
33,25,16,"ع ز ز"
33,26,1,"ن ز ل"
33,26,2,"ٱلَّذِى"
33,26,3,"ظ ه ر"
33,26,5,"ا ه ل"
33,26,6,"ك ت ب"
33,26,8,"ص ي ص"
33,26,9,"ق ذ ف"
33,26,11,"ق ل ب"
33,26,12,"ر ع ب"
33,26,13,"ف ر ق"
33,26,14,"ق ت ل"
33,26,15,"ا س ر"
33,26,16,"ف ر ق"
33,27,1,"و ر ث"
33,27,2,"ا ر ض"
33,27,3,"د و ر"
33,27,4,"م و ل"
33,27,5,"ا ر ض"
33,27,7,"و ط ا"
33,27,8,"ك و ن"
33,27,9,"ا ل ه"
33,27,11,"ك ل ل"
33,27,12,"ش ي ا"
33,27,13,"ق د ر"
33,28,2,"ن ب ا"
33,28,3,"ق و ل"
33,28,4,"ز و ج"
33,28,6,"ك و ن"
33,28,7,"ر و د"
33,28,8,"ح ي ي"
33,28,9,"د ن و"
33,28,10,"ز ي ن"
33,28,11,"ع ل و"
33,28,12,"م ت ع"
33,28,13,"س ر ح"
33,28,14,"س ر ح"
33,28,15,"ج م ل"
33,29,2,"ك و ن"
33,29,3,"ر و د"
33,29,4,"ا ل ه"
33,29,5,"ر س ل"
33,29,6,"د و ر"
33,29,7,"ا خ ر"
33,29,9,"ا ل ه"
33,29,10,"ع د د"
33,29,11,"ح س ن"
33,29,13,"ا ج ر"
33,29,14,"ع ظ م"
33,30,1,"ن س و"
33,30,2,"ن ب ا"
33,30,4,"ا ت ي"
33,30,6,"ف ح ش"
33,30,7,"ب ي ن"
33,30,8,"ض ع ف"
33,30,10,"ع ذ ب"
33,30,11,"ض ع ف"
33,30,12,"ك و ن"
33,30,15,"ا ل ه"
33,30,16,"ي س ر"
33,31,2,"ق ن ت"
33,31,4,"ا ل ه"
33,31,5,"ر س ل"
33,31,6,"ع م ل"
33,31,7,"ص ل ح"
33,31,8,"ا ت ي"
33,31,9,"ا ج ر"
33,31,10,"م ر ر"
33,31,11,"ع ت د"
33,31,13,"ر ز ق"
33,31,14,"ك ر م"
33,32,1,"ن س و"
33,32,2,"ن ب ا"
33,32,3,"ل ي س"
33,32,4,"ا ح د"
33,32,6,"ن س و"
33,32,8,"و ق ي"
33,32,10,"خ ض ع"
33,32,11,"ق و ل"
33,32,12,"ط م ع"
33,32,13,"ٱلَّذِى"
33,32,15,"ق ل ب"
33,32,16,"م ر ض"
33,32,17,"ق و ل"
33,32,18,"ق و ل"
33,32,19,"ع ر ف"
33,33,1,"ق ر ر"
33,33,3,"ب ي ت"
33,33,5,"ب ر ج"
33,33,6,"ب ر ج"
33,33,7,"ج ه ل"
33,33,8,"ا و ل"
33,33,9,"ق و م"
33,33,10,"ص ل و"
33,33,11,"ا ت ي"
33,33,12,"ز ك و"
33,33,13,"ط و ع"
33,33,14,"ا ل ه"
33,33,15,"ر س ل"
33,33,17,"ر و د"
33,33,18,"ا ل ه"
33,33,19,"ذ ه ب"
33,33,21,"ر ج س"
33,33,22,"ا ه ل"
33,33,23,"ب ي ت"
33,33,24,"ط ه ر"
33,33,25,"ط ه ر"
33,34,1,"ذ ك ر"
33,34,3,"ت ل و"
33,34,5,"ب ي ت"
33,34,7,"ا ي ي"
33,34,8,"ا ل ه"
33,34,9,"ح ك م"
33,34,11,"ا ل ه"
33,34,12,"ك و ن"
33,34,13,"ل ط ف"
33,34,14,"خ ب ر"
33,35,2,"س ل م"
33,35,3,"س ل م"
33,35,4,"ا م ن"
33,35,5,"ا م ن"
33,35,6,"ق ن ت"
33,35,7,"ق ن ت"
33,35,8,"ص د ق"
33,35,9,"ص د ق"
33,35,10,"ص ب ر"
33,35,11,"ص ب ر"
33,35,12,"خ ش ع"
33,35,13,"خ ش ع"
33,35,14,"ص د ق"
33,35,15,"ص د ق"
33,35,16,"ص و م"
33,35,17,"ص و م"
33,35,18,"ح ف ظ"
33,35,19,"ف ر ج"
33,35,20,"ح ف ظ"
33,35,21,"ذ ك ر"
33,35,22,"ا ل ه"
33,35,23,"ك ث ر"
33,35,24,"ذ ك ر"
33,35,25,"ع د د"
33,35,26,"ا ل ه"
33,35,28,"غ ف ر"
33,35,29,"ا ج ر"
33,35,30,"ع ظ م"
33,36,2,"ك و ن"
33,36,3,"ا م ن"
33,36,5,"ا م ن"
33,36,6,"إِذَا"
33,36,7,"ق ض ي"
33,36,8,"ا ل ه"
33,36,9,"ر س ل"
33,36,10,"ا م ر"
33,36,12,"ك و ن"
33,36,14,"خ ي ر"
33,36,16,"ا م ر"
33,36,18,"ع ص ي"
33,36,19,"ا ل ه"
33,36,20,"ر س ل"
33,36,22,"ض ل ل"
33,36,23,"ض ل ل"
33,36,24,"ب ي ن"
33,37,1,"إِذ"
33,37,2,"ق و ل"
33,37,3,"ٱلَّذِى"
33,37,4,"ن ع م"
33,37,5,"ا ل ه"
33,37,7,"ن ع م"
33,37,9,"م س ك"
33,37,11,"ز و ج"
33,37,12,"و ق ي"
33,37,13,"ا ل ه"
33,37,14,"خ ف ي"
33,37,16,"ن ف س"
33,37,18,"ا ل ه"
33,37,19,"ب د و"
33,37,20,"خ ش ي"
33,37,21,"ن و س"
33,37,22,"ا ل ه"
33,37,23,"ح ق ق"
33,37,25,"خ ش ي"
33,37,27,"ق ض ي"
33,37,30,"و ط ر"
33,37,31,"ز و ج"
33,37,34,"ك و ن"
33,37,36,"ا م ن"
33,37,37,"ح ر ج"
33,37,39,"ز و ج"
33,37,40,"د ع و"
33,37,41,"إِذَا"
33,37,42,"ق ض ي"
33,37,44,"و ط ر"
33,37,45,"ك و ن"
33,37,46,"ا م ر"
33,37,47,"ا ل ه"
33,37,48,"ف ع ل"
33,38,2,"ك و ن"
33,38,4,"ن ب ا"
33,38,6,"ح ر ج"
33,38,8,"ف ر ض"
33,38,9,"ا ل ه"
33,38,11,"س ن ن"
33,38,12,"ا ل ه"
33,38,14,"ٱلَّذِى"
33,38,15,"خ ل و"
33,38,17,"ق ب ل"
33,38,18,"ك و ن"
33,38,19,"ا م ر"
33,38,20,"ا ل ه"
33,38,21,"ق د ر"
33,38,22,"ق د ر"
33,39,1,"ٱلَّذِى"
33,39,2,"ب ل غ"
33,39,3,"ر س ل"
33,39,4,"ا ل ه"
33,39,5,"خ ش ي"
33,39,7,"خ ش ي"
33,39,8,"ا ح د"
33,39,9,"إِلَّا"
33,39,10,"ا ل ه"
33,39,11,"ك ف ي"
33,39,12,"ا ل ه"
33,39,13,"ح س ب"
33,40,2,"ك و ن"
33,40,4,"ا ب و"
33,40,5,"ا ح د"
33,40,7,"ر ج ل"
33,40,9,"ر س ل"
33,40,10,"ا ل ه"
33,40,11,"خ ت م"
33,40,12,"ن ب ا"
33,40,13,"ك و ن"
33,40,14,"ا ل ه"
33,40,15,"ك ل ل"
33,40,16,"ش ي ا"
33,40,17,"ع ل م"
33,41,2,"ٱلَّذِى"
33,41,3,"ا م ن"
33,41,4,"ذ ك ر"
33,41,5,"ا ل ه"
33,41,6,"ذ ك ر"
33,41,7,"ك ث ر"
33,42,1,"س ب ح"
33,42,2,"ب ك ر"
33,42,3,"ا ص ل"
33,43,2,"ٱلَّذِى"
33,43,3,"ص ل و"
33,43,5,"م ل ك"
33,43,6,"خ ر ج"
33,43,8,"ظ ل م"
33,43,9,"إِلَىٰ"
33,43,10,"ن و ر"
33,43,11,"ك و ن"
33,43,12,"ا م ن"
33,43,13,"ر ح م"
33,44,1,"ح ي ي"
33,44,2,"ي و م"
33,44,3,"ل ق ي"
33,44,4,"س ل م"
33,44,5,"ع د د"
33,44,7,"ا ج ر"
33,44,8,"ك ر م"
33,45,2,"ن ب ا"
33,45,4,"ر س ل"
33,45,5,"ش ه د"
33,45,6,"ب ش ر"
33,45,7,"ن ذ ر"
33,46,1,"د ع و"
33,46,2,"إِلَىٰ"
33,46,3,"ا ل ه"
33,46,4,"ا ذ ن"
33,46,5,"س ر ج"
33,46,6,"ن و ر"
33,47,1,"ب ش ر"
33,47,2,"ا م ن"
33,47,6,"ا ل ه"
33,47,7,"ف ض ل"
33,47,8,"ك ب ر"
33,48,2,"ط و ع"
33,48,3,"ك ف ر"
33,48,4,"ن ف ق"
33,48,5,"و د ع"
33,48,6,"ا ذ ي"
33,48,7,"و ك ل"
33,48,9,"ا ل ه"
33,48,10,"ك ف ي"
33,48,11,"ا ل ه"
33,48,12,"و ك ل"
33,49,2,"ٱلَّذِى"
33,49,3,"ا م ن"
33,49,4,"إِذَا"
33,49,5,"ن ك ح"
33,49,6,"ا م ن"
33,49,8,"ط ل ق"
33,49,10,"ق ب ل"
33,49,12,"م س س"
33,49,17,"ع د د"
33,49,18,"ع د د"
33,49,19,"م ت ع"
33,49,20,"س ر ح"
33,49,21,"س ر ح"
33,49,22,"ج م ل"
33,50,2,"ن ب ا"
33,50,4,"ح ل ل"
33,50,6,"ز و ج"
33,50,7,"ٱلَّذِى"
33,50,8,"ا ت ي"
33,50,9,"ا ج ر"
33,50,11,"م ل ك"
33,50,12,"ي م ن"
33,50,14,"ف ي ا"
33,50,15,"ا ل ه"
33,50,17,"ب ن ي"
33,50,18,"ع م م"
33,50,19,"ب ن ي"
33,50,20,"ع م م"
33,50,21,"ب ن ي"
33,50,22,"خ و ل"
33,50,23,"ب ن ي"
33,50,24,"خ و ل"
33,50,25,"ٱلَّذِى"
33,50,26,"ه ج ر"
33,50,28,"م ر ا"
33,50,29,"ا م ن"
33,50,31,"و ه ب"
33,50,32,"ن ف س"
33,50,33,"ن ب ا"
33,50,35,"ر و د"
33,50,36,"ن ب ا"
33,50,38,"ن ك ح"
33,50,39,"خ ل ص"
33,50,42,"د و ن"
33,50,43,"ا م ن"
33,50,45,"ع ل م"
33,50,47,"ف ر ض"
33,50,50,"ز و ج"
33,50,52,"م ل ك"
33,50,53,"ي م ن"
33,50,55,"ك و ن"
33,50,57,"ح ر ج"
33,50,58,"ك و ن"
33,50,59,"ا ل ه"
33,50,60,"غ ف ر"
33,50,61,"ر ح م"
33,51,1,"ر ج و"
33,51,3,"ش ي ا"
33,51,5,"ا و ي"
33,51,6,"إِلَىٰ"
33,51,8,"ش ي ا"
33,51,10,"ب غ ي"
33,51,12,"ع ز ل"
33,51,14,"ج ن ح"
33,51,17,"د ن و"
33,51,19,"ق ر ر"
33,51,20,"ع ي ن"
33,51,22,"ح ز ن"
33,51,23,"ر ض و"
33,51,25,"ا ت ي"
33,51,26,"ك ل ل"
33,51,27,"ا ل ه"
33,51,28,"ع ل م"
33,51,31,"ق ل ب"
33,51,32,"ك و ن"
33,51,33,"ا ل ه"
33,51,34,"ع ل م"
33,51,35,"ح ل م"
33,52,2,"ح ل ل"
33,52,4,"ن س و"
33,52,6,"ب ع د"
33,52,9,"ب د ل"
33,52,12,"ز و ج"
33,52,14,"ع ج ب"
33,52,15,"ح س ن"
33,52,16,"إِلَّا"
33,52,18,"م ل ك"
33,52,19,"ي م ن"
33,52,20,"ك و ن"
33,52,21,"ا ل ه"
33,52,23,"ك ل ل"
33,52,24,"ش ي ا"
33,52,25,"ر ق ب"
33,53,2,"ٱلَّذِى"
33,53,3,"ا م ن"
33,53,5,"د خ ل"
33,53,6,"ب ي ت"
33,53,7,"ن ب ا"
33,53,8,"إِلَّا"
33,53,10,"ا ذ ن"
33,53,12,"إِلَىٰ"
33,53,13,"ط ع م"
33,53,14,"غ ي ر"
33,53,15,"ن ظ ر"
33,53,16,"ا ن ي"
33,53,18,"إِذَا"
33,53,19,"د ع و"
33,53,20,"د خ ل"
33,53,21,"إِذَا"
33,53,22,"ط ع م"
33,53,23,"ن ش ر"
33,53,25,"ا ن س"
33,53,26,"ح د ث"
33,53,29,"ك و ن"
33,53,30,"ا ذ ي"
33,53,31,"ن ب ا"
33,53,32,"ح ي ي"
33,53,34,"ا ل ه"
33,53,36,"ح ي ي"
33,53,38,"ح ق ق"
33,53,39,"إِذَا"
33,53,40,"س ا ل"
33,53,41,"م ت ع"
33,53,42,"س ا ل"
33,53,44,"و ر ي"
33,53,45,"ح ج ب"
33,53,47,"ط ه ر"
33,53,48,"ق ل ب"
33,53,49,"ق ل ب"
33,53,51,"ك و ن"
33,53,54,"ا ذ ي"
33,53,55,"ر س ل"
33,53,56,"ا ل ه"
33,53,59,"ن ك ح"
33,53,60,"ز و ج"
33,53,62,"ب ع د"
33,53,63,"ا ب د"
33,53,66,"ك و ن"
33,53,67,"ع ن د"
33,53,68,"ا ل ه"
33,53,69,"ع ظ م"
33,54,2,"ب د و"
33,54,3,"ش ي ا"
33,54,5,"خ ف ي"
33,54,7,"ا ل ه"
33,54,8,"ك و ن"
33,54,9,"ك ل ل"
33,54,10,"ش ي ا"
33,54,11,"ع ل م"
33,55,2,"ج ن ح"
33,55,5,"ا ب و"
33,55,7,"ب ن ي"
33,55,9,"ا خ و"
33,55,11,"ب ن ي"
33,55,12,"ا خ و"
33,55,14,"ب ن ي"
33,55,15,"ا خ و"
33,55,17,"ن س و"
33,55,20,"م ل ك"
33,55,21,"ي م ن"
33,55,22,"و ق ي"
33,55,23,"ا ل ه"
33,55,25,"ا ل ه"
33,55,26,"ك و ن"
33,55,28,"ك ل ل"
33,55,29,"ش ي ا"
33,55,30,"ش ه د"
33,56,2,"ا ل ه"
33,56,3,"م ل ك"
33,56,4,"ص ل و"
33,56,6,"ن ب ا"
33,56,8,"ٱلَّذِى"
33,56,9,"ا م ن"
33,56,10,"ص ل و"
33,56,12,"س ل م"
33,56,13,"س ل م"
33,57,2,"ٱلَّذِى"
33,57,3,"ا ذ ي"
33,57,4,"ا ل ه"
33,57,5,"ر س ل"
33,57,6,"ل ع ن"
33,57,7,"ا ل ه"
33,57,9,"د ن و"
33,57,10,"ا خ ر"
33,57,11,"ع د د"
33,57,13,"ع ذ ب"
33,57,14,"ه و ن"
33,58,1,"ٱلَّذِى"
33,58,2,"ا ذ ي"
33,58,3,"ا م ن"
33,58,4,"ا م ن"
33,58,5,"غ ي ر"
33,58,7,"ك س ب"
33,58,9,"ح م ل"
33,58,10,"ب ه ت"
33,58,11,"ا ث م"
33,58,12,"ب ي ن"
33,59,2,"ن ب ا"
33,59,3,"ق و ل"
33,59,4,"ز و ج"
33,59,5,"ب ن ي"
33,59,6,"ن س و"
33,59,7,"ا م ن"
33,59,8,"د ن و"
33,59,11,"ج ل ب"
33,59,13,"د ن و"
33,59,15,"ع ر ف"
33,59,17,"ا ذ ي"
33,59,18,"ك و ن"
33,59,19,"ا ل ه"
33,59,20,"غ ف ر"
33,59,21,"ر ح م"
33,60,3,"ن ه ي"
33,60,4,"ن ف ق"
33,60,5,"ٱلَّذِى"
33,60,7,"ق ل ب"
33,60,8,"م ر ض"
33,60,9,"ر ج ف"
33,60,11,"م د ن"
33,60,12,"غ ر و"
33,60,16,"ج و ر"
33,60,18,"إِلَّا"
33,60,19,"ق ل ل"
33,61,1,"ل ع ن"
33,61,3,"ث ق ف"
33,61,4,"ا خ ذ"
33,61,5,"ق ت ل"
33,61,6,"ق ت ل"
33,62,1,"س ن ن"
33,62,2,"ا ل ه"
33,62,4,"ٱلَّذِى"
33,62,5,"خ ل و"
33,62,7,"ق ب ل"
33,62,9,"و ج د"
33,62,10,"س ن ن"
33,62,11,"ا ل ه"
33,62,12,"ب د ل"
33,63,1,"س ا ل"
33,63,2,"ن و س"
33,63,4,"س و ع"
33,63,5,"ق و ل"
33,63,7,"ع ل م"
33,63,8,"ع ن د"
33,63,9,"ا ل ه"
33,63,11,"د ر ي"
33,63,13,"س و ع"
33,63,14,"ك و ن"
33,63,15,"ق ر ب"
33,64,2,"ا ل ه"
33,64,3,"ل ع ن"
33,64,4,"ك ف ر"
33,64,5,"ع د د"
33,64,7,"س ع ر"
33,65,1,"خ ل د"
33,65,3,"ا ب د"
33,65,5,"و ج د"
33,65,6,"و ل ي"
33,65,8,"ن ص ر"
33,66,1,"ي و م"
33,66,2,"ق ل ب"
33,66,3,"و ج ه"
33,66,5,"ن و ر"
33,66,6,"ق و ل"
33,66,8,"ط و ع"
33,66,9,"ا ل ه"
33,66,10,"ط و ع"
33,66,11,"ر س ل"
33,67,1,"ق و ل"
33,67,2,"ر ب ب"
33,67,4,"ط و ع"
33,67,5,"س و د"
33,67,6,"ك ب ر"
33,67,7,"ض ل ل"
33,67,8,"س ب ل"
33,68,1,"ر ب ب"
33,68,2,"ا ت ي"
33,68,3,"ض ع ف"
33,68,5,"ع ذ ب"
33,68,6,"ل ع ن"
33,68,7,"ل ع ن"
33,68,8,"ك ب ر"
33,69,2,"ٱلَّذِى"
33,69,3,"ا م ن"
33,69,5,"ك و ن"
33,69,6,"ٱلَّذِى"
33,69,7,"ا ذ ي"
33,69,9,"ب ر ا"
33,69,10,"ا ل ه"
33,69,12,"ق و ل"
33,69,13,"ك و ن"
33,69,14,"ع ن د"
33,69,15,"ا ل ه"
33,69,16,"و ج ه"
33,70,2,"ٱلَّذِى"
33,70,3,"ا م ن"
33,70,4,"و ق ي"
33,70,5,"ا ل ه"
33,70,6,"ق و ل"
33,70,7,"ق و ل"
33,70,8,"س د د"
33,71,1,"ص ل ح"
33,71,3,"ع م ل"
33,71,4,"غ ف ر"
33,71,6,"ذ ن ب"
33,71,8,"ط و ع"
33,71,9,"ا ل ه"
33,71,10,"ر س ل"
33,71,12,"ف و ز"
33,71,13,"ف و ز"
33,71,14,"ع ظ م"
33,72,2,"ع ر ض"
33,72,3,"ا م ن"
33,72,5,"س م و"
33,72,6,"ا ر ض"
33,72,7,"ج ب ل"
33,72,8,"ا ب ي"
33,72,10,"ح م ل"
33,72,11,"ش ف ق"
33,72,13,"ح م ل"
33,72,14,"ا ن س"
33,72,16,"ك و ن"
33,72,17,"ظ ل م"
33,72,18,"ج ه ل"
33,73,1,"ع ذ ب"
33,73,2,"ا ل ه"
33,73,3,"ن ف ق"
33,73,4,"ن ف ق"
33,73,5,"ش ر ك"
33,73,6,"ش ر ك"
33,73,7,"ت و ب"
33,73,8,"ا ل ه"
33,73,10,"ا م ن"
33,73,11,"ا م ن"
33,73,12,"ك و ن"
33,73,13,"ا ل ه"
33,73,14,"غ ف ر"
33,73,15,"ر ح م"
34,1,1,"ح م د"
34,1,2,"ا ل ه"
34,1,3,"ٱلَّذِى"
34,1,7,"س م و"
34,1,10,"ا ر ض"
34,1,12,"ح م د"
34,1,14,"ا خ ر"
34,1,16,"ح ك م"
34,1,17,"خ ب ر"
34,2,1,"ع ل م"
34,2,3,"و ل ج"
34,2,5,"ا ر ض"
34,2,7,"خ ر ج"
34,2,10,"ن ز ل"
34,2,12,"س م و"
34,2,14,"ع ر ج"
34,2,17,"ر ح م"
34,2,18,"غ ف ر"
34,3,1,"ق و ل"
34,3,2,"ٱلَّذِى"
34,3,3,"ك ف ر"
34,3,5,"ا ت ي"
34,3,6,"س و ع"
34,3,7,"ق و ل"
34,3,9,"ر ب ب"
34,3,10,"ا ت ي"
34,3,11,"ع ل م"
34,3,12,"غ ي ب"
34,3,14,"ع ز ب"
34,3,16,"ث ق ل"
34,3,17,"ذ ر ر"
34,3,19,"س م و"
34,3,22,"ا ر ض"
34,3,24,"ص غ ر"
34,3,28,"ك ب ر"
34,3,29,"إِلَّا"
34,3,31,"ك ت ب"
34,3,32,"ب ي ن"
34,4,1,"ج ز ي"
34,4,2,"ٱلَّذِى"
34,4,3,"ا م ن"
34,4,4,"ع م ل"
34,4,5,"ص ل ح"
34,4,8,"غ ف ر"
34,4,9,"ر ز ق"
34,4,10,"ك ر م"
34,5,1,"ٱلَّذِى"
34,5,2,"س ع ي"
34,5,4,"ا ي ي"
34,5,5,"ع ج ز"
34,5,8,"ع ذ ب"
34,5,10,"ر ج ز"
34,5,11,"ا ل م"
34,6,1,"ر ا ي"
34,6,2,"ٱلَّذِى"
34,6,3,"ا ت ي"
34,6,4,"ع ل م"
34,6,5,"ٱلَّذِى"
34,6,6,"ن ز ل"
34,6,7,"إِلَىٰ"
34,6,9,"ر ب ب"
34,6,11,"ح ق ق"
34,6,12,"ه د ي"
34,6,13,"إِلَىٰ"
34,6,14,"ص ر ط"
34,6,15,"ع ز ز"
34,6,16,"ح م د"
34,7,1,"ق و ل"
34,7,2,"ٱلَّذِى"
34,7,3,"ك ف ر"
34,7,5,"د ل ل"
34,7,7,"ر ج ل"
34,7,8,"ن ب ا"
34,7,9,"إِذَا"
34,7,10,"م ز ق"
34,7,11,"ك ل ل"
34,7,12,"م ز ق"
34,7,15,"خ ل ق"
34,7,16,"ج د د"
34,8,1,"ف ر ي"
34,8,3,"ا ل ه"
34,8,4,"ك ذ ب"
34,8,5,"أَم"
34,8,7,"ج ن ن"
34,8,9,"ٱلَّذِى"
34,8,11,"ا م ن"
34,8,12,"ا خ ر"
34,8,14,"ع ذ ب"
34,8,15,"ض ل ل"
34,8,16,"ب ع د"
34,9,2,"ر ا ي"
34,9,3,"إِلَىٰ"
34,9,5,"ب ي ن"
34,9,6,"ي د ي"
34,9,8,"خ ل ف"
34,9,10,"س م و"
34,9,11,"ا ر ض"
34,9,13,"ش ي ا"
34,9,14,"خ س ف"
34,9,16,"ا ر ض"
34,9,18,"س ق ط"
34,9,20,"ك س ف"
34,9,22,"س م و"
34,9,26,"ا ي ي"
34,9,27,"ك ل ل"
34,9,28,"ع ب د"
34,9,29,"ن و ب"
34,10,2,"ا ت ي"
34,10,5,"ف ض ل"
34,10,6,"ج ب ل"
34,10,7,"ا و ب"
34,10,9,"ط ي ر"
34,10,10,"ل ي ن"
34,10,12,"ح د د"
34,11,2,"ع م ل"
34,11,3,"س ب غ"
34,11,4,"ق د ر"
34,11,6,"س ر د"
34,11,7,"ع م ل"
34,11,8,"ص ل ح"
34,11,11,"ع م ل"
34,11,12,"ب ص ر"
34,12,2,"ر و ح"
34,12,3,"غ د و"
34,12,4,"ش ه ر"
34,12,5,"ر و ح"
34,12,6,"ش ه ر"
34,12,7,"س ي ل"
34,12,9,"ع ي ن"
34,12,10,"ق ط ر"
34,12,12,"ج ن ن"
34,12,14,"ع م ل"
34,12,15,"ب ي ن"
34,12,16,"ي د ي"
34,12,17,"ا ذ ن"
34,12,18,"ر ب ب"
34,12,20,"ز ي غ"
34,12,23,"ا م ر"
34,12,24,"ذ و ق"
34,12,26,"ع ذ ب"
34,12,27,"س ع ر"
34,13,1,"ع م ل"
34,13,4,"ش ي ا"
34,13,6,"ح ر ب"
34,13,7,"م ث ل"
34,13,8,"ج ف ن"
34,13,9,"ج ب ي"
34,13,10,"ق د ر"
34,13,11,"ر س و"
34,13,12,"ع م ل"
34,13,13,"ا و ل"
34,13,15,"ش ك ر"
34,13,16,"ق ل ل"
34,13,18,"ع ب د"
34,13,19,"ش ك ر"
34,14,2,"ق ض ي"
34,14,4,"م و ت"
34,14,6,"د ل ل"
34,14,8,"م و ت"
34,14,9,"إِلَّا"
34,14,10,"د ب ب"
34,14,11,"ا ر ض"
34,14,12,"ا ك ل"
34,14,13,"ن س ا"
34,14,15,"خ ر ر"
34,14,16,"ب ي ن"
34,14,17,"ج ن ن"
34,14,20,"ك و ن"
34,14,21,"ع ل م"
34,14,22,"غ ي ب"
34,14,24,"ل ب ث"
34,14,26,"ع ذ ب"
34,14,27,"ه و ن"
34,15,2,"ك و ن"
34,15,5,"س ك ن"
34,15,6,"ا ي ي"
34,15,7,"ج ن ن"
34,15,9,"ي م ن"
34,15,10,"ش م ل"
34,15,11,"ا ك ل"
34,15,13,"ر ز ق"
34,15,14,"ر ب ب"
34,15,15,"ش ك ر"
34,15,17,"ب ل د"
34,15,18,"ط ي ب"
34,15,19,"ر ب ب"
34,15,20,"غ ف ر"
34,16,1,"ع ر ض"
34,16,2,"ر س ل"
34,16,4,"س ي ل"
34,16,5,"ع ر م"
34,16,6,"ب د ل"
34,16,7,"ج ن ن"
34,16,8,"ج ن ن"
34,16,10,"ا ك ل"
34,16,11,"خ م ط"
34,16,12,"ا ث ل"
34,16,13,"ش ي ا"
34,16,15,"س د ر"
34,16,16,"ق ل ل"
34,17,2,"ج ز ي"
34,17,4,"ك ف ر"
34,17,6,"ج ز ي"
34,17,7,"إِلَّا"
34,17,8,"ك ف ر"
34,18,1,"ج ع ل"
34,18,2,"ب ي ن"
34,18,3,"ب ي ن"
34,18,4,"ق ر ي"
34,18,5,"ٱلَّذِى"
34,18,6,"ب ر ك"
34,18,8,"ق ر ي"
34,18,9,"ظ ه ر"
34,18,10,"ق د ر"
34,18,12,"س ي ر"
34,18,13,"س ي ر"
34,18,15,"ل ي ل"
34,18,16,"ي و م"
34,18,17,"ا م ن"
34,19,1,"ق و ل"
34,19,2,"ر ب ب"
34,19,3,"ب ع د"
34,19,4,"ب ي ن"
34,19,5,"س ف ر"
34,19,6,"ظ ل م"
34,19,7,"ن ف س"
34,19,8,"ج ع ل"
34,19,9,"ح د ث"
34,19,10,"م ز ق"
34,19,11,"ك ل ل"
34,19,12,"م ز ق"
34,19,16,"ا ي ي"
34,19,17,"ك ل ل"
34,19,18,"ص ب ر"
34,19,19,"ش ك ر"
34,20,2,"ص د ق"
34,20,4,"إِبْلِيس"
34,20,5,"ظ ن ن"
34,20,6,"ت ب ع"
34,20,7,"إِلَّا"
34,20,8,"ف ر ق"
34,20,10,"ا م ن"
34,21,2,"ك و ن"
34,21,6,"س ل ط"
34,21,7,"إِلَّا"
34,21,8,"ع ل م"
34,21,10,"ا م ن"
34,21,11,"ا خ ر"
34,21,16,"ش ك ك"
34,21,17,"ر ب ب"
34,21,19,"ك ل ل"
34,21,20,"ش ي ا"
34,21,21,"ح ف ظ"
34,22,1,"ق و ل"
34,22,2,"د ع و"
34,22,3,"ٱلَّذِى"
34,22,4,"ز ع م"
34,22,6,"د و ن"
34,22,7,"ا ل ه"
34,22,9,"م ل ك"
34,22,10,"ث ق ل"
34,22,11,"ذ ر ر"
34,22,13,"س م و"
34,22,16,"ا ر ض"
34,22,21,"ش ر ك"
34,22,26,"ظ ه ر"
34,23,2,"ن ف ع"
34,23,3,"ش ف ع"
34,23,4,"ع ن د"
34,23,5,"إِلَّا"
34,23,7,"ا ذ ن"
34,23,10,"إِذَا"
34,23,11,"ف ز ع"
34,23,13,"ق ل ب"
34,23,14,"ق و ل"
34,23,16,"ق و ل"
34,23,17,"ر ب ب"
34,23,18,"ق و ل"
34,23,19,"ح ق ق"
34,23,21,"ع ل و"
34,23,22,"ك ب ر"
34,24,1,"ق و ل"
34,24,3,"ر ز ق"
34,24,5,"س م و"
34,24,6,"ا ر ض"
34,24,7,"ق و ل"
34,24,8,"ا ل ه"
34,24,13,"ه د ي"
34,24,16,"ض ل ل"
34,24,17,"ب ي ن"
34,25,1,"ق و ل"
34,25,3,"س ا ل"
34,25,5,"ج ر م"
34,25,7,"س ا ل"
34,25,9,"ع م ل"
34,26,1,"ق و ل"
34,26,2,"ج م ع"
34,26,3,"ب ي ن"
34,26,4,"ر ب ب"
34,26,6,"ف ت ح"
34,26,7,"ب ي ن"
34,26,8,"ح ق ق"
34,26,10,"ف ت ح"
34,26,11,"ع ل م"
34,27,1,"ق و ل"
34,27,2,"ر ا ي"
34,27,3,"ٱلَّذِى"
34,27,4,"ل ح ق"
34,27,6,"ش ر ك"
34,27,10,"ا ل ه"
34,27,11,"ع ز ز"
34,27,12,"ح ك م"
34,28,2,"ر س ل"
34,28,3,"إِلَّا"
34,28,4,"ك ف ف"
34,28,5,"ن و س"
34,28,6,"ب ش ر"
34,28,7,"ن ذ ر"
34,28,9,"ك ث ر"
34,28,10,"ن و س"
34,28,12,"ع ل م"
34,29,1,"ق و ل"
34,29,4,"و ع د"
34,29,6,"ك و ن"
34,29,7,"ص د ق"
34,30,1,"ق و ل"
34,30,3,"و ع د"
34,30,4,"ي و م"
34,30,6,"ا خ ر"
34,30,8,"س و ع"
34,30,10,"ق د م"
34,31,1,"ق و ل"
34,31,2,"ٱلَّذِى"
34,31,3,"ك ف ر"
34,31,5,"ا م ن"
34,31,7,"ق ر ا"
34,31,9,"ٱلَّذِى"
34,31,10,"ب ي ن"
34,31,11,"ي د ي"
34,31,13,"ر ا ي"
34,31,14,"إِذ"
34,31,15,"ظ ل م"
34,31,16,"و ق ف"
34,31,17,"ع ن د"
34,31,18,"ر ب ب"
34,31,19,"ر ج ع"
34,31,20,"ب ع ض"
34,31,21,"إِلَىٰ"
34,31,22,"ب ع ض"
34,31,23,"ق و ل"
34,31,24,"ق و ل"
34,31,25,"ٱلَّذِى"
34,31,26,"ض ع ف"
34,31,27,"ٱلَّذِى"
34,31,28,"ك ب ر"
34,31,31,"ك و ن"
34,31,32,"ا م ن"
34,32,1,"ق و ل"
34,32,2,"ٱلَّذِى"
34,32,3,"ك ب ر"
34,32,4,"ٱلَّذِى"
34,32,5,"ض ع ف"
34,32,7,"ص د د"
34,32,9,"ه د ي"
34,32,10,"ب ع د"
34,32,11,"إِذ"
34,32,12,"ج ي ا"
34,32,14,"ك و ن"
34,32,15,"ج ر م"
34,33,1,"ق و ل"
34,33,2,"ٱلَّذِى"
34,33,3,"ض ع ف"
34,33,4,"ٱلَّذِى"
34,33,5,"ك ب ر"
34,33,7,"م ك ر"
34,33,8,"ل ي ل"
34,33,9,"ن ه ر"
34,33,10,"إِذ"
34,33,11,"ا م ر"
34,33,13,"ك ف ر"
34,33,14,"ا ل ه"
34,33,15,"ج ع ل"
34,33,17,"ن د د"
34,33,18,"س ر ر"
34,33,19,"ن د م"
34,33,21,"ر ا ي"
34,33,22,"ع ذ ب"
34,33,23,"ج ع ل"
34,33,24,"غ ل ل"
34,33,26,"ع ن ق"
34,33,27,"ٱلَّذِى"
34,33,28,"ك ف ر"
34,33,30,"ج ز ي"
34,33,31,"إِلَّا"
34,33,33,"ك و ن"
34,33,34,"ع م ل"
34,34,2,"ر س ل"
34,34,4,"ق ر ي"
34,34,6,"ن ذ ر"
34,34,7,"إِلَّا"
34,34,8,"ق و ل"
34,34,9,"ت ر ف"
34,34,12,"ر س ل"
34,34,14,"ك ف ر"
34,35,1,"ق و ل"
34,35,3,"ك ث ر"
34,35,4,"م و ل"
34,35,5,"و ل د"
34,35,8,"ع ذ ب"
34,36,1,"ق و ل"
34,36,3,"ر ب ب"
34,36,4,"ب س ط"
34,36,5,"ر ز ق"
34,36,7,"ش ي ا"
34,36,8,"ق د ر"
34,36,10,"ك ث ر"
34,36,11,"ن و س"
34,36,13,"ع ل م"
34,37,2,"م و ل"
34,37,4,"و ل د"
34,37,5,"ٱلَّذِى"
34,37,6,"ق ر ب"
34,37,7,"ع ن د"
34,37,8,"ز ل ف"
34,37,9,"إِلَّا"
34,37,11,"ا م ن"
34,37,12,"ع م ل"
34,37,13,"ص ل ح"
34,37,16,"ج ز ي"
34,37,17,"ض ع ف"
34,37,19,"ع م ل"
34,37,22,"غ ر ف"
34,37,23,"ا م ن"
34,38,1,"ٱلَّذِى"
34,38,2,"س ع ي"
34,38,4,"ا ي ي"
34,38,5,"ع ج ز"
34,38,8,"ع ذ ب"
34,38,9,"ح ض ر"
34,39,1,"ق و ل"
34,39,3,"ر ب ب"
34,39,4,"ب س ط"
34,39,5,"ر ز ق"
34,39,7,"ش ي ا"
34,39,9,"ع ب د"
34,39,10,"ق د ر"
34,39,13,"ن ف ق"
34,39,15,"ش ي ا"
34,39,17,"خ ل ف"
34,39,19,"خ ي ر"
34,39,20,"ر ز ق"
34,40,1,"ي و م"
34,40,2,"ح ش ر"
34,40,3,"ج م ع"
34,40,5,"ق و ل"
34,40,6,"م ل ك"
34,40,9,"ك و ن"
34,40,10,"ع ب د"
34,41,1,"ق و ل"
34,41,2,"س ب ح"
34,41,4,"و ل ي"
34,41,6,"د و ن"
34,41,8,"ك و ن"
34,41,9,"ع ب د"
34,41,10,"ج ن ن"
34,41,11,"ك ث ر"
34,41,13,"ا م ن"
34,42,1,"ي و م"
34,42,3,"م ل ك"
34,42,4,"ب ع ض"
34,42,5,"ب ع ض"
34,42,6,"ن ف ع"
34,42,8,"ض ر ر"
34,42,9,"ق و ل"
34,42,10,"ٱلَّذِى"
34,42,11,"ظ ل م"
34,42,12,"ذ و ق"
34,42,13,"ع ذ ب"
34,42,14,"ن و ر"
34,42,15,"ٱلَّذِى"
34,42,16,"ك و ن"
34,42,18,"ك ذ ب"
34,43,1,"إِذَا"
34,43,2,"ت ل و"
34,43,4,"ا ي ي"
34,43,5,"ب ي ن"
34,43,6,"ق و ل"
34,43,9,"إِلَّا"
34,43,10,"ر ج ل"
34,43,11,"ر و د"
34,43,13,"ص د د"
34,43,15,"ك و ن"
34,43,16,"ع ب د"
34,43,17,"ا ب و"
34,43,18,"ق و ل"
34,43,21,"إِلَّا"
34,43,22,"ا ف ك"
34,43,23,"ف ر ي"
34,43,24,"ق و ل"
34,43,25,"ٱلَّذِى"
34,43,26,"ك ف ر"
34,43,27,"ح ق ق"
34,43,29,"ج ي ا"
34,43,32,"إِلَّا"
34,43,33,"س ح ر"
34,43,34,"ب ي ن"
34,44,2,"ا ت ي"
34,44,4,"ك ت ب"
34,44,5,"د ر س"
34,44,7,"ر س ل"
34,44,8,"إِلَىٰ"
34,44,9,"ق ب ل"
34,44,11,"ن ذ ر"
34,45,1,"ك ذ ب"
34,45,2,"ٱلَّذِى"
34,45,4,"ق ب ل"
34,45,6,"ب ل غ"
34,45,7,"ع ش ر"
34,45,9,"ا ت ي"
34,45,10,"ك ذ ب"
34,45,11,"ر س ل"
34,45,12,"ك ي ف"
34,45,13,"ك و ن"
34,45,14,"ن ك ر"
34,46,1,"ق و ل"
34,46,3,"و ع ظ"
34,46,4,"و ح د"
34,46,6,"ق و م"
34,46,7,"ا ل ه"
34,46,8,"ث ن ي"
34,46,9,"ف ر د"
34,46,11,"ف ك ر"
34,46,13,"ص ح ب"
34,46,15,"ج ن ن"
34,46,18,"إِلَّا"
34,46,19,"ن ذ ر"
34,46,21,"ب ي ن"
34,46,22,"ي د ي"
34,46,23,"ع ذ ب"
34,46,24,"ش د د"
34,47,1,"ق و ل"
34,47,3,"س ا ل"
34,47,5,"ا ج ر"
34,47,9,"ا ج ر"
34,47,10,"إِلَّا"
34,47,12,"ا ل ه"
34,47,15,"ك ل ل"
34,47,16,"ش ي ا"
34,47,17,"ش ه د"
34,48,1,"ق و ل"
34,48,3,"ر ب ب"
34,48,4,"ق ذ ف"
34,48,5,"ح ق ق"
34,48,6,"ع ل م"
34,48,7,"غ ي ب"
34,49,1,"ق و ل"
34,49,2,"ج ي ا"
34,49,3,"ح ق ق"
34,49,5,"ب د ا"
34,49,6,"ب ط ل"
34,49,8,"ع و د"
34,50,1,"ق و ل"
34,50,3,"ض ل ل"
34,50,5,"ض ل ل"
34,50,7,"ن ف س"
34,50,9,"ه د ي"
34,50,11,"و ح ي"
34,50,12,"إِلَىٰ"
34,50,13,"ر ب ب"
34,50,15,"س م ع"
34,50,16,"ق ر ب"
34,51,2,"ر ا ي"
34,51,3,"إِذ"
34,51,4,"ف ز ع"
34,51,6,"ف و ت"
34,51,7,"ا خ ذ"
34,51,9,"ك و ن"
34,51,10,"ق ر ب"
34,52,1,"ق و ل"
34,52,2,"ا م ن"
34,52,4,"ا ن ي"
34,52,6,"ن و ش"
34,52,8,"ك و ن"
34,52,9,"ب ع د"
34,53,2,"ك ف ر"
34,53,5,"ق ب ل"
34,53,6,"ق ذ ف"
34,53,7,"غ ي ب"
34,53,9,"ك و ن"
34,53,10,"ب ع د"
34,54,1,"ح و ل"
34,54,2,"ب ي ن"
34,54,3,"ب ي ن"
34,54,5,"ش ه و"
34,54,7,"ف ع ل"
34,54,8,"ش ي ع"
34,54,10,"ق ب ل"
34,54,12,"ك و ن"
34,54,14,"ش ك ك"
34,54,15,"ر ي ب"
35,1,1,"ح م د"
35,1,2,"ا ل ه"
35,1,3,"ف ط ر"
35,1,4,"س م و"
35,1,5,"ا ر ض"
35,1,6,"ج ع ل"
35,1,7,"م ل ك"
35,1,8,"ر س ل"
35,1,9,"ا و ل"
35,1,10,"ج ن ح"
35,1,11,"ث ن ي"
35,1,12,"ث ل ث"
35,1,13,"ر ب ع"
35,1,14,"ز ي د"
35,1,16,"خ ل ق"
35,1,18,"ش ي ا"
35,1,20,"ا ل ه"
35,1,22,"ك ل ل"
35,1,23,"ش ي ا"
35,1,24,"ق د ر"
35,2,2,"ف ت ح"
35,2,3,"ا ل ه"
35,2,4,"ن و س"
35,2,6,"ر ح م"
35,2,8,"م س ك"
35,2,11,"م س ك"
35,2,13,"ر س ل"
35,2,16,"ب ع د"
35,2,18,"ع ز ز"
35,2,19,"ح ك م"
35,3,2,"ن و س"
35,3,3,"ذ ك ر"
35,3,4,"ن ع م"
35,3,5,"ا ل ه"
35,3,9,"خ ل ق"
35,3,10,"غ ي ر"
35,3,11,"ا ل ه"
35,3,12,"ر ز ق"
35,3,14,"س م و"
35,3,15,"ا ر ض"
35,3,17,"ا ل ه"
35,3,18,"إِلَّا"
35,3,20,"ا ن ي"
35,3,21,"ا ف ك"
35,4,2,"ك ذ ب"
35,4,4,"ك ذ ب"
35,4,5,"ر س ل"
35,4,7,"ق ب ل"
35,4,8,"إِلَىٰ"
35,4,9,"ا ل ه"
35,4,10,"ر ج ع"
35,4,11,"ا م ر"
35,5,2,"ن و س"
35,5,4,"و ع د"
35,5,5,"ا ل ه"
35,5,6,"ح ق ق"
35,5,8,"غ ر ر"
35,5,9,"ح ي ي"
35,5,10,"د ن و"
35,5,12,"غ ر ر"
35,5,13,"ا ل ه"
35,5,14,"غ ر ر"
35,6,2,"ش ط ن"
35,6,4,"ع د و"
35,6,5,"ا خ ذ"
35,6,6,"ع د و"
35,6,8,"د ع و"
35,6,9,"ح ز ب"
35,6,10,"ك و ن"
35,6,12,"ص ح ب"
35,6,13,"س ع ر"
35,7,1,"ٱلَّذِى"
35,7,2,"ك ف ر"
35,7,4,"ع ذ ب"
35,7,5,"ش د د"
35,7,6,"ٱلَّذِى"
35,7,7,"ا م ن"
35,7,8,"ع م ل"
35,7,9,"ص ل ح"
35,7,11,"غ ف ر"
35,7,12,"ا ج ر"
35,7,13,"ك ب ر"
35,8,2,"ز ي ن"
35,8,4,"س و ا"
35,8,5,"ع م ل"
35,8,6,"ر ا ي"
35,8,7,"ح س ن"
35,8,9,"ا ل ه"
35,8,10,"ض ل ل"
35,8,12,"ش ي ا"
35,8,13,"ه د ي"
35,8,15,"ش ي ا"
35,8,17,"ذ ه ب"
35,8,18,"ن ف س"
35,8,20,"ح س ر"
35,8,22,"ا ل ه"
35,8,23,"ع ل م"
35,8,25,"ص ن ع"
35,9,1,"ا ل ه"
35,9,2,"ٱلَّذِى"
35,9,3,"ر س ل"
35,9,4,"ر و ح"
35,9,5,"ث و ر"
35,9,6,"س ح ب"
35,9,7,"س و ق"
35,9,8,"إِلَىٰ"
35,9,9,"ب ل د"
35,9,10,"م و ت"
35,9,11,"ح ي ي"
35,9,13,"ا ر ض"
35,9,14,"ب ع د"
35,9,15,"م و ت"
35,9,17,"ن ش ر"
35,10,2,"ك و ن"
35,10,3,"ر و د"
35,10,4,"ع ز ز"
35,10,5,"ا ل ه"
35,10,6,"ع ز ز"
35,10,7,"ج م ع"
35,10,8,"إِلَىٰ"
35,10,9,"ص ع د"
35,10,10,"ك ل م"
35,10,11,"ط ي ب"
35,10,12,"ع م ل"
35,10,13,"ص ل ح"
35,10,14,"ر ف ع"
35,10,15,"ٱلَّذِى"
35,10,16,"م ك ر"
35,10,17,"س و ا"
35,10,19,"ع ذ ب"
35,10,20,"ش د د"
35,10,21,"م ك ر"
35,10,24,"ب و ر"
35,11,1,"ا ل ه"
35,11,2,"خ ل ق"
35,11,4,"ت ر ب"
35,11,7,"ن ط ف"
35,11,9,"ج ع ل"
35,11,10,"ز و ج"
35,11,12,"ح م ل"
35,11,14,"ا ن ث"
35,11,16,"و ض ع"
35,11,17,"إِلَّا"
35,11,18,"ع ل م"
35,11,20,"ع م ر"
35,11,22,"ع م ر"
35,11,24,"ن ق ص"
35,11,26,"ع م ر"
35,11,27,"إِلَّا"
35,11,29,"ك ت ب"
35,11,33,"ا ل ه"
35,11,34,"ي س ر"
35,12,2,"س و ي"
35,12,3,"ب ح ر"
35,12,5,"ع ذ ب"
35,12,6,"ف ر ت"
35,12,7,"س و غ"
35,12,8,"ش ر ب"
35,12,10,"م ل ح"
35,12,11,"ا ج ج"
35,12,13,"ك ل ل"
35,12,14,"ا ك ل"
35,12,15,"ل ح م"
35,12,16,"ط ر و"
35,12,17,"خ ر ج"
35,12,18,"ح ل ي"
35,12,19,"ل ب س"
35,12,20,"ر ا ي"
35,12,21,"ف ل ك"
35,12,23,"م خ ر"
35,12,24,"ب غ ي"
35,12,26,"ف ض ل"
35,12,28,"ش ك ر"
35,13,1,"و ل ج"
35,13,2,"ل ي ل"
35,13,4,"ن ه ر"
35,13,5,"و ل ج"
35,13,6,"ن ه ر"
35,13,8,"ل ي ل"
35,13,9,"س خ ر"
35,13,10,"ش م س"
35,13,11,"ق م ر"
35,13,12,"ك ل ل"
35,13,13,"ج ر ي"
35,13,14,"ا ج ل"
35,13,15,"س م و"
35,13,17,"ا ل ه"
35,13,18,"ر ب ب"
35,13,20,"م ل ك"
35,13,21,"ٱلَّذِى"
35,13,22,"د ع و"
35,13,24,"د و ن"
35,13,26,"م ل ك"
35,13,28,"ق ط م ر"
35,14,2,"د ع و"
35,14,4,"س م ع"
35,14,5,"د ع و"
35,14,7,"س م ع"
35,14,9,"ج و ب"
35,14,11,"ي و م"
35,14,12,"ق و م"
35,14,13,"ك ف ر"
35,14,14,"ش ر ك"
35,14,16,"ن ب ا"
35,14,17,"م ث ل"
35,14,18,"خ ب ر"
35,15,2,"ن و س"
35,15,4,"ف ق ر"
35,15,5,"إِلَىٰ"
35,15,6,"ا ل ه"
35,15,7,"ا ل ه"
35,15,9,"غ ن ي"
35,15,10,"ح م د"
35,16,2,"ش ي ا"
35,16,3,"ذ ه ب"
35,16,4,"ا ت ي"
35,16,5,"خ ل ق"
35,16,6,"ج د د"
35,17,4,"ا ل ه"
35,17,5,"ع ز ز"
35,18,2,"و ز ر"
35,18,3,"و ز ر"
35,18,4,"و ز ر"
35,18,5,"ا خ ر"
35,18,7,"د ع و"
35,18,8,"ث ق ل"
35,18,9,"إِلَىٰ"
35,18,10,"ح م ل"
35,18,12,"ح م ل"
35,18,14,"ش ي ا"
35,18,16,"ك و ن"
35,18,18,"ق ر ب"
35,18,20,"ن ذ ر"
35,18,21,"ٱلَّذِى"
35,18,22,"خ ش ي"
35,18,23,"ر ب ب"
35,18,24,"غ ي ب"
35,18,25,"ق و م"
35,18,26,"ص ل و"
35,18,28,"ز ك و"
35,18,30,"ز ك و"
35,18,31,"ن ف س"
35,18,32,"إِلَىٰ"
35,18,33,"ا ل ه"
35,18,34,"ص ي ر"
35,19,2,"س و ي"
35,19,3,"ع م ي"
35,19,4,"ب ص ر"
35,20,2,"ظ ل م"
35,20,4,"ن و ر"
35,21,2,"ظ ل ل"
35,21,4,"ح ر ر"
35,22,2,"س و ي"
35,22,3,"ح ي ي"
35,22,5,"م و ت"
35,22,7,"ا ل ه"
35,22,8,"س م ع"
35,22,10,"ش ي ا"
35,22,13,"س م ع"
35,22,16,"ق ب ر"
35,23,3,"إِلَّا"
35,23,4,"ن ذ ر"
35,24,2,"ر س ل"
35,24,3,"ح ق ق"
35,24,4,"ب ش ر"
35,24,5,"ن ذ ر"
35,24,8,"ا م م"
35,24,9,"إِلَّا"
35,24,10,"خ ل و"
35,24,12,"ن ذ ر"
35,25,2,"ك ذ ب"
35,25,4,"ك ذ ب"
35,25,5,"ٱلَّذِى"
35,25,7,"ق ب ل"
35,25,8,"ج ي ا"
35,25,9,"ر س ل"
35,25,10,"ب ي ن"
35,25,11,"ز ب ر"
35,25,12,"ك ت ب"
35,25,13,"ن و ر"
35,26,2,"ا خ ذ"
35,26,3,"ٱلَّذِى"
35,26,4,"ك ف ر"
35,26,5,"ك ي ف"
35,26,6,"ك و ن"
35,26,7,"ن ك ر"
35,27,2,"ر ا ي"
35,27,4,"ا ل ه"
35,27,5,"ن ز ل"
35,27,7,"س م و"
35,27,8,"م و ه"
35,27,9,"خ ر ج"
35,27,11,"ث م ر"
35,27,12,"خ ل ف"
35,27,13,"ل و ن"
35,27,15,"ج ب ل"
35,27,16,"ج د د"
35,27,17,"ب ي ض"
35,27,18,"ح م ر"
35,27,19,"خ ل ف"
35,27,20,"ل و ن"
35,27,21,"غ ر ب"
35,27,22,"س و د"
35,28,2,"ن و س"
35,28,3,"د ب ب"
35,28,4,"ن ع م"
35,28,5,"خ ل ف"
35,28,6,"ل و ن"
35,28,9,"خ ش ي"
35,28,10,"ا ل ه"
35,28,12,"ع ب د"
35,28,13,"ع ل م"
35,28,15,"ا ل ه"
35,28,16,"ع ز ز"
35,28,17,"غ ف ر"
35,29,2,"ٱلَّذِى"
35,29,3,"ت ل و"
35,29,4,"ك ت ب"
35,29,5,"ا ل ه"
35,29,6,"ق و م"
35,29,7,"ص ل و"
35,29,8,"ن ف ق"
35,29,10,"ر ز ق"
35,29,11,"س ر ر"
35,29,12,"ع ل ن"
35,29,13,"ر ج و"
35,29,14,"ت ج ر"
35,29,16,"ب و ر"
35,30,1,"و ف ي"
35,30,2,"ا ج ر"
35,30,3,"ز ي د"
35,30,5,"ف ض ل"
35,30,7,"غ ف ر"
35,30,8,"ش ك ر"
35,31,1,"ٱلَّذِى"
35,31,2,"و ح ي"
35,31,3,"إِلَىٰ"
35,31,5,"ك ت ب"
35,31,7,"ح ق ق"
35,31,8,"ص د ق"
35,31,10,"ب ي ن"
35,31,11,"ي د ي"
35,31,13,"ا ل ه"
35,31,14,"ع ب د"
35,31,15,"خ ب ر"
35,31,16,"ب ص ر"
35,32,2,"و ر ث"
35,32,3,"ك ت ب"
35,32,4,"ٱلَّذِى"
35,32,5,"ص ف و"
35,32,7,"ع ب د"
35,32,9,"ظ ل م"
35,32,10,"ن ف س"
35,32,12,"ق ص د"
35,32,14,"س ب ق"
35,32,15,"خ ي ر"
35,32,16,"ا ذ ن"
35,32,17,"ا ل ه"
35,32,20,"ف ض ل"
35,32,21,"ك ب ر"
35,33,1,"ج ن ن"
35,33,3,"د خ ل"
35,33,4,"ح ل ي"
35,33,7,"س و ر"
35,33,9,"ذ ه ب"
35,33,10,"ل ا ل ا"
35,33,11,"ل ب س"
35,33,13,"ح ر ر"
35,34,1,"ق و ل"
35,34,2,"ح م د"
35,34,3,"ا ل ه"
35,34,4,"ٱلَّذِى"
35,34,5,"ذ ه ب"
35,34,7,"ح ز ن"
35,34,9,"ر ب ب"
35,34,10,"غ ف ر"
35,34,11,"ش ك ر"
35,35,1,"ٱلَّذِى"
35,35,2,"ح ل ل"
35,35,3,"د و ر"
35,35,4,"ق و م"
35,35,6,"ف ض ل"
35,35,8,"م س س"
35,35,10,"ن ص ب"
35,35,12,"م س س"
35,35,14,"ل غ ب"
35,36,1,"ٱلَّذِى"
35,36,2,"ك ف ر"
35,36,4,"ن و ر"
35,36,7,"ق ض ي"
35,36,9,"م و ت"
35,36,11,"خ ف ف"
35,36,14,"ع ذ ب"
35,36,16,"ج ز ي"
35,36,17,"ك ل ل"
35,36,18,"ك ف ر"
35,37,2,"ص ر خ"
35,37,4,"ر ب ب"
35,37,5,"خ ر ج"
35,37,6,"ع م ل"
35,37,7,"ص ل ح"
35,37,8,"غ ي ر"
35,37,9,"ٱلَّذِى"
35,37,10,"ك و ن"
35,37,11,"ع م ل"
35,37,13,"ع م ر"
35,37,15,"ذ ك ر"
35,37,18,"ذ ك ر"
35,37,19,"ج ي ا"
35,37,20,"ن ذ ر"
35,37,21,"ذ و ق"
35,37,23,"ظ ل م"
35,37,25,"ن ص ر"
35,38,2,"ا ل ه"
35,38,3,"ع ل م"
35,38,4,"غ ي ب"
35,38,5,"س م و"
35,38,6,"ا ر ض"
35,38,8,"ع ل م"
35,38,10,"ص د ر"
35,39,2,"ٱلَّذِى"
35,39,3,"ج ع ل"
35,39,4,"خ ل ف"
35,39,6,"ا ر ض"
35,39,8,"ك ف ر"
35,39,10,"ك ف ر"
35,39,12,"ز ي د"
35,39,13,"ك ف ر"
35,39,14,"ك ف ر"
35,39,15,"ع ن د"
35,39,16,"ر ب ب"
35,39,17,"إِلَّا"
35,39,18,"م ق ت"
35,39,20,"ز ي د"
35,39,21,"ك ف ر"
35,39,22,"ك ف ر"
35,39,23,"إِلَّا"
35,39,24,"خ س ر"
35,40,1,"ق و ل"
35,40,2,"ر ا ي"
35,40,3,"ش ر ك"
35,40,4,"ٱلَّذِى"
35,40,5,"د ع و"
35,40,7,"د و ن"
35,40,8,"ا ل ه"
35,40,9,"ر ا ي"
35,40,11,"خ ل ق"
35,40,13,"ا ر ض"
35,40,14,"أَم"
35,40,16,"ش ر ك"
35,40,18,"س م و"
35,40,19,"أَم"
35,40,20,"ا ت ي"
35,40,21,"ك ت ب"
35,40,24,"ب ي ن"
35,40,28,"و ع د"
35,40,29,"ظ ل م"
35,40,30,"ب ع ض"
35,40,31,"ب ع ض"
35,40,32,"إِلَّا"
35,40,33,"غ ر ر"
35,41,2,"ا ل ه"
35,41,3,"م س ك"
35,41,4,"س م و"
35,41,5,"ا ر ض"
35,41,7,"ز و ل"
35,41,9,"ز و ل"
35,41,11,"م س ك"
35,41,13,"ا ح د"
35,41,15,"ب ع د"
35,41,17,"ك و ن"
35,41,18,"ح ل م"
35,41,19,"غ ف ر"
35,42,1,"ق س م"
35,42,2,"ا ل ه"
35,42,3,"ج ه د"
35,42,4,"ي م ن"
35,42,6,"ج ي ا"
35,42,7,"ن ذ ر"
35,42,8,"ك و ن"
35,42,9,"ه د ي"
35,42,11,"ا ح د"
35,42,12,"ا م م"
35,42,14,"ج ي ا"
35,42,15,"ن ذ ر"
35,42,17,"ز ي د"
35,42,18,"إِلَّا"
35,42,19,"ن ف ر"
35,43,1,"ك ب ر"
35,43,3,"ا ر ض"
35,43,4,"م ك ر"
35,43,5,"س و ا"
35,43,7,"ح ي ق"
35,43,8,"م ك ر"
35,43,9,"س و ا"
35,43,10,"إِلَّا"
35,43,11,"ا ه ل"
35,43,13,"ن ظ ر"
35,43,14,"إِلَّا"
35,43,15,"س ن ن"
35,43,16,"ا و ل"
35,43,18,"و ج د"
35,43,19,"س ن ن"
35,43,20,"ا ل ه"
35,43,21,"ب د ل"
35,43,23,"و ج د"
35,43,24,"س ن ن"
35,43,25,"ا ل ه"
35,43,26,"ح و ل"
35,44,2,"س ي ر"
35,44,4,"ا ر ض"
35,44,5,"ن ظ ر"
35,44,6,"ك ي ف"
35,44,7,"ك و ن"
35,44,8,"ع ق ب"
35,44,9,"ٱلَّذِى"
35,44,11,"ق ب ل"
35,44,12,"ك و ن"
35,44,13,"ش د د"
35,44,15,"ق و ي"
35,44,17,"ك و ن"
35,44,18,"ا ل ه"
35,44,19,"ع ج ز"
35,44,21,"ش ي ا"
35,44,23,"س م و"
35,44,26,"ا ر ض"
35,44,28,"ك و ن"
35,44,29,"ع ل م"
35,44,30,"ق د ر"
35,45,2,"ا خ ذ"
35,45,3,"ا ل ه"
35,45,4,"ن و س"
35,45,6,"ك س ب"
35,45,8,"ت ر ك"
35,45,10,"ظ ه ر"
35,45,12,"د ب ب"
35,45,14,"ا خ ر"
35,45,15,"إِلَىٰ"
35,45,16,"ا ج ل"
35,45,17,"س م و"
35,45,18,"إِذَا"
35,45,19,"ج ي ا"
35,45,20,"ا ج ل"
35,45,22,"ا ل ه"
35,45,23,"ك و ن"
35,45,24,"ع ب د"
35,45,25,"ب ص ر"
36,2,1,"ق ر ا"
36,2,2,"ح ك م"
36,3,3,"ر س ل"
36,4,2,"ص ر ط"
36,4,3,"ق و م"
36,5,1,"ن ز ل"
36,5,2,"ع ز ز"
36,5,3,"ر ح م"
36,6,1,"ن ذ ر"
36,6,2,"ق و م"
36,6,4,"ن ذ ر"
36,6,5,"ا ب و"
36,6,7,"غ ف ل"
36,7,2,"ح ق ق"
36,7,3,"ق و ل"
36,7,5,"ك ث ر"
36,7,8,"ا م ن"
36,8,2,"ج ع ل"
36,8,4,"ع ن ق"
36,8,5,"غ ل ل"
36,8,7,"إِلَىٰ"
36,8,8,"ذ ق ن"
36,8,10,"ق م ح"
36,9,1,"ج ع ل"
36,9,3,"ب ي ن"
36,9,4,"ي د ي"
36,9,5,"س د د"
36,9,7,"خ ل ف"
36,9,8,"س د د"
36,9,9,"غ ش و"
36,9,12,"ب ص ر"
36,10,1,"س و ي"
36,10,3,"ن ذ ر"
36,10,4,"أَم"
36,10,6,"ن ذ ر"
36,10,8,"ا م ن"
36,11,2,"ن ذ ر"
36,11,4,"ت ب ع"
36,11,5,"ذ ك ر"
36,11,6,"خ ش ي"
36,11,7,"ر ح م"
36,11,8,"غ ي ب"
36,11,9,"ب ش ر"
36,11,10,"غ ف ر"
36,11,11,"ا ج ر"
36,11,12,"ك ر م"
36,12,3,"ح ي ي"
36,12,4,"م و ت"
36,12,5,"ك ت ب"
36,12,7,"ق د م"
36,12,8,"ا ث ر"
36,12,9,"ك ل ل"
36,12,10,"ش ي ا"
36,12,11,"ح ص ي"
36,12,13,"ا م م"
36,12,14,"ب ي ن"
36,13,1,"ض ر ب"
36,13,3,"م ث ل"
36,13,4,"ص ح ب"
36,13,5,"ق ر ي"
36,13,6,"إِذ"
36,13,7,"ج ي ا"
36,13,8,"ر س ل"
36,14,1,"إِذ"
36,14,2,"ر س ل"
36,14,3,"إِلَىٰ"
36,14,4,"ث ن ي"
36,14,5,"ك ذ ب"
36,14,6,"ع ز ز"
36,14,7,"ث ل ث"
36,14,8,"ق و ل"
36,14,10,"إِلَىٰ"
36,14,11,"ر س ل"
36,15,1,"ق و ل"
36,15,4,"إِلَّا"
36,15,5,"ب ش ر"
36,15,6,"م ث ل"
36,15,8,"ن ز ل"
36,15,9,"ر ح م"
36,15,11,"ش ي ا"
36,15,14,"إِلَّا"
36,15,15,"ك ذ ب"
36,16,1,"ق و ل"
36,16,2,"ر ب ب"
36,16,3,"ع ل م"
36,16,5,"إِلَىٰ"
36,16,6,"ر س ل"
36,17,3,"إِلَّا"
36,17,4,"ب ل غ"
36,17,5,"ب ي ن"
36,18,1,"ق و ل"
36,18,3,"ط ي ر"
36,18,7,"ن ه ي"
36,18,8,"ر ج م"
36,18,9,"م س س"
36,18,11,"ع ذ ب"
36,18,12,"ا ل م"
36,19,1,"ق و ل"
36,19,2,"ط ي ر"
36,19,5,"ذ ك ر"
36,19,8,"ق و م"
36,19,9,"س ر ف"
36,20,1,"ج ي ا"
36,20,3,"ق ص و"
36,20,4,"م د ن"
36,20,5,"ر ج ل"
36,20,6,"س ع ي"
36,20,7,"ق و ل"
36,20,8,"ق و م"
36,20,9,"ت ب ع"
36,20,10,"ر س ل"
36,21,1,"ت ب ع"
36,21,4,"س ا ل"
36,21,5,"ا ج ر"
36,21,7,"ه د ي"
36,22,4,"ع ب د"
36,22,5,"ٱلَّذِى"
36,22,6,"ف ط ر"
36,22,7,"إِلَىٰ"
36,22,8,"ر ج ع"
36,23,1,"ا خ ذ"
36,23,3,"د و ن"
36,23,4,"ا ل ه"
36,23,6,"ر و د"
36,23,7,"ر ح م"
36,23,8,"ض ر ر"
36,23,10,"غ ن ي"
36,23,12,"ش ف ع"
36,23,13,"ش ي ا"
36,23,15,"ن ق ذ"
36,24,2,"إِذًا"
36,24,4,"ض ل ل"
36,24,5,"ب ي ن"
36,25,2,"ا م ن"
36,25,3,"ر ب ب"
36,25,4,"س م ع"
36,26,1,"ق و ل"
36,26,2,"د خ ل"
36,26,3,"ج ن ن"
36,26,4,"ق و ل"
36,26,6,"ق و م"
36,26,7,"ع ل م"
36,27,2,"غ ف ر"
36,27,4,"ر ب ب"
36,27,5,"ج ع ل"
36,27,7,"ك ر م"
36,28,2,"ن ز ل"
36,28,4,"ق و م"
36,28,6,"ب ع د"
36,28,8,"ج ن د"
36,28,10,"س م و"
36,28,12,"ك و ن"
36,28,13,"ن ز ل"
36,29,2,"ك و ن"
36,29,3,"إِلَّا"
36,29,4,"ص ي ح"
36,29,5,"و ح د"
36,29,8,"خ م د"
36,30,1,"ح س ر"
36,30,3,"ع ب د"
36,30,5,"ا ت ي"
36,30,7,"ر س ل"
36,30,8,"إِلَّا"
36,30,9,"ك و ن"
36,30,11,"ه ز ا"
36,31,2,"ر ا ي"
36,31,4,"ه ل ك"
36,31,5,"ق ب ل"
36,31,7,"ق ر ن"
36,31,9,"إِلَىٰ"
36,31,11,"ر ج ع"
36,32,2,"ك ل ل"
36,32,4,"ج م ع"
36,32,6,"ح ض ر"
36,33,1,"ا ي ي"
36,33,3,"ا ر ض"
36,33,4,"م و ت"
36,33,5,"ح ي ي"
36,33,6,"خ ر ج"
36,33,8,"ح ب ب"
36,33,10,"ا ك ل"
36,34,1,"ج ع ل"
36,34,3,"ج ن ن"
36,34,5,"ن خ ل"
36,34,6,"ع ن ب"
36,34,7,"ف ج ر"
36,34,10,"ع ي ن"
36,35,1,"ا ك ل"
36,35,3,"ث م ر"
36,35,5,"ع م ل"
36,35,6,"ي د ي"
36,35,8,"ش ك ر"
36,36,1,"س ب ح"
36,36,2,"ٱلَّذِى"
36,36,3,"خ ل ق"
36,36,4,"ز و ج"
36,36,5,"ك ل ل"
36,36,7,"ن ب ت"
36,36,8,"ا ر ض"
36,36,10,"ن ف س"
36,36,13,"ع ل م"
36,37,1,"ا ي ي"
36,37,3,"ل ي ل"
36,37,4,"س ل خ"
36,37,6,"ن ه ر"
36,37,7,"إِذَا"
36,37,9,"ظ ل م"
36,38,1,"ش م س"
36,38,2,"ج ر ي"
36,38,3,"ق ر ر"
36,38,6,"ق د ر"
36,38,7,"ع ز ز"
36,38,8,"ع ل م"
36,39,1,"ق م ر"
36,39,2,"ق د ر"
36,39,3,"ن ز ل"
36,39,5,"ع و د"
36,39,6,"ع ر ج ن"
36,39,7,"ق د م"
36,40,2,"ش م س"
36,40,3,"ب غ ي"
36,40,6,"د ر ك"
36,40,7,"ق م ر"
36,40,9,"ل ي ل"
36,40,10,"س ب ق"
36,40,11,"ن ه ر"
36,40,12,"ك ل ل"
36,40,14,"ف ل ك"
36,40,15,"س ب ح"
36,41,1,"ا ي ي"
36,41,4,"ح م ل"
36,41,5,"ذ ر ر"
36,41,7,"ف ل ك"
36,41,8,"ش ح ن"
36,42,1,"خ ل ق"
36,42,4,"م ث ل"
36,42,6,"ر ك ب"
36,43,2,"ش ي ا"
36,43,3,"غ ر ق"
36,43,5,"ص ر خ"
36,43,9,"ن ق ذ"
36,44,1,"إِلَّا"
36,44,2,"ر ح م"
36,44,4,"م ت ع"
36,44,5,"إِلَىٰ"
36,44,6,"ح ي ن"
36,45,1,"إِذَا"
36,45,2,"ق و ل"
36,45,4,"و ق ي"
36,45,6,"ب ي ن"
36,45,7,"ي د ي"
36,45,9,"خ ل ف"
36,45,11,"ر ح م"
36,46,2,"ا ت ي"
36,46,4,"ا ي ي"
36,46,6,"ا ي ي"
36,46,7,"ر ب ب"
36,46,8,"إِلَّا"
36,46,9,"ك و ن"
36,46,11,"ع ر ض"
36,47,1,"إِذَا"
36,47,2,"ق و ل"
36,47,4,"ن ف ق"
36,47,6,"ر ز ق"
36,47,7,"ا ل ه"
36,47,8,"ق و ل"
36,47,9,"ٱلَّذِى"
36,47,10,"ك ف ر"
36,47,11,"ٱلَّذِى"
36,47,12,"ا م ن"
36,47,13,"ط ع م"
36,47,16,"ش ي ا"
36,47,17,"ا ل ه"
36,47,18,"ط ع م"
36,47,21,"إِلَّا"
36,47,23,"ض ل ل"
36,47,24,"ب ي ن"
36,48,1,"ق و ل"
36,48,4,"و ع د"
36,48,6,"ك و ن"
36,48,7,"ص د ق"
36,49,2,"ن ظ ر"
36,49,3,"إِلَّا"
36,49,4,"ص ي ح"
36,49,5,"و ح د"
36,49,6,"ا خ ذ"
36,49,8,"خ ص م"
36,50,2,"ط و ع"
36,50,3,"و ص ي"
36,50,5,"إِلَىٰ"
36,50,6,"ا ه ل"
36,50,7,"ر ج ع"
36,51,1,"ن ف خ"
36,51,3,"ص و ر"
36,51,4,"إِذَا"
36,51,7,"ج د ث"
36,51,8,"إِلَىٰ"
36,51,9,"ر ب ب"
36,51,10,"ن س ل"
36,52,1,"ق و ل"
36,52,4,"ب ع ث"
36,52,6,"ر ق د"
36,52,9,"و ع د"
36,52,10,"ر ح م"
36,52,11,"ص د ق"
36,52,12,"ر س ل"
36,53,2,"ك و ن"
36,53,3,"إِلَّا"
36,53,4,"ص ي ح"
36,53,5,"و ح د"
36,53,6,"إِذَا"
36,53,8,"ج م ع"
36,53,10,"ح ض ر"
36,54,1,"ي و م"
36,54,3,"ظ ل م"
36,54,4,"ن ف س"
36,54,5,"ش ي ا"
36,54,7,"ج ز ي"
36,54,8,"إِلَّا"
36,54,10,"ك و ن"
36,54,11,"ع م ل"
36,55,2,"ص ح ب"
36,55,3,"ج ن ن"
36,55,4,"ي و م"
36,55,6,"ش غ ل"
36,55,7,"ف ك ه"
36,56,2,"ز و ج"
36,56,4,"ظ ل ل"
36,56,6,"ا ر ك"
36,56,7,"و ك ا"
36,57,3,"ف ك ه"
36,57,6,"د ع و"
36,58,1,"س ل م"
36,58,2,"ق و ل"
36,58,4,"ر ب ب"
36,58,5,"ر ح م"
36,59,1,"م ي ز"
36,59,2,"ي و م"
36,59,4,"ج ر م"
36,60,2,"ع ه د"
36,60,3,"إِلَىٰ"
36,60,4,"ب ن ي"
36,60,5,"آدَم"
36,60,8,"ع ب د"
36,60,9,"ش ط ن"
36,60,12,"ع د و"
36,60,13,"ب ي ن"
36,61,2,"ع ب د"
36,61,4,"ص ر ط"
36,61,5,"ق و م"
36,62,2,"ض ل ل"
36,62,4,"ج ب ل"
36,62,5,"ك ث ر"
36,62,7,"ك و ن"
36,62,8,"ع ق ل"
36,63,3,"ٱلَّذِى"
36,63,4,"ك و ن"
36,63,5,"و ع د"
36,64,1,"ص ل ي"
36,64,2,"ي و م"
36,64,4,"ك و ن"
36,64,5,"ك ف ر"
36,65,1,"ي و م"
36,65,2,"خ ت م"
36,65,4,"ف و ه"
36,65,5,"ك ل م"
36,65,6,"ي د ي"
36,65,7,"ش ه د"
36,65,8,"ر ج ل"
36,65,10,"ك و ن"
36,65,11,"ك س ب"
36,66,2,"ش ي ا"
36,66,3,"ط م س"
36,66,5,"ع ي ن"
36,66,6,"س ب ق"
36,66,7,"ص ر ط"
36,66,8,"ا ن ي"
36,66,9,"ب ص ر"
36,67,2,"ش ي ا"
36,67,3,"م س خ"
36,67,5,"ك و ن"
36,67,7,"ط و ع"
36,67,8,"م ض ي"
36,67,10,"ر ج ع"
36,68,2,"ع م ر"
36,68,3,"ن ك س"
36,68,5,"خ ل ق"
36,68,7,"ع ق ل"
36,69,2,"ع ل م"
36,69,3,"ش ع ر"
36,69,5,"ب غ ي"
36,69,9,"إِلَّا"
36,69,10,"ذ ك ر"
36,69,11,"ق ر ا"
36,69,12,"ب ي ن"
36,70,1,"ن ذ ر"
36,70,3,"ك و ن"
36,70,4,"ح ي ي"
36,70,5,"ح ق ق"
36,70,6,"ق و ل"
36,70,8,"ك ف ر"
36,71,2,"ر ا ي"
36,71,4,"خ ل ق"
36,71,7,"ع م ل"
36,71,8,"ي د ي"
36,71,9,"ن ع م"
36,71,12,"م ل ك"
36,72,1,"ذ ل ل"
36,72,4,"ر ك ب"
36,72,6,"ا ك ل"
36,73,3,"ن ف ع"
36,73,4,"ش ر ب"
36,73,6,"ش ك ر"
36,74,1,"ا خ ذ"
36,74,3,"د و ن"
36,74,4,"ا ل ه"
36,74,5,"ا ل ه"
36,74,7,"ن ص ر"
36,75,2,"ط و ع"
36,75,3,"ن ص ر"
36,75,6,"ج ن د"
36,75,7,"ح ض ر"
36,76,2,"ح ز ن"
36,76,3,"ق و ل"
36,76,5,"ع ل م"
36,76,7,"س ر ر"
36,76,9,"ع ل ن"
36,77,2,"ر ا ي"
36,77,3,"ا ن س"
36,77,5,"خ ل ق"
36,77,7,"ن ط ف"
36,77,8,"إِذَا"
36,77,10,"خ ص م"
36,77,11,"ب ي ن"
36,78,1,"ض ر ب"
36,78,3,"م ث ل"
36,78,4,"ن س ي"
36,78,5,"خ ل ق"
36,78,6,"ق و ل"
36,78,8,"ح ي ي"
36,78,9,"ع ظ م"
36,78,11,"ر م م"
36,79,1,"ق و ل"
36,79,2,"ح ي ي"
36,79,3,"ٱلَّذِى"
36,79,4,"ن ش ا"
36,79,5,"ا و ل"
36,79,6,"م ر ر"
36,79,8,"ك ل ل"
36,79,9,"خ ل ق"
36,79,10,"ع ل م"
36,80,1,"ٱلَّذِى"
36,80,2,"ج ع ل"
36,80,5,"ش ج ر"
36,80,6,"خ ض ر"
36,80,7,"ن و ر"
36,80,8,"إِذَا"
36,80,11,"و ق د"
36,81,1,"ل ي س"
36,81,2,"ٱلَّذِى"
36,81,3,"خ ل ق"
36,81,4,"س م و"
36,81,5,"ا ر ض"
36,81,6,"ق د ر"
36,81,9,"خ ل ق"
36,81,10,"م ث ل"
36,81,13,"خ ل ق"
36,81,14,"ع ل م"
36,82,2,"ا م ر"
36,82,3,"إِذَا"
36,82,4,"ر و د"
36,82,5,"ش ي ا"
36,82,7,"ق و ل"
36,82,9,"ك و ن"
36,82,10,"ك و ن"
36,83,1,"س ب ح"
36,83,2,"ٱلَّذِى"
36,83,3,"ي د ي"
36,83,4,"م ل ك"
36,83,5,"ك ل ل"
36,83,6,"ش ي ا"
36,83,7,"إِلَىٰ"
36,83,8,"ر ج ع"
37,1,1,"ص ف ف"
37,1,2,"ص ف ف"
37,2,1,"ز ج ر"
37,2,2,"ز ج ر"
37,3,1,"ت ل و"
37,3,2,"ذ ك ر"
37,4,2,"ا ل ه"
37,4,3,"و ح د"
37,5,1,"ر ب ب"
37,5,2,"س م و"
37,5,3,"ا ر ض"
37,5,5,"ب ي ن"
37,5,6,"ر ب ب"
37,5,7,"ش ر ق"
37,6,2,"ز ي ن"
37,6,3,"س م و"
37,6,4,"د ن و"
37,6,5,"ز ي ن"
37,6,6,"ك و ك ب"
37,7,1,"ح ف ظ"
37,7,3,"ك ل ل"
37,7,4,"ش ط ن"
37,7,5,"م ر د"
37,8,2,"س م ع"
37,8,3,"إِلَىٰ"
37,8,4,"م ل ا"
37,8,5,"ع ل و"
37,8,6,"ق ذ ف"
37,8,8,"ك ل ل"
37,8,9,"ج ن ب"
37,9,1,"د ح ر"
37,9,3,"ع ذ ب"
37,9,4,"و ص ب"
37,10,1,"إِلَّا"
37,10,3,"خ ط ف"
37,10,4,"خ ط ف"
37,10,5,"ت ب ع"
37,10,6,"ش ه ب"
37,10,7,"ث ق ب"
37,11,1,"ف ت ي"
37,11,3,"ش د د"
37,11,4,"خ ل ق"
37,11,5,"أَم"
37,11,7,"خ ل ق"
37,11,9,"خ ل ق"
37,11,11,"ط ي ن"
37,11,12,"ل ز ب"
37,12,2,"ع ج ب"
37,12,3,"س خ ر"
37,13,1,"إِذَا"
37,13,2,"ذ ك ر"
37,13,4,"ذ ك ر"
37,14,1,"إِذَا"
37,14,2,"ر ا ي"
37,14,3,"ا ي ي"
37,14,4,"س خ ر"
37,15,1,"ق و ل"
37,15,4,"إِلَّا"
37,15,5,"س ح ر"
37,15,6,"ب ي ن"
37,16,1,"إِذَا"
37,16,2,"م و ت"
37,16,3,"ك و ن"
37,16,4,"ت ر ب"
37,16,5,"ع ظ م"
37,16,7,"ب ع ث"
37,17,1,"ا ب و"
37,17,2,"ا و ل"
37,18,1,"ق و ل"
37,18,4,"د خ ر"
37,19,3,"ز ج ر"
37,19,4,"و ح د"
37,19,5,"إِذَا"
37,19,7,"ن ظ ر"
37,20,1,"ق و ل"
37,20,4,"ي و م"
37,20,5,"د ي ن"
37,21,2,"ي و م"
37,21,3,"ف ص ل"
37,21,4,"ٱلَّذِى"
37,21,5,"ك و ن"
37,21,7,"ك ذ ب"
37,22,1,"ح ش ر"
37,22,2,"ٱلَّذِى"
37,22,3,"ظ ل م"
37,22,4,"ز و ج"
37,22,6,"ك و ن"
37,22,7,"ع ب د"
37,23,2,"د و ن"
37,23,3,"ا ل ه"
37,23,4,"ه د ي"
37,23,5,"إِلَىٰ"
37,23,6,"ص ر ط"
37,23,7,"ج ح م"
37,24,1,"و ق ف"
37,24,3,"س ا ل"
37,25,4,"ن ص ر"
37,26,3,"ي و م"
37,26,4,"س ل م"
37,27,1,"ق ب ل"
37,27,2,"ب ع ض"
37,27,4,"ب ع ض"
37,27,5,"س ا ل"
37,28,1,"ق و ل"
37,28,3,"ك و ن"
37,28,4,"ا ت ي"
37,28,6,"ي م ن"
37,29,1,"ق و ل"
37,29,4,"ك و ن"
37,29,5,"ا م ن"
37,30,2,"ك و ن"
37,30,6,"س ل ط"
37,30,8,"ك و ن"
37,30,9,"ق و م"
37,30,10,"ط غ ي"
37,31,1,"ح ق ق"
37,31,3,"ق و ل"
37,31,4,"ر ب ب"
37,31,6,"ذ و ق"
37,32,1,"غ و ي"
37,32,3,"ك و ن"
37,32,4,"غ و ي"
37,33,4,"ع ذ ب"
37,33,5,"ش ر ك"
37,34,3,"ف ع ل"
37,34,4,"ج ر م"
37,35,2,"ك و ن"
37,35,3,"إِذَا"
37,35,4,"ق و ل"
37,35,7,"ا ل ه"
37,35,8,"إِلَّا"
37,35,9,"ا ل ه"
37,35,10,"ك ب ر"
37,36,1,"ق و ل"
37,36,3,"ت ر ك"
37,36,4,"ا ل ه"
37,36,5,"ش ع ر"
37,36,6,"ج ن ن"
37,37,2,"ج ي ا"
37,37,3,"ح ق ق"
37,37,4,"ص د ق"
37,37,5,"ر س ل"
37,38,2,"ذ و ق"
37,38,3,"ع ذ ب"
37,38,4,"ا ل م"
37,39,2,"ج ز ي"
37,39,3,"إِلَّا"
37,39,5,"ك و ن"
37,39,6,"ع م ل"
37,40,1,"إِلَّا"
37,40,2,"ع ب د"
37,40,3,"ا ل ه"
37,40,4,"خ ل ص"
37,41,3,"ر ز ق"
37,41,4,"ع ل م"
37,42,1,"ف ك ه"
37,42,3,"ك ر م"
37,43,2,"ج ن ن"
37,43,3,"ن ع م"
37,44,2,"س ر ر"
37,44,3,"ق ب ل"
37,45,1,"ط و ف"
37,45,3,"ك ا س"
37,45,5,"ع ي ن"
37,46,1,"ب ي ض"
37,46,2,"ل ذ ذ"
37,46,3,"ش ر ب"
37,47,3,"غ و ل"
37,47,7,"ن ز ف"
37,48,1,"ع ن د"
37,48,2,"ق ص ر"
37,48,3,"ط ر ف"
37,48,4,"ع ي ن"
37,49,2,"ب ي ض"
37,49,3,"ك ن ن"
37,50,1,"ق ب ل"
37,50,2,"ب ع ض"
37,50,4,"ب ع ض"
37,50,5,"س ا ل"
37,51,1,"ق و ل"
37,51,2,"ق و ل"
37,51,5,"ك و ن"
37,51,7,"ق ر ن"
37,52,1,"ق و ل"
37,52,4,"ص د ق"
37,53,1,"إِذَا"
37,53,2,"م و ت"
37,53,3,"ك و ن"
37,53,4,"ت ر ب"
37,53,5,"ع ظ م"
37,53,7,"د ي ن"
37,54,1,"ق و ل"
37,54,4,"ط ل ع"
37,55,1,"ط ل ع"
37,55,2,"ر ا ي"
37,55,4,"س و ي"
37,55,5,"ج ح م"
37,56,1,"ق و ل"
37,56,2,"ا ل ه"
37,56,4,"ك و د"
37,56,5,"ر د ي"
37,57,2,"ن ع م"
37,57,3,"ر ب ب"
37,57,4,"ك و ن"
37,57,6,"ح ض ر"
37,58,3,"م و ت"
37,59,1,"إِلَّا"
37,59,2,"م و ت"
37,59,3,"ا و ل"
37,59,6,"ع ذ ب"
37,60,4,"ف و ز"
37,60,5,"ع ظ م"
37,61,1,"م ث ل"
37,61,3,"ع م ل"
37,61,4,"ع م ل"
37,62,2,"خ ي ر"
37,62,3,"ن ز ل"
37,62,4,"أَم"
37,62,5,"ش ج ر"
37,62,6,"ز ق م"
37,63,2,"ج ع ل"
37,63,3,"ف ت ن"
37,63,4,"ظ ل م"
37,64,2,"ش ج ر"
37,64,3,"خ ر ج"
37,64,5,"ا ص ل"
37,64,6,"ج ح م"
37,65,1,"ط ل ع"
37,65,3,"ر ا س"
37,65,4,"ش ط ن"
37,66,2,"ا ك ل"
37,66,4,"م ل ا"
37,66,6,"ب ط ن"
37,67,5,"ش و ب"
37,67,7,"ح م م"
37,68,3,"ر ج ع"
37,68,4,"إِلَىٰ"
37,68,5,"ج ح م"
37,69,2,"ل ف و"
37,69,3,"ا ب و"
37,69,4,"ض ل ل"
37,70,3,"ا ث ر"
37,70,4,"ه ر ع"
37,71,2,"ض ل ل"
37,71,3,"ق ب ل"
37,71,4,"ك ث ر"
37,71,5,"ا و ل"
37,72,2,"ر س ل"
37,72,4,"ن ذ ر"
37,73,1,"ن ظ ر"
37,73,2,"ك ي ف"
37,73,3,"ك و ن"
37,73,4,"ع ق ب"
37,73,5,"ن ذ ر"
37,74,1,"إِلَّا"
37,74,2,"ع ب د"
37,74,3,"ا ل ه"
37,74,4,"خ ل ص"
37,75,2,"ن د و"
37,75,4,"ن ع م"
37,75,5,"ج و ب"
37,76,1,"ن ج و"
37,76,2,"ا ه ل"
37,76,4,"ك ر ب"
37,76,5,"ع ظ م"
37,77,1,"ج ع ل"
37,77,2,"ذ ر ر"
37,77,4,"ب ق ي"
37,78,1,"ت ر ك"
37,78,4,"ا خ ر"
37,79,1,"س ل م"
37,79,5,"ع ل م"
37,80,3,"ج ز ي"
37,80,4,"ح س ن"
37,81,3,"ع ب د"
37,81,4,"ا م ن"
37,82,2,"غ ر ق"
37,82,3,"ا خ ر"
37,83,3,"ش ي ع"
37,83,4,"إِبْرَاهِيم"
37,84,1,"إِذ"
37,84,2,"ج ي ا"
37,84,3,"ر ب ب"
37,84,4,"ق ل ب"
37,84,5,"س ل م"
37,85,1,"إِذ"
37,85,2,"ق و ل"
37,85,3,"ا ب و"
37,85,4,"ق و م"
37,85,6,"ع ب د"
37,86,1,"ا ف ك"
37,86,2,"ا ل ه"
37,86,3,"د و ن"
37,86,4,"ا ل ه"
37,86,5,"ر و د"
37,87,2,"ظ ن ن"
37,87,3,"ر ب ب"
37,87,4,"ع ل م"
37,88,1,"ن ظ ر"
37,88,2,"ن ظ ر"
37,88,4,"ن ج م"
37,89,1,"ق و ل"
37,89,3,"س ق م"
37,90,1,"و ل ي"
37,90,3,"د ب ر"
37,91,1,"ر و غ"
37,91,2,"إِلَىٰ"
37,91,3,"ا ل ه"
37,91,4,"ق و ل"
37,91,6,"ا ك ل"
37,92,4,"ن ط ق"
37,93,1,"ر و غ"
37,93,3,"ض ر ب"
37,93,4,"ي م ن"
37,94,1,"ق ب ل"
37,94,2,"إِلَىٰ"
37,94,3,"ز ف ف"
37,95,1,"ق و ل"
37,95,2,"ع ب د"
37,95,4,"ن ح ت"
37,96,1,"ا ل ه"
37,96,2,"خ ل ق"
37,96,4,"ع م ل"
37,97,1,"ق و ل"
37,97,2,"ب ن ي"
37,97,4,"ب ن ي"
37,97,5,"ل ق ي"
37,97,7,"ج ح م"
37,98,1,"ر و د"
37,98,3,"ك ي د"
37,98,4,"ج ع ل"
37,98,5,"س ف ل"
37,99,1,"ق و ل"
37,99,3,"ذ ه ب"
37,99,4,"إِلَىٰ"
37,99,5,"ر ب ب"
37,99,6,"ه د ي"
37,100,1,"ر ب ب"
37,100,2,"و ه ب"
37,100,5,"ص ل ح"
37,101,1,"ب ش ر"
37,101,2,"غ ل م"
37,101,3,"ح ل م"
37,102,2,"ب ل غ"
37,102,4,"س ع ي"
37,102,5,"ق و ل"
37,102,6,"ب ن ي"
37,102,8,"ر ا ي"
37,102,10,"ن و م"
37,102,12,"ذ ب ح"
37,102,13,"ن ظ ر"
37,102,15,"ر ا ي"
37,102,16,"ق و ل"
37,102,17,"ا ب و"
37,102,18,"ف ع ل"
37,102,20,"ا م ر"
37,102,21,"و ج د"
37,102,23,"ش ي ا"
37,102,24,"ا ل ه"
37,102,26,"ص ب ر"
37,103,2,"س ل م"
37,103,3,"ت ل ل"
37,103,4,"ج ب ن"
37,104,1,"ن د و"
37,104,3,"إِبْرَاهِيم"
37,105,2,"ص د ق"
37,105,3,"ر ا ي"
37,105,6,"ج ز ي"
37,105,7,"ح س ن"
37,106,4,"ب ل و"
37,106,5,"ب ي ن"
37,107,1,"ف د ي"
37,107,2,"ذ ب ح"
37,107,3,"ع ظ م"
37,108,1,"ت ر ك"
37,108,4,"ا خ ر"
37,109,1,"س ل م"
37,109,3,"إِبْرَاهِيم"
37,110,2,"ج ز ي"
37,110,3,"ح س ن"
37,111,3,"ع ب د"
37,111,4,"ا م ن"
37,112,1,"ب ش ر"
37,112,2,"إِسْحَاق"
37,112,3,"ن ب ا"
37,112,5,"ص ل ح"
37,113,1,"ب ر ك"
37,113,4,"إِسْحَاق"
37,113,6,"ذ ر ر"
37,113,7,"ح س ن"
37,113,8,"ظ ل م"
37,113,9,"ن ف س"
37,113,10,"ب ي ن"
37,114,2,"م ن ن"
37,115,1,"ن ج و"
37,115,2,"ق و م"
37,115,4,"ك ر ب"
37,115,5,"ع ظ م"
37,116,1,"ن ص ر"
37,116,2,"ك و ن"
37,116,4,"غ ل ب"
37,117,1,"ا ت ي"
37,117,2,"ك ت ب"
37,117,3,"ب ي ن"
37,118,1,"ه د ي"
37,118,2,"ص ر ط"
37,118,3,"ق و م"
37,119,1,"ت ر ك"
37,119,4,"ا خ ر"
37,120,1,"س ل م"
37,121,3,"ج ز ي"
37,121,4,"ح س ن"
37,122,3,"ع ب د"
37,122,4,"ا م ن"
37,123,2,"إِلْيَاس"
37,123,4,"ر س ل"
37,124,1,"إِذ"
37,124,2,"ق و ل"
37,124,3,"ق و م"
37,124,5,"و ق ي"
37,125,1,"د ع و"
37,125,2,"ب ع ل"
37,125,3,"و ذ ر"
37,125,4,"ح س ن"
37,125,5,"خ ل ق"
37,126,1,"ا ل ه"
37,126,2,"ر ب ب"
37,126,3,"ر ب ب"
37,126,4,"ا ب و"
37,126,5,"ا و ل"
37,127,1,"ك ذ ب"
37,127,3,"ح ض ر"
37,128,1,"إِلَّا"
37,128,2,"ع ب د"
37,128,3,"ا ل ه"
37,128,4,"خ ل ص"
37,129,1,"ت ر ك"
37,129,4,"ا خ ر"
37,130,1,"س ل م"
37,130,3,"إِلْيَاس"
37,131,3,"ج ز ي"
37,131,4,"ح س ن"
37,132,3,"ع ب د"
37,132,4,"ا م ن"
37,133,4,"ر س ل"
37,134,1,"إِذ"
37,134,2,"ن ج و"
37,134,3,"ا ه ل"
37,134,4,"ج م ع"
37,135,1,"إِلَّا"
37,135,2,"ع ج ز"
37,135,4,"غ ب ر"
37,136,2,"د م ر"
37,136,3,"ا خ ر"
37,137,2,"م ر ر"
37,137,4,"ص ب ح"
37,138,1,"ل ي ل"
37,138,3,"ع ق ل"
37,139,4,"ر س ل"
37,140,1,"إِذ"
37,140,2,"ا ب ق"
37,140,3,"إِلَىٰ"
37,140,4,"ف ل ك"
37,140,5,"ش ح ن"
37,141,1,"س ه م"
37,141,2,"ك و ن"
37,141,4,"د ح ض"
37,142,1,"ل ق م"
37,142,2,"ح و ت"
37,142,4,"ل و م"
37,143,3,"ك و ن"
37,143,5,"س ب ح"
37,144,1,"ل ب ث"
37,144,3,"ب ط ن"
37,144,4,"إِلَىٰ"
37,144,5,"ي و م"
37,144,6,"ب ع ث"
37,145,1,"ن ب ذ"
37,145,2,"ع ر ي"
37,145,4,"س ق م"
37,146,1,"ن ب ت"
37,146,3,"ش ج ر"
37,147,1,"ر س ل"
37,147,2,"إِلَىٰ"
37,147,3,"م ا ي"
37,147,4,"ا ل ف"
37,147,6,"ز ي د"
37,148,1,"ا م ن"
37,148,2,"م ت ع"
37,148,3,"إِلَىٰ"
37,148,4,"ح ي ن"
37,149,1,"ف ت ي"
37,149,2,"ر ب ب"
37,149,3,"ب ن ي"
37,149,5,"ب ن ي"
37,150,1,"أَم"
37,150,2,"خ ل ق"
37,150,3,"م ل ك"
37,150,4,"ا ن ث"
37,150,6,"ش ه د"
37,151,4,"ا ف ك"
37,151,5,"ق و ل"
37,152,1,"و ل د"
37,152,2,"ا ل ه"
37,152,4,"ك ذ ب"
37,153,1,"ص ف و"
37,153,2,"ب ن ي"
37,153,4,"ب ن ي"
37,154,3,"ك ي ف"
37,154,4,"ح ك م"
37,155,2,"ذ ك ر"
37,156,1,"أَم"
37,156,3,"س ل ط"
37,156,4,"ب ي ن"
37,157,1,"ا ت ي"
37,157,2,"ك ت ب"
37,157,4,"ك و ن"
37,157,5,"ص د ق"
37,158,1,"ج ع ل"
37,158,2,"ب ي ن"
37,158,3,"ب ي ن"
37,158,4,"ج ن ن"
37,158,5,"ن س ب"
37,158,7,"ع ل م"
37,158,8,"ج ن ن"
37,158,10,"ح ض ر"
37,159,1,"س ب ح"
37,159,2,"ا ل ه"
37,159,4,"و ص ف"
37,160,1,"إِلَّا"
37,160,2,"ع ب د"
37,160,3,"ا ل ه"
37,160,4,"خ ل ص"
37,161,3,"ع ب د"
37,162,4,"ف ت ن"
37,163,1,"إِلَّا"
37,163,4,"ص ل ي"
37,163,5,"ج ح م"
37,164,3,"إِلَّا"
37,164,5,"ق و م"
37,164,6,"ع ل م"
37,165,3,"ص ف ف"
37,166,3,"س ب ح"
37,167,2,"ك و ن"
37,167,3,"ق و ل"
37,168,3,"ع ن د"
37,168,4,"ذ ك ر"
37,168,6,"ا و ل"
37,169,1,"ك و ن"
37,169,2,"ع ب د"
37,169,3,"ا ل ه"
37,169,4,"خ ل ص"
37,170,1,"ك ف ر"
37,170,4,"ع ل م"
37,171,2,"س ب ق"
37,171,3,"ك ل م"
37,171,4,"ع ب د"
37,171,5,"ر س ل"
37,172,3,"ن ص ر"
37,173,2,"ج ن د"
37,173,4,"غ ل ب"
37,174,1,"و ل ي"
37,174,4,"ح ي ن"
37,175,1,"ب ص ر"
37,175,3,"ب ص ر"
37,176,1,"ع ذ ب"
37,176,2,"ع ج ل"
37,177,1,"إِذَا"
37,177,2,"ن ز ل"
37,177,3,"س و ح"
37,177,4,"س و ا"
37,177,5,"ص ب ح"
37,177,6,"ن ذ ر"
37,178,1,"و ل ي"
37,178,4,"ح ي ن"
37,179,1,"ب ص ر"
37,179,3,"ب ص ر"
37,180,1,"س ب ح"
37,180,2,"ر ب ب"
37,180,3,"ر ب ب"
37,180,4,"ع ز ز"
37,180,6,"و ص ف"
37,181,1,"س ل م"
37,181,3,"ر س ل"
37,182,1,"ح م د"
37,182,2,"ا ل ه"
37,182,3,"ر ب ب"
37,182,4,"ع ل م"
38,1,2,"ق ر ا"
38,1,4,"ذ ك ر"
38,2,2,"ٱلَّذِى"
38,2,3,"ك ف ر"
38,2,5,"ع ز ز"
38,2,6,"ش ق ق"
38,3,2,"ه ل ك"
38,3,4,"ق ب ل"
38,3,6,"ق ر ن"
38,3,7,"ن د و"
38,3,8,"ل و ت"
38,3,9,"ح ي ن"
38,3,10,"ن و ص"
38,4,1,"ع ج ب"
38,4,3,"ج ي ا"
38,4,4,"ن ذ ر"
38,4,6,"ق و ل"
38,4,7,"ك ف ر"
38,4,9,"س ح ر"
38,4,10,"ك ذ ب"
38,5,1,"ج ع ل"
38,5,2,"ا ل ه"
38,5,3,"ا ل ه"
38,5,4,"و ح د"
38,5,7,"ش ي ا"
38,5,8,"ع ج ب"
38,6,1,"ط ل ق"
38,6,2,"م ل ا"
38,6,5,"م ش ي"
38,6,6,"ص ب ر"
38,6,8,"ا ل ه"
38,6,11,"ش ي ا"
38,6,12,"ر و د"
38,7,2,"س م ع"
38,7,5,"م ل ل"
38,7,6,"ا خ ر"
38,7,9,"إِلَّا"
38,7,10,"خ ل ق"
38,8,1,"ن ز ل"
38,8,3,"ذ ك ر"
38,8,5,"ب ي ن"
38,8,9,"ش ك ك"
38,8,11,"ذ ك ر"
38,8,14,"ذ و ق"
38,8,15,"ع ذ ب"
38,9,1,"أَم"
38,9,2,"ع ن د"
38,9,3,"خ ز ن"
38,9,4,"ر ح م"
38,9,5,"ر ب ب"
38,9,6,"ع ز ز"
38,9,7,"و ه ب"
38,10,1,"أَم"
38,10,3,"م ل ك"
38,10,4,"س م و"
38,10,5,"ا ر ض"
38,10,7,"ب ي ن"
38,10,8,"ر ق ي"
38,10,10,"س ب ب"
38,11,1,"ج ن د"
38,11,4,"ه ز م"
38,11,6,"ح ز ب"
38,12,1,"ك ذ ب"
38,12,2,"ق ب ل"
38,12,3,"ق و م"
38,12,5,"ع و د"
38,12,8,"و ت د"
38,13,2,"ق و م"
38,13,4,"ص ح ب"
38,13,7,"ح ز ب"
38,14,2,"ك ل ل"
38,14,3,"إِلَّا"
38,14,4,"ك ذ ب"
38,14,5,"ر س ل"
38,14,6,"ح ق ق"
38,14,7,"ع ق ب"
38,15,2,"ن ظ ر"
38,15,4,"إِلَّا"
38,15,5,"ص ي ح"
38,15,6,"و ح د"
38,15,10,"ف و ق"
38,16,1,"ق و ل"
38,16,2,"ر ب ب"
38,16,3,"ع ج ل"
38,16,5,"ق ط ط"
38,16,6,"ق ب ل"
38,16,7,"ي و م"
38,16,8,"ح س ب"
38,17,1,"ص ب ر"
38,17,4,"ق و ل"
38,17,5,"ذ ك ر"
38,17,6,"ع ب د"
38,17,9,"ا ي د"
38,17,11,"ا و ب"
38,18,2,"س خ ر"
38,18,3,"ج ب ل"
38,18,5,"س ب ح"
38,18,6,"ع ش و"
38,18,7,"ش ر ق"
38,19,1,"ط ي ر"
38,19,2,"ح ش ر"
38,19,3,"ك ل ل"
38,19,5,"ا و ب"
38,20,1,"ش د د"
38,20,2,"م ل ك"
38,20,3,"ا ت ي"
38,20,4,"ح ك م"
38,20,5,"ف ص ل"
38,20,6,"خ ط ب"
38,21,2,"ا ت ي"
38,21,3,"ن ب ا"
38,21,4,"خ ص م"
38,21,5,"إِذ"
38,21,6,"س و ر"
38,21,7,"ح ر ب"
38,22,1,"إِذ"
38,22,2,"د خ ل"
38,22,5,"ف ز ع"
38,22,7,"ق و ل"
38,22,9,"خ و ف"
38,22,10,"خ ص م"
38,22,11,"ب غ ي"
38,22,12,"ب ع ض"
38,22,14,"ب ع ض"
38,22,15,"ح ك م"
38,22,16,"ب ي ن"
38,22,17,"ح ق ق"
38,22,19,"ش ط ط"
38,22,20,"ه د ي"
38,22,21,"إِلَىٰ"
38,22,22,"س و ي"
38,22,23,"ص ر ط"
38,23,3,"ا خ و"
38,23,5,"ت س ع"
38,23,6,"ت س ع"
38,23,7,"ن ع ج"
38,23,9,"ن ع ج"
38,23,10,"و ح د"
38,23,11,"ق و ل"
38,23,12,"ك ف ل"
38,23,13,"ع ز ز"
38,23,15,"خ ط ب"
38,24,1,"ق و ل"
38,24,3,"ظ ل م"
38,24,4,"س ا ل"
38,24,5,"ن ع ج"
38,24,6,"إِلَىٰ"
38,24,7,"ن ع ج"
38,24,9,"ك ث ر"
38,24,11,"خ ل ط"
38,24,12,"ب غ ي"
38,24,13,"ب ع ض"
38,24,15,"ب ع ض"
38,24,16,"إِلَّا"
38,24,17,"ٱلَّذِى"
38,24,18,"ا م ن"
38,24,19,"ع م ل"
38,24,20,"ص ل ح"
38,24,21,"ق ل ل"
38,24,24,"ظ ن ن"
38,24,27,"ف ت ن"
38,24,28,"غ ف ر"
38,24,29,"ر ب ب"
38,24,30,"خ ر ر"
38,24,31,"ر ك ع"
38,24,32,"ن و ب"
38,25,1,"غ ف ر"
38,25,6,"ع ن د"
38,25,7,"ز ل ف"
38,25,8,"ح س ن"
38,25,9,"ا و ب"
38,26,3,"ج ع ل"
38,26,4,"خ ل ف"
38,26,6,"ا ر ض"
38,26,7,"ح ك م"
38,26,8,"ب ي ن"
38,26,9,"ن و س"
38,26,10,"ح ق ق"
38,26,12,"ت ب ع"
38,26,13,"ه و ي"
38,26,14,"ض ل ل"
38,26,16,"س ب ل"
38,26,17,"ا ل ه"
38,26,19,"ٱلَّذِى"
38,26,20,"ض ل ل"
38,26,22,"س ب ل"
38,26,23,"ا ل ه"
38,26,25,"ع ذ ب"
38,26,26,"ش د د"
38,26,28,"ن س ي"
38,26,29,"ي و م"
38,26,30,"ح س ب"
38,27,2,"خ ل ق"
38,27,3,"س م و"
38,27,4,"ا ر ض"
38,27,6,"ب ي ن"
38,27,7,"ب ط ل"
38,27,9,"ظ ن ن"
38,27,10,"ٱلَّذِى"
38,27,11,"ك ف ر"
38,27,13,"ٱلَّذِى"
38,27,14,"ك ف ر"
38,27,16,"ن و ر"
38,28,1,"أَم"
38,28,2,"ج ع ل"
38,28,3,"ٱلَّذِى"
38,28,4,"ا م ن"
38,28,5,"ع م ل"
38,28,6,"ص ل ح"
38,28,7,"ف س د"
38,28,9,"ا ر ض"
38,28,10,"أَم"
38,28,11,"ج ع ل"
38,28,12,"و ق ي"
38,28,13,"ف ج ر"
38,29,1,"ك ت ب"
38,29,2,"ن ز ل"
38,29,3,"إِلَىٰ"
38,29,4,"ب ر ك"
38,29,5,"د ب ر"
38,29,6,"ا ي ي"
38,29,7,"ذ ك ر"
38,29,8,"ا و ل"
38,29,9,"ل ب ب"
38,30,1,"و ه ب"
38,30,4,"ن ع م"
38,30,5,"ع ب د"
38,30,7,"ا و ب"
38,31,1,"إِذ"
38,31,2,"ع ر ض"
38,31,4,"ع ش و"
38,31,5,"ص ف ن"
38,31,6,"ج و د"
38,32,1,"ق و ل"
38,32,3,"ح ب ب"
38,32,4,"ح ب ب"
38,32,5,"خ ي ر"
38,32,7,"ذ ك ر"
38,32,8,"ر ب ب"
38,32,10,"و ر ي"
38,32,11,"ح ج ب"
38,33,1,"ر د د"
38,33,3,"ط ف ق"
38,33,4,"م س ح"
38,33,5,"س و ق"
38,33,6,"ع ن ق"
38,34,2,"ف ت ن"
38,34,4,"ل ق ي"
38,34,6,"ك ر س"
38,34,7,"ج س د"
38,34,9,"ن و ب"
38,35,1,"ق و ل"
38,35,2,"ر ب ب"
38,35,3,"غ ف ر"
38,35,5,"و ه ب"
38,35,7,"م ل ك"
38,35,9,"ب غ ي"
38,35,10,"ا ح د"
38,35,12,"ب ع د"
38,35,15,"و ه ب"
38,36,1,"س خ ر"
38,36,3,"ر و ح"
38,36,4,"ج ر ي"
38,36,5,"ا م ر"
38,36,6,"ر خ و"
38,36,7,"ح ي ث"
38,36,8,"ص و ب"
38,37,1,"ش ط ن"
38,37,2,"ك ل ل"
38,37,3,"ب ن ي"
38,37,4,"غ و ص"
38,38,1,"ا خ ر"
38,38,2,"ق ر ن"
38,38,4,"ص ف د"
38,39,2,"ع ط و"
38,39,3,"م ن ن"
38,39,5,"م س ك"
38,39,6,"غ ي ر"
38,39,7,"ح س ب"
38,40,3,"ع ن د"
38,40,4,"ز ل ف"
38,40,5,"ح س ن"
38,40,6,"ا و ب"
38,41,1,"ذ ك ر"
38,41,2,"ع ب د"
38,41,4,"إِذ"
38,41,5,"ن د و"
38,41,6,"ر ب ب"
38,41,8,"م س س"
38,41,9,"ش ط ن"
38,41,10,"ن ص ب"
38,41,11,"ع ذ ب"
38,42,1,"ر ك ض"
38,42,2,"ر ج ل"
38,42,4,"غ س ل"
38,42,5,"ب ر د"
38,42,6,"ش ر ب"
38,43,1,"و ه ب"
38,43,3,"ا ه ل"
38,43,4,"م ث ل"
38,43,6,"ر ح م"
38,43,8,"ذ ك ر"
38,43,9,"ا و ل"
38,43,10,"ل ب ب"
38,44,1,"ا خ ذ"
38,44,2,"ي د ي"
38,44,3,"ض غ ث"
38,44,4,"ض ر ب"
38,44,7,"ح ن ث"
38,44,9,"و ج د"
38,44,10,"ص ب ر"
38,44,11,"ن ع م"
38,44,12,"ع ب د"
38,44,14,"ا و ب"
38,45,1,"ذ ك ر"
38,45,2,"ع ب د"
38,45,3,"إِبْرَاهِيم"
38,45,4,"إِسْحَاق"
38,45,6,"ا و ل"
38,45,7,"ي د ي"
38,45,8,"ب ص ر"
38,46,2,"خ ل ص"
38,46,3,"خ ل ص"
38,46,4,"ذ ك ر"
38,46,5,"د و ر"
38,47,2,"ع ن د"
38,47,4,"ص ف و"
38,47,5,"خ ي ر"
38,48,1,"ذ ك ر"
38,48,2,"إِسْمَاعِيل"
38,48,3,"ٱلْيَسَعَ"
38,48,5,"ك ف ل"
38,48,6,"ك ل ل"
38,48,8,"خ ي ر"
38,49,2,"ذ ك ر"
38,49,4,"و ق ي"
38,49,5,"ح س ن"
38,49,6,"ا و ب"
38,50,1,"ج ن ن"
38,50,3,"ف ت ح"
38,50,5,"ب و ب"
38,51,1,"و ك ا"
38,51,3,"د ع و"
38,51,5,"ف ك ه"
38,51,6,"ك ث ر"
38,51,7,"ش ر ب"
38,52,1,"ع ن د"
38,52,2,"ق ص ر"
38,52,3,"ط ر ف"
38,52,4,"ت ر ب"
38,53,3,"و ع د"
38,53,4,"ي و م"
38,53,5,"ح س ب"
38,54,3,"ر ز ق"
38,54,7,"ن ف د"
38,55,3,"ط غ ي"
38,55,4,"ش ر ر"
38,55,5,"ا و ب"
38,56,2,"ص ل ي"
38,56,3,"ب ا س"
38,56,4,"م ه د"
38,57,2,"ذ و ق"
38,57,3,"ح م م"
38,57,4,"غ س ق"
38,58,1,"ا خ ر"
38,58,3,"ش ك ل"
38,58,4,"ز و ج"
38,59,2,"ف و ج"
38,59,3,"ق ح م"
38,59,6,"ر ح ب"
38,59,9,"ص ل ي"
38,59,10,"ن و ر"
38,60,1,"ق و ل"
38,60,5,"ر ح ب"
38,60,8,"ق د م"
38,60,10,"ب ا س"
38,60,11,"ق ر ر"
38,61,1,"ق و ل"
38,61,2,"ر ب ب"
38,61,4,"ق د م"
38,61,7,"ز ي د"
38,61,8,"ع ذ ب"
38,61,9,"ض ع ف"
38,61,11,"ن و ر"
38,62,1,"ق و ل"
38,62,5,"ر ا ي"
38,62,6,"ر ج ل"
38,62,7,"ك و ن"
38,62,8,"ع د د"
38,62,10,"ش ر ر"
38,63,1,"ا خ ذ"
38,63,2,"س خ ر"
38,63,3,"أَم"
38,63,4,"ز ي غ"
38,63,6,"ب ص ر"
38,64,3,"ح ق ق"
38,64,4,"خ ص م"
38,64,5,"ا ه ل"
38,64,6,"ن و ر"
38,65,1,"ق و ل"
38,65,4,"ن ذ ر"
38,65,7,"ا ل ه"
38,65,8,"إِلَّا"
38,65,9,"ا ل ه"
38,65,10,"و ح د"
38,65,11,"ق ه ر"
38,66,1,"ر ب ب"
38,66,2,"س م و"
38,66,3,"ا ر ض"
38,66,5,"ب ي ن"
38,66,6,"ع ز ز"
38,66,7,"غ ف ر"
38,67,1,"ق و ل"
38,67,3,"ن ب ا"
38,67,4,"ع ظ م"
38,68,3,"ع ر ض"
38,69,2,"ك و ن"
38,69,5,"ع ل م"
38,69,6,"م ل ا"
38,69,7,"ع ل و"
38,69,8,"إِذ"
38,69,9,"خ ص م"
38,70,2,"و ح ي"
38,70,3,"إِلَىٰ"
38,70,4,"إِلَّا"
38,70,7,"ن ذ ر"
38,70,8,"ب ي ن"
38,71,1,"إِذ"
38,71,2,"ق و ل"
38,71,3,"ر ب ب"
38,71,4,"م ل ك"
38,71,6,"خ ل ق"
38,71,7,"ب ش ر"
38,71,9,"ط ي ن"
38,72,1,"إِذَا"
38,72,2,"س و ي"
38,72,3,"ن ف خ"
38,72,6,"ر و ح"
38,72,7,"و ق ع"
38,72,9,"س ج د"
38,73,1,"س ج د"
38,73,2,"م ل ك"
38,73,3,"ك ل ل"
38,73,4,"ج م ع"
38,74,1,"إِلَّا"
38,74,2,"إِبْلِيس"
38,74,3,"ك ب ر"
38,74,4,"ك و ن"
38,74,6,"ك ف ر"
38,75,1,"ق و ل"
38,75,2,"إِبْلِيس"
38,75,4,"م ن ع"
38,75,6,"س ج د"
38,75,8,"خ ل ق"
38,75,9,"ي د ي"
38,75,10,"ك ب ر"
38,75,11,"أَم"
38,75,12,"ك و ن"
38,75,14,"ع ل و"
38,76,1,"ق و ل"
38,76,3,"خ ي ر"
38,76,5,"خ ل ق"
38,76,7,"ن و ر"
38,76,8,"خ ل ق"
38,76,10,"ط ي ن"
38,77,1,"ق و ل"
38,77,2,"خ ر ج"
38,77,5,"ر ج م"
38,78,3,"ل ع ن"
38,78,4,"إِلَىٰ"
38,78,5,"ي و م"
38,78,6,"د ي ن"
38,79,1,"ق و ل"
38,79,2,"ر ب ب"
38,79,3,"ن ظ ر"
38,79,4,"إِلَىٰ"
38,79,5,"ي و م"
38,79,6,"ب ع ث"
38,80,1,"ق و ل"
38,80,4,"ن ظ ر"
38,81,1,"إِلَىٰ"
38,81,2,"ي و م"
38,81,3,"و ق ت"
38,81,4,"ع ل م"
38,82,1,"ق و ل"
38,82,2,"ع ز ز"
38,82,3,"غ و ي"
38,82,4,"ج م ع"
38,83,1,"إِلَّا"
38,83,2,"ع ب د"
38,83,4,"خ ل ص"
38,84,1,"ق و ل"
38,84,2,"ح ق ق"
38,84,3,"ح ق ق"
38,84,4,"ق و ل"
38,85,1,"م ل ا"
38,85,5,"ت ب ع"
38,85,7,"ج م ع"
38,86,1,"ق و ل"
38,86,3,"س ا ل"
38,86,6,"ا ج ر"
38,86,10,"ك ل ف"
38,87,3,"إِلَّا"
38,87,4,"ذ ك ر"
38,87,5,"ع ل م"
38,88,1,"ع ل م"
38,88,2,"ن ب ا"
38,88,3,"ب ع د"
38,88,4,"ح ي ن"
39,1,1,"ن ز ل"
39,1,2,"ك ت ب"
39,1,4,"ا ل ه"
39,1,5,"ع ز ز"
39,1,6,"ح ك م"
39,2,2,"ن ز ل"
39,2,3,"إِلَىٰ"
39,2,4,"ك ت ب"
39,2,5,"ح ق ق"
39,2,6,"ع ب د"
39,2,7,"ا ل ه"
39,2,8,"خ ل ص"
39,2,10,"د ي ن"
39,3,2,"ا ل ه"
39,3,3,"د ي ن"
39,3,4,"خ ل ص"
39,3,5,"ٱلَّذِى"
39,3,6,"ا خ ذ"
39,3,8,"د و ن"
39,3,9,"و ل ي"
39,3,11,"ع ب د"
39,3,12,"إِلَّا"
39,3,13,"ق ر ب"
39,3,14,"إِلَىٰ"
39,3,15,"ا ل ه"
39,3,16,"ز ل ف"
39,3,18,"ا ل ه"
39,3,19,"ح ك م"
39,3,20,"ب ي ن"
39,3,25,"خ ل ف"
39,3,27,"ا ل ه"
39,3,29,"ه د ي"
39,3,32,"ك ذ ب"
39,3,33,"ك ف ر"
39,4,2,"ر و د"
39,4,3,"ا ل ه"
39,4,5,"ا خ ذ"
39,4,6,"و ل د"
39,4,7,"ص ف و"
39,4,9,"خ ل ق"
39,4,11,"ش ي ا"
39,4,12,"س ب ح"
39,4,14,"ا ل ه"
39,4,15,"و ح د"
39,4,16,"ق ه ر"
39,5,1,"خ ل ق"
39,5,2,"س م و"
39,5,3,"ا ر ض"
39,5,4,"ح ق ق"
39,5,5,"ك و ر"
39,5,6,"ل ي ل"
39,5,8,"ن ه ر"
39,5,9,"ك و ر"
39,5,10,"ن ه ر"
39,5,12,"ل ي ل"
39,5,13,"س خ ر"
39,5,14,"ش م س"
39,5,15,"ق م ر"
39,5,16,"ك ل ل"
39,5,17,"ج ر ي"
39,5,18,"ا ج ل"
39,5,19,"س م و"
39,5,22,"ع ز ز"
39,5,23,"غ ف ر"
39,6,1,"خ ل ق"
39,6,3,"ن ف س"
39,6,4,"و ح د"
39,6,6,"ج ع ل"
39,6,8,"ز و ج"
39,6,9,"ن ز ل"
39,6,12,"ن ع م"
39,6,13,"ث م ن"
39,6,14,"ز و ج"
39,6,15,"خ ل ق"
39,6,17,"ب ط ن"
39,6,18,"ا م م"
39,6,19,"خ ل ق"
39,6,21,"ب ع د"
39,6,22,"خ ل ق"
39,6,24,"ظ ل م"
39,6,25,"ث ل ث"
39,6,27,"ا ل ه"
39,6,28,"ر ب ب"
39,6,30,"م ل ك"
39,6,32,"ا ل ه"
39,6,33,"إِلَّا"
39,6,35,"ا ن ي"
39,6,36,"ص ر ف"
39,7,2,"ك ف ر"
39,7,4,"ا ل ه"
39,7,5,"غ ن ي"
39,7,8,"ر ض و"
39,7,9,"ع ب د"
39,7,10,"ك ف ر"
39,7,12,"ش ك ر"
39,7,13,"ر ض و"
39,7,16,"و ز ر"
39,7,17,"و ز ر"
39,7,18,"و ز ر"
39,7,19,"ا خ ر"
39,7,21,"إِلَىٰ"
39,7,22,"ر ب ب"
39,7,23,"ر ج ع"
39,7,24,"ن ب ا"
39,7,26,"ك و ن"
39,7,27,"ع م ل"
39,7,29,"ع ل م"
39,7,31,"ص د ر"
39,8,1,"إِذَا"
39,8,2,"م س س"
39,8,3,"ا ن س"
39,8,4,"ض ر ر"
39,8,5,"د ع و"
39,8,6,"ر ب ب"
39,8,7,"ن و ب"
39,8,8,"إِلَىٰ"
39,8,10,"إِذَا"
39,8,11,"خ و ل"
39,8,12,"ن ع م"
39,8,14,"ن س ي"
39,8,16,"ك و ن"
39,8,17,"د ع و"
39,8,18,"إِلَىٰ"
39,8,20,"ق ب ل"
39,8,21,"ج ع ل"
39,8,22,"ا ل ه"
39,8,23,"ن د د"
39,8,24,"ض ل ل"
39,8,26,"س ب ل"
39,8,27,"ق و ل"
39,8,28,"م ت ع"
39,8,29,"ك ف ر"
39,8,30,"ق ل ل"
39,8,33,"ص ح ب"
39,8,34,"ن و ر"
39,9,1,"أَم"
39,9,3,"ق ن ت"
39,9,4,"ا ن ي"
39,9,5,"ل ي ل"
39,9,6,"س ج د"
39,9,7,"ق و م"
39,9,8,"ح ذ ر"
39,9,9,"ا خ ر"
39,9,10,"ر ج و"
39,9,11,"ر ح م"
39,9,12,"ر ب ب"
39,9,13,"ق و ل"
39,9,15,"س و ي"
39,9,16,"ٱلَّذِى"
39,9,17,"ع ل م"
39,9,18,"ٱلَّذِى"
39,9,20,"ع ل م"
39,9,22,"ذ ك ر"
39,9,23,"ا و ل"
39,9,24,"ل ب ب"
39,10,1,"ق و ل"
39,10,2,"ع ب د"
39,10,3,"ٱلَّذِى"
39,10,4,"ا م ن"
39,10,5,"و ق ي"
39,10,6,"ر ب ب"
39,10,7,"ٱلَّذِى"
39,10,8,"ح س ن"
39,10,11,"د ن و"
39,10,12,"ح س ن"
39,10,13,"ا ر ض"
39,10,14,"ا ل ه"
39,10,15,"و س ع"
39,10,17,"و ف ي"
39,10,18,"ص ب ر"
39,10,19,"ا ج ر"
39,10,20,"غ ي ر"
39,10,21,"ح س ب"
39,11,1,"ق و ل"
39,11,3,"ا م ر"
39,11,5,"ع ب د"
39,11,6,"ا ل ه"
39,11,7,"خ ل ص"
39,11,9,"د ي ن"
39,12,1,"ا م ر"
39,12,3,"ك و ن"
39,12,4,"ا و ل"
39,12,5,"س ل م"
39,13,1,"ق و ل"
39,13,3,"خ و ف"
39,13,5,"ع ص ي"
39,13,6,"ر ب ب"
39,13,7,"ع ذ ب"
39,13,8,"ي و م"
39,13,9,"ع ظ م"
39,14,1,"ق و ل"
39,14,2,"ا ل ه"
39,14,3,"ع ب د"
39,14,4,"خ ل ص"
39,14,6,"د ي ن"
39,15,1,"ع ب د"
39,15,3,"ش ي ا"
39,15,5,"د و ن"
39,15,6,"ق و ل"
39,15,8,"خ س ر"
39,15,9,"ٱلَّذِى"
39,15,10,"خ س ر"
39,15,11,"ن ف س"
39,15,12,"ا ه ل"
39,15,13,"ي و م"
39,15,14,"ق و م"
39,15,18,"خ س ر"
39,15,19,"ب ي ن"
39,16,3,"ف و ق"
39,16,4,"ظ ل ل"
39,16,6,"ن و ر"
39,16,8,"ت ح ت"
39,16,9,"ظ ل ل"
39,16,11,"خ و ف"
39,16,12,"ا ل ه"
39,16,14,"ع ب د"
39,16,15,"ع ب د"
39,16,16,"و ق ي"
39,17,1,"ٱلَّذِى"
39,17,2,"ج ن ب"
39,17,3,"ط غ ي"
39,17,5,"ع ب د"
39,17,6,"ن و ب"
39,17,7,"إِلَىٰ"
39,17,8,"ا ل ه"
39,17,10,"ب ش ر"
39,17,11,"ب ش ر"
39,17,12,"ع ب د"
39,18,1,"ٱلَّذِى"
39,18,2,"س م ع"
39,18,3,"ق و ل"
39,18,4,"ت ب ع"
39,18,5,"ح س ن"
39,18,7,"ٱلَّذِى"
39,18,8,"ه د ي"
39,18,9,"ا ل ه"
39,18,12,"ا و ل"
39,18,13,"ل ب ب"
39,19,2,"ح ق ق"
39,19,4,"ك ل م"
39,19,5,"ع ذ ب"
39,19,7,"ن ق ذ"
39,19,10,"ن و ر"
39,20,2,"ٱلَّذِى"
39,20,3,"و ق ي"
39,20,4,"ر ب ب"
39,20,6,"غ ر ف"
39,20,8,"ف و ق"
39,20,9,"غ ر ف"
39,20,10,"ب ن ي"
39,20,11,"ج ر ي"
39,20,13,"ت ح ت"
39,20,14,"ن ه ر"
39,20,15,"و ع د"
39,20,16,"ا ل ه"
39,20,18,"خ ل ف"
39,20,19,"ا ل ه"
39,20,20,"و ع د"
39,21,2,"ر ا ي"
39,21,4,"ا ل ه"
39,21,5,"ن ز ل"
39,21,7,"س م و"
39,21,8,"م و ه"
39,21,9,"س ل ك"
39,21,10,"ن ب ع"
39,21,12,"ا ر ض"
39,21,14,"خ ر ج"
39,21,16,"ز ر ع"
39,21,17,"خ ل ف"
39,21,18,"ل و ن"
39,21,20,"ه ي ج"
39,21,21,"ر ا ي"
39,21,22,"ص ف ر"
39,21,24,"ج ع ل"
39,21,25,"ح ط م"
39,21,29,"ذ ك ر"
39,21,30,"ا و ل"
39,21,31,"ل ب ب"
39,22,2,"ش ر ح"
39,22,3,"ا ل ه"
39,22,4,"ص د ر"
39,22,5,"س ل م"
39,22,8,"ن و ر"
39,22,10,"ر ب ب"
39,22,12,"ق س و"
39,22,13,"ق ل ب"
39,22,15,"ذ ك ر"
39,22,16,"ا ل ه"
39,22,19,"ض ل ل"
39,22,20,"ب ي ن"
39,23,1,"ا ل ه"
39,23,2,"ن ز ل"
39,23,3,"ح س ن"
39,23,4,"ح د ث"
39,23,5,"ك ت ب"
39,23,6,"ش ب ه"
39,23,7,"ث ن ي"
39,23,8,"ق ش ع ر"
39,23,10,"ج ل د"
39,23,11,"ٱلَّذِى"
39,23,12,"خ ش ي"
39,23,13,"ر ب ب"
39,23,15,"ل ي ن"
39,23,16,"ج ل د"
39,23,17,"ق ل ب"
39,23,18,"إِلَىٰ"
39,23,19,"ذ ك ر"
39,23,20,"ا ل ه"
39,23,22,"ه د ي"
39,23,23,"ا ل ه"
39,23,24,"ه د ي"
39,23,27,"ش ي ا"
39,23,29,"ض ل ل"
39,23,30,"ا ل ه"
39,23,34,"ه د ي"
39,24,2,"و ق ي"
39,24,3,"و ج ه"
39,24,4,"س و ا"
39,24,5,"ع ذ ب"
39,24,6,"ي و م"
39,24,7,"ق و م"
39,24,8,"ق و ل"
39,24,9,"ظ ل م"
39,24,10,"ذ و ق"
39,24,12,"ك و ن"
39,24,13,"ك س ب"
39,25,1,"ك ذ ب"
39,25,2,"ٱلَّذِى"
39,25,4,"ق ب ل"
39,25,5,"ا ت ي"
39,25,6,"ع ذ ب"
39,25,8,"ح ي ث"
39,25,10,"ش ع ر"
39,26,1,"ذ و ق"
39,26,2,"ا ل ه"
39,26,3,"خ ز ي"
39,26,5,"ح ي ي"
39,26,6,"د ن و"
39,26,7,"ع ذ ب"
39,26,8,"ا خ ر"
39,26,9,"ك ب ر"
39,26,11,"ك و ن"
39,26,12,"ع ل م"
39,27,2,"ض ر ب"
39,27,3,"ن و س"
39,27,6,"ق ر ا"
39,27,8,"ك ل ل"
39,27,9,"م ث ل"
39,27,11,"ذ ك ر"
39,28,1,"ق ر ا"
39,28,2,"ع ر ب"
39,28,3,"غ ي ر"
39,28,5,"ع و ج"
39,28,7,"و ق ي"
39,29,1,"ض ر ب"
39,29,2,"ا ل ه"
39,29,3,"م ث ل"
39,29,4,"ر ج ل"
39,29,6,"ش ر ك"
39,29,7,"ش ك س"
39,29,8,"ر ج ل"
39,29,9,"س ل م"
39,29,10,"ر ج ل"
39,29,12,"س و ي"
39,29,13,"م ث ل"
39,29,14,"ح م د"
39,29,15,"ا ل ه"
39,29,17,"ك ث ر"
39,29,19,"ع ل م"
39,30,2,"م و ت"
39,30,4,"م و ت"
39,31,3,"ي و م"
39,31,4,"ق و م"
39,31,5,"ع ن د"
39,31,6,"ر ب ب"
39,31,7,"خ ص م"
39,32,2,"ظ ل م"
39,32,4,"ك ذ ب"
39,32,6,"ا ل ه"
39,32,7,"ك ذ ب"
39,32,8,"ص د ق"
39,32,9,"إِذ"
39,32,10,"ج ي ا"
39,32,11,"ل ي س"
39,32,14,"ث و ي"
39,32,15,"ك ف ر"
39,33,1,"ٱلَّذِى"
39,33,2,"ج ي ا"
39,33,3,"ص د ق"
39,33,4,"ص د ق"
39,33,8,"و ق ي"
39,34,3,"ش ي ا"
39,34,4,"ع ن د"
39,34,5,"ر ب ب"
39,34,7,"ج ز ي"
39,34,8,"ح س ن"
39,35,1,"ك ف ر"
39,35,2,"ا ل ه"
39,35,4,"س و ا"
39,35,5,"ٱلَّذِى"
39,35,6,"ع م ل"
39,35,7,"ج ز ي"
39,35,8,"ا ج ر"
39,35,9,"ح س ن"
39,35,10,"ٱلَّذِى"
39,35,11,"ك و ن"
39,35,12,"ع م ل"
39,36,1,"ل ي س"
39,36,2,"ا ل ه"
39,36,3,"ك ف ي"
39,36,4,"ع ب د"
39,36,5,"خ و ف"
39,36,6,"ٱلَّذِى"
39,36,8,"د و ن"
39,36,10,"ض ل ل"
39,36,11,"ا ل ه"
39,36,15,"ه د ي"
39,37,2,"ه د ي"
39,37,3,"ا ل ه"
39,37,7,"ض ل ل"
39,37,8,"ل ي س"
39,37,9,"ا ل ه"
39,37,10,"ع ز ز"
39,37,12,"ن ق م"
39,38,2,"س ا ل"
39,38,4,"خ ل ق"
39,38,5,"س م و"
39,38,6,"ا ر ض"
39,38,7,"ق و ل"
39,38,8,"ا ل ه"
39,38,9,"ق و ل"
39,38,10,"ر ا ي"
39,38,12,"د ع و"
39,38,14,"د و ن"
39,38,15,"ا ل ه"
39,38,17,"ر و د"
39,38,18,"ا ل ه"
39,38,19,"ض ر ر"
39,38,22,"ك ش ف"
39,38,23,"ض ر ر"
39,38,25,"ر و د"
39,38,26,"ر ح م"
39,38,29,"م س ك"
39,38,30,"ر ح م"
39,38,31,"ق و ل"
39,38,32,"ح س ب"
39,38,33,"ا ل ه"
39,38,35,"و ك ل"
39,38,36,"و ك ل"
39,39,1,"ق و ل"
39,39,2,"ق و م"
39,39,3,"ع م ل"
39,39,5,"ك و ن"
39,39,7,"ع م ل"
39,39,9,"ع ل م"
39,40,2,"ا ت ي"
39,40,3,"ع ذ ب"
39,40,4,"خ ز ي"
39,40,5,"ح ل ل"
39,40,7,"ع ذ ب"
39,40,8,"ق و م"
39,41,2,"ن ز ل"
39,41,4,"ك ت ب"
39,41,5,"ن و س"
39,41,6,"ح ق ق"
39,41,8,"ه د ي"
39,41,9,"ن ف س"
39,41,11,"ض ل ل"
39,41,13,"ض ل ل"
39,41,18,"و ك ل"
39,42,1,"ا ل ه"
39,42,2,"و ف ي"
39,42,3,"ن ف س"
39,42,4,"ح ي ن"
39,42,5,"م و ت"
39,42,6,"ٱلَّذِى"
39,42,8,"م و ت"
39,42,10,"ن و م"
39,42,11,"م س ك"
39,42,12,"ٱلَّذِى"
39,42,13,"ق ض ي"
39,42,15,"م و ت"
39,42,16,"ر س ل"
39,42,17,"ا خ ر"
39,42,18,"إِلَىٰ"
39,42,19,"ا ج ل"
39,42,20,"س م و"
39,42,24,"ا ي ي"
39,42,25,"ق و م"
39,42,26,"ف ك ر"
39,43,1,"أَم"
39,43,2,"ا خ ذ"
39,43,4,"د و ن"
39,43,5,"ا ل ه"
39,43,6,"ش ف ع"
39,43,7,"ق و ل"
39,43,9,"ك و ن"
39,43,11,"م ل ك"
39,43,12,"ش ي ا"
39,43,14,"ع ق ل"
39,44,1,"ق و ل"
39,44,2,"ا ل ه"
39,44,3,"ش ف ع"
39,44,4,"ج م ع"
39,44,6,"م ل ك"
39,44,7,"س م و"
39,44,8,"ا ر ض"
39,44,10,"إِلَىٰ"
39,44,11,"ر ج ع"
39,45,1,"إِذَا"
39,45,2,"ذ ك ر"
39,45,3,"ا ل ه"
39,45,4,"و ح د"
39,45,5,"ش م ز"
39,45,6,"ق ل ب"
39,45,7,"ٱلَّذِى"
39,45,9,"ا م ن"
39,45,10,"ا خ ر"
39,45,11,"إِذَا"
39,45,12,"ذ ك ر"
39,45,13,"ٱلَّذِى"
39,45,15,"د و ن"
39,45,16,"إِذَا"
39,45,18,"ب ش ر"
39,46,1,"ق و ل"
39,46,2,"ا ل ه"
39,46,3,"ف ط ر"
39,46,4,"س م و"
39,46,5,"ا ر ض"
39,46,6,"ع ل م"
39,46,7,"غ ي ب"
39,46,8,"ش ه د"
39,46,10,"ح ك م"
39,46,11,"ب ي ن"
39,46,12,"ع ب د"
39,46,15,"ك و ن"
39,46,17,"خ ل ف"
39,47,3,"ٱلَّذِى"
39,47,4,"ظ ل م"
39,47,7,"ا ر ض"
39,47,8,"ج م ع"
39,47,9,"م ث ل"
39,47,11,"ف د ي"
39,47,14,"س و ا"
39,47,15,"ع ذ ب"
39,47,16,"ي و م"
39,47,17,"ق و م"
39,47,18,"ب د و"
39,47,21,"ا ل ه"
39,47,24,"ك و ن"
39,47,25,"ح س ب"
39,48,1,"ب د و"
39,48,3,"س و ا"
39,48,5,"ك س ب"
39,48,6,"ح ي ق"
39,48,9,"ك و ن"
39,48,11,"ه ز ا"
39,49,1,"إِذَا"
39,49,2,"م س س"
39,49,3,"ا ن س"
39,49,4,"ض ر ر"
39,49,5,"د ع و"
39,49,7,"إِذَا"
39,49,8,"خ و ل"
39,49,9,"ن ع م"
39,49,11,"ق و ل"
39,49,13,"ا ت ي"
39,49,15,"ع ل م"
39,49,18,"ف ت ن"
39,49,20,"ك ث ر"
39,49,22,"ع ل م"
39,50,2,"ق و ل"
39,50,3,"ٱلَّذِى"
39,50,5,"ق ب ل"
39,50,7,"غ ن ي"
39,50,10,"ك و ن"
39,50,11,"ك س ب"
39,51,1,"ص و ب"
39,51,2,"س و ا"
39,51,4,"ك س ب"
39,51,5,"ٱلَّذِى"
39,51,6,"ظ ل م"
39,51,9,"ص و ب"
39,51,10,"س و ا"
39,51,12,"ك س ب"
39,51,15,"ع ج ز"
39,52,2,"ع ل م"
39,52,4,"ا ل ه"
39,52,5,"ب س ط"
39,52,6,"ر ز ق"
39,52,8,"ش ي ا"
39,52,9,"ق د ر"
39,52,13,"ا ي ي"
39,52,14,"ق و م"
39,52,15,"ا م ن"
39,53,1,"ق و ل"
39,53,2,"ع ب د"
39,53,3,"ٱلَّذِى"
39,53,4,"س ر ف"
39,53,6,"ن ف س"
39,53,8,"ق ن ط"
39,53,10,"ر ح م"
39,53,11,"ا ل ه"
39,53,13,"ا ل ه"
39,53,14,"غ ف ر"
39,53,15,"ذ ن ب"
39,53,16,"ج م ع"
39,53,19,"غ ف ر"
39,53,20,"ر ح م"
39,54,1,"ن و ب"
39,54,2,"إِلَىٰ"
39,54,3,"ر ب ب"
39,54,4,"س ل م"
39,54,7,"ق ب ل"
39,54,9,"ا ت ي"
39,54,10,"ع ذ ب"
39,54,13,"ن ص ر"
39,55,1,"ت ب ع"
39,55,2,"ح س ن"
39,55,4,"ن ز ل"
39,55,5,"إِلَىٰ"
39,55,7,"ر ب ب"
39,55,9,"ق ب ل"
39,55,11,"ا ت ي"
39,55,12,"ع ذ ب"
39,55,13,"ب غ ت"
39,55,16,"ش ع ر"
39,56,2,"ق و ل"
39,56,3,"ن ف س"
39,56,4,"ح س ر"
39,56,7,"ف ر ط"
39,56,9,"ج ن ب"
39,56,10,"ا ل ه"
39,56,12,"ك و ن"
39,56,14,"س خ ر"
39,57,2,"ق و ل"
39,57,5,"ا ل ه"
39,57,6,"ه د ي"
39,57,7,"ك و ن"
39,57,9,"و ق ي"
39,58,2,"ق و ل"
39,58,3,"ح ي ن"
39,58,4,"ر ا ي"
39,58,5,"ع ذ ب"
39,58,9,"ك ر ر"
39,58,10,"ك و ن"
39,58,12,"ح س ن"
39,59,3,"ج ي ا"
39,59,4,"ا ي ي"
39,59,5,"ك ذ ب"
39,59,7,"ك ب ر"
39,59,8,"ك و ن"
39,59,10,"ك ف ر"
39,60,1,"ي و م"
39,60,2,"ق و م"
39,60,3,"ر ا ي"
39,60,4,"ٱلَّذِى"
39,60,5,"ك ذ ب"
39,60,7,"ا ل ه"
39,60,8,"و ج ه"
39,60,9,"س و د"
39,60,10,"ل ي س"
39,60,13,"ث و ي"
39,60,14,"ك ب ر"
39,61,1,"ن ج و"
39,61,2,"ا ل ه"
39,61,3,"ٱلَّذِى"
39,61,4,"و ق ي"
39,61,5,"ف و ز"
39,61,7,"م س س"
39,61,8,"س و ا"
39,61,11,"ح ز ن"
39,62,1,"ا ل ه"
39,62,2,"خ ل ق"
39,62,3,"ك ل ل"
39,62,4,"ش ي ا"
39,62,7,"ك ل ل"
39,62,8,"ش ي ا"
39,62,9,"و ك ل"
39,63,2,"ق ل د"
39,63,3,"س م و"
39,63,4,"ا ر ض"
39,63,5,"ٱلَّذِى"
39,63,6,"ك ف ر"
39,63,7,"ا ي ي"
39,63,8,"ا ل ه"
39,63,11,"خ س ر"
39,64,1,"ق و ل"
39,64,2,"غ ي ر"
39,64,3,"ا ل ه"
39,64,4,"ا م ر"
39,64,5,"ع ب د"
39,64,7,"ج ه ل"
39,65,2,"و ح ي"
39,65,3,"إِلَىٰ"
39,65,4,"إِلَىٰ"
39,65,5,"ٱلَّذِى"
39,65,7,"ق ب ل"
39,65,9,"ش ر ك"
39,65,10,"ح ب ط"
39,65,11,"ع م ل"
39,65,12,"ك و ن"
39,65,14,"خ س ر"
39,66,2,"ا ل ه"
39,66,3,"ع ب د"
39,66,4,"ك و ن"
39,66,6,"ش ك ر"
39,67,2,"ق د ر"
39,67,3,"ا ل ه"
39,67,4,"ح ق ق"
39,67,5,"ق د ر"
39,67,6,"ا ر ض"
39,67,7,"ج م ع"
39,67,8,"ق ب ض"
39,67,9,"ي و م"
39,67,10,"ق و م"
39,67,11,"س م و"
39,67,12,"ط و ي"
39,67,13,"ي م ن"
39,67,14,"س ب ح"
39,67,15,"ع ل و"
39,67,17,"ش ر ك"
39,68,1,"ن ف خ"
39,68,3,"ص و ر"
39,68,4,"ص ع ق"
39,68,7,"س م و"
39,68,10,"ا ر ض"
39,68,11,"إِلَّا"
39,68,13,"ش ي ا"
39,68,14,"ا ل ه"
39,68,16,"ن ف خ"
39,68,18,"ا خ ر"
39,68,19,"إِذَا"
39,68,21,"ق و م"
39,68,22,"ن ظ ر"
39,69,1,"ش ر ق"
39,69,2,"ا ر ض"
39,69,3,"ن و ر"
39,69,4,"ر ب ب"
39,69,5,"و ض ع"
39,69,6,"ك ت ب"
39,69,7,"ج ي ا"
39,69,8,"ن ب ا"
39,69,9,"ش ه د"
39,69,10,"ق ض ي"
39,69,11,"ب ي ن"
39,69,12,"ح ق ق"
39,69,15,"ظ ل م"
39,70,1,"و ف ي"
39,70,2,"ك ل ل"
39,70,3,"ن ف س"
39,70,5,"ع م ل"
39,70,7,"ع ل م"
39,70,9,"ف ع ل"
39,71,1,"س و ق"
39,71,2,"ٱلَّذِى"
39,71,3,"ك ف ر"
39,71,4,"إِلَىٰ"
39,71,6,"ز م ر"
39,71,8,"إِذَا"
39,71,9,"ج ي ا"
39,71,10,"ف ت ح"
39,71,11,"ب و ب"
39,71,12,"ق و ل"
39,71,14,"خ ز ن"
39,71,16,"ا ت ي"
39,71,17,"ر س ل"
39,71,19,"ت ل و"
39,71,21,"ا ي ي"
39,71,22,"ر ب ب"
39,71,23,"ن ذ ر"
39,71,24,"ل ق ي"
39,71,25,"ي و م"
39,71,27,"ق و ل"
39,71,30,"ح ق ق"
39,71,31,"ك ل م"
39,71,32,"ع ذ ب"
39,71,34,"ك ف ر"
39,72,1,"ق و ل"
39,72,2,"د خ ل"
39,72,3,"ب و ب"
39,72,5,"خ ل د"
39,72,7,"ب ا س"
39,72,8,"ث و ي"
39,72,9,"ك ب ر"
39,73,1,"س و ق"
39,73,2,"ٱلَّذِى"
39,73,3,"و ق ي"
39,73,4,"ر ب ب"
39,73,5,"إِلَىٰ"
39,73,6,"ج ن ن"
39,73,7,"ز م ر"
39,73,9,"إِذَا"
39,73,10,"ج ي ا"
39,73,11,"ف ت ح"
39,73,12,"ب و ب"
39,73,13,"ق و ل"
39,73,15,"خ ز ن"
39,73,16,"س ل م"
39,73,18,"ط ي ب"
39,73,19,"د خ ل"
39,73,20,"خ ل د"
39,74,1,"ق و ل"
39,74,2,"ح م د"
39,74,3,"ا ل ه"
39,74,4,"ٱلَّذِى"
39,74,5,"ص د ق"
39,74,6,"و ع د"
39,74,7,"و ر ث"
39,74,8,"ا ر ض"
39,74,9,"ب و ا"
39,74,11,"ج ن ن"
39,74,12,"ح ي ث"
39,74,13,"ش ي ا"
39,74,14,"ن ع م"
39,74,15,"ا ج ر"
39,74,16,"ع م ل"
39,75,1,"ر ا ي"
39,75,2,"م ل ك"
39,75,3,"ح ف ف"
39,75,5,"ح و ل"
39,75,6,"ع ر ش"
39,75,7,"س ب ح"
39,75,8,"ح م د"
39,75,9,"ر ب ب"
39,75,10,"ق ض ي"
39,75,11,"ب ي ن"
39,75,12,"ح ق ق"
39,75,13,"ق و ل"
39,75,14,"ح م د"
39,75,15,"ا ل ه"
39,75,16,"ر ب ب"
39,75,17,"ع ل م"
40,2,1,"ن ز ل"
40,2,2,"ك ت ب"
40,2,4,"ا ل ه"
40,2,5,"ع ز ز"
40,2,6,"ع ل م"
40,3,1,"غ ف ر"
40,3,2,"ذ ن ب"
40,3,3,"ق ب ل"
40,3,4,"ت و ب"
40,3,5,"ش د د"
40,3,6,"ع ق ب"
40,3,8,"ط و ل"
40,3,10,"ا ل ه"
40,3,11,"إِلَّا"
40,3,13,"إِلَىٰ"
40,3,14,"ص ي ر"
40,4,2,"ج د ل"
40,4,4,"ا ي ي"
40,4,5,"ا ل ه"
40,4,6,"إِلَّا"
40,4,7,"ٱلَّذِى"
40,4,8,"ك ف ر"
40,4,10,"غ ر ر"
40,4,11,"ق ل ب"
40,4,13,"ب ل د"
40,5,1,"ك ذ ب"
40,5,2,"ق ب ل"
40,5,3,"ق و م"
40,5,5,"ح ز ب"
40,5,7,"ب ع د"
40,5,8,"ه م م"
40,5,9,"ك ل ل"
40,5,10,"ا م م"
40,5,11,"ر س ل"
40,5,12,"ا خ ذ"
40,5,13,"ج د ل"
40,5,14,"ب ط ل"
40,5,15,"د ح ض"
40,5,17,"ح ق ق"
40,5,18,"ا خ ذ"
40,5,19,"ك ي ف"
40,5,20,"ك و ن"
40,5,21,"ع ق ب"
40,6,2,"ح ق ق"
40,6,3,"ك ل م"
40,6,4,"ر ب ب"
40,6,6,"ٱلَّذِى"
40,6,7,"ك ف ر"
40,6,9,"ص ح ب"
40,6,10,"ن و ر"
40,7,1,"ٱلَّذِى"
40,7,2,"ح م ل"
40,7,3,"ع ر ش"
40,7,5,"ح و ل"
40,7,6,"س ب ح"
40,7,7,"ح م د"
40,7,8,"ر ب ب"
40,7,9,"ا م ن"
40,7,11,"غ ف ر"
40,7,12,"ٱلَّذِى"
40,7,13,"ا م ن"
40,7,14,"ر ب ب"
40,7,15,"و س ع"
40,7,16,"ك ل ل"
40,7,17,"ش ي ا"
40,7,18,"ر ح م"
40,7,19,"ع ل م"
40,7,20,"غ ف ر"
40,7,21,"ٱلَّذِى"
40,7,22,"ت و ب"
40,7,23,"ت ب ع"
40,7,24,"س ب ل"
40,7,25,"و ق ي"
40,7,26,"ع ذ ب"
40,7,27,"ج ح م"
40,8,1,"ر ب ب"
40,8,2,"د خ ل"
40,8,3,"ج ن ن"
40,8,5,"ٱلَّذِى"
40,8,6,"و ع د"
40,8,8,"ص ل ح"
40,8,10,"ا ب و"
40,8,11,"ز و ج"
40,8,12,"ذ ر ر"
40,8,15,"ع ز ز"
40,8,16,"ح ك م"
40,9,1,"و ق ي"
40,9,2,"س و ا"
40,9,4,"و ق ي"
40,9,5,"س و ا"
40,9,8,"ر ح م"
40,9,11,"ف و ز"
40,9,12,"ع ظ م"
40,10,2,"ٱلَّذِى"
40,10,3,"ك ف ر"
40,10,4,"ن د و"
40,10,5,"م ق ت"
40,10,6,"ا ل ه"
40,10,7,"ك ب ر"
40,10,9,"م ق ت"
40,10,10,"ن ف س"
40,10,11,"إِذ"
40,10,12,"د ع و"
40,10,13,"إِلَىٰ"
40,10,14,"ا م ن"
40,10,15,"ك ف ر"
40,11,1,"ق و ل"
40,11,2,"ر ب ب"
40,11,3,"م و ت"
40,11,4,"ث ن ي"
40,11,5,"ح ي ي"
40,11,6,"ث ن ي"
40,11,7,"ع ر ف"
40,11,8,"ذ ن ب"
40,11,10,"إِلَىٰ"
40,11,11,"خ ر ج"
40,11,13,"س ب ل"
40,12,3,"إِذَا"
40,12,4,"د ع و"
40,12,5,"ا ل ه"
40,12,6,"و ح د"
40,12,7,"ك ف ر"
40,12,9,"ش ر ك"
40,12,11,"ا م ن"
40,12,12,"ح ك م"
40,12,13,"ا ل ه"
40,12,14,"ع ل و"
40,12,15,"ك ب ر"
40,13,2,"ٱلَّذِى"
40,13,3,"ر ا ي"
40,13,4,"ا ي ي"
40,13,5,"ن ز ل"
40,13,8,"س م و"
40,13,9,"ر ز ق"
40,13,11,"ذ ك ر"
40,13,12,"إِلَّا"
40,13,14,"ن و ب"
40,14,1,"د ع و"
40,14,2,"ا ل ه"
40,14,3,"خ ل ص"
40,14,5,"د ي ن"
40,14,7,"ك ر ه"
40,14,8,"ك ف ر"
40,15,1,"ر ف ع"
40,15,2,"د ر ج"
40,15,4,"ع ر ش"
40,15,5,"ل ق ي"
40,15,6,"ر و ح"
40,15,8,"ا م ر"
40,15,11,"ش ي ا"
40,15,13,"ع ب د"
40,15,14,"ن ذ ر"
40,15,15,"ي و م"
40,15,16,"ل ق ي"
40,16,1,"ي و م"
40,16,3,"ب ر ز"
40,16,5,"خ ف ي"
40,16,7,"ا ل ه"
40,16,9,"ش ي ا"
40,16,11,"م ل ك"
40,16,12,"ي و م"
40,16,13,"ا ل ه"
40,16,14,"و ح د"
40,16,15,"ق ه ر"
40,17,1,"ي و م"
40,17,2,"ج ز ي"
40,17,3,"ك ل ل"
40,17,4,"ن ف س"
40,17,6,"ك س ب"
40,17,8,"ظ ل م"
40,17,9,"ي و م"
40,17,11,"ا ل ه"
40,17,12,"س ر ع"
40,17,13,"ح س ب"
40,18,1,"ن ذ ر"
40,18,2,"ي و م"
40,18,3,"ا ز ف"
40,18,4,"إِذ"
40,18,5,"ق ل ب"
40,18,7,"ح ن ج ر"
40,18,8,"ك ظ م"
40,18,10,"ظ ل م"
40,18,12,"ح م م"
40,18,14,"ش ف ع"
40,18,15,"ط و ع"
40,19,1,"ع ل م"
40,19,2,"خ و ن"
40,19,3,"ع ي ن"
40,19,5,"خ ف ي"
40,19,6,"ص د ر"
40,20,1,"ا ل ه"
40,20,2,"ق ض ي"
40,20,3,"ح ق ق"
40,20,4,"ٱلَّذِى"
40,20,5,"د ع و"
40,20,7,"د و ن"
40,20,9,"ق ض ي"
40,20,10,"ش ي ا"
40,20,12,"ا ل ه"
40,20,14,"س م ع"
40,20,15,"ب ص ر"
40,21,2,"س ي ر"
40,21,4,"ا ر ض"
40,21,5,"ن ظ ر"
40,21,6,"ك ي ف"
40,21,7,"ك و ن"
40,21,8,"ع ق ب"
40,21,9,"ٱلَّذِى"
40,21,10,"ك و ن"
40,21,12,"ق ب ل"
40,21,13,"ك و ن"
40,21,15,"ش د د"
40,21,17,"ق و ي"
40,21,18,"ا ث ر"
40,21,20,"ا ر ض"
40,21,21,"ا خ ذ"
40,21,22,"ا ل ه"
40,21,23,"ذ ن ب"
40,21,25,"ك و ن"
40,21,28,"ا ل ه"
40,21,30,"و ق ي"
40,22,3,"ك و ن"
40,22,4,"ا ت ي"
40,22,5,"ر س ل"
40,22,6,"ب ي ن"
40,22,7,"ك ف ر"
40,22,8,"ا خ ذ"
40,22,9,"ا ل ه"
40,22,11,"ق و ي"
40,22,12,"ش د د"
40,22,13,"ع ق ب"
40,23,2,"ر س ل"
40,23,4,"ا ي ي"
40,23,5,"س ل ط"
40,23,6,"ب ي ن"
40,24,1,"إِلَىٰ"
40,24,5,"ق و ل"
40,24,6,"س ح ر"
40,24,7,"ك ذ ب"
40,25,2,"ج ي ا"
40,25,3,"ح ق ق"
40,25,5,"ع ن د"
40,25,6,"ق و ل"
40,25,7,"ق ت ل"
40,25,8,"ب ن ي"
40,25,9,"ٱلَّذِى"
40,25,10,"ا م ن"
40,25,12,"ح ي ي"
40,25,13,"ن س و"
40,25,15,"ك ي د"
40,25,16,"ك ف ر"
40,25,17,"إِلَّا"
40,25,19,"ض ل ل"
40,26,1,"ق و ل"
40,26,3,"و ذ ر"
40,26,4,"ق ت ل"
40,26,6,"د ع و"
40,26,7,"ر ب ب"
40,26,9,"خ و ف"
40,26,11,"ب د ل"
40,26,12,"د ي ن"
40,26,15,"ظ ه ر"
40,26,17,"ا ر ض"
40,26,18,"ف س د"
40,27,1,"ق و ل"
40,27,4,"ع و ذ"
40,27,5,"ر ب ب"
40,27,6,"ر ب ب"
40,27,8,"ك ل ل"
40,27,9,"ك ب ر"
40,27,11,"ا م ن"
40,27,12,"ي و م"
40,27,13,"ح س ب"
40,28,1,"ق و ل"
40,28,2,"ر ج ل"
40,28,3,"ا م ن"
40,28,5,"ا و ل"
40,28,7,"ك ت م"
40,28,8,"ا م ن"
40,28,9,"ق ت ل"
40,28,10,"ر ج ل"
40,28,12,"ق و ل"
40,28,13,"ر ب ب"
40,28,14,"ا ل ه"
40,28,16,"ج ي ا"
40,28,17,"ب ي ن"
40,28,19,"ر ب ب"
40,28,21,"ك و ن"
40,28,22,"ك ذ ب"
40,28,24,"ك ذ ب"
40,28,26,"ك و ن"
40,28,27,"ص د ق"
40,28,28,"ص و ب"
40,28,29,"ب ع ض"
40,28,30,"ٱلَّذِى"
40,28,31,"و ع د"
40,28,33,"ا ل ه"
40,28,35,"ه د ي"
40,28,38,"س ر ف"
40,28,39,"ك ذ ب"
40,29,1,"ق و م"
40,29,3,"م ل ك"
40,29,4,"ي و م"
40,29,5,"ظ ه ر"
40,29,7,"ا ر ض"
40,29,9,"ن ص ر"
40,29,11,"ب ا س"
40,29,12,"ا ل ه"
40,29,14,"ج ي ا"
40,29,15,"ق و ل"
40,29,18,"ر ا ي"
40,29,19,"إِلَّا"
40,29,21,"ر ا ي"
40,29,23,"ه د ي"
40,29,24,"إِلَّا"
40,29,25,"س ب ل"
40,29,26,"ر ش د"
40,30,1,"ق و ل"
40,30,2,"ٱلَّذِى"
40,30,3,"ا م ن"
40,30,4,"ق و م"
40,30,6,"خ و ف"
40,30,8,"م ث ل"
40,30,9,"ي و م"
40,30,10,"ح ز ب"
40,31,1,"م ث ل"
40,31,2,"د ا ب"
40,31,3,"ق و م"
40,31,5,"ع و د"
40,31,7,"ٱلَّذِى"
40,31,9,"ب ع د"
40,31,11,"ا ل ه"
40,31,12,"ر و د"
40,31,13,"ظ ل م"
40,31,14,"ع ب د"
40,32,1,"ق و م"
40,32,3,"خ و ف"
40,32,5,"ي و م"
40,32,6,"ن د و"
40,33,1,"ي و م"
40,33,2,"و ل ي"
40,33,3,"د ب ر"
40,33,7,"ا ل ه"
40,33,9,"ع ص م"
40,33,11,"ض ل ل"
40,33,12,"ا ل ه"
40,33,16,"ه د ي"
40,34,2,"ج ي ا"
40,34,5,"ق ب ل"
40,34,6,"ب ي ن"
40,34,8,"ز ي ل"
40,34,10,"ش ك ك"
40,34,12,"ج ي ا"
40,34,15,"إِذَا"
40,34,16,"ه ل ك"
40,34,17,"ق و ل"
40,34,19,"ب ع ث"
40,34,20,"ا ل ه"
40,34,22,"ب ع د"
40,34,23,"ر س ل"
40,34,25,"ض ل ل"
40,34,26,"ا ل ه"
40,34,29,"س ر ف"
40,34,30,"ر ي ب"
40,35,1,"ٱلَّذِى"
40,35,2,"ج د ل"
40,35,4,"ا ي ي"
40,35,5,"ا ل ه"
40,35,6,"غ ي ر"
40,35,7,"س ل ط"
40,35,8,"ا ت ي"
40,35,9,"ك ب ر"
40,35,10,"م ق ت"
40,35,11,"ع ن د"
40,35,12,"ا ل ه"
40,35,13,"ع ن د"
40,35,14,"ٱلَّذِى"
40,35,15,"ا م ن"
40,35,17,"ط ب ع"
40,35,18,"ا ل ه"
40,35,20,"ك ل ل"
40,35,21,"ق ل ب"
40,35,22,"ك ب ر"
40,35,23,"ج ب ر"
40,36,1,"ق و ل"
40,36,4,"ب ن ي"
40,36,6,"ص ر ح"
40,36,8,"ب ل غ"
40,36,9,"س ب ب"
40,37,1,"س ب ب"
40,37,2,"س م و"
40,37,3,"ط ل ع"
40,37,4,"إِلَىٰ"
40,37,5,"ا ل ه"
40,37,8,"ظ ن ن"
40,37,9,"ك ذ ب"
40,37,11,"ز ي ن"
40,37,13,"س و ا"
40,37,14,"ع م ل"
40,37,15,"ص د د"
40,37,17,"س ب ل"
40,37,19,"ك ي د"
40,37,21,"إِلَّا"
40,37,23,"ت ب ب"
40,38,1,"ق و ل"
40,38,2,"ٱلَّذِى"
40,38,3,"ا م ن"
40,38,4,"ق و م"
40,38,5,"ت ب ع"
40,38,6,"ه د ي"
40,38,7,"س ب ل"
40,38,8,"ر ش د"
40,39,1,"ق و م"
40,39,4,"ح ي ي"
40,39,5,"د ن و"
40,39,6,"م ت ع"
40,39,8,"ا خ ر"
40,39,10,"د و ر"
40,39,11,"ق ر ر"
40,40,2,"ع م ل"
40,40,3,"س و ا"
40,40,5,"ج ز ي"
40,40,6,"إِلَّا"
40,40,7,"م ث ل"
40,40,9,"ع م ل"
40,40,10,"ص ل ح"
40,40,12,"ذ ك ر"
40,40,14,"ا ن ث"
40,40,16,"ا م ن"
40,40,18,"د خ ل"
40,40,19,"ج ن ن"
40,40,20,"ر ز ق"
40,40,22,"غ ي ر"
40,40,23,"ح س ب"
40,41,1,"ق و م"
40,41,4,"د ع و"
40,41,5,"إِلَىٰ"
40,41,6,"ن ج و"
40,41,7,"د ع و"
40,41,8,"إِلَىٰ"
40,41,9,"ن و ر"
40,42,1,"د ع و"
40,42,2,"ك ف ر"
40,42,3,"ا ل ه"
40,42,4,"ش ر ك"
40,42,7,"ل ي س"
40,42,10,"ع ل م"
40,42,12,"د ع و"
40,42,13,"إِلَىٰ"
40,42,14,"ع ز ز"
40,42,15,"غ ف ر"
40,43,2,"ج ر م"
40,43,4,"د ع و"
40,43,5,"إِلَىٰ"
40,43,6,"ل ي س"
40,43,8,"د ع و"
40,43,10,"د ن و"
40,43,13,"ا خ ر"
40,43,15,"ر د د"
40,43,16,"إِلَىٰ"
40,43,17,"ا ل ه"
40,43,19,"س ر ف"
40,43,21,"ص ح ب"
40,43,22,"ن و ر"
40,44,1,"ذ ك ر"
40,44,3,"ق و ل"
40,44,5,"ف و ض"
40,44,6,"ا م ر"
40,44,7,"إِلَىٰ"
40,44,8,"ا ل ه"
40,44,10,"ا ل ه"
40,44,11,"ب ص ر"
40,44,12,"ع ب د"
40,45,1,"و ق ي"
40,45,2,"ا ل ه"
40,45,3,"س و ا"
40,45,5,"م ك ر"
40,45,6,"ح ي ق"
40,45,7,"ا و ل"
40,45,9,"س و ا"
40,45,10,"ع ذ ب"
40,46,1,"ن و ر"
40,46,2,"ع ر ض"
40,46,4,"غ د و"
40,46,5,"ع ش و"
40,46,6,"ي و م"
40,46,7,"ق و م"
40,46,8,"س و ع"
40,46,9,"د خ ل"
40,46,10,"ا و ل"
40,46,12,"ش د د"
40,46,13,"ع ذ ب"
40,47,1,"إِذ"
40,47,2,"ح ج ج"
40,47,4,"ن و ر"
40,47,5,"ق و ل"
40,47,6,"ض ع ف"
40,47,7,"ٱلَّذِى"
40,47,8,"ك ب ر"
40,47,10,"ك و ن"
40,47,12,"ت ب ع"
40,47,15,"غ ن ي"
40,47,17,"ن ص ب"
40,47,19,"ن و ر"
40,48,1,"ق و ل"
40,48,2,"ٱلَّذِى"
40,48,3,"ك ب ر"
40,48,5,"ك ل ل"
40,48,8,"ا ل ه"
40,48,10,"ح ك م"
40,48,11,"ب ي ن"
40,48,12,"ع ب د"
40,49,1,"ق و ل"
40,49,2,"ٱلَّذِى"
40,49,4,"ن و ر"
40,49,5,"خ ز ن"
40,49,7,"د ع و"
40,49,8,"ر ب ب"
40,49,9,"خ ف ف"
40,49,11,"ي و م"
40,49,13,"ع ذ ب"
40,50,1,"ق و ل"
40,50,3,"ك و ن"
40,50,4,"ا ت ي"
40,50,5,"ر س ل"
40,50,6,"ب ي ن"
40,50,7,"ق و ل"
40,50,9,"ق و ل"
40,50,10,"د ع و"
40,50,12,"د ع و"
40,50,13,"ك ف ر"
40,50,14,"إِلَّا"
40,50,16,"ض ل ل"
40,51,2,"ن ص ر"
40,51,3,"ر س ل"
40,51,4,"ٱلَّذِى"
40,51,5,"ا م ن"
40,51,7,"ح ي ي"
40,51,8,"د ن و"
40,51,9,"ي و م"
40,51,10,"ق و م"
40,51,11,"ش ه د"
40,52,1,"ي و م"
40,52,3,"ن ف ع"
40,52,4,"ظ ل م"
40,52,5,"ع ذ ر"
40,52,7,"ل ع ن"
40,52,9,"س و ا"
40,52,10,"د و ر"
40,53,2,"ا ت ي"
40,53,4,"ه د ي"
40,53,5,"و ر ث"
40,53,6,"ب ن ي"
40,53,7,"إِسْرَائِيل"
40,53,8,"ك ت ب"
40,54,1,"ه د ي"
40,54,2,"ذ ك ر"
40,54,3,"ا و ل"
40,54,4,"ل ب ب"
40,55,1,"ص ب ر"
40,55,3,"و ع د"
40,55,4,"ا ل ه"
40,55,5,"ح ق ق"
40,55,6,"غ ف ر"
40,55,7,"ذ ن ب"
40,55,8,"س ب ح"
40,55,9,"ح م د"
40,55,10,"ر ب ب"
40,55,11,"ع ش و"
40,55,12,"ب ك ر"
40,56,2,"ٱلَّذِى"
40,56,3,"ج د ل"
40,56,5,"ا ي ي"
40,56,6,"ا ل ه"
40,56,7,"غ ي ر"
40,56,8,"س ل ط"
40,56,9,"ا ت ي"
40,56,12,"ص د ر"
40,56,13,"إِلَّا"
40,56,14,"ك ب ر"
40,56,17,"ب ل غ"
40,56,18,"ع و ذ"
40,56,19,"ا ل ه"
40,56,22,"س م ع"
40,56,23,"ب ص ر"
40,57,1,"خ ل ق"
40,57,2,"س م و"
40,57,3,"ا ر ض"
40,57,4,"ك ب ر"
40,57,6,"خ ل ق"
40,57,7,"ن و س"
40,57,9,"ك ث ر"
40,57,10,"ن و س"
40,57,12,"ع ل م"
40,58,2,"س و ي"
40,58,3,"ع م ي"
40,58,4,"ب ص ر"
40,58,5,"ٱلَّذِى"
40,58,6,"ا م ن"
40,58,7,"ع م ل"
40,58,8,"ص ل ح"
40,58,10,"س و ا"
40,58,11,"ق ل ل"
40,58,13,"ذ ك ر"
40,59,2,"س و ع"
40,59,3,"ا ت ي"
40,59,5,"ر ي ب"
40,59,8,"ك ث ر"
40,59,9,"ن و س"
40,59,11,"ا م ن"
40,60,1,"ق و ل"
40,60,2,"ر ب ب"
40,60,3,"د ع و"
40,60,4,"ج و ب"
40,60,7,"ٱلَّذِى"
40,60,8,"ك ب ر"
40,60,10,"ع ب د"
40,60,11,"د خ ل"
40,60,13,"د خ ر"
40,61,1,"ا ل ه"
40,61,2,"ٱلَّذِى"
40,61,3,"ج ع ل"
40,61,5,"ل ي ل"
40,61,6,"س ك ن"
40,61,8,"ن ه ر"
40,61,9,"ب ص ر"
40,61,11,"ا ل ه"
40,61,13,"ف ض ل"
40,61,15,"ن و س"
40,61,17,"ك ث ر"
40,61,18,"ن و س"
40,61,20,"ش ك ر"
40,62,2,"ا ل ه"
40,62,3,"ر ب ب"
40,62,4,"خ ل ق"
40,62,5,"ك ل ل"
40,62,6,"ش ي ا"
40,62,8,"ا ل ه"
40,62,9,"إِلَّا"
40,62,11,"ا ن ي"
40,62,12,"ا ف ك"
40,63,2,"ا ف ك"
40,63,3,"ٱلَّذِى"
40,63,4,"ك و ن"
40,63,5,"ا ي ي"
40,63,6,"ا ل ه"
40,63,7,"ج ح د"
40,64,1,"ا ل ه"
40,64,2,"ٱلَّذِى"
40,64,3,"ج ع ل"
40,64,5,"ا ر ض"
40,64,6,"ق ر ر"
40,64,7,"س م و"
40,64,8,"ب ن ي"
40,64,9,"ص و ر"
40,64,10,"ح س ن"
40,64,11,"ص و ر"
40,64,12,"ر ز ق"
40,64,14,"ط ي ب"
40,64,16,"ا ل ه"
40,64,17,"ر ب ب"
40,64,18,"ب ر ك"
40,64,19,"ا ل ه"
40,64,20,"ر ب ب"
40,64,21,"ع ل م"
40,65,2,"ح ي ي"
40,65,4,"ا ل ه"
40,65,5,"إِلَّا"
40,65,7,"د ع و"
40,65,8,"خ ل ص"
40,65,10,"د ي ن"
40,65,11,"ح م د"
40,65,12,"ا ل ه"
40,65,13,"ر ب ب"
40,65,14,"ع ل م"
40,66,1,"ق و ل"
40,66,3,"ن ه ي"
40,66,5,"ع ب د"
40,66,6,"ٱلَّذِى"
40,66,7,"د ع و"
40,66,9,"د و ن"
40,66,10,"ا ل ه"
40,66,12,"ج ي ا"
40,66,13,"ب ي ن"
40,66,15,"ر ب ب"
40,66,16,"ا م ر"
40,66,18,"س ل م"
40,66,19,"ر ب ب"
40,66,20,"ع ل م"
40,67,2,"ٱلَّذِى"
40,67,3,"خ ل ق"
40,67,5,"ت ر ب"
40,67,8,"ن ط ف"
40,67,11,"ع ل ق"
40,67,13,"خ ر ج"
40,67,14,"ط ف ل"
40,67,16,"ب ل غ"
40,67,17,"ش د د"
40,67,19,"ك و ن"
40,67,20,"ش ي خ"
40,67,23,"و ف ي"
40,67,25,"ق ب ل"
40,67,26,"ب ل غ"
40,67,27,"ا ج ل"
40,67,28,"س م و"
40,67,30,"ع ق ل"
40,68,2,"ٱلَّذِى"
40,68,3,"ح ي ي"
40,68,4,"م و ت"
40,68,5,"إِذَا"
40,68,6,"ق ض ي"
40,68,7,"ا م ر"
40,68,9,"ق و ل"
40,68,11,"ك و ن"
40,68,12,"ك و ن"
40,69,2,"ر ا ي"
40,69,3,"إِلَىٰ"
40,69,4,"ٱلَّذِى"
40,69,5,"ج د ل"
40,69,7,"ا ي ي"
40,69,8,"ا ل ه"
40,69,9,"ا ن ي"
40,69,10,"ص ر ف"
40,70,1,"ٱلَّذِى"
40,70,2,"ك ذ ب"
40,70,3,"ك ت ب"
40,70,5,"ر س ل"
40,70,7,"ر س ل"
40,70,9,"ع ل م"
40,71,1,"إِذ"
40,71,2,"غ ل ل"
40,71,4,"ع ن ق"
40,71,5,"س ل س ل"
40,71,6,"س ح ب"
40,72,2,"ح م م"
40,72,5,"ن و ر"
40,72,6,"س ج ر"
40,73,2,"ق و ل"
40,73,6,"ك و ن"
40,73,7,"ش ر ك"
40,74,2,"د و ن"
40,74,3,"ا ل ه"
40,74,4,"ق و ل"
40,74,5,"ض ل ل"
40,74,9,"ك و ن"
40,74,10,"د ع و"
40,74,12,"ق ب ل"
40,74,13,"ش ي ا"
40,74,15,"ض ل ل"
40,74,16,"ا ل ه"
40,74,17,"ك ف ر"
40,75,3,"ك و ن"
40,75,4,"ف ر ح"
40,75,6,"ا ر ض"
40,75,7,"غ ي ر"
40,75,8,"ح ق ق"
40,75,10,"ك و ن"
40,75,11,"م ر ح"
40,76,1,"د خ ل"
40,76,2,"ب و ب"
40,76,4,"خ ل د"
40,76,6,"ب ا س"
40,76,7,"ث و ي"
40,76,8,"ك ب ر"
40,77,1,"ص ب ر"
40,77,3,"و ع د"
40,77,4,"ا ل ه"
40,77,5,"ح ق ق"
40,77,6,"إِمَّا"
40,77,7,"ر ا ي"
40,77,8,"ب ع ض"
40,77,9,"ٱلَّذِى"
40,77,10,"و ع د"
40,77,12,"و ف ي"
40,77,13,"إِلَىٰ"
40,77,14,"ر ج ع"
40,78,2,"ر س ل"
40,78,3,"ر س ل"
40,78,5,"ق ب ل"
40,78,8,"ق ص ص"
40,78,13,"ق ص ص"
40,78,16,"ك و ن"
40,78,17,"ر س ل"
40,78,19,"ا ت ي"
40,78,20,"ا ي ي"
40,78,21,"إِلَّا"
40,78,22,"ا ذ ن"
40,78,23,"ا ل ه"
40,78,24,"إِذَا"
40,78,25,"ج ي ا"
40,78,26,"ا م ر"
40,78,27,"ا ل ه"
40,78,28,"ق ض ي"
40,78,29,"ح ق ق"
40,78,30,"خ س ر"
40,78,32,"ب ط ل"
40,79,1,"ا ل ه"
40,79,2,"ٱلَّذِى"
40,79,3,"ج ع ل"
40,79,5,"ن ع م"
40,79,6,"ر ك ب"
40,79,9,"ا ك ل"
40,80,3,"ن ف ع"
40,80,4,"ب ل غ"
40,80,6,"ح و ج"
40,80,8,"ص د ر"
40,80,11,"ف ل ك"
40,80,12,"ح م ل"
40,81,1,"ر ا ي"
40,81,2,"ا ي ي"
40,81,4,"ا ي ي"
40,81,5,"ا ل ه"
40,81,6,"ن ك ر"
40,82,2,"س ي ر"
40,82,4,"ا ر ض"
40,82,5,"ن ظ ر"
40,82,6,"ك ي ف"
40,82,7,"ك و ن"
40,82,8,"ع ق ب"
40,82,9,"ٱلَّذِى"
40,82,11,"ق ب ل"
40,82,12,"ك و ن"
40,82,13,"ك ث ر"
40,82,15,"ش د د"
40,82,16,"ق و ي"
40,82,17,"ا ث ر"
40,82,19,"ا ر ض"
40,82,21,"غ ن ي"
40,82,24,"ك و ن"
40,82,25,"ك س ب"
40,83,2,"ج ي ا"
40,83,3,"ر س ل"
40,83,4,"ب ي ن"
40,83,5,"ف ر ح"
40,83,7,"ع ن د"
40,83,9,"ع ل م"
40,83,10,"ح ي ق"
40,83,13,"ك و ن"
40,83,15,"ه ز ا"
40,84,2,"ر ا ي"
40,84,3,"ب ا س"
40,84,4,"ق و ل"
40,84,5,"ا م ن"
40,84,6,"ا ل ه"
40,84,7,"و ح د"
40,84,8,"ك ف ر"
40,84,10,"ك و ن"
40,84,12,"ش ر ك"
40,85,2,"ك و ن"
40,85,3,"ن ف ع"
40,85,4,"ا م ن"
40,85,6,"ر ا ي"
40,85,7,"ب ا س"
40,85,8,"س ن ن"
40,85,9,"ا ل ه"
40,85,10,"ٱلَّذِى"
40,85,12,"خ ل و"
40,85,14,"ع ب د"
40,85,15,"خ س ر"
40,85,17,"ك ف ر"
41,2,1,"ن ز ل"
41,2,3,"ر ح م"
41,2,4,"ر ح م"
41,3,1,"ك ت ب"
41,3,2,"ف ص ل"
41,3,3,"ا ي ي"
41,3,4,"ق ر ا"
41,3,5,"ع ر ب"
41,3,6,"ق و م"
41,3,7,"ع ل م"
41,4,1,"ب ش ر"
41,4,2,"ن ذ ر"
41,4,3,"ع ر ض"
41,4,4,"ك ث ر"
41,4,7,"س م ع"
41,5,1,"ق و ل"
41,5,2,"ق ل ب"
41,5,4,"ك ن ن"
41,5,6,"د ع و"
41,5,7,"إِلَىٰ"
41,5,9,"ا ذ ن"
41,5,10,"و ق ر"
41,5,12,"ب ي ن"
41,5,13,"ب ي ن"
41,5,14,"ح ج ب"
41,5,15,"ع م ل"
41,5,17,"ع م ل"
41,6,1,"ق و ل"
41,6,4,"ب ش ر"
41,6,5,"م ث ل"
41,6,6,"و ح ي"
41,6,7,"إِلَىٰ"
41,6,9,"ا ل ه"
41,6,10,"ا ل ه"
41,6,11,"و ح د"
41,6,12,"ق و م"
41,6,13,"إِلَىٰ"
41,6,14,"غ ف ر"
41,6,16,"ش ر ك"
41,7,1,"ٱلَّذِى"
41,7,3,"ا ت ي"
41,7,4,"ز ك و"
41,7,6,"ا خ ر"
41,7,8,"ك ف ر"
41,8,2,"ٱلَّذِى"
41,8,3,"ا م ن"
41,8,4,"ع م ل"
41,8,5,"ص ل ح"
41,8,7,"ا ج ر"
41,8,8,"غ ي ر"
41,8,9,"م ن ن"
41,9,1,"ق و ل"
41,9,3,"ك ف ر"
41,9,4,"ٱلَّذِى"
41,9,5,"خ ل ق"
41,9,6,"ا ر ض"
41,9,8,"ي و م"
41,9,9,"ج ع ل"
41,9,11,"ن د د"
41,9,13,"ر ب ب"
41,9,14,"ع ل م"
41,10,1,"ج ع ل"
41,10,3,"ر س و"
41,10,5,"ف و ق"
41,10,6,"ب ر ك"
41,10,8,"ق د ر"
41,10,10,"ق و ت"
41,10,12,"ر ب ع"
41,10,13,"ي و م"
41,10,14,"س و ي"
41,10,15,"س ا ل"
41,11,2,"س و ي"
41,11,3,"إِلَىٰ"
41,11,4,"س م و"
41,11,6,"د خ ن"
41,11,7,"ق و ل"
41,11,9,"ا ر ض"
41,11,10,"ا ت ي"
41,11,11,"ط و ع"
41,11,13,"ك ر ه"
41,11,14,"ق و ل"
41,11,15,"ا ت ي"
41,11,16,"ط و ع"
41,12,1,"ق ض ي"
41,12,2,"س ب ع"
41,12,3,"س م و"
41,12,5,"ي و م"
41,12,6,"و ح ي"
41,12,8,"ك ل ل"
41,12,9,"س م و"
41,12,10,"ا م ر"
41,12,11,"ز ي ن"
41,12,12,"س م و"
41,12,13,"د ن و"
41,12,14,"ص ب ح"
41,12,15,"ح ف ظ"
41,12,17,"ق د ر"
41,12,18,"ع ز ز"
41,12,19,"ع ل م"
41,13,2,"ع ر ض"
41,13,3,"ق و ل"
41,13,4,"ن ذ ر"
41,13,5,"ص ع ق"
41,13,6,"م ث ل"
41,13,7,"ص ع ق"
41,13,8,"ع و د"
41,14,1,"إِذ"
41,14,2,"ج ي ا"
41,14,3,"ر س ل"
41,14,5,"ب ي ن"
41,14,6,"ي د ي"
41,14,8,"خ ل ف"
41,14,10,"ع ب د"
41,14,11,"إِلَّا"
41,14,12,"ا ل ه"
41,14,13,"ق و ل"
41,14,15,"ش ي ا"
41,14,16,"ر ب ب"
41,14,17,"ن ز ل"
41,14,18,"م ل ك"
41,14,21,"ر س ل"
41,14,23,"ك ف ر"
41,15,1,"أَمَّا"
41,15,2,"ع و د"
41,15,3,"ك ب ر"
41,15,5,"ا ر ض"
41,15,6,"غ ي ر"
41,15,7,"ح ق ق"
41,15,8,"ق و ل"
41,15,10,"ش د د"
41,15,12,"ق و ي"
41,15,14,"ر ا ي"
41,15,16,"ا ل ه"
41,15,17,"ٱلَّذِى"
41,15,18,"خ ل ق"
41,15,20,"ش د د"
41,15,22,"ق و ي"
41,15,23,"ك و ن"
41,15,24,"ا ي ي"
41,15,25,"ج ح د"
41,16,1,"ر س ل"
41,16,3,"ر و ح"
41,16,4,"ص ر ص ر"
41,16,6,"ي و م"
41,16,7,"ن ح س"
41,16,8,"ذ و ق"
41,16,9,"ع ذ ب"
41,16,10,"خ ز ي"
41,16,12,"ح ي ي"
41,16,13,"د ن و"
41,16,14,"ع ذ ب"
41,16,15,"ا خ ر"
41,16,16,"خ ز ي"
41,16,19,"ن ص ر"
41,17,1,"أَمَّا"
41,17,3,"ه د ي"
41,17,4,"ح ب ب"
41,17,5,"ع م ي"
41,17,7,"ه د ي"
41,17,8,"ا خ ذ"
41,17,9,"ص ع ق"
41,17,10,"ع ذ ب"
41,17,11,"ه و ن"
41,17,13,"ك و ن"
41,17,14,"ك س ب"
41,18,1,"ن ج و"
41,18,2,"ٱلَّذِى"
41,18,3,"ا م ن"
41,18,4,"ك و ن"
41,18,5,"و ق ي"
41,19,1,"ي و م"
41,19,2,"ح ش ر"
41,19,3,"ع د و"
41,19,4,"ا ل ه"
41,19,5,"إِلَىٰ"
41,19,6,"ن و ر"
41,19,8,"و ز ع"
41,20,2,"إِذَا"
41,20,4,"ج ي ا"
41,20,5,"ش ه د"
41,20,7,"س م ع"
41,20,8,"ب ص ر"
41,20,9,"ج ل د"
41,20,11,"ك و ن"
41,20,12,"ع م ل"
41,21,1,"ق و ل"
41,21,2,"ج ل د"
41,21,4,"ش ه د"
41,21,6,"ق و ل"
41,21,7,"ن ط ق"
41,21,8,"ا ل ه"
41,21,9,"ٱلَّذِى"
41,21,10,"ن ط ق"
41,21,11,"ك ل ل"
41,21,12,"ش ي ا"
41,21,14,"خ ل ق"
41,21,15,"ا و ل"
41,21,16,"م ر ر"
41,21,17,"إِلَىٰ"
41,21,18,"ر ج ع"
41,22,2,"ك و ن"
41,22,3,"س ت ر"
41,22,5,"ش ه د"
41,22,7,"س م ع"
41,22,9,"ب ص ر"
41,22,11,"ج ل د"
41,22,13,"ظ ن ن"
41,22,15,"ا ل ه"
41,22,17,"ع ل م"
41,22,18,"ك ث ر"
41,22,20,"ع م ل"
41,23,2,"ظ ن ن"
41,23,3,"ٱلَّذِى"
41,23,4,"ظ ن ن"
41,23,5,"ر ب ب"
41,23,6,"ر د ي"
41,23,7,"ص ب ح"
41,23,9,"خ س ر"
41,24,2,"ص ب ر"
41,24,3,"ن و ر"
41,24,4,"ث و ي"
41,24,7,"ع ت ب"
41,24,11,"ع ت ب"
41,25,1,"ق ي ض"
41,25,3,"ق ر ن"
41,25,4,"ز ي ن"
41,25,7,"ب ي ن"
41,25,8,"ي د ي"
41,25,10,"خ ل ف"
41,25,11,"ح ق ق"
41,25,13,"ق و ل"
41,25,15,"ا م م"
41,25,17,"خ ل و"
41,25,19,"ق ب ل"
41,25,21,"ج ن ن"
41,25,22,"ا ن س"
41,25,24,"ك و ن"
41,25,25,"خ س ر"
41,26,1,"ق و ل"
41,26,2,"ٱلَّذِى"
41,26,3,"ك ف ر"
41,26,5,"س م ع"
41,26,7,"ق ر ا"
41,26,8,"ل غ و"
41,26,11,"غ ل ب"
41,27,1,"ذ و ق"
41,27,2,"ٱلَّذِى"
41,27,3,"ك ف ر"
41,27,4,"ع ذ ب"
41,27,5,"ش د د"
41,27,6,"ج ز ي"
41,27,7,"س و ا"
41,27,8,"ٱلَّذِى"
41,27,9,"ك و ن"
41,27,10,"ع م ل"
41,28,2,"ج ز ي"
41,28,3,"ع د و"
41,28,4,"ا ل ه"
41,28,5,"ن و ر"
41,28,8,"د و ر"
41,28,9,"خ ل د"
41,28,10,"ج ز ي"
41,28,12,"ك و ن"
41,28,13,"ا ي ي"
41,28,14,"ج ح د"
41,29,1,"ق و ل"
41,29,2,"ٱلَّذِى"
41,29,3,"ك ف ر"
41,29,4,"ر ب ب"
41,29,5,"ر ا ي"
41,29,6,"ٱلَّذِى"
41,29,7,"ض ل ل"
41,29,9,"ج ن ن"
41,29,10,"ا ن س"
41,29,11,"ج ع ل"
41,29,12,"ت ح ت"
41,29,13,"ق د م"
41,29,14,"ك و ن"
41,29,16,"س ف ل"
41,30,2,"ٱلَّذِى"
41,30,3,"ق و ل"
41,30,4,"ر ب ب"
41,30,5,"ا ل ه"
41,30,7,"ق و م"
41,30,8,"ن ز ل"
41,30,10,"م ل ك"
41,30,12,"خ و ف"
41,30,14,"ح ز ن"
41,30,15,"ب ش ر"
41,30,16,"ج ن ن"
41,30,17,"ٱلَّذِى"
41,30,18,"ك و ن"
41,30,19,"و ع د"
41,31,2,"و ل ي"
41,31,4,"ح ي ي"
41,31,5,"د ن و"
41,31,7,"ا خ ر"
41,31,11,"ش ه و"
41,31,12,"ن ف س"
41,31,16,"د ع و"
41,32,1,"ن ز ل"
41,32,3,"غ ف ر"
41,32,4,"ر ح م"
41,33,2,"ح س ن"
41,33,3,"ق و ل"
41,33,5,"د ع و"
41,33,6,"إِلَىٰ"
41,33,7,"ا ل ه"
41,33,8,"ع م ل"
41,33,9,"ص ل ح"
41,33,10,"ق و ل"
41,33,13,"س ل م"
41,34,2,"س و ي"
41,34,3,"ح س ن"
41,34,5,"س و ا"
41,34,6,"د ف ع"
41,34,7,"ٱلَّذِى"
41,34,9,"ح س ن"
41,34,10,"إِذَا"
41,34,11,"ٱلَّذِى"
41,34,12,"ب ي ن"
41,34,13,"ب ي ن"
41,34,14,"ع د و"
41,34,16,"و ل ي"
41,34,17,"ح م م"
41,35,2,"ل ق ي"
41,35,3,"إِلَّا"
41,35,4,"ٱلَّذِى"
41,35,5,"ص ب ر"
41,35,7,"ل ق ي"
41,35,8,"إِلَّا"
41,35,10,"ح ظ ظ"
41,35,11,"ع ظ م"
41,36,1,"إِمَّا"
41,36,2,"ن ز غ"
41,36,4,"ش ط ن"
41,36,5,"ن ز غ"
41,36,6,"ع و ذ"
41,36,7,"ا ل ه"
41,36,10,"س م ع"
41,36,11,"ع ل م"
41,37,2,"ا ي ي"
41,37,3,"ل ي ل"
41,37,4,"ن ه ر"
41,37,5,"ش م س"
41,37,6,"ق م ر"
41,37,8,"س ج د"
41,37,9,"ش م س"
41,37,11,"ق م ر"
41,37,12,"س ج د"
41,37,13,"ا ل ه"
41,37,14,"ٱلَّذِى"
41,37,15,"خ ل ق"
41,37,17,"ك و ن"
41,37,19,"ع ب د"
41,38,2,"ك ب ر"
41,38,3,"ٱلَّذِى"
41,38,4,"ع ن د"
41,38,5,"ر ب ب"
41,38,6,"س ب ح"
41,38,8,"ل ي ل"
41,38,9,"ن ه ر"
41,38,12,"س ا م"
41,39,2,"ا ي ي"
41,39,4,"ر ا ي"
41,39,5,"ا ر ض"
41,39,6,"خ ش ع"
41,39,7,"إِذَا"
41,39,8,"ن ز ل"
41,39,10,"م و ه"
41,39,11,"ه ز ز"
41,39,12,"ر ب و"
41,39,14,"ٱلَّذِى"
41,39,15,"ح ي ي"
41,39,16,"ح ي ي"
41,39,17,"م و ت"
41,39,20,"ك ل ل"
41,39,21,"ش ي ا"
41,39,22,"ق د ر"
41,40,2,"ٱلَّذِى"
41,40,3,"ل ح د"
41,40,5,"ا ي ي"
41,40,7,"خ ف ي"
41,40,10,"ل ق ي"
41,40,12,"ن و ر"
41,40,13,"خ ي ر"
41,40,14,"أَم"
41,40,16,"ا ت ي"
41,40,17,"ا م ن"
41,40,18,"ي و م"
41,40,19,"ق و م"
41,40,20,"ع م ل"
41,40,22,"ش ي ا"
41,40,25,"ع م ل"
41,40,26,"ب ص ر"
41,41,2,"ٱلَّذِى"
41,41,3,"ك ف ر"
41,41,4,"ذ ك ر"
41,41,6,"ج ي ا"
41,41,8,"ك ت ب"
41,41,9,"ع ز ز"
41,42,2,"ا ت ي"
41,42,3,"ب ط ل"
41,42,5,"ب ي ن"
41,42,6,"ي د ي"
41,42,9,"خ ل ف"
41,42,10,"ن ز ل"
41,42,12,"ح ك م"
41,42,13,"ح م د"
41,43,2,"ق و ل"
41,43,4,"إِلَّا"
41,43,7,"ق و ل"
41,43,8,"ر س ل"
41,43,10,"ق ب ل"
41,43,12,"ر ب ب"
41,43,14,"غ ف ر"
41,43,16,"ع ق ب"
41,43,17,"ا ل م"
41,44,2,"ج ع ل"
41,44,3,"ق ر ا"
41,44,4,"ع ج م"
41,44,5,"ق و ل"
41,44,7,"ف ص ل"
41,44,8,"ا ي ي"
41,44,9,"ع ج م"
41,44,10,"ع ر ب"
41,44,11,"ق و ل"
41,44,13,"ٱلَّذِى"
41,44,14,"ا م ن"
41,44,15,"ه د ي"
41,44,16,"ش ف ي"
41,44,17,"ٱلَّذِى"
41,44,19,"ا م ن"
41,44,21,"ا ذ ن"
41,44,22,"و ق ر"
41,44,25,"ع م ي"
41,44,27,"ن د و"
41,44,29,"ك و ن"
41,44,30,"ب ع د"
41,45,2,"ا ت ي"
41,45,4,"ك ت ب"
41,45,5,"خ ل ف"
41,45,8,"ك ل م"
41,45,9,"س ب ق"
41,45,11,"ر ب ب"
41,45,12,"ق ض ي"
41,45,13,"ب ي ن"
41,45,16,"ش ك ك"
41,45,18,"ر ي ب"
41,46,2,"ع م ل"
41,46,3,"ص ل ح"
41,46,4,"ن ف س"
41,46,6,"س و ا"
41,46,9,"ر ب ب"
41,46,10,"ظ ل م"
41,46,11,"ع ب د"
41,47,1,"إِلَىٰ"
41,47,2,"ر د د"
41,47,3,"ع ل م"
41,47,4,"س و ع"
41,47,6,"خ ر ج"
41,47,8,"ث م ر"
41,47,10,"ك م م"
41,47,12,"ح م ل"
41,47,14,"ا ن ث"
41,47,16,"و ض ع"
41,47,17,"إِلَّا"
41,47,18,"ع ل م"
41,47,19,"ي و م"
41,47,20,"ن د و"
41,47,22,"ش ر ك"
41,47,23,"ق و ل"
41,47,24,"ا ذ ن"
41,47,28,"ش ه د"
41,48,1,"ض ل ل"
41,48,4,"ك و ن"
41,48,5,"د ع و"
41,48,7,"ق ب ل"
41,48,8,"ظ ن ن"
41,48,12,"ح ي ص"
41,49,2,"س ا م"
41,49,3,"ا ن س"
41,49,5,"د ع و"
41,49,6,"خ ي ر"
41,49,8,"م س س"
41,49,9,"ش ر ر"
41,49,10,"ي ا س"
41,49,11,"ق ن ط"
41,50,2,"ذ و ق"
41,50,3,"ر ح م"
41,50,6,"ب ع د"
41,50,7,"ض ر ر"
41,50,8,"م س س"
41,50,9,"ق و ل"
41,50,13,"ظ ن ن"
41,50,14,"س و ع"
41,50,15,"ق و م"
41,50,17,"ر ج ع"
41,50,18,"إِلَىٰ"
41,50,19,"ر ب ب"
41,50,22,"ع ن د"
41,50,23,"ح س ن"
41,50,24,"ن ب ا"
41,50,25,"ٱلَّذِى"
41,50,26,"ك ف ر"
41,50,28,"ع م ل"
41,50,29,"ذ و ق"
41,50,31,"ع ذ ب"
41,50,32,"غ ل ظ"
41,51,1,"إِذَا"
41,51,2,"ن ع م"
41,51,4,"ا ن س"
41,51,5,"ع ر ض"
41,51,6,"ن ا ي"
41,51,7,"ج ن ب"
41,51,8,"إِذَا"
41,51,9,"م س س"
41,51,10,"ش ر ر"
41,51,12,"د ع و"
41,51,13,"ع ر ض"
41,52,1,"ق و ل"
41,52,2,"ر ا ي"
41,52,4,"ك و ن"
41,52,6,"ع ن د"
41,52,7,"ا ل ه"
41,52,9,"ك ف ر"
41,52,12,"ض ل ل"
41,52,16,"ش ق ق"
41,52,17,"ب ع د"
41,53,1,"ر ا ي"
41,53,2,"ا ي ي"
41,53,4,"ا ف ق"
41,53,6,"ن ف س"
41,53,8,"ب ي ن"
41,53,11,"ح ق ق"
41,53,13,"ك ف ي"
41,53,14,"ر ب ب"
41,53,17,"ك ل ل"
41,53,18,"ش ي ا"
41,53,19,"ش ه د"
41,54,4,"م ر ي"
41,54,6,"ل ق ي"
41,54,7,"ر ب ب"
41,54,10,"ك ل ل"
41,54,11,"ش ي ا"
41,54,12,"ح و ط"
42,3,2,"و ح ي"
42,3,3,"إِلَىٰ"
42,3,4,"إِلَىٰ"
42,3,5,"ٱلَّذِى"
42,3,7,"ق ب ل"
42,3,8,"ا ل ه"
42,3,9,"ع ز ز"
42,3,10,"ح ك م"
42,4,4,"س م و"
42,4,7,"ا ر ض"
42,4,9,"ع ل و"
42,4,10,"ع ظ م"
42,5,1,"ك و د"
42,5,2,"س م و"
42,5,3,"ف ط ر"
42,5,5,"ف و ق"
42,5,6,"م ل ك"
42,5,7,"س ب ح"
42,5,8,"ح م د"
42,5,9,"ر ب ب"
42,5,10,"غ ف ر"
42,5,13,"ا ر ض"
42,5,16,"ا ل ه"
42,5,18,"غ ف ر"
42,5,19,"ر ح م"
42,6,1,"ٱلَّذِى"
42,6,2,"ا خ ذ"
42,6,4,"د و ن"
42,6,5,"و ل ي"
42,6,6,"ا ل ه"
42,6,7,"ح ف ظ"
42,6,12,"و ك ل"
42,7,2,"و ح ي"
42,7,3,"إِلَىٰ"
42,7,4,"ق ر ا"
42,7,5,"ع ر ب"
42,7,6,"ن ذ ر"
42,7,7,"ا م م"
42,7,8,"ق ر ي"
42,7,10,"ح و ل"
42,7,11,"ن ذ ر"
42,7,12,"ي و م"
42,7,13,"ج م ع"
42,7,15,"ر ي ب"
42,7,17,"ف ر ق"
42,7,19,"ج ن ن"
42,7,20,"ف ر ق"
42,7,22,"س ع ر"
42,8,2,"ش ي ا"
42,8,3,"ا ل ه"
42,8,4,"ج ع ل"
42,8,5,"ا م م"
42,8,6,"و ح د"
42,8,8,"د خ ل"
42,8,10,"ش ي ا"
42,8,12,"ر ح م"
42,8,13,"ظ ل م"
42,8,17,"و ل ي"
42,8,19,"ن ص ر"
42,9,1,"أَم"
42,9,2,"ا خ ذ"
42,9,4,"د و ن"
42,9,5,"و ل ي"
42,9,6,"ا ل ه"
42,9,8,"و ل ي"
42,9,10,"ح ي ي"
42,9,11,"م و ت"
42,9,14,"ك ل ل"
42,9,15,"ش ي ا"
42,9,16,"ق د ر"
42,10,2,"خ ل ف"
42,10,5,"ش ي ا"
42,10,6,"ح ك م"
42,10,7,"إِلَىٰ"
42,10,8,"ا ل ه"
42,10,10,"ا ل ه"
42,10,11,"ر ب ب"
42,10,13,"و ك ل"
42,10,14,"إِلَىٰ"
42,10,15,"ن و ب"
42,11,1,"ف ط ر"
42,11,2,"س م و"
42,11,3,"ا ر ض"
42,11,4,"ج ع ل"
42,11,7,"ن ف س"
42,11,8,"ز و ج"
42,11,10,"ن ع م"
42,11,11,"ز و ج"
42,11,12,"ذ ر ا"
42,11,14,"ل ي س"
42,11,15,"م ث ل"
42,11,16,"ش ي ا"
42,11,18,"س م ع"
42,11,19,"ب ص ر"
42,12,2,"ق ل د"
42,12,3,"س م و"
42,12,4,"ا ر ض"
42,12,5,"ب س ط"
42,12,6,"ر ز ق"
42,12,8,"ش ي ا"
42,12,9,"ق د ر"
42,12,11,"ك ل ل"
42,12,12,"ش ي ا"
42,12,13,"ع ل م"
42,13,1,"ش ر ع"
42,13,4,"د ي ن"
42,13,6,"و ص ي"
42,13,9,"ٱلَّذِى"
42,13,10,"و ح ي"
42,13,11,"إِلَىٰ"
42,13,13,"و ص ي"
42,13,15,"إِبْرَاهِيم"
42,13,19,"ق و م"
42,13,20,"د ي ن"
42,13,22,"ف ر ق"
42,13,24,"ك ب ر"
42,13,26,"ش ر ك"
42,13,28,"د ع و"
42,13,29,"إِلَىٰ"
42,13,30,"ا ل ه"
42,13,31,"ج ب ي"
42,13,32,"إِلَىٰ"
42,13,34,"ش ي ا"
42,13,35,"ه د ي"
42,13,36,"إِلَىٰ"
42,13,38,"ن و ب"
42,14,2,"ف ر ق"
42,14,3,"إِلَّا"
42,14,5,"ب ع د"
42,14,7,"ج ي ا"
42,14,8,"ع ل م"
42,14,9,"ب غ ي"
42,14,10,"ب ي ن"
42,14,12,"ك ل م"
42,14,13,"س ب ق"
42,14,15,"ر ب ب"
42,14,16,"إِلَىٰ"
42,14,17,"ا ج ل"
42,14,18,"س م و"
42,14,19,"ق ض ي"
42,14,20,"ب ي ن"
42,14,22,"ٱلَّذِى"
42,14,23,"و ر ث"
42,14,24,"ك ت ب"
42,14,26,"ب ع د"
42,14,28,"ش ك ك"
42,14,30,"ر ي ب"
42,15,2,"د ع و"
42,15,3,"ق و م"
42,15,5,"ا م ر"
42,15,7,"ت ب ع"
42,15,8,"ه و ي"
42,15,9,"ق و ل"
42,15,10,"ا م ن"
42,15,12,"ن ز ل"
42,15,13,"ا ل ه"
42,15,15,"ك ت ب"
42,15,16,"ا م ر"
42,15,17,"ع د ل"
42,15,18,"ب ي ن"
42,15,19,"ا ل ه"
42,15,20,"ر ب ب"
42,15,21,"ر ب ب"
42,15,23,"ع م ل"
42,15,25,"ع م ل"
42,15,27,"ح ج ج"
42,15,28,"ب ي ن"
42,15,29,"ب ي ن"
42,15,30,"ا ل ه"
42,15,31,"ج م ع"
42,15,32,"ب ي ن"
42,15,33,"إِلَىٰ"
42,15,34,"ص ي ر"
42,16,1,"ٱلَّذِى"
42,16,2,"ح ج ج"
42,16,4,"ا ل ه"
42,16,6,"ب ع د"
42,16,8,"ج و ب"
42,16,10,"ح ج ج"
42,16,11,"د ح ض"
42,16,12,"ع ن د"
42,16,13,"ر ب ب"
42,16,15,"غ ض ب"
42,16,17,"ع ذ ب"
42,16,18,"ش د د"
42,17,1,"ا ل ه"
42,17,2,"ٱلَّذِى"
42,17,3,"ن ز ل"
42,17,4,"ك ت ب"
42,17,5,"ح ق ق"
42,17,6,"و ز ن"
42,17,8,"د ر ي"
42,17,10,"س و ع"
42,17,11,"ق ر ب"
42,18,1,"ع ج ل"
42,18,3,"ٱلَّذِى"
42,18,5,"ا م ن"
42,18,7,"ٱلَّذِى"
42,18,8,"ا م ن"
42,18,9,"ش ف ق"
42,18,11,"ع ل م"
42,18,13,"ح ق ق"
42,18,16,"ٱلَّذِى"
42,18,17,"م ر ي"
42,18,19,"س و ع"
42,18,21,"ض ل ل"
42,18,22,"ب ع د"
42,19,1,"ا ل ه"
42,19,2,"ل ط ف"
42,19,3,"ع ب د"
42,19,4,"ر ز ق"
42,19,6,"ش ي ا"
42,19,8,"ق و ي"
42,19,9,"ع ز ز"
42,20,2,"ك و ن"
42,20,3,"ر و د"
42,20,4,"ح ر ث"
42,20,5,"ا خ ر"
42,20,6,"ز ي د"
42,20,9,"ح ر ث"
42,20,11,"ك و ن"
42,20,12,"ر و د"
42,20,13,"ح ر ث"
42,20,14,"د ن و"
42,20,15,"ا ت ي"
42,20,20,"ا خ ر"
42,20,22,"ن ص ب"
42,21,1,"أَم"
42,21,3,"ش ر ك"
42,21,4,"ش ر ع"
42,21,7,"د ي ن"
42,21,10,"ا ذ ن"
42,21,12,"ا ل ه"
42,21,14,"ك ل م"
42,21,15,"ف ص ل"
42,21,16,"ق ض ي"
42,21,17,"ب ي ن"
42,21,19,"ظ ل م"
42,21,21,"ع ذ ب"
42,21,22,"ا ل م"
42,22,1,"ر ا ي"
42,22,2,"ظ ل م"
42,22,3,"ش ف ق"
42,22,5,"ك س ب"
42,22,7,"و ق ع"
42,22,9,"ٱلَّذِى"
42,22,10,"ا م ن"
42,22,11,"ع م ل"
42,22,12,"ص ل ح"
42,22,14,"ر و ض"
42,22,15,"ج ن ن"
42,22,18,"ش ي ا"
42,22,19,"ع ن د"
42,22,20,"ر ب ب"
42,22,23,"ف ض ل"
42,22,24,"ك ب ر"
42,23,2,"ٱلَّذِى"
42,23,3,"ب ش ر"
42,23,4,"ا ل ه"
42,23,5,"ع ب د"
42,23,6,"ٱلَّذِى"
42,23,7,"ا م ن"
42,23,8,"ع م ل"
42,23,9,"ص ل ح"
42,23,10,"ق و ل"
42,23,12,"س ا ل"
42,23,14,"ا ج ر"
42,23,15,"إِلَّا"
42,23,16,"و د د"
42,23,18,"ق ر ب"
42,23,20,"ق ر ف"
42,23,21,"ح س ن"
42,23,22,"ز ي د"
42,23,25,"ح س ن"
42,23,27,"ا ل ه"
42,23,28,"غ ف ر"
42,23,29,"ش ك ر"
42,24,1,"أَم"
42,24,2,"ق و ل"
42,24,3,"ف ر ي"
42,24,5,"ا ل ه"
42,24,6,"ك ذ ب"
42,24,8,"ش ي ا"
42,24,9,"ا ل ه"
42,24,10,"خ ت م"
42,24,12,"ق ل ب"
42,24,13,"م ح و"
42,24,14,"ا ل ه"
42,24,15,"ب ط ل"
42,24,16,"ح ق ق"
42,24,17,"ح ق ق"
42,24,18,"ك ل م"
42,24,20,"ع ل م"
42,24,22,"ص د ر"
42,25,2,"ٱلَّذِى"
42,25,3,"ق ب ل"
42,25,4,"ت و ب"
42,25,6,"ع ب د"
42,25,7,"ع ف و"
42,25,9,"س و ا"
42,25,10,"ع ل م"
42,25,12,"ف ع ل"
42,26,1,"ج و ب"
42,26,2,"ٱلَّذِى"
42,26,3,"ا م ن"
42,26,4,"ع م ل"
42,26,5,"ص ل ح"
42,26,6,"ز ي د"
42,26,8,"ف ض ل"
42,26,9,"ك ف ر"
42,26,11,"ع ذ ب"
42,26,12,"ش د د"
42,27,2,"ب س ط"
42,27,3,"ا ل ه"
42,27,4,"ر ز ق"
42,27,5,"ع ب د"
42,27,6,"ب غ ي"
42,27,8,"ا ر ض"
42,27,10,"ن ز ل"
42,27,11,"ق د ر"
42,27,13,"ش ي ا"
42,27,15,"ع ب د"
42,27,16,"خ ب ر"
42,27,17,"ب ص ر"
42,28,2,"ٱلَّذِى"
42,28,3,"ن ز ل"
42,28,4,"غ ي ث"
42,28,6,"ب ع د"
42,28,8,"ق ن ط"
42,28,9,"ن ش ر"
42,28,10,"ر ح م"
42,28,12,"و ل ي"
42,28,13,"ح م د"
42,29,2,"ا ي ي"
42,29,3,"خ ل ق"
42,29,4,"س م و"
42,29,5,"ا ر ض"
42,29,7,"ب ث ث"
42,29,10,"د ب ب"
42,29,13,"ج م ع"
42,29,14,"إِذَا"
42,29,15,"ش ي ا"
42,29,16,"ق د ر"
42,30,2,"ص و ب"
42,30,4,"ص و ب"
42,30,6,"ك س ب"
42,30,7,"ي د ي"
42,30,8,"ع ف و"
42,30,10,"ك ث ر"
42,31,3,"ع ج ز"
42,31,5,"ا ر ض"
42,31,9,"د و ن"
42,31,10,"ا ل ه"
42,31,12,"و ل ي"
42,31,14,"ن ص ر"
42,32,2,"ا ي ي"
42,32,3,"ج ر ي"
42,32,5,"ب ح ر"
42,32,6,"ع ل م"
42,33,2,"ش ي ا"
42,33,3,"س ك ن"
42,33,4,"ر و ح"
42,33,5,"ظ ل ل"
42,33,6,"ر ك د"
42,33,8,"ظ ه ر"
42,33,12,"ا ي ي"
42,33,13,"ك ل ل"
42,33,14,"ص ب ر"
42,33,15,"ش ك ر"
42,34,2,"و ب ق"
42,34,4,"ك س ب"
42,34,5,"ع ف و"
42,34,7,"ك ث ر"
42,35,1,"ع ل م"
42,35,2,"ٱلَّذِى"
42,35,3,"ج د ل"
42,35,5,"ا ي ي"
42,35,9,"ح ي ص"
42,36,2,"ا ت ي"
42,36,4,"ش ي ا"
42,36,5,"م ت ع"
42,36,6,"ح ي ي"
42,36,7,"د ن و"
42,36,9,"ع ن د"
42,36,10,"ا ل ه"
42,36,11,"خ ي ر"
42,36,12,"ب ق ي"
42,36,13,"ٱلَّذِى"
42,36,14,"ا م ن"
42,36,16,"ر ب ب"
42,36,17,"و ك ل"
42,37,1,"ٱلَّذِى"
42,37,2,"ج ن ب"
42,37,3,"ك ب ر"
42,37,4,"ا ث م"
42,37,5,"ف ح ش"
42,37,6,"إِذَا"
42,37,8,"غ ض ب"
42,37,10,"غ ف ر"
42,38,1,"ٱلَّذِى"
42,38,2,"ج و ب"
42,38,3,"ر ب ب"
42,38,4,"ق و م"
42,38,5,"ص ل و"
42,38,6,"ا م ر"
42,38,7,"ش و ر"
42,38,8,"ب ي ن"
42,38,10,"ر ز ق"
42,38,11,"ن ف ق"
42,39,1,"ٱلَّذِى"
42,39,2,"إِذَا"
42,39,3,"ص و ب"
42,39,4,"ب غ ي"
42,39,6,"ن ص ر"
42,40,1,"ج ز ي"
42,40,2,"س و ا"
42,40,3,"س و ا"
42,40,4,"م ث ل"
42,40,6,"ع ف و"
42,40,7,"ص ل ح"
42,40,8,"ا ج ر"
42,40,10,"ا ل ه"
42,40,13,"ح ب ب"
42,40,14,"ظ ل م"
42,41,2,"ن ص ر"
42,41,3,"ب ع د"
42,41,4,"ظ ل م"
42,41,9,"س ب ل"
42,42,2,"س ب ل"
42,42,4,"ٱلَّذِى"
42,42,5,"ظ ل م"
42,42,6,"ن و س"
42,42,7,"ب غ ي"
42,42,9,"ا ر ض"
42,42,10,"غ ي ر"
42,42,11,"ح ق ق"
42,42,14,"ع ذ ب"
42,42,15,"ا ل م"
42,43,2,"ص ب ر"
42,43,3,"غ ف ر"
42,43,7,"ع ز م"
42,43,8,"ا م ر"
42,44,2,"ض ل ل"
42,44,3,"ا ل ه"
42,44,7,"و ل ي"
42,44,9,"ب ع د"
42,44,10,"ر ا ي"
42,44,11,"ظ ل م"
42,44,13,"ر ا ي"
42,44,14,"ع ذ ب"
42,44,15,"ق و ل"
42,44,17,"إِلَىٰ"
42,44,18,"ر د د"
42,44,20,"س ب ل"
42,45,1,"ر ا ي"
42,45,2,"ع ر ض"
42,45,4,"خ ش ع"
42,45,6,"ذ ل ل"
42,45,7,"ن ظ ر"
42,45,9,"ط ر ف"
42,45,10,"خ ف ي"
42,45,11,"ق و ل"
42,45,12,"ٱلَّذِى"
42,45,13,"ا م ن"
42,45,15,"خ س ر"
42,45,16,"ٱلَّذِى"
42,45,17,"خ س ر"
42,45,18,"ن ف س"
42,45,19,"ا ه ل"
42,45,20,"ي و م"
42,45,21,"ق و م"
42,45,24,"ظ ل م"
42,45,26,"ع ذ ب"
42,45,27,"ق و م"
42,46,2,"ك و ن"
42,46,5,"و ل ي"
42,46,6,"ن ص ر"
42,46,8,"د و ن"
42,46,9,"ا ل ه"
42,46,11,"ض ل ل"
42,46,12,"ا ل ه"
42,46,16,"س ب ل"
42,47,1,"ج و ب"
42,47,2,"ر ب ب"
42,47,4,"ق ب ل"
42,47,6,"ا ت ي"
42,47,7,"ي و م"
42,47,9,"ر د د"
42,47,12,"ا ل ه"
42,47,16,"ل ج ا"
42,47,21,"ن ك ر"
42,48,2,"ع ر ض"
42,48,4,"ر س ل"
42,48,6,"ح ف ظ"
42,48,9,"إِلَّا"
42,48,10,"ب ل غ"
42,48,12,"إِذَا"
42,48,13,"ذ و ق"
42,48,14,"ا ن س"
42,48,16,"ر ح م"
42,48,17,"ف ر ح"
42,48,20,"ص و ب"
42,48,21,"س و ا"
42,48,23,"ق د م"
42,48,24,"ي د ي"
42,48,26,"ا ن س"
42,48,27,"ك ف ر"
42,49,1,"ا ل ه"
42,49,2,"م ل ك"
42,49,3,"س م و"
42,49,4,"ا ر ض"
42,49,5,"خ ل ق"
42,49,7,"ش ي ا"
42,49,8,"و ه ب"
42,49,10,"ش ي ا"
42,49,11,"ا ن ث"
42,49,12,"و ه ب"
42,49,14,"ش ي ا"
42,49,15,"ذ ك ر"
42,50,2,"ز و ج"
42,50,3,"ذ ك ر"
42,50,4,"ا ن ث"
42,50,5,"ج ع ل"
42,50,7,"ش ي ا"
42,50,8,"ع ق م"
42,50,10,"ع ل م"
42,50,11,"ق د ر"
42,51,2,"ك و ن"
42,51,3,"ب ش ر"
42,51,5,"ك ل م"
42,51,6,"ا ل ه"
42,51,7,"إِلَّا"
42,51,8,"و ح ي"
42,51,11,"و ر ي"
42,51,12,"ح ج ب"
42,51,14,"ر س ل"
42,51,15,"ر س ل"
42,51,16,"و ح ي"
42,51,17,"ا ذ ن"
42,51,19,"ش ي ا"
42,51,21,"ع ل و"
42,51,22,"ح ك م"
42,52,2,"و ح ي"
42,52,3,"إِلَىٰ"
42,52,4,"ر و ح"
42,52,6,"ا م ر"
42,52,8,"ك و ن"
42,52,9,"د ر ي"
42,52,11,"ك ت ب"
42,52,13,"ا م ن"
42,52,15,"ج ع ل"
42,52,16,"ن و ر"
42,52,17,"ه د ي"
42,52,20,"ش ي ا"
42,52,22,"ع ب د"
42,52,24,"ه د ي"
42,52,25,"إِلَىٰ"
42,52,26,"ص ر ط"
42,52,27,"ق و م"
42,53,1,"ص ر ط"
42,53,2,"ا ل ه"
42,53,3,"ٱلَّذِى"
42,53,7,"س م و"
42,53,10,"ا ر ض"
42,53,12,"إِلَىٰ"
42,53,13,"ا ل ه"
42,53,14,"ص ي ر"
42,53,15,"ا م ر"
43,2,1,"ك ت ب"
43,2,2,"ب ي ن"
43,3,2,"ج ع ل"
43,3,3,"ق ر ا"
43,3,4,"ع ر ب"
43,3,6,"ع ق ل"
43,4,3,"ا م م"
43,4,4,"ك ت ب"
43,4,6,"ع ل و"
43,4,7,"ح ك م"
43,5,1,"ض ر ب"
43,5,3,"ذ ك ر"
43,5,4,"ص ف ح"
43,5,6,"ك و ن"
43,5,7,"ق و م"
43,5,8,"س ر ف"
43,6,2,"ر س ل"
43,6,4,"ن ب ا"
43,6,6,"ا و ل"
43,7,2,"ا ت ي"
43,7,4,"ن ب ا"
43,7,5,"إِلَّا"
43,7,6,"ك و ن"
43,7,8,"ه ز ا"
43,8,1,"ه ل ك"
43,8,2,"ش د د"
43,8,4,"ب ط ش"
43,8,5,"م ض ي"
43,8,6,"م ث ل"
43,8,7,"ا و ل"
43,9,2,"س ا ل"
43,9,4,"خ ل ق"
43,9,5,"س م و"
43,9,6,"ا ر ض"
43,9,7,"ق و ل"
43,9,8,"خ ل ق"
43,9,9,"ع ز ز"
43,9,10,"ع ل م"
43,10,1,"ٱلَّذِى"
43,10,2,"ج ع ل"
43,10,4,"ا ر ض"
43,10,5,"م ه د"
43,10,6,"ج ع ل"
43,10,9,"س ب ل"
43,10,11,"ه د ي"
43,11,1,"ٱلَّذِى"
43,11,2,"ن ز ل"
43,11,4,"س م و"
43,11,5,"م و ه"
43,11,6,"ق د ر"
43,11,7,"ن ش ر"
43,11,9,"ب ل د"
43,11,10,"م و ت"
43,11,12,"خ ر ج"
43,12,1,"ٱلَّذِى"
43,12,2,"خ ل ق"
43,12,3,"ز و ج"
43,12,4,"ك ل ل"
43,12,5,"ج ع ل"
43,12,8,"ف ل ك"
43,12,9,"ن ع م"
43,12,11,"ر ك ب"
43,13,1,"س و ي"
43,13,3,"ظ ه ر"
43,13,5,"ذ ك ر"
43,13,6,"ن ع م"
43,13,7,"ر ب ب"
43,13,8,"إِذَا"
43,13,9,"س و ي"
43,13,11,"ق و ل"
43,13,12,"س ب ح"
43,13,13,"ٱلَّذِى"
43,13,14,"س خ ر"
43,13,18,"ك و ن"
43,13,20,"ق ر ن"
43,14,2,"إِلَىٰ"
43,14,3,"ر ب ب"
43,14,4,"ق ل ب"
43,15,1,"ج ع ل"
43,15,4,"ع ب د"
43,15,5,"ج ز ا"
43,15,7,"ا ن س"
43,15,8,"ك ف ر"
43,15,9,"ب ي ن"
43,16,1,"أَم"
43,16,2,"ا خ ذ"
43,16,4,"خ ل ق"
43,16,5,"ب ن ي"
43,16,6,"ص ف و"
43,16,7,"ب ن ي"
43,17,1,"إِذَا"
43,17,2,"ب ش ر"
43,17,3,"ا ح د"
43,17,5,"ض ر ب"
43,17,6,"ر ح م"
43,17,7,"م ث ل"
43,17,8,"ظ ل ل"
43,17,9,"و ج ه"
43,17,10,"س و د"
43,17,12,"ك ظ م"
43,18,2,"ن ش ا"
43,18,4,"ح ل ي"
43,18,7,"خ ص م"
43,18,8,"غ ي ر"
43,18,9,"ب ي ن"
43,19,1,"ج ع ل"
43,19,2,"م ل ك"
43,19,3,"ٱلَّذِى"
43,19,5,"ع ب د"
43,19,6,"ر ح م"
43,19,7,"ا ن ث"
43,19,8,"ش ه د"
43,19,9,"خ ل ق"
43,19,10,"ك ت ب"
43,19,11,"ش ه د"
43,19,12,"س ا ل"
43,20,1,"ق و ل"
43,20,3,"ش ي ا"
43,20,4,"ر ح م"
43,20,6,"ع ب د"
43,20,11,"ع ل م"
43,20,14,"إِلَّا"
43,20,15,"خ ر ص"
43,21,1,"أَم"
43,21,2,"ا ت ي"
43,21,3,"ك ت ب"
43,21,5,"ق ب ل"
43,21,8,"م س ك"
43,22,2,"ق و ل"
43,22,4,"و ج د"
43,22,5,"ا ب و"
43,22,7,"ا م م"
43,22,10,"ا ث ر"
43,22,11,"ه د ي"
43,23,3,"ر س ل"
43,23,5,"ق ب ل"
43,23,7,"ق ر ي"
43,23,9,"ن ذ ر"
43,23,10,"إِلَّا"
43,23,11,"ق و ل"
43,23,12,"ت ر ف"
43,23,14,"و ج د"
43,23,15,"ا ب و"
43,23,17,"ا م م"
43,23,20,"ا ث ر"
43,23,21,"ق د و"
43,24,1,"ق و ل"
43,24,3,"ج ي ا"
43,24,4,"ه د ي"
43,24,6,"و ج د"
43,24,8,"ا ب و"
43,24,9,"ق و ل"
43,24,12,"ر س ل"
43,24,14,"ك ف ر"
43,25,1,"ن ق م"
43,25,3,"ن ظ ر"
43,25,4,"ك ي ف"
43,25,5,"ك و ن"
43,25,6,"ع ق ب"
43,25,7,"ك ذ ب"
43,26,1,"إِذ"
43,26,2,"ق و ل"
43,26,3,"إِبْرَاهِيم"
43,26,4,"ا ب و"
43,26,5,"ق و م"
43,26,7,"ب ر ا"
43,26,9,"ع ب د"
43,27,1,"إِلَّا"
43,27,2,"ٱلَّذِى"
43,27,3,"ف ط ر"
43,27,5,"ه د ي"
43,28,1,"ج ع ل"
43,28,2,"ك ل م"
43,28,3,"ب ق ي"
43,28,5,"ع ق ب"
43,28,7,"ر ج ع"
43,29,2,"م ت ع"
43,29,4,"ا ب و"
43,29,6,"ج ي ا"
43,29,7,"ح ق ق"
43,29,8,"ر س ل"
43,29,9,"ب ي ن"
43,30,2,"ج ي ا"
43,30,3,"ح ق ق"
43,30,4,"ق و ل"
43,30,6,"س ح ر"
43,30,9,"ك ف ر"
43,31,1,"ق و ل"
43,31,3,"ن ز ل"
43,31,5,"ق ر ا"
43,31,7,"ر ج ل"
43,31,9,"ق ر ي"
43,31,10,"ع ظ م"
43,32,2,"ق س م"
43,32,3,"ر ح م"
43,32,4,"ر ب ب"
43,32,6,"ق س م"
43,32,7,"ب ي ن"
43,32,8,"ع ي ش"
43,32,10,"ح ي ي"
43,32,11,"د ن و"
43,32,12,"ر ف ع"
43,32,13,"ب ع ض"
43,32,14,"ف و ق"
43,32,15,"ب ع ض"
43,32,16,"د ر ج"
43,32,17,"ا خ ذ"
43,32,18,"ب ع ض"
43,32,19,"ب ع ض"
43,32,20,"س خ ر"
43,32,21,"ر ح م"
43,32,22,"ر ب ب"
43,32,23,"خ ي ر"
43,32,25,"ج م ع"
43,33,3,"ك و ن"
43,33,4,"ن و س"
43,33,5,"ا م م"
43,33,6,"و ح د"
43,33,7,"ج ع ل"
43,33,9,"ك ف ر"
43,33,10,"ر ح م"
43,33,11,"ب ي ت"
43,33,12,"س ق ف"
43,33,14,"ف ض ض"
43,33,15,"ع ر ج"
43,33,17,"ظ ه ر"
43,34,1,"ب ي ت"
43,34,2,"ب و ب"
43,34,3,"س ر ر"
43,34,5,"و ك ا"
43,35,1,"ز خ ر ف"
43,35,3,"ك ل ل"
43,35,6,"م ت ع"
43,35,7,"ح ي ي"
43,35,8,"د ن و"
43,35,9,"ا خ ر"
43,35,10,"ع ن د"
43,35,11,"ر ب ب"
43,35,12,"و ق ي"
43,36,2,"ع ش و"
43,36,4,"ذ ك ر"
43,36,5,"ر ح م"
43,36,6,"ق ي ض"
43,36,8,"ش ط ن"
43,36,11,"ق ر ن"
43,37,2,"ص د د"
43,37,4,"س ب ل"
43,37,5,"ح س ب"
43,37,7,"ه د ي"
43,38,2,"إِذَا"
43,38,3,"ج ي ا"
43,38,4,"ق و ل"
43,38,6,"ب ي ن"
43,38,7,"ب ي ن"
43,38,8,"ب ع د"
43,38,9,"ش ر ق"
43,38,10,"ب ا س"
43,38,11,"ق ر ن"
43,39,2,"ن ف ع"
43,39,3,"ي و م"
43,39,4,"إِذ"
43,39,5,"ظ ل م"
43,39,8,"ع ذ ب"
43,39,9,"ش ر ك"
43,40,2,"س م ع"
43,40,3,"ص م م"
43,40,5,"ه د ي"
43,40,6,"ع م ي"
43,40,8,"ك و ن"
43,40,10,"ض ل ل"
43,40,11,"ب ي ن"
43,41,1,"إِمَّا"
43,41,2,"ذ ه ب"
43,41,6,"ن ق م"
43,42,2,"ر ا ي"
43,42,3,"ٱلَّذِى"
43,42,4,"و ع د"
43,42,7,"ق د ر"
43,43,1,"م س ك"
43,43,2,"ٱلَّذِى"
43,43,3,"و ح ي"
43,43,4,"إِلَىٰ"
43,43,7,"ص ر ط"
43,43,8,"ق و م"
43,44,2,"ذ ك ر"
43,44,4,"ق و م"
43,44,6,"س ا ل"
43,45,1,"س ا ل"
43,45,3,"ر س ل"
43,45,5,"ق ب ل"
43,45,7,"ر س ل"
43,45,8,"ج ع ل"
43,45,10,"د و ن"
43,45,11,"ر ح م"
43,45,12,"ا ل ه"
43,45,13,"ع ب د"
43,46,2,"ر س ل"
43,46,4,"ا ي ي"
43,46,5,"إِلَىٰ"
43,46,7,"م ل ا"
43,46,8,"ق و ل"
43,46,10,"ر س ل"
43,46,11,"ر ب ب"
43,46,12,"ع ل م"
43,47,2,"ج ي ا"
43,47,3,"ا ي ي"
43,47,4,"إِذَا"
43,47,7,"ض ح ك"
43,48,2,"ر ا ي"
43,48,4,"ا ي ي"
43,48,5,"إِلَّا"
43,48,7,"ك ب ر"
43,48,9,"ا خ و"
43,48,10,"ا خ ذ"
43,48,11,"ع ذ ب"
43,48,13,"ر ج ع"
43,49,1,"ق و ل"
43,49,3,"س ح ر"
43,49,4,"د ع و"
43,49,6,"ر ب ب"
43,49,8,"ع ه د"
43,49,9,"ع ن د"
43,49,11,"ه د ي"
43,50,2,"ك ش ف"
43,50,4,"ع ذ ب"
43,50,5,"إِذَا"
43,50,7,"ن ك ث"
43,51,1,"ن د و"
43,51,4,"ق و م"
43,51,5,"ق و ل"
43,51,6,"ق و م"
43,51,7,"ل ي س"
43,51,9,"م ل ك"
43,51,10,"م ص ر"
43,51,12,"ن ه ر"
43,51,13,"ج ر ي"
43,51,15,"ت ح ت"
43,51,17,"ب ص ر"
43,52,1,"أَم"
43,52,3,"خ ي ر"
43,52,6,"ٱلَّذِى"
43,52,8,"م ه ن"
43,52,10,"ك و د"
43,52,11,"ب ي ن"
43,53,2,"ل ق ي"
43,53,4,"س و ر"
43,53,6,"ذ ه ب"
43,53,8,"ج ي ا"
43,53,10,"م ل ك"
43,53,11,"ق ر ن"
43,54,1,"خ ف ف"
43,54,2,"ق و م"
43,54,3,"ط و ع"
43,54,5,"ك و ن"
43,54,6,"ق و م"
43,54,7,"ف س ق"
43,55,2,"ا س ف"
43,55,3,"ن ق م"
43,55,5,"غ ر ق"
43,55,6,"ج م ع"
43,56,1,"ج ع ل"
43,56,2,"س ل ف"
43,56,3,"م ث ل"
43,56,4,"ا خ ر"
43,57,2,"ض ر ب"
43,57,3,"ب ن ي"
43,57,5,"م ث ل"
43,57,6,"إِذَا"
43,57,7,"ق و م"
43,57,9,"ص د د"
43,58,1,"ق و ل"
43,58,2,"ا ل ه"
43,58,3,"خ ي ر"
43,58,4,"أَم"
43,58,7,"ض ر ب"
43,58,9,"إِلَّا"
43,58,10,"ج د ل"
43,58,13,"ق و م"
43,58,14,"خ ص م"
43,59,3,"إِلَّا"
43,59,4,"ع ب د"
43,59,5,"ن ع م"
43,59,7,"ج ع ل"
43,59,8,"م ث ل"
43,59,9,"ب ن ي"
43,59,10,"إِسْرَائِيل"
43,60,2,"ش ي ا"
43,60,3,"ج ع ل"
43,60,5,"م ل ك"
43,60,7,"ا ر ض"
43,60,8,"خ ل ف"
43,61,2,"ع ل م"
43,61,3,"س و ع"
43,61,5,"م ر ي"
43,61,7,"ت ب ع"
43,61,9,"ص ر ط"
43,61,10,"ق و م"
43,62,2,"ص د د"
43,62,3,"ش ط ن"
43,62,6,"ع د و"
43,62,7,"ب ي ن"
43,63,2,"ج ي ا"
43,63,4,"ب ي ن"
43,63,5,"ق و ل"
43,63,7,"ج ي ا"
43,63,8,"ح ك م"
43,63,9,"ب ي ن"
43,63,11,"ب ع ض"
43,63,12,"ٱلَّذِى"
43,63,13,"خ ل ف"
43,63,15,"و ق ي"
43,63,16,"ا ل ه"
43,63,17,"ط و ع"
43,64,2,"ا ل ه"
43,64,4,"ر ب ب"
43,64,5,"ر ب ب"
43,64,6,"ع ب د"
43,64,8,"ص ر ط"
43,64,9,"ق و م"
43,65,1,"خ ل ف"
43,65,2,"ح ز ب"
43,65,4,"ب ي ن"
43,65,6,"ٱلَّذِى"
43,65,7,"ظ ل م"
43,65,9,"ع ذ ب"
43,65,10,"ي و م"
43,65,11,"ا ل م"
43,66,2,"ن ظ ر"
43,66,3,"إِلَّا"
43,66,4,"س و ع"
43,66,6,"ا ت ي"
43,66,7,"ب غ ت"
43,66,10,"ش ع ر"
43,67,1,"خ ل ل"
43,67,3,"ب ع ض"
43,67,4,"ب ع ض"
43,67,5,"ع د و"
43,67,6,"إِلَّا"
43,67,7,"و ق ي"
43,68,1,"ع ب د"
43,68,3,"خ و ف"
43,68,5,"ي و م"
43,68,8,"ح ز ن"
43,69,1,"ٱلَّذِى"
43,69,2,"ا م ن"
43,69,3,"ا ي ي"
43,69,4,"ك و ن"
43,69,5,"س ل م"
43,70,1,"د خ ل"
43,70,2,"ج ن ن"
43,70,4,"ز و ج"
43,70,5,"ح ب ر"
43,71,1,"ط و ف"
43,71,3,"ص ح ف"
43,71,5,"ذ ه ب"
43,71,6,"ك و ب"
43,71,9,"ش ه و"
43,71,10,"ن ف س"
43,71,11,"ل ذ ذ"
43,71,12,"ع ي ن"
43,71,15,"خ ل د"
43,72,2,"ج ن ن"
43,72,3,"ٱلَّذِى"
43,72,4,"و ر ث"
43,72,6,"ك و ن"
43,72,7,"ع م ل"
43,73,3,"ف ك ه"
43,73,4,"ك ث ر"
43,73,6,"ا ك ل"
43,74,2,"ج ر م"
43,74,4,"ع ذ ب"
43,74,6,"خ ل د"
43,75,2,"ف ت ر"
43,75,6,"ب ل س"
43,76,2,"ظ ل م"
43,76,4,"ك و ن"
43,76,6,"ظ ل م"
43,77,1,"ن د و"
43,77,2,"م ل ك"
43,77,3,"ق ض ي"
43,77,5,"ر ب ب"
43,77,6,"ق و ل"
43,77,8,"م ك ث"
43,78,2,"ج ي ا"
43,78,3,"ح ق ق"
43,78,5,"ك ث ر"
43,78,6,"ح ق ق"
43,78,7,"ك ر ه"
43,79,1,"أَم"
43,79,2,"ب ر م"
43,79,3,"ا م ر"
43,79,5,"ب ر م"
43,80,1,"أَم"
43,80,2,"ح س ب"
43,80,5,"س م ع"
43,80,6,"س ر ر"
43,80,7,"ن ج و"
43,80,9,"ر س ل"
43,80,11,"ك ت ب"
43,81,1,"ق و ل"
43,81,3,"ك و ن"
43,81,4,"ر ح م"
43,81,5,"و ل د"
43,81,7,"ا و ل"
43,81,8,"ع ب د"
43,82,1,"س ب ح"
43,82,2,"ر ب ب"
43,82,3,"س م و"
43,82,4,"ا ر ض"
43,82,5,"ر ب ب"
43,82,6,"ع ر ش"
43,82,8,"و ص ف"
43,83,1,"و ذ ر"
43,83,2,"خ و ض"
43,83,3,"ل ع ب"
43,83,5,"ل ق ي"
43,83,6,"ي و م"
43,83,7,"ٱلَّذِى"
43,83,8,"و ع د"
43,84,2,"ٱلَّذِى"
43,84,4,"س م و"
43,84,5,"ا ل ه"
43,84,7,"ا ر ض"
43,84,8,"ا ل ه"
43,84,10,"ح ك م"
43,84,11,"ع ل م"
43,85,1,"ب ر ك"
43,85,2,"ٱلَّذِى"
43,85,4,"م ل ك"
43,85,5,"س م و"
43,85,6,"ا ر ض"
43,85,8,"ب ي ن"
43,85,9,"ع ن د"
43,85,10,"ع ل م"
43,85,11,"س و ع"
43,85,12,"إِلَىٰ"
43,85,13,"ر ج ع"
43,86,2,"م ل ك"
43,86,3,"ٱلَّذِى"
43,86,4,"د ع و"
43,86,6,"د و ن"
43,86,7,"ش ف ع"
43,86,8,"إِلَّا"
43,86,10,"ش ه د"
43,86,11,"ح ق ق"
43,86,13,"ع ل م"
43,87,2,"س ا ل"
43,87,4,"خ ل ق"
43,87,5,"ق و ل"
43,87,6,"ا ل ه"
43,87,7,"ا ن ي"
43,87,8,"ا ف ك"
43,88,1,"ق و ل"
43,88,2,"ر ب ب"
43,88,5,"ق و م"
43,88,7,"ا م ن"
43,89,1,"ص ف ح"
43,89,3,"ق و ل"
43,89,4,"س ل م"
43,89,6,"ع ل م"
44,2,1,"ك ت ب"
44,2,2,"ب ي ن"
44,3,2,"ن ز ل"
44,3,4,"ل ي ل"
44,3,5,"ب ر ك"
44,3,7,"ك و ن"
44,3,8,"ن ذ ر"
44,4,2,"ف ر ق"
44,4,3,"ك ل ل"
44,4,4,"ا م ر"
44,4,5,"ح ك م"
44,5,1,"ا م ر"
44,5,3,"ع ن د"
44,5,5,"ك و ن"
44,5,6,"ر س ل"
44,6,1,"ر ح م"
44,6,3,"ر ب ب"
44,6,6,"س م ع"
44,6,7,"ع ل م"
44,7,1,"ر ب ب"
44,7,2,"س م و"
44,7,3,"ا ر ض"
44,7,5,"ب ي ن"
44,7,7,"ك و ن"
44,7,8,"ي ق ن"
44,8,2,"ا ل ه"
44,8,3,"إِلَّا"
44,8,5,"ح ي ي"
44,8,6,"م و ت"
44,8,7,"ر ب ب"
44,8,8,"ر ب ب"
44,8,9,"ا ب و"
44,8,10,"ا و ل"
44,9,4,"ش ك ك"
44,9,5,"ل ع ب"
44,10,1,"ر ق ب"
44,10,2,"ي و م"
44,10,3,"ا ت ي"
44,10,4,"س م و"
44,10,5,"د خ ن"
44,10,6,"ب ي ن"
44,11,1,"غ ش و"
44,11,2,"ن و س"
44,11,4,"ع ذ ب"
44,11,5,"ا ل م"
44,12,1,"ر ب ب"
44,12,2,"ك ش ف"
44,12,4,"ع ذ ب"
44,12,6,"ا م ن"
44,13,1,"ا ن ي"
44,13,3,"ذ ك ر"
44,13,5,"ج ي ا"
44,13,6,"ر س ل"
44,13,7,"ب ي ن"
44,14,2,"و ل ي"
44,14,4,"ق و ل"
44,14,5,"ع ل م"
44,14,6,"ج ن ن"
44,15,2,"ك ش ف"
44,15,3,"ع ذ ب"
44,15,4,"ق ل ل"
44,15,6,"ع و د"
44,16,1,"ي و م"
44,16,2,"ب ط ش"
44,16,3,"ب ط ش"
44,16,4,"ك ب ر"
44,16,6,"ن ق م"
44,17,2,"ف ت ن"
44,17,3,"ق ب ل"
44,17,4,"ق و م"
44,17,6,"ج ي ا"
44,17,7,"ر س ل"
44,17,8,"ك ر م"
44,18,2,"ا د ي"
44,18,3,"إِلَىٰ"
44,18,4,"ع ب د"
44,18,5,"ا ل ه"
44,18,8,"ر س ل"
44,18,9,"ا م ن"
44,19,3,"ع ل و"
44,19,5,"ا ل ه"
44,19,7,"ا ت ي"
44,19,8,"س ل ط"
44,19,9,"ب ي ن"
44,20,2,"ع و ذ"
44,20,3,"ر ب ب"
44,20,4,"ر ب ب"
44,20,6,"ر ج م"
44,21,3,"ا م ن"
44,21,5,"ع ز ل"
44,22,1,"د ع و"
44,22,2,"ر ب ب"
44,22,5,"ق و م"
44,22,6,"ج ر م"
44,23,1,"س ر ي"
44,23,2,"ع ب د"
44,23,3,"ل ي ل"
44,23,5,"ت ب ع"
44,24,1,"ت ر ك"
44,24,2,"ب ح ر"
44,24,3,"ر ه و"
44,24,5,"ج ن د"
44,24,6,"غ ر ق"
44,25,2,"ت ر ك"
44,25,4,"ج ن ن"
44,25,5,"ع ي ن"
44,26,1,"ز ر ع"
44,26,2,"ق و م"
44,26,3,"ك ر م"
44,27,1,"ن ع م"
44,27,2,"ك و ن"
44,27,4,"ف ك ه"
44,28,2,"و ر ث"
44,28,3,"ق و م"
44,28,4,"ا خ ر"
44,29,2,"ب ك ي"
44,29,4,"س م و"
44,29,5,"ا ر ض"
44,29,7,"ك و ن"
44,29,8,"ن ظ ر"
44,30,2,"ن ج و"
44,30,3,"ب ن ي"
44,30,4,"إِسْرَائِيل"
44,30,6,"ع ذ ب"
44,30,7,"ه و ن"
44,31,4,"ك و ن"
44,31,5,"ع ل و"
44,31,7,"س ر ف"
44,32,2,"خ ي ر"
44,32,4,"ع ل م"
44,32,6,"ع ل م"
44,33,1,"ا ت ي"
44,33,3,"ا ي ي"
44,33,6,"ب ل و"
44,33,7,"ب ي ن"
44,34,3,"ق و ل"
44,35,3,"إِلَّا"
44,35,4,"م و ت"
44,35,5,"ا و ل"
44,35,8,"ن ش ر"
44,36,1,"ا ت ي"
44,36,2,"ا ب و"
44,36,4,"ك و ن"
44,36,5,"ص د ق"
44,37,2,"خ ي ر"
44,37,3,"أَم"
44,37,4,"ق و م"
44,37,6,"ٱلَّذِى"
44,37,8,"ق ب ل"
44,37,9,"ه ل ك"
44,37,11,"ك و ن"
44,37,12,"ج ر م"
44,38,2,"خ ل ق"
44,38,3,"س م و"
44,38,4,"ا ر ض"
44,38,6,"ب ي ن"
44,38,7,"ل ع ب"
44,39,2,"خ ل ق"
44,39,3,"إِلَّا"
44,39,4,"ح ق ق"
44,39,6,"ك ث ر"
44,39,8,"ع ل م"
44,40,2,"ي و م"
44,40,3,"ف ص ل"
44,40,4,"و ق ت"
44,40,5,"ج م ع"
44,41,1,"ي و م"
44,41,3,"غ ن ي"
44,41,4,"و ل ي"
44,41,6,"و ل ي"
44,41,7,"ش ي ا"
44,41,10,"ن ص ر"
44,42,1,"إِلَّا"
44,42,3,"ر ح م"
44,42,4,"ا ل ه"
44,42,7,"ع ز ز"
44,42,8,"ر ح م"
44,43,2,"ش ج ر"
44,43,3,"ز ق م"
44,44,1,"ط ع م"
44,44,2,"ا ث م"
44,45,1,"م ه ل"
44,45,2,"غ ل ي"
44,45,4,"ب ط ن"
44,46,1,"غ ل ي"
44,46,2,"ح م م"
44,47,1,"ا خ ذ"
44,47,2,"ع ت ل"
44,47,3,"إِلَىٰ"
44,47,4,"س و ي"
44,47,5,"ج ح م"
44,48,2,"ص ب ب"
44,48,3,"ف و ق"
44,48,4,"ر ا س"
44,48,6,"ع ذ ب"
44,48,7,"ح م م"
44,49,1,"ذ و ق"
44,49,4,"ع ز ز"
44,49,5,"ك ر م"
44,50,4,"ك و ن"
44,50,6,"م ر ي"
44,51,2,"و ق ي"
44,51,4,"ق و م"
44,51,5,"ا م ن"
44,52,2,"ج ن ن"
44,52,3,"ع ي ن"
44,53,1,"ل ب س"
44,53,4,"إِسْتَبْرَق"
44,53,5,"ق ب ل"
44,54,2,"ز و ج"
44,54,3,"ح و ر"
44,54,4,"ع ي ن"
44,55,1,"د ع و"
44,55,3,"ك ل ل"
44,55,4,"ف ك ه"
44,55,5,"ا م ن"
44,56,2,"ذ و ق"
44,56,4,"م و ت"
44,56,5,"إِلَّا"
44,56,6,"م و ت"
44,56,7,"ا و ل"
44,56,8,"و ق ي"
44,56,9,"ع ذ ب"
44,56,10,"ج ح م"
44,57,1,"ف ض ل"
44,57,3,"ر ب ب"
44,57,6,"ف و ز"
44,57,7,"ع ظ م"
44,58,2,"ي س ر"
44,58,3,"ل س ن"
44,58,5,"ذ ك ر"
44,59,1,"ر ق ب"
44,59,3,"ر ق ب"
45,2,1,"ن ز ل"
45,2,2,"ك ت ب"
45,2,4,"ا ل ه"
45,2,5,"ع ز ز"
45,2,6,"ح ك م"
45,3,3,"س م و"
45,3,4,"ا ر ض"
45,3,5,"ا ي ي"
45,3,6,"ا م ن"
45,4,2,"خ ل ق"
45,4,4,"ب ث ث"
45,4,6,"د ب ب"
45,4,7,"ا ي ي"
45,4,8,"ق و م"
45,4,9,"ي ق ن"
45,5,1,"خ ل ف"
45,5,2,"ل ي ل"
45,5,3,"ن ه ر"
45,5,5,"ن ز ل"
45,5,6,"ا ل ه"
45,5,8,"س م و"
45,5,10,"ر ز ق"
45,5,11,"ح ي ي"
45,5,13,"ا ر ض"
45,5,14,"ب ع د"
45,5,15,"م و ت"
45,5,16,"ص ر ف"
45,5,17,"ر و ح"
45,5,18,"ا ي ي"
45,5,19,"ق و م"
45,5,20,"ع ق ل"
45,6,2,"ا ي ي"
45,6,3,"ا ل ه"
45,6,4,"ت ل و"
45,6,6,"ح ق ق"
45,6,8,"ح د ث"
45,6,9,"ب ع د"
45,6,10,"ا ل ه"
45,6,11,"ا ي ي"
45,6,12,"ا م ن"
45,7,2,"ك ل ل"
45,7,3,"ا ف ك"
45,7,4,"ا ث م"
45,8,1,"س م ع"
45,8,2,"ا ي ي"
45,8,3,"ا ل ه"
45,8,4,"ت ل و"
45,8,7,"ص ر ر"
45,8,8,"ك ب ر"
45,8,11,"س م ع"
45,8,12,"ب ش ر"
45,8,13,"ع ذ ب"
45,8,14,"ا ل م"
45,9,1,"إِذَا"
45,9,2,"ع ل م"
45,9,4,"ا ي ي"
45,9,5,"ش ي ا"
45,9,6,"ا خ ذ"
45,9,7,"ه ز ا"
45,9,10,"ع ذ ب"
45,9,11,"ه و ن"
45,10,2,"و ر ي"
45,10,5,"غ ن ي"
45,10,8,"ك س ب"
45,10,9,"ش ي ا"
45,10,12,"ا خ ذ"
45,10,14,"د و ن"
45,10,15,"ا ل ه"
45,10,16,"و ل ي"
45,10,18,"ع ذ ب"
45,10,19,"ع ظ م"
45,11,2,"ه د ي"
45,11,3,"ٱلَّذِى"
45,11,4,"ك ف ر"
45,11,5,"ا ي ي"
45,11,6,"ر ب ب"
45,11,8,"ع ذ ب"
45,11,10,"ر ج ز"
45,11,11,"ا ل م"
45,12,1,"ا ل ه"
45,12,2,"ٱلَّذِى"
45,12,3,"س خ ر"
45,12,5,"ب ح ر"
45,12,6,"ج ر ي"
45,12,7,"ف ل ك"
45,12,9,"ا م ر"
45,12,10,"ب غ ي"
45,12,12,"ف ض ل"
45,12,14,"ش ك ر"
45,13,1,"س خ ر"
45,13,5,"س م و"
45,13,8,"ا ر ض"
45,13,9,"ج م ع"
45,13,14,"ا ي ي"
45,13,15,"ق و م"
45,13,16,"ف ك ر"
45,14,1,"ق و ل"
45,14,2,"ٱلَّذِى"
45,14,3,"ا م ن"
45,14,4,"غ ف ر"
45,14,5,"ٱلَّذِى"
45,14,7,"ر ج و"
45,14,8,"ي و م"
45,14,9,"ا ل ه"
45,14,10,"ج ز ي"
45,14,11,"ق و م"
45,14,13,"ك و ن"
45,14,14,"ك س ب"
45,15,2,"ع م ل"
45,15,3,"ص ل ح"
45,15,4,"ن ف س"
45,15,6,"س و ا"
45,15,9,"إِلَىٰ"
45,15,10,"ر ب ب"
45,15,11,"ر ج ع"
45,16,2,"ا ت ي"
45,16,3,"ب ن ي"
45,16,4,"إِسْرَائِيل"
45,16,5,"ك ت ب"
45,16,6,"ح ك م"
45,16,7,"ن ب ا"
45,16,8,"ر ز ق"
45,16,10,"ط ي ب"
45,16,11,"ف ض ل"
45,16,13,"ع ل م"
45,17,1,"ا ت ي"
45,17,2,"ب ي ن"
45,17,4,"ا م ر"
45,17,6,"خ ل ف"
45,17,7,"إِلَّا"
45,17,9,"ب ع د"
45,17,11,"ج ي ا"
45,17,12,"ع ل م"
45,17,13,"ب غ ي"
45,17,14,"ب ي ن"
45,17,16,"ر ب ب"
45,17,17,"ق ض ي"
45,17,18,"ب ي ن"
45,17,19,"ي و م"
45,17,20,"ق و م"
45,17,22,"ك و ن"
45,17,24,"خ ل ف"
45,18,2,"ج ع ل"
45,18,4,"ش ر ع"
45,18,6,"ا م ر"
45,18,7,"ت ب ع"
45,18,9,"ت ب ع"
45,18,10,"ه و ي"
45,18,11,"ٱلَّذِى"
45,18,13,"ع ل م"
45,19,3,"غ ن ي"
45,19,6,"ا ل ه"
45,19,7,"ش ي ا"
45,19,9,"ظ ل م"
45,19,10,"ب ع ض"
45,19,11,"و ل ي"
45,19,12,"ب ع ض"
45,19,13,"ا ل ه"
45,19,14,"و ل ي"
45,19,15,"و ق ي"
45,20,2,"ب ص ر"
45,20,3,"ن و س"
45,20,4,"ه د ي"
45,20,5,"ر ح م"
45,20,6,"ق و م"
45,20,7,"ي ق ن"
45,21,1,"أَم"
45,21,2,"ح س ب"
45,21,3,"ٱلَّذِى"
45,21,4,"ج ر ح"
45,21,5,"س و ا"
45,21,7,"ج ع ل"
45,21,8,"ٱلَّذِى"
45,21,9,"ا م ن"
45,21,10,"ع م ل"
45,21,11,"ص ل ح"
45,21,12,"س و ي"
45,21,13,"ح ي ي"
45,21,14,"م و ت"
45,21,15,"س و ا"
45,21,17,"ح ك م"
45,22,1,"خ ل ق"
45,22,2,"ا ل ه"
45,22,3,"س م و"
45,22,4,"ا ر ض"
45,22,5,"ح ق ق"
45,22,6,"ج ز ي"
45,22,7,"ك ل ل"
45,22,8,"ن ف س"
45,22,10,"ك س ب"
45,22,13,"ظ ل م"
45,23,1,"ر ا ي"
45,23,3,"ا خ ذ"
45,23,4,"ا ل ه"
45,23,5,"ه و ي"
45,23,6,"ض ل ل"
45,23,7,"ا ل ه"
45,23,9,"ع ل م"
45,23,10,"خ ت م"
45,23,12,"س م ع"
45,23,13,"ق ل ب"
45,23,14,"ج ع ل"
45,23,16,"ب ص ر"
45,23,17,"غ ش و"
45,23,19,"ه د ي"
45,23,21,"ب ع د"
45,23,22,"ا ل ه"
45,23,24,"ذ ك ر"
45,24,1,"ق و ل"
45,24,4,"إِلَّا"
45,24,5,"ح ي ي"
45,24,6,"د ن و"
45,24,7,"م و ت"
45,24,8,"ح ي ي"
45,24,10,"ه ل ك"
45,24,11,"إِلَّا"
45,24,12,"د ه ر"
45,24,17,"ع ل م"
45,24,20,"إِلَّا"
45,24,21,"ظ ن ن"
45,25,1,"إِذَا"
45,25,2,"ت ل و"
45,25,4,"ا ي ي"
45,25,5,"ب ي ن"
45,25,7,"ك و ن"
45,25,8,"ح ج ج"
45,25,9,"إِلَّا"
45,25,11,"ق و ل"
45,25,12,"ا ت ي"
45,25,13,"ا ب و"
45,25,15,"ك و ن"
45,25,16,"ص د ق"
45,26,1,"ق و ل"
45,26,2,"ا ل ه"
45,26,3,"ح ي ي"
45,26,5,"م و ت"
45,26,7,"ج م ع"
45,26,8,"إِلَىٰ"
45,26,9,"ي و م"
45,26,10,"ق و م"
45,26,12,"ر ي ب"
45,26,15,"ك ث ر"
45,26,16,"ن و س"
45,26,18,"ع ل م"
45,27,1,"ا ل ه"
45,27,2,"م ل ك"
45,27,3,"س م و"
45,27,4,"ا ر ض"
45,27,5,"ي و م"
45,27,6,"ق و م"
45,27,7,"س و ع"
45,27,9,"خ س ر"
45,27,10,"ب ط ل"
45,28,1,"ر ا ي"
45,28,2,"ك ل ل"
45,28,3,"ا م م"
45,28,4,"ج ث و"
45,28,5,"ك ل ل"
45,28,6,"ا م م"
45,28,7,"د ع و"
45,28,8,"إِلَىٰ"
45,28,9,"ك ت ب"
45,28,10,"ي و م"
45,28,11,"ج ز ي"
45,28,13,"ك و ن"
45,28,14,"ع م ل"
45,29,2,"ك ت ب"
45,29,3,"ن ط ق"
45,29,5,"ح ق ق"
45,29,7,"ك و ن"
45,29,8,"ن س خ"
45,29,10,"ك و ن"
45,29,11,"ع م ل"
45,30,1,"أَمَّا"
45,30,2,"ٱلَّذِى"
45,30,3,"ا م ن"
45,30,4,"ع م ل"
45,30,5,"ص ل ح"
45,30,6,"د خ ل"
45,30,7,"ر ب ب"
45,30,9,"ر ح م"
45,30,12,"ف و ز"
45,30,13,"ب ي ن"
45,31,1,"أَمَّا"
45,31,2,"ٱلَّذِى"
45,31,3,"ك ف ر"
45,31,5,"ك و ن"
45,31,6,"ا ي ي"
45,31,7,"ت ل و"
45,31,9,"ك ب ر"
45,31,10,"ك و ن"
45,31,11,"ق و م"
45,31,12,"ج ر م"
45,32,1,"إِذَا"
45,32,2,"ق و ل"
45,32,4,"و ع د"
45,32,5,"ا ل ه"
45,32,6,"ح ق ق"
45,32,7,"س و ع"
45,32,9,"ر ي ب"
45,32,11,"ق و ل"
45,32,13,"د ر ي"
45,32,15,"س و ع"
45,32,17,"ظ ن ن"
45,32,18,"إِلَّا"
45,32,19,"ظ ن ن"
45,32,22,"ي ق ن"
45,33,1,"ب د و"
45,33,3,"س و ا"
45,33,5,"ع م ل"
45,33,6,"ح ي ق"
45,33,9,"ك و ن"
45,33,11,"ه ز ا"
45,34,1,"ق و ل"
45,34,2,"ي و م"
45,34,3,"ن س ي"
45,34,5,"ن س ي"
45,34,6,"ل ق ي"
45,34,7,"ي و م"
45,34,9,"ا و ي"
45,34,10,"ن و ر"
45,34,14,"ن ص ر"
45,35,3,"ا خ ذ"
45,35,4,"ا ي ي"
45,35,5,"ا ل ه"
45,35,6,"ه ز ا"
45,35,7,"غ ر ر"
45,35,8,"ح ي ي"
45,35,9,"د ن و"
45,35,10,"ي و م"
45,35,12,"خ ر ج"
45,35,16,"ع ت ب"
45,36,1,"ا ل ه"
45,36,2,"ح م د"
45,36,3,"ر ب ب"
45,36,4,"س م و"
45,36,5,"ر ب ب"
45,36,6,"ا ر ض"
45,36,7,"ر ب ب"
45,36,8,"ع ل م"
45,37,2,"ك ب ر"
45,37,4,"س م و"
45,37,5,"ا ر ض"
45,37,7,"ع ز ز"
45,37,8,"ح ك م"
46,2,1,"ن ز ل"
46,2,2,"ك ت ب"
46,2,4,"ا ل ه"
46,2,5,"ع ز ز"
46,2,6,"ح ك م"
46,3,2,"خ ل ق"
46,3,3,"س م و"
46,3,4,"ا ر ض"
46,3,6,"ب ي ن"
46,3,7,"إِلَّا"
46,3,8,"ح ق ق"
46,3,9,"ا ج ل"
46,3,10,"س م و"
46,3,11,"ٱلَّذِى"
46,3,12,"ك ف ر"
46,3,14,"ن ذ ر"
46,3,15,"ع ر ض"
46,4,1,"ق و ل"
46,4,2,"ر ا ي"
46,4,4,"د ع و"
46,4,6,"د و ن"
46,4,7,"ا ل ه"
46,4,8,"ر ا ي"
46,4,10,"خ ل ق"
46,4,12,"ا ر ض"
46,4,13,"أَم"
46,4,15,"ش ر ك"
46,4,17,"س م و"
46,4,18,"ا ت ي"
46,4,19,"ك ت ب"
46,4,21,"ق ب ل"
46,4,24,"ا ث ر"
46,4,26,"ع ل م"
46,4,28,"ك و ن"
46,4,29,"ص د ق"
46,5,2,"ض ل ل"
46,5,4,"د ع و"
46,5,6,"د و ن"
46,5,7,"ا ل ه"
46,5,10,"ج و ب"
46,5,12,"إِلَىٰ"
46,5,13,"ي و م"
46,5,14,"ق و م"
46,5,17,"د ع و"
46,5,18,"غ ف ل"
46,6,1,"إِذَا"
46,6,2,"ح ش ر"
46,6,3,"ن و س"
46,6,4,"ك و ن"
46,6,6,"ع د و"
46,6,7,"ك و ن"
46,6,8,"ع ب د"
46,6,9,"ك ف ر"
46,7,1,"إِذَا"
46,7,2,"ت ل و"
46,7,4,"ا ي ي"
46,7,5,"ب ي ن"
46,7,6,"ق و ل"
46,7,7,"ٱلَّذِى"
46,7,8,"ك ف ر"
46,7,9,"ح ق ق"
46,7,11,"ج ي ا"
46,7,13,"س ح ر"
46,7,14,"ب ي ن"
46,8,1,"أَم"
46,8,2,"ق و ل"
46,8,3,"ف ر ي"
46,8,4,"ق و ل"
46,8,6,"ف ر ي"
46,8,8,"م ل ك"
46,8,11,"ا ل ه"
46,8,12,"ش ي ا"
46,8,14,"ع ل م"
46,8,16,"ف ي ض"
46,8,18,"ك ف ي"
46,8,20,"ش ه د"
46,8,21,"ب ي ن"
46,8,22,"ب ي ن"
46,8,24,"غ ف ر"
46,8,25,"ر ح م"
46,9,1,"ق و ل"
46,9,3,"ك و ن"
46,9,4,"ب د ع"
46,9,6,"ر س ل"
46,9,8,"د ر ي"
46,9,10,"ف ع ل"
46,9,15,"ت ب ع"
46,9,16,"إِلَّا"
46,9,18,"و ح ي"
46,9,19,"إِلَىٰ"
46,9,22,"إِلَّا"
46,9,23,"ن ذ ر"
46,9,24,"ب ي ن"
46,10,1,"ق و ل"
46,10,2,"ر ا ي"
46,10,4,"ك و ن"
46,10,6,"ع ن د"
46,10,7,"ا ل ه"
46,10,8,"ك ف ر"
46,10,10,"ش ه د"
46,10,11,"ش ه د"
46,10,13,"ب ن ي"
46,10,14,"إِسْرَائِيل"
46,10,16,"م ث ل"
46,10,17,"ا م ن"
46,10,18,"ك ب ر"
46,10,20,"ا ل ه"
46,10,22,"ه د ي"
46,10,23,"ق و م"
46,10,24,"ظ ل م"
46,11,1,"ق و ل"
46,11,2,"ٱلَّذِى"
46,11,3,"ك ف ر"
46,11,4,"ٱلَّذِى"
46,11,5,"ا م ن"
46,11,7,"ك و ن"
46,11,8,"خ ي ر"
46,11,10,"س ب ق"
46,11,11,"إِلَىٰ"
46,11,12,"إِذ"
46,11,14,"ه د ي"
46,11,16,"ق و ل"
46,11,18,"ا ف ك"
46,11,19,"ق د م"
46,12,2,"ق ب ل"
46,12,3,"ك ت ب"
46,12,5,"ا م م"
46,12,6,"ر ح م"
46,12,8,"ك ت ب"
46,12,9,"ص د ق"
46,12,10,"ل س ن"
46,12,11,"ع ر ب"
46,12,12,"ن ذ ر"
46,12,13,"ٱلَّذِى"
46,12,14,"ظ ل م"
46,12,15,"ب ش ر"
46,12,16,"ح س ن"
46,13,2,"ٱلَّذِى"
46,13,3,"ق و ل"
46,13,4,"ر ب ب"
46,13,5,"ا ل ه"
46,13,7,"ق و م"
46,13,9,"خ و ف"
46,13,13,"ح ز ن"
46,14,2,"ص ح ب"
46,14,3,"ج ن ن"
46,14,4,"خ ل د"
46,14,6,"ج ز ي"
46,14,8,"ك و ن"
46,14,9,"ع م ل"
46,15,1,"و ص ي"
46,15,2,"ا ن س"
46,15,3,"و ل د"
46,15,4,"ح س ن"
46,15,5,"ح م ل"
46,15,6,"ا م م"
46,15,7,"ك ر ه"
46,15,8,"و ض ع"
46,15,9,"ك ر ه"
46,15,10,"ح م ل"
46,15,11,"ف ص ل"
46,15,12,"ث ل ث"
46,15,13,"ش ه ر"
46,15,15,"إِذَا"
46,15,16,"ب ل غ"
46,15,17,"ش د د"
46,15,18,"ب ل غ"
46,15,19,"ر ب ع"
46,15,20,"س ن و"
46,15,21,"ق و ل"
46,15,22,"ر ب ب"
46,15,23,"و ز ع"
46,15,25,"ش ك ر"
46,15,26,"ن ع م"
46,15,27,"ٱلَّذِى"
46,15,28,"ن ع م"
46,15,31,"و ل د"
46,15,33,"ع م ل"
46,15,34,"ص ل ح"
46,15,35,"ر ض و"
46,15,36,"ص ل ح"
46,15,39,"ذ ر ر"
46,15,41,"ت و ب"
46,15,42,"إِلَىٰ"
46,15,45,"س ل م"
46,16,2,"ٱلَّذِى"
46,16,3,"ق ب ل"
46,16,5,"ح س ن"
46,16,7,"ع م ل"
46,16,8,"ج و ز"
46,16,10,"س و ا"
46,16,12,"ص ح ب"
46,16,13,"ج ن ن"
46,16,14,"و ع د"
46,16,15,"ص د ق"
46,16,16,"ٱلَّذِى"
46,16,17,"ك و ن"
46,16,18,"و ع د"
46,17,1,"ٱلَّذِى"
46,17,2,"ق و ل"
46,17,3,"و ل د"
46,17,4,"ا ف ف"
46,17,6,"و ع د"
46,17,8,"خ ر ج"
46,17,10,"خ ل و"
46,17,11,"ق ر ن"
46,17,13,"ق ب ل"
46,17,15,"غ و ث"
46,17,16,"ا ل ه"
46,17,18,"ا م ن"
46,17,20,"و ع د"
46,17,21,"ا ل ه"
46,17,22,"ح ق ق"
46,17,23,"ق و ل"
46,17,26,"إِلَّا"
46,17,27,"س ط ر"
46,17,28,"ا و ل"
46,18,2,"ٱلَّذِى"
46,18,3,"ح ق ق"
46,18,5,"ق و ل"
46,18,7,"ا م م"
46,18,9,"خ ل و"
46,18,11,"ق ب ل"
46,18,13,"ج ن ن"
46,18,14,"ا ن س"
46,18,16,"ك و ن"
46,18,17,"خ س ر"
46,19,1,"ك ل ل"
46,19,2,"د ر ج"
46,19,4,"ع م ل"
46,19,5,"و ف ي"
46,19,6,"ع م ل"
46,19,9,"ظ ل م"
46,20,1,"ي و م"
46,20,2,"ع ر ض"
46,20,3,"ٱلَّذِى"
46,20,4,"ك ف ر"
46,20,6,"ن و ر"
46,20,7,"ذ ه ب"
46,20,8,"ط ي ب"
46,20,10,"ح ي ي"
46,20,11,"د ن و"
46,20,12,"م ت ع"
46,20,14,"ي و م"
46,20,15,"ج ز ي"
46,20,16,"ع ذ ب"
46,20,17,"ه و ن"
46,20,19,"ك و ن"
46,20,20,"ك ب ر"
46,20,22,"ا ر ض"
46,20,23,"غ ي ر"
46,20,24,"ح ق ق"
46,20,26,"ك و ن"
46,20,27,"ف س ق"
46,21,1,"ذ ك ر"
46,21,2,"ا خ و"
46,21,3,"ع و د"
46,21,4,"إِذ"
46,21,5,"ن ذ ر"
46,21,6,"ق و م"
46,21,7,"ح ق ف"
46,21,9,"خ ل و"
46,21,10,"ن ذ ر"
46,21,12,"ب ي ن"
46,21,13,"ي د ي"
46,21,15,"خ ل ف"
46,21,17,"ع ب د"
46,21,18,"إِلَّا"
46,21,19,"ا ل ه"
46,21,21,"خ و ف"
46,21,23,"ع ذ ب"
46,21,24,"ي و م"
46,21,25,"ع ظ م"
46,22,1,"ق و ل"
46,22,2,"ج ي ا"
46,22,3,"ا ف ك"
46,22,5,"ا ل ه"
46,22,6,"ا ت ي"
46,22,8,"و ع د"
46,22,10,"ك و ن"
46,22,12,"ص د ق"
46,23,1,"ق و ل"
46,23,3,"ع ل م"
46,23,4,"ع ن د"
46,23,5,"ا ل ه"
46,23,6,"ب ل غ"
46,23,8,"ر س ل"
46,23,11,"ر ا ي"
46,23,12,"ق و م"
46,23,13,"ج ه ل"
46,24,2,"ر ا ي"
46,24,3,"ع ر ض"
46,24,4,"ق ب ل"
46,24,5,"و د ي"
46,24,6,"ق و ل"
46,24,8,"ع ر ض"
46,24,9,"م ط ر"
46,24,13,"ع ج ل"
46,24,15,"ر و ح"
46,24,17,"ع ذ ب"
46,24,18,"ا ل م"
46,25,1,"د م ر"
46,25,2,"ك ل ل"
46,25,3,"ش ي ا"
46,25,4,"ا م ر"
46,25,5,"ر ب ب"
46,25,6,"ص ب ح"
46,25,8,"ر ا ي"
46,25,9,"إِلَّا"
46,25,10,"س ك ن"
46,25,12,"ج ز ي"
46,25,13,"ق و م"
46,25,14,"ج ر م"
46,26,2,"م ك ن"
46,26,5,"م ك ن"
46,26,7,"ج ع ل"
46,26,9,"س م ع"
46,26,10,"ب ص ر"
46,26,11,"ف ا د"
46,26,13,"غ ن ي"
46,26,15,"س م ع"
46,26,17,"ب ص ر"
46,26,19,"ف ا د"
46,26,21,"ش ي ا"
46,26,22,"إِذ"
46,26,23,"ك و ن"
46,26,24,"ج ح د"
46,26,25,"ا ي ي"
46,26,26,"ا ل ه"
46,26,27,"ح ي ق"
46,26,30,"ك و ن"
46,26,32,"ه ز ا"
46,27,2,"ه ل ك"
46,27,4,"ح و ل"
46,27,6,"ق ر ي"
46,27,7,"ص ر ف"
46,27,8,"ا ي ي"
46,27,10,"ر ج ع"
46,28,2,"ن ص ر"
46,28,3,"ٱلَّذِى"
46,28,4,"ا خ ذ"
46,28,6,"د و ن"
46,28,7,"ا ل ه"
46,28,8,"ق ر ب"
46,28,9,"ا ل ه"
46,28,11,"ض ل ل"
46,28,14,"ا ف ك"
46,28,16,"ك و ن"
46,28,17,"ف ر ي"
46,29,1,"إِذ"
46,29,2,"ص ر ف"
46,29,3,"إِلَىٰ"
46,29,4,"ن ف ر"
46,29,6,"ج ن ن"
46,29,7,"س م ع"
46,29,8,"ق ر ا"
46,29,10,"ح ض ر"
46,29,11,"ق و ل"
46,29,12,"ن ص ت"
46,29,14,"ق ض ي"
46,29,15,"و ل ي"
46,29,16,"إِلَىٰ"
46,29,17,"ق و م"
46,29,18,"ن ذ ر"
46,30,1,"ق و ل"
46,30,2,"ق و م"
46,30,4,"س م ع"
46,30,5,"ك ت ب"
46,30,6,"ن ز ل"
46,30,8,"ب ع د"
46,30,10,"ص د ق"
46,30,12,"ب ي ن"
46,30,13,"ي د ي"
46,30,14,"ه د ي"
46,30,15,"إِلَىٰ"
46,30,16,"ح ق ق"
46,30,17,"إِلَىٰ"
46,30,18,"ط ر ق"
46,30,19,"ق و م"
46,31,1,"ق و م"
46,31,2,"ج و ب"
46,31,3,"د ع و"
46,31,4,"ا ل ه"
46,31,5,"ا م ن"
46,31,7,"غ ف ر"
46,31,10,"ذ ن ب"
46,31,11,"ج و ر"
46,31,13,"ع ذ ب"
46,31,14,"ا ل م"
46,32,3,"ج و ب"
46,32,4,"د ع و"
46,32,5,"ا ل ه"
46,32,6,"ل ي س"
46,32,7,"ع ج ز"
46,32,9,"ا ر ض"
46,32,10,"ل ي س"
46,32,13,"د و ن"
46,32,14,"و ل ي"
46,32,17,"ض ل ل"
46,32,18,"ب ي ن"
46,33,2,"ر ا ي"
46,33,4,"ا ل ه"
46,33,5,"ٱلَّذِى"
46,33,6,"خ ل ق"
46,33,7,"س م و"
46,33,8,"ا ر ض"
46,33,10,"ع ي ي"
46,33,11,"خ ل ق"
46,33,12,"ق د ر"
46,33,15,"ح ي ي"
46,33,16,"م و ت"
46,33,20,"ك ل ل"
46,33,21,"ش ي ا"
46,33,22,"ق د ر"
46,34,1,"ي و م"
46,34,2,"ع ر ض"
46,34,3,"ٱلَّذِى"
46,34,4,"ك ف ر"
46,34,6,"ن و ر"
46,34,7,"ل ي س"
46,34,9,"ح ق ق"
46,34,10,"ق و ل"
46,34,12,"ر ب ب"
46,34,13,"ق و ل"
46,34,14,"ذ و ق"
46,34,15,"ع ذ ب"
46,34,17,"ك و ن"
46,34,18,"ك ف ر"
46,35,1,"ص ب ر"
46,35,3,"ص ب ر"
46,35,4,"ا و ل"
46,35,5,"ع ز م"
46,35,7,"ر س ل"
46,35,9,"ع ج ل"
46,35,12,"ي و م"
46,35,13,"ر ا ي"
46,35,15,"و ع د"
46,35,17,"ل ب ث"
46,35,18,"إِلَّا"
46,35,19,"س و ع"
46,35,21,"ن ه ر"
46,35,22,"ب ل غ"
46,35,24,"ه ل ك"
46,35,25,"إِلَّا"
46,35,26,"ق و م"
46,35,27,"ف س ق"
47,1,1,"ٱلَّذِى"
47,1,2,"ك ف ر"
47,1,3,"ص د د"
47,1,5,"س ب ل"
47,1,6,"ا ل ه"
47,1,7,"ض ل ل"
47,1,8,"ع م ل"
47,2,1,"ٱلَّذِى"
47,2,2,"ا م ن"
47,2,3,"ع م ل"
47,2,4,"ص ل ح"
47,2,5,"ا م ن"
47,2,7,"ن ز ل"
47,2,11,"ح ق ق"
47,2,13,"ر ب ب"
47,2,14,"ك ف ر"
47,2,16,"س و ا"
47,2,17,"ص ل ح"
47,2,18,"ب و ل"
47,3,3,"ٱلَّذِى"
47,3,4,"ك ف ر"
47,3,5,"ت ب ع"
47,3,6,"ب ط ل"
47,3,8,"ٱلَّذِى"
47,3,9,"ا م ن"
47,3,10,"ت ب ع"
47,3,11,"ح ق ق"
47,3,13,"ر ب ب"
47,3,15,"ض ر ب"
47,3,16,"ا ل ه"
47,3,17,"ن و س"
47,3,18,"م ث ل"
47,4,1,"إِذَا"
47,4,2,"ل ق ي"
47,4,3,"ٱلَّذِى"
47,4,4,"ك ف ر"
47,4,5,"ض ر ب"
47,4,6,"ر ق ب"
47,4,8,"إِذَا"
47,4,9,"ث خ ن"
47,4,10,"ش د د"
47,4,11,"و ث ق"
47,4,12,"إِمَّا"
47,4,13,"م ن ن"
47,4,14,"ب ع د"
47,4,15,"إِمَّا"
47,4,16,"ف د ي"
47,4,18,"و ض ع"
47,4,19,"ح ر ب"
47,4,20,"و ز ر"
47,4,23,"ش ي ا"
47,4,24,"ا ل ه"
47,4,25,"ن ص ر"
47,4,28,"ب ل و"
47,4,29,"ب ع ض"
47,4,30,"ب ع ض"
47,4,31,"ٱلَّذِى"
47,4,32,"ق ت ل"
47,4,34,"س ب ل"
47,4,35,"ا ل ه"
47,4,37,"ض ل ل"
47,4,38,"ع م ل"
47,5,1,"ه د ي"
47,5,2,"ص ل ح"
47,5,3,"ب و ل"
47,6,1,"د خ ل"
47,6,2,"ج ن ن"
47,6,3,"ع ر ف"
47,7,2,"ٱلَّذِى"
47,7,3,"ا م ن"
47,7,5,"ن ص ر"
47,7,6,"ا ل ه"
47,7,7,"ن ص ر"
47,7,8,"ث ب ت"
47,7,9,"ق د م"
47,8,1,"ٱلَّذِى"
47,8,2,"ك ف ر"
47,8,3,"ت ع س"
47,8,5,"ض ل ل"
47,8,6,"ع م ل"
47,9,3,"ك ر ه"
47,9,5,"ن ز ل"
47,9,6,"ا ل ه"
47,9,7,"ح ب ط"
47,9,8,"ع م ل"
47,10,2,"س ي ر"
47,10,4,"ا ر ض"
47,10,5,"ن ظ ر"
47,10,6,"ك ي ف"
47,10,7,"ك و ن"
47,10,8,"ع ق ب"
47,10,9,"ٱلَّذِى"
47,10,11,"ق ب ل"
47,10,12,"د م ر"
47,10,13,"ا ل ه"
47,10,15,"ك ف ر"
47,10,16,"م ث ل"
47,11,3,"ا ل ه"
47,11,4,"و ل ي"
47,11,5,"ٱلَّذِى"
47,11,6,"ا م ن"
47,11,8,"ك ف ر"
47,11,10,"و ل ي"
47,12,2,"ا ل ه"
47,12,3,"د خ ل"
47,12,4,"ٱلَّذِى"
47,12,5,"ا م ن"
47,12,6,"ع م ل"
47,12,7,"ص ل ح"
47,12,8,"ج ن ن"
47,12,9,"ج ر ي"
47,12,11,"ت ح ت"
47,12,12,"ن ه ر"
47,12,13,"ٱلَّذِى"
47,12,14,"ك ف ر"
47,12,15,"م ت ع"
47,12,16,"ا ك ل"
47,12,18,"ا ك ل"
47,12,19,"ن ع م"
47,12,20,"ن و ر"
47,12,21,"ث و ي"
47,13,3,"ق ر ي"
47,13,5,"ش د د"
47,13,6,"ق و ي"
47,13,8,"ق ر ي"
47,13,9,"ٱلَّذِى"
47,13,10,"خ ر ج"
47,13,11,"ه ل ك"
47,13,13,"ن ص ر"
47,14,2,"ك و ن"
47,14,4,"ب ي ن"
47,14,6,"ر ب ب"
47,14,8,"ز ي ن"
47,14,10,"س و ا"
47,14,11,"ع م ل"
47,14,12,"ت ب ع"
47,14,13,"ه و ي"
47,15,1,"م ث ل"
47,15,2,"ج ن ن"
47,15,3,"ٱلَّذِى"
47,15,4,"و ع د"
47,15,5,"و ق ي"
47,15,7,"ن ه ر"
47,15,9,"م و ه"
47,15,10,"غ ي ر"
47,15,11,"ا س ن"
47,15,12,"ن ه ر"
47,15,14,"ل ب ن"
47,15,16,"غ ي ر"
47,15,17,"ط ع م"
47,15,18,"ن ه ر"
47,15,20,"خ م ر"
47,15,21,"ل ذ ذ"
47,15,22,"ش ر ب"
47,15,23,"ن ه ر"
47,15,25,"ع س ل"
47,15,26,"ص ف و"
47,15,30,"ك ل ل"
47,15,31,"ث م ر"
47,15,32,"غ ف ر"
47,15,34,"ر ب ب"
47,15,37,"خ ل د"
47,15,39,"ن و ر"
47,15,40,"س ق ي"
47,15,41,"م و ه"
47,15,42,"ح م م"
47,15,43,"ق ط ع"
47,15,44,"م ع ي"
47,16,3,"س م ع"
47,16,4,"إِلَىٰ"
47,16,6,"إِذَا"
47,16,7,"خ ر ج"
47,16,9,"ع ن د"
47,16,10,"ق و ل"
47,16,11,"ٱلَّذِى"
47,16,12,"ا ت ي"
47,16,13,"ع ل م"
47,16,15,"ق و ل"
47,16,16,"ا ن ف"
47,16,18,"ٱلَّذِى"
47,16,19,"ط ب ع"
47,16,20,"ا ل ه"
47,16,22,"ق ل ب"
47,16,23,"ت ب ع"
47,16,24,"ه و ي"
47,17,1,"ٱلَّذِى"
47,17,2,"ه د ي"
47,17,3,"ز ي د"
47,17,4,"ه د ي"
47,17,5,"ا ت ي"
47,17,6,"و ق ي"
47,18,2,"ن ظ ر"
47,18,3,"إِلَّا"
47,18,4,"س و ع"
47,18,6,"ا ت ي"
47,18,7,"ب غ ت"
47,18,9,"ج ي ا"
47,18,10,"ش ر ط"
47,18,11,"ا ن ي"
47,18,13,"إِذَا"
47,18,14,"ج ي ا"
47,18,15,"ذ ك ر"
47,19,1,"ع ل م"
47,19,4,"ا ل ه"
47,19,5,"إِلَّا"
47,19,6,"ا ل ه"
47,19,7,"غ ف ر"
47,19,8,"ذ ن ب"
47,19,9,"ا م ن"
47,19,10,"ا م ن"
47,19,11,"ا ل ه"
47,19,12,"ع ل م"
47,19,13,"ق ل ب"
47,19,14,"ث و ي"
47,20,1,"ق و ل"
47,20,2,"ٱلَّذِى"
47,20,3,"ا م ن"
47,20,5,"ن ز ل"
47,20,6,"س و ر"
47,20,7,"إِذَا"
47,20,8,"ن ز ل"
47,20,9,"س و ر"
47,20,10,"ح ك م"
47,20,11,"ذ ك ر"
47,20,13,"ق ت ل"
47,20,14,"ر ا ي"
47,20,15,"ٱلَّذِى"
47,20,17,"ق ل ب"
47,20,18,"م ر ض"
47,20,19,"ن ظ ر"
47,20,20,"إِلَىٰ"
47,20,21,"ن ظ ر"
47,20,22,"غ ش و"
47,20,25,"م و ت"
47,20,26,"و ل ي"
47,21,1,"ط و ع"
47,21,2,"ق و ل"
47,21,3,"ع ر ف"
47,21,4,"إِذَا"
47,21,5,"ع ز م"
47,21,6,"ا م ر"
47,21,8,"ص د ق"
47,21,9,"ا ل ه"
47,21,10,"ك و ن"
47,21,11,"خ ي ر"
47,22,2,"ع س ي"
47,22,4,"و ل ي"
47,22,6,"ف س د"
47,22,8,"ا ر ض"
47,22,9,"ق ط ع"
47,22,10,"ر ح م"
47,23,2,"ٱلَّذِى"
47,23,3,"ل ع ن"
47,23,4,"ا ل ه"
47,23,5,"ص م م"
47,23,6,"ع م ي"
47,23,7,"ب ص ر"
47,24,2,"د ب ر"
47,24,3,"ق ر ا"
47,24,4,"أَم"
47,24,6,"ق ل ب"
47,24,7,"ق ف ل"
47,25,2,"ٱلَّذِى"
47,25,3,"ر د د"
47,25,5,"د ب ر"
47,25,7,"ب ع د"
47,25,9,"ب ي ن"
47,25,11,"ه د ي"
47,25,12,"ش ط ن"
47,25,13,"س و ل"
47,25,15,"م ل و"
47,26,3,"ق و ل"
47,26,4,"ٱلَّذِى"
47,26,5,"ك ر ه"
47,26,7,"ن ز ل"
47,26,8,"ا ل ه"
47,26,9,"ط و ع"
47,26,11,"ب ع ض"
47,26,12,"ا م ر"
47,26,13,"ا ل ه"
47,26,14,"ع ل م"
47,26,15,"س ر ر"
47,27,1,"ك ي ف"
47,27,2,"إِذَا"
47,27,3,"و ف ي"
47,27,4,"م ل ك"
47,27,5,"ض ر ب"
47,27,6,"و ج ه"
47,27,7,"د ب ر"
47,28,3,"ت ب ع"
47,28,5,"س خ ط"
47,28,6,"ا ل ه"
47,28,7,"ك ر ه"
47,28,8,"ر ض و"
47,28,9,"ح ب ط"
47,28,10,"ع م ل"
47,29,1,"أَم"
47,29,2,"ح س ب"
47,29,3,"ٱلَّذِى"
47,29,5,"ق ل ب"
47,29,6,"م ر ض"
47,29,9,"خ ر ج"
47,29,10,"ا ل ه"
47,29,11,"ض غ ن"
47,30,2,"ش ي ا"
47,30,3,"ر ا ي"
47,30,4,"ع ر ف"
47,30,5,"س و م"
47,30,6,"ع ر ف"
47,30,8,"ل ح ن"
47,30,9,"ق و ل"
47,30,10,"ا ل ه"
47,30,11,"ع ل م"
47,30,12,"ع م ل"
47,31,1,"ب ل و"
47,31,3,"ع ل م"
47,31,4,"ج ه د"
47,31,6,"ص ب ر"
47,31,7,"ب ل و"
47,31,8,"خ ب ر"
47,32,2,"ٱلَّذِى"
47,32,3,"ك ف ر"
47,32,4,"ص د د"
47,32,6,"س ب ل"
47,32,7,"ا ل ه"
47,32,8,"ش ق ق"
47,32,9,"ر س ل"
47,32,11,"ب ع د"
47,32,13,"ب ي ن"
47,32,15,"ه د ي"
47,32,17,"ض ر ر"
47,32,18,"ا ل ه"
47,32,19,"ش ي ا"
47,32,20,"ح ب ط"
47,32,21,"ع م ل"
47,33,2,"ٱلَّذِى"
47,33,3,"ا م ن"
47,33,4,"ط و ع"
47,33,5,"ا ل ه"
47,33,6,"ط و ع"
47,33,7,"ر س ل"
47,33,9,"ب ط ل"
47,33,10,"ع م ل"
47,34,2,"ٱلَّذِى"
47,34,3,"ك ف ر"
47,34,4,"ص د د"
47,34,6,"س ب ل"
47,34,7,"ا ل ه"
47,34,9,"م و ت"
47,34,11,"ك ف ر"
47,34,13,"غ ف ر"
47,34,14,"ا ل ه"
47,35,2,"و ه ن"
47,35,3,"د ع و"
47,35,4,"إِلَىٰ"
47,35,5,"س ل م"
47,35,7,"ع ل و"
47,35,8,"ا ل ه"
47,35,11,"و ت ر"
47,35,12,"ع م ل"
47,36,2,"ح ي ي"
47,36,3,"د ن و"
47,36,4,"ل ع ب"
47,36,5,"ل ه و"
47,36,7,"ا م ن"
47,36,8,"و ق ي"
47,36,9,"ا ت ي"
47,36,10,"ا ج ر"
47,36,12,"س ا ل"
47,36,13,"م و ل"
47,37,2,"س ا ل"
47,37,3,"ح ف و"
47,37,4,"ب خ ل"
47,37,5,"خ ر ج"
47,37,6,"ض غ ن"
47,38,3,"د ع و"
47,38,4,"ن ف ق"
47,38,6,"س ب ل"
47,38,7,"ا ل ه"
47,38,10,"ب خ ل"
47,38,12,"ب خ ل"
47,38,14,"ب خ ل"
47,38,16,"ن ف س"
47,38,17,"ا ل ه"
47,38,18,"غ ن ي"
47,38,20,"ف ق ر"
47,38,22,"و ل ي"
47,38,23,"ب د ل"
47,38,24,"ق و م"
47,38,25,"غ ي ر"
47,38,28,"ك و ن"
47,38,29,"م ث ل"
48,1,2,"ف ت ح"
48,1,4,"ف ت ح"
48,1,5,"ب ي ن"
48,2,1,"غ ف ر"
48,2,3,"ا ل ه"
48,2,5,"ق د م"
48,2,7,"ذ ن ب"
48,2,9,"ا خ ر"
48,2,10,"ت م م"
48,2,11,"ن ع م"
48,2,13,"ه د ي"
48,2,14,"ص ر ط"
48,2,15,"ق و م"
48,3,1,"ن ص ر"
48,3,2,"ا ل ه"
48,3,3,"ن ص ر"
48,3,4,"ع ز ز"
48,4,2,"ٱلَّذِى"
48,4,3,"ن ز ل"
48,4,4,"س ك ن"
48,4,6,"ق ل ب"
48,4,7,"ا م ن"
48,4,8,"ز ي د"
48,4,9,"ا م ن"
48,4,11,"ا م ن"
48,4,12,"ا ل ه"
48,4,13,"ج ن د"
48,4,14,"س م و"
48,4,15,"ا ر ض"
48,4,16,"ك و ن"
48,4,17,"ا ل ه"
48,4,18,"ع ل م"
48,4,19,"ح ك م"
48,5,1,"د خ ل"
48,5,2,"ا م ن"
48,5,3,"ا م ن"
48,5,4,"ج ن ن"
48,5,5,"ج ر ي"
48,5,7,"ت ح ت"
48,5,8,"ن ه ر"
48,5,9,"خ ل د"
48,5,11,"ك ف ر"
48,5,13,"س و ا"
48,5,14,"ك و ن"
48,5,16,"ع ن د"
48,5,17,"ا ل ه"
48,5,18,"ف و ز"
48,5,19,"ع ظ م"
48,6,1,"ع ذ ب"
48,6,2,"ن ف ق"
48,6,3,"ن ف ق"
48,6,4,"ش ر ك"
48,6,5,"ش ر ك"
48,6,6,"ظ ن ن"
48,6,7,"ا ل ه"
48,6,8,"ظ ن ن"
48,6,9,"س و ا"
48,6,11,"د و ر"
48,6,12,"س و ا"
48,6,13,"غ ض ب"
48,6,14,"ا ل ه"
48,6,16,"ل ع ن"
48,6,17,"ع د د"
48,6,20,"س و ا"
48,6,21,"ص ي ر"
48,7,1,"ا ل ه"
48,7,2,"ج ن د"
48,7,3,"س م و"
48,7,4,"ا ر ض"
48,7,5,"ك و ن"
48,7,6,"ا ل ه"
48,7,7,"ع ز ز"
48,7,8,"ح ك م"
48,8,2,"ر س ل"
48,8,3,"ش ه د"
48,8,4,"ب ش ر"
48,8,5,"ن ذ ر"
48,9,1,"ا م ن"
48,9,2,"ا ل ه"
48,9,3,"ر س ل"
48,9,4,"ع ز ر"
48,9,5,"و ق ر"
48,9,6,"س ب ح"
48,9,7,"ب ك ر"
48,9,8,"ا ص ل"
48,10,2,"ٱلَّذِى"
48,10,3,"ب ي ع"
48,10,5,"ب ي ع"
48,10,6,"ا ل ه"
48,10,7,"ي د ي"
48,10,8,"ا ل ه"
48,10,9,"ف و ق"
48,10,10,"ي د ي"
48,10,12,"ن ك ث"
48,10,14,"ن ك ث"
48,10,16,"ن ف س"
48,10,18,"و ف ي"
48,10,20,"ع ه د"
48,10,22,"ا ل ه"
48,10,23,"ا ت ي"
48,10,24,"ا ج ر"
48,10,25,"ع ظ م"
48,11,1,"ق و ل"
48,11,3,"خ ل ف"
48,11,5,"ع ر ب"
48,11,6,"ش غ ل"
48,11,7,"م و ل"
48,11,8,"ا ه ل"
48,11,9,"غ ف ر"
48,11,11,"ق و ل"
48,11,12,"ل س ن"
48,11,14,"ل ي س"
48,11,16,"ق ل ب"
48,11,17,"ق و ل"
48,11,19,"م ل ك"
48,11,22,"ا ل ه"
48,11,23,"ش ي ا"
48,11,25,"ر و د"
48,11,27,"ض ر ر"
48,11,29,"ر و د"
48,11,31,"ن ف ع"
48,11,33,"ك و ن"
48,11,34,"ا ل ه"
48,11,36,"ع م ل"
48,11,37,"خ ب ر"
48,12,2,"ظ ن ن"
48,12,5,"ق ل ب"
48,12,6,"ر س ل"
48,12,7,"ا م ن"
48,12,8,"إِلَىٰ"
48,12,9,"ا ه ل"
48,12,10,"ا ب د"
48,12,11,"ز ي ن"
48,12,14,"ق ل ب"
48,12,15,"ظ ن ن"
48,12,16,"ظ ن ن"
48,12,17,"س و ا"
48,12,18,"ك و ن"
48,12,19,"ق و م"
48,12,20,"ب و ر"
48,13,3,"ا م ن"
48,13,4,"ا ل ه"
48,13,5,"ر س ل"
48,13,7,"ع ت د"
48,13,8,"ك ف ر"
48,13,9,"س ع ر"
48,14,1,"ا ل ه"
48,14,2,"م ل ك"
48,14,3,"س م و"
48,14,4,"ا ر ض"
48,14,5,"غ ف ر"
48,14,7,"ش ي ا"
48,14,8,"ع ذ ب"
48,14,10,"ش ي ا"
48,14,11,"ك و ن"
48,14,12,"ا ل ه"
48,14,13,"غ ف ر"
48,14,14,"ر ح م"
48,15,1,"ق و ل"
48,15,2,"خ ل ف"
48,15,3,"إِذَا"
48,15,4,"ط ل ق"
48,15,5,"إِلَىٰ"
48,15,6,"غ ن م"
48,15,7,"ا خ ذ"
48,15,8,"و ذ ر"
48,15,9,"ت ب ع"
48,15,10,"ر و د"
48,15,12,"ب د ل"
48,15,13,"ك ل م"
48,15,14,"ا ل ه"
48,15,15,"ق و ل"
48,15,17,"ت ب ع"
48,15,19,"ق و ل"
48,15,20,"ا ل ه"
48,15,22,"ق ب ل"
48,15,23,"ق و ل"
48,15,25,"ح س د"
48,15,27,"ك و ن"
48,15,29,"ف ق ه"
48,15,30,"إِلَّا"
48,15,31,"ق ل ل"
48,16,1,"ق و ل"
48,16,2,"خ ل ف"
48,16,4,"ع ر ب"
48,16,5,"د ع و"
48,16,6,"إِلَىٰ"
48,16,7,"ق و م"
48,16,8,"ا و ل"
48,16,9,"ب ا س"
48,16,10,"ش د د"
48,16,11,"ق ت ل"
48,16,13,"س ل م"
48,16,15,"ط و ع"
48,16,16,"ا ت ي"
48,16,17,"ا ل ه"
48,16,18,"ا ج ر"
48,16,19,"ح س ن"
48,16,21,"و ل ي"
48,16,23,"و ل ي"
48,16,25,"ق ب ل"
48,16,26,"ع ذ ب"
48,16,27,"ع ذ ب"
48,16,28,"ا ل م"
48,17,1,"ل ي س"
48,17,3,"ع م ي"
48,17,4,"ح ر ج"
48,17,7,"ع ر ج"
48,17,8,"ح ر ج"
48,17,11,"م ر ض"
48,17,12,"ح ر ج"
48,17,14,"ط و ع"
48,17,15,"ا ل ه"
48,17,16,"ر س ل"
48,17,17,"د خ ل"
48,17,18,"ج ن ن"
48,17,19,"ج ر ي"
48,17,21,"ت ح ت"
48,17,22,"ن ه ر"
48,17,24,"و ل ي"
48,17,25,"ع ذ ب"
48,17,26,"ع ذ ب"
48,17,27,"ا ل م"
48,18,2,"ر ض و"
48,18,3,"ا ل ه"
48,18,5,"ا م ن"
48,18,6,"إِذ"
48,18,7,"ب ي ع"
48,18,8,"ت ح ت"
48,18,9,"ش ج ر"
48,18,10,"ع ل م"
48,18,13,"ق ل ب"
48,18,14,"ن ز ل"
48,18,15,"س ك ن"
48,18,17,"ث و ب"
48,18,18,"ف ت ح"
48,18,19,"ق ر ب"
48,19,1,"غ ن م"
48,19,2,"ك ث ر"
48,19,3,"ا خ ذ"
48,19,4,"ك و ن"
48,19,5,"ا ل ه"
48,19,6,"ع ز ز"
48,19,7,"ح ك م"
48,20,1,"و ع د"
48,20,2,"ا ل ه"
48,20,3,"غ ن م"
48,20,4,"ك ث ر"
48,20,5,"ا خ ذ"
48,20,6,"ع ج ل"
48,20,9,"ك ف ف"
48,20,10,"ي د ي"
48,20,11,"ن و س"
48,20,13,"ك و ن"
48,20,14,"ا ي ي"
48,20,15,"ا م ن"
48,20,16,"ه د ي"
48,20,17,"ص ر ط"
48,20,18,"ق و م"
48,21,1,"ا خ ر"
48,21,3,"ق د ر"
48,21,6,"ح و ط"
48,21,7,"ا ل ه"
48,21,9,"ك و ن"
48,21,10,"ا ل ه"
48,21,12,"ك ل ل"
48,21,13,"ش ي ا"
48,21,14,"ق د ر"
48,22,2,"ق ت ل"
48,22,3,"ٱلَّذِى"
48,22,4,"ك ف ر"
48,22,5,"و ل ي"
48,22,6,"د ب ر"
48,22,9,"و ج د"
48,22,10,"و ل ي"
48,22,12,"ن ص ر"
48,23,1,"س ن ن"
48,23,2,"ا ل ه"
48,23,3,"ٱلَّذِى"
48,23,5,"خ ل و"
48,23,7,"ق ب ل"
48,23,9,"و ج د"
48,23,10,"س ن ن"
48,23,11,"ا ل ه"
48,23,12,"ب د ل"
48,24,2,"ٱلَّذِى"
48,24,3,"ك ف ف"
48,24,4,"ي د ي"
48,24,6,"ي د ي"
48,24,8,"ب ط ن"
48,24,11,"ب ع د"
48,24,13,"ظ ف ر"
48,24,15,"ك و ن"
48,24,16,"ا ل ه"
48,24,18,"ع م ل"
48,24,19,"ب ص ر"
48,25,2,"ٱلَّذِى"
48,25,3,"ك ف ر"
48,25,4,"ص د د"
48,25,6,"س ج د"
48,25,7,"ح ر م"
48,25,8,"ه د ي"
48,25,9,"ع ك ف"
48,25,11,"ب ل غ"
48,25,12,"ح ل ل"
48,25,14,"ر ج ل"
48,25,15,"ا م ن"
48,25,16,"ن س و"
48,25,17,"ا م ن"
48,25,19,"ع ل م"
48,25,21,"و ط ا"
48,25,22,"ص و ب"
48,25,24,"ع ر ر"
48,25,25,"غ ي ر"
48,25,26,"ع ل م"
48,25,27,"د خ ل"
48,25,28,"ا ل ه"
48,25,30,"ر ح م"
48,25,32,"ش ي ا"
48,25,34,"ز ي ل"
48,25,35,"ع ذ ب"
48,25,36,"ٱلَّذِى"
48,25,37,"ك ف ر"
48,25,39,"ع ذ ب"
48,25,40,"ا ل م"
48,26,1,"إِذ"
48,26,2,"ج ع ل"
48,26,3,"ٱلَّذِى"
48,26,4,"ك ف ر"
48,26,6,"ق ل ب"
48,26,7,"ح م ي"
48,26,8,"ح م ي"
48,26,9,"ج ه ل"
48,26,10,"ن ز ل"
48,26,11,"ا ل ه"
48,26,12,"س ك ن"
48,26,14,"ر س ل"
48,26,16,"ا م ن"
48,26,17,"ل ز م"
48,26,18,"ك ل م"
48,26,19,"و ق ي"
48,26,20,"ك و ن"
48,26,21,"ح ق ق"
48,26,23,"ا ه ل"
48,26,24,"ك و ن"
48,26,25,"ا ل ه"
48,26,26,"ك ل ل"
48,26,27,"ش ي ا"
48,26,28,"ع ل م"
48,27,2,"ص د ق"
48,27,3,"ا ل ه"
48,27,4,"ر س ل"
48,27,5,"ر ا ي"
48,27,6,"ح ق ق"
48,27,7,"د خ ل"
48,27,8,"س ج د"
48,27,9,"ح ر م"
48,27,11,"ش ي ا"
48,27,12,"ا ل ه"
48,27,13,"ا م ن"
48,27,14,"ح ل ق"
48,27,15,"ر ا س"
48,27,16,"ق ص ر"
48,27,18,"خ و ف"
48,27,19,"ع ل م"
48,27,22,"ع ل م"
48,27,23,"ج ع ل"
48,27,25,"د و ن"
48,27,27,"ف ت ح"
48,27,28,"ق ر ب"
48,28,2,"ٱلَّذِى"
48,28,3,"ر س ل"
48,28,4,"ر س ل"
48,28,5,"ه د ي"
48,28,6,"د ي ن"
48,28,7,"ح ق ق"
48,28,8,"ظ ه ر"
48,28,10,"د ي ن"
48,28,11,"ك ل ل"
48,28,12,"ك ف ي"
48,28,13,"ا ل ه"
48,28,14,"ش ه د"
48,29,2,"ر س ل"
48,29,3,"ا ل ه"
48,29,4,"ٱلَّذِى"
48,29,6,"ش د د"
48,29,8,"ك ف ر"
48,29,9,"ر ح م"
48,29,10,"ب ي ن"
48,29,11,"ر ا ي"
48,29,12,"ر ك ع"
48,29,13,"س ج د"
48,29,14,"ب غ ي"
48,29,15,"ف ض ل"
48,29,17,"ا ل ه"
48,29,18,"ر ض و"
48,29,19,"س و م"
48,29,21,"و ج ه"
48,29,23,"ا ث ر"
48,29,24,"س ج د"
48,29,26,"م ث ل"
48,29,29,"م ث ل"
48,29,32,"ز ر ع"
48,29,33,"خ ر ج"
48,29,34,"ش ط ا"
48,29,35,"ا ز ر"
48,29,36,"غ ل ظ"
48,29,37,"س و ي"
48,29,39,"س و ق"
48,29,40,"ع ج ب"
48,29,41,"ز ر ع"
48,29,42,"غ ي ظ"
48,29,44,"ك ف ر"
48,29,45,"و ع د"
48,29,46,"ا ل ه"
48,29,47,"ٱلَّذِى"
48,29,48,"ا م ن"
48,29,49,"ع م ل"
48,29,50,"ص ل ح"
48,29,52,"غ ف ر"
48,29,53,"ا ج ر"
48,29,54,"ع ظ م"
49,1,2,"ٱلَّذِى"
49,1,3,"ا م ن"
49,1,5,"ق د م"
49,1,6,"ب ي ن"
49,1,7,"ي د ي"
49,1,8,"ا ل ه"
49,1,9,"ر س ل"
49,1,10,"و ق ي"
49,1,11,"ا ل ه"
49,1,13,"ا ل ه"
49,1,14,"س م ع"
49,1,15,"ع ل م"
49,2,2,"ٱلَّذِى"
49,2,3,"ا م ن"
49,2,5,"ر ف ع"
49,2,6,"ص و ت"
49,2,7,"ف و ق"
49,2,8,"ص و ت"
49,2,9,"ن ب ا"
49,2,11,"ج ه ر"
49,2,13,"ق و ل"
49,2,14,"ج ه ر"
49,2,15,"ب ع ض"
49,2,16,"ب ع ض"
49,2,18,"ح ب ط"
49,2,19,"ع م ل"
49,2,22,"ش ع ر"
49,3,2,"ٱلَّذِى"
49,3,3,"غ ض ض"
49,3,4,"ص و ت"
49,3,5,"ع ن د"
49,3,6,"ر س ل"
49,3,7,"ا ل ه"
49,3,9,"ٱلَّذِى"
49,3,10,"م ح ن"
49,3,11,"ا ل ه"
49,3,12,"ق ل ب"
49,3,13,"و ق ي"
49,3,15,"غ ف ر"
49,3,16,"ا ج ر"
49,3,17,"ع ظ م"
49,4,2,"ٱلَّذِى"
49,4,3,"ن د و"
49,4,5,"و ر ي"
49,4,6,"ح ج ر"
49,4,7,"ك ث ر"
49,4,9,"ع ق ل"
49,5,3,"ص ب ر"
49,5,5,"خ ر ج"
49,5,6,"إِلَىٰ"
49,5,7,"ك و ن"
49,5,8,"خ ي ر"
49,5,10,"ا ل ه"
49,5,11,"غ ف ر"
49,5,12,"ر ح م"
49,6,2,"ٱلَّذِى"
49,6,3,"ا م ن"
49,6,5,"ج ي ا"
49,6,6,"ف س ق"
49,6,7,"ن ب ا"
49,6,8,"ب ي ن"
49,6,10,"ص و ب"
49,6,11,"ق و م"
49,6,12,"ج ه ل"
49,6,13,"ص ب ح"
49,6,16,"ف ع ل"
49,6,17,"ن د م"
49,7,1,"ع ل م"
49,7,4,"ر س ل"
49,7,5,"ا ل ه"
49,7,7,"ط و ع"
49,7,9,"ك ث ر"
49,7,11,"ا م ر"
49,7,12,"ع ن ت"
49,7,14,"ا ل ه"
49,7,15,"ح ب ب"
49,7,16,"إِلَىٰ"
49,7,17,"ا م ن"
49,7,18,"ز ي ن"
49,7,20,"ق ل ب"
49,7,21,"ك ر ه"
49,7,22,"إِلَىٰ"
49,7,23,"ك ف ر"
49,7,24,"ف س ق"
49,7,25,"ع ص ي"
49,7,28,"ر ش د"
49,8,1,"ف ض ل"
49,8,3,"ا ل ه"
49,8,4,"ن ع م"
49,8,5,"ا ل ه"
49,8,6,"ع ل م"
49,8,7,"ح ك م"
49,9,2,"ط و ف"
49,9,4,"ا م ن"
49,9,5,"ق ت ل"
49,9,6,"ص ل ح"
49,9,7,"ب ي ن"
49,9,9,"ب غ ي"
49,9,10,"ا ح د"
49,9,12,"ا خ ر"
49,9,13,"ق ت ل"
49,9,14,"ٱلَّذِى"
49,9,15,"ب غ ي"
49,9,17,"ف ي ا"
49,9,18,"إِلَىٰ"
49,9,19,"ا م ر"
49,9,20,"ا ل ه"
49,9,22,"ف ي ا"
49,9,23,"ص ل ح"
49,9,24,"ب ي ن"
49,9,25,"ع د ل"
49,9,26,"ق س ط"
49,9,28,"ا ل ه"
49,9,29,"ح ب ب"
49,9,30,"ق س ط"
49,10,2,"ا م ن"
49,10,3,"ا خ و"
49,10,4,"ص ل ح"
49,10,5,"ب ي ن"
49,10,6,"ا خ و"
49,10,7,"و ق ي"
49,10,8,"ا ل ه"
49,10,10,"ر ح م"
49,11,2,"ٱلَّذِى"
49,11,3,"ا م ن"
49,11,5,"س خ ر"
49,11,6,"ق و م"
49,11,8,"ق و م"
49,11,9,"ع س ي"
49,11,11,"ك و ن"
49,11,12,"خ ي ر"
49,11,15,"ن س و"
49,11,17,"ن س و"
49,11,18,"ع س ي"
49,11,20,"ك و ن"
49,11,21,"خ ي ر"
49,11,24,"ل م ز"
49,11,25,"ن ف س"
49,11,27,"ن ب ز"
49,11,28,"ل ق ب"
49,11,29,"ب ا س"
49,11,30,"س م و"
49,11,31,"ف س ق"
49,11,32,"ب ع د"
49,11,33,"ا م ن"
49,11,36,"ت و ب"
49,11,39,"ظ ل م"
49,12,2,"ٱلَّذِى"
49,12,3,"ا م ن"
49,12,4,"ج ن ب"
49,12,5,"ك ث ر"
49,12,7,"ظ ن ن"
49,12,9,"ب ع ض"
49,12,10,"ظ ن ن"
49,12,11,"ا ث م"
49,12,13,"ج س س"
49,12,15,"غ ي ب"
49,12,16,"ب ع ض"
49,12,17,"ب ع ض"
49,12,18,"ح ب ب"
49,12,19,"ا ح د"
49,12,21,"ا ك ل"
49,12,22,"ل ح م"
49,12,23,"ا خ و"
49,12,24,"م و ت"
49,12,25,"ك ر ه"
49,12,26,"و ق ي"
49,12,27,"ا ل ه"
49,12,29,"ا ل ه"
49,12,30,"ت و ب"
49,12,31,"ر ح م"
49,13,2,"ن و س"
49,13,4,"خ ل ق"
49,13,6,"ذ ك ر"
49,13,7,"ا ن ث"
49,13,8,"ج ع ل"
49,13,9,"ش ع ب"
49,13,10,"ق ب ل"
49,13,11,"ع ر ف"
49,13,13,"ك ر م"
49,13,14,"ع ن د"
49,13,15,"ا ل ه"
49,13,16,"و ق ي"
49,13,18,"ا ل ه"
49,13,19,"ع ل م"
49,13,20,"خ ب ر"
49,14,1,"ق و ل"
49,14,2,"ع ر ب"
49,14,3,"ا م ن"
49,14,4,"ق و ل"
49,14,6,"ا م ن"
49,14,8,"ق و ل"
49,14,9,"س ل م"
49,14,11,"د خ ل"
49,14,12,"ا م ن"
49,14,14,"ق ل ب"
49,14,16,"ط و ع"
49,14,17,"ا ل ه"
49,14,18,"ر س ل"
49,14,20,"ل ي ت"
49,14,22,"ع م ل"
49,14,23,"ش ي ا"
49,14,25,"ا ل ه"
49,14,26,"غ ف ر"
49,14,27,"ر ح م"
49,15,2,"ا م ن"
49,15,3,"ٱلَّذِى"
49,15,4,"ا م ن"
49,15,5,"ا ل ه"
49,15,6,"ر س ل"
49,15,9,"ر ي ب"
49,15,10,"ج ه د"
49,15,11,"م و ل"
49,15,12,"ن ف س"
49,15,14,"س ب ل"
49,15,15,"ا ل ه"
49,15,18,"ص د ق"
49,16,1,"ق و ل"
49,16,2,"ع ل م"
49,16,3,"ا ل ه"
49,16,4,"د ي ن"
49,16,5,"ا ل ه"
49,16,6,"ع ل م"
49,16,9,"س م و"
49,16,12,"ا ر ض"
49,16,13,"ا ل ه"
49,16,14,"ك ل ل"
49,16,15,"ش ي ا"
49,16,16,"ع ل م"
49,17,1,"م ن ن"
49,17,4,"س ل م"
49,17,5,"ق و ل"
49,17,7,"م ن ن"
49,17,9,"س ل م"
49,17,11,"ا ل ه"
49,17,12,"م ن ن"
49,17,15,"ه د ي"
49,17,16,"ا م ن"
49,17,18,"ك و ن"
49,17,19,"ص د ق"
49,18,2,"ا ل ه"
49,18,3,"ع ل م"
49,18,4,"غ ي ب"
49,18,5,"س م و"
49,18,6,"ا ر ض"
49,18,7,"ا ل ه"
49,18,8,"ب ص ر"
49,18,10,"ع م ل"
50,1,2,"ق ر ا"
50,1,3,"م ج د"
50,2,2,"ع ج ب"
50,2,4,"ج ي ا"
50,2,5,"ن ذ ر"
50,2,7,"ق و ل"
50,2,8,"ك ف ر"
50,2,10,"ش ي ا"
50,2,11,"ع ج ب"
50,3,1,"إِذَا"
50,3,2,"م و ت"
50,3,3,"ك و ن"
50,3,4,"ت ر ب"
50,3,6,"ر ج ع"
50,3,7,"ب ع د"
50,4,2,"ع ل م"
50,4,4,"ن ق ص"
50,4,5,"ا ر ض"
50,4,7,"ع ن د"
50,4,8,"ك ت ب"
50,4,9,"ح ف ظ"
50,5,2,"ك ذ ب"
50,5,3,"ح ق ق"
50,5,5,"ج ي ا"
50,5,8,"ا م ر"
50,5,9,"م ر ج"
50,6,2,"ن ظ ر"
50,6,3,"إِلَىٰ"
50,6,4,"س م و"
50,6,5,"ف و ق"
50,6,6,"ك ي ف"
50,6,7,"ب ن ي"
50,6,8,"ز ي ن"
50,6,12,"ف ر ج"
50,7,1,"ا ر ض"
50,7,2,"م د د"
50,7,3,"ل ق ي"
50,7,5,"ر س و"
50,7,6,"ن ب ت"
50,7,9,"ك ل ل"
50,7,10,"ز و ج"
50,7,11,"ب ه ج"
50,8,1,"ب ص ر"
50,8,2,"ذ ك ر"
50,8,3,"ك ل ل"
50,8,4,"ع ب د"
50,8,5,"ن و ب"
50,9,1,"ن ز ل"
50,9,3,"س م و"
50,9,4,"م و ه"
50,9,5,"ب ر ك"
50,9,6,"ن ب ت"
50,9,8,"ج ن ن"
50,9,9,"ح ب ب"
50,9,10,"ح ص د"
50,10,1,"ن خ ل"
50,10,2,"ب س ق"
50,10,4,"ط ل ع"
50,10,5,"ن ض د"
50,11,1,"ر ز ق"
50,11,2,"ع ب د"
50,11,3,"ح ي ي"
50,11,5,"ب ل د"
50,11,6,"م و ت"
50,11,8,"خ ر ج"
50,12,1,"ك ذ ب"
50,12,2,"ق ب ل"
50,12,3,"ق و م"
50,12,5,"ص ح ب"
50,12,6,"ر س س"
50,13,1,"ع و د"
50,13,3,"ا خ و"
50,14,1,"ص ح ب"
50,14,3,"ق و م"
50,14,5,"ك ل ل"
50,14,6,"ك ذ ب"
50,14,7,"ر س ل"
50,14,8,"ح ق ق"
50,14,9,"و ع د"
50,15,1,"ع ي ي"
50,15,2,"خ ل ق"
50,15,3,"ا و ل"
50,15,7,"ل ب س"
50,15,9,"خ ل ق"
50,15,10,"ج د د"
50,16,2,"خ ل ق"
50,16,3,"ا ن س"
50,16,4,"ع ل م"
50,16,6,"و س و س"
50,16,8,"ن ف س"
50,16,10,"ق ر ب"
50,16,11,"إِلَىٰ"
50,16,13,"ح ب ل"
50,16,14,"و ر د"
50,17,1,"إِذ"
50,17,2,"ل ق ي"
50,17,3,"ل ق ي"
50,17,5,"ي م ن"
50,17,7,"ش م ل"
50,17,8,"ق ع د"
50,18,2,"ل ف ظ"
50,18,4,"ق و ل"
50,18,5,"إِلَّا"
50,18,7,"ر ق ب"
50,18,8,"ع ت د"
50,19,1,"ج ي ا"
50,19,2,"س ك ر"
50,19,3,"م و ت"
50,19,4,"ح ق ق"
50,19,7,"ك و ن"
50,19,9,"ح ي د"
50,20,1,"ن ف خ"
50,20,3,"ص و ر"
50,20,5,"ي و م"
50,20,6,"و ع د"
50,21,1,"ج ي ا"
50,21,2,"ك ل ل"
50,21,3,"ن ف س"
50,21,5,"س و ق"
50,21,6,"ش ه د"
50,22,2,"ك و ن"
50,22,4,"غ ف ل"
50,22,7,"ك ش ف"
50,22,9,"غ ط و"
50,22,10,"ب ص ر"
50,22,11,"ي و م"
50,22,12,"ح د د"
50,23,1,"ق و ل"
50,23,2,"ق ر ن"
50,23,6,"ع ت د"
50,24,1,"ل ق ي"
50,24,4,"ك ل ل"
50,24,5,"ك ف ر"
50,24,6,"ع ن د"
50,25,1,"م ن ع"
50,25,2,"خ ي ر"
50,25,3,"ع د و"
50,25,4,"ر ي ب"
50,26,1,"ٱلَّذِى"
50,26,2,"ج ع ل"
50,26,4,"ا ل ه"
50,26,5,"ا ل ه"
50,26,6,"ا خ ر"
50,26,7,"ل ق ي"
50,26,9,"ع ذ ب"
50,26,10,"ش د د"
50,27,1,"ق و ل"
50,27,2,"ق ر ن"
50,27,3,"ر ب ب"
50,27,5,"ط غ ي"
50,27,7,"ك و ن"
50,27,9,"ض ل ل"
50,27,10,"ب ع د"
50,28,1,"ق و ل"
50,28,3,"خ ص م"
50,28,6,"ق د م"
50,28,7,"إِلَىٰ"
50,28,8,"و ع د"
50,29,2,"ب د ل"
50,29,3,"ق و ل"
50,29,7,"ظ ل م"
50,29,8,"ع ب د"
50,30,1,"ي و م"
50,30,2,"ق و ل"
50,30,5,"م ل ا"
50,30,6,"ق و ل"
50,30,9,"ز ي د"
50,31,1,"ز ل ف"
50,31,2,"ج ن ن"
50,31,3,"و ق ي"
50,31,4,"غ ي ر"
50,31,5,"ب ع د"
50,32,3,"و ع د"
50,32,4,"ك ل ل"
50,32,5,"ا و ب"
50,32,6,"ح ف ظ"
50,33,2,"خ ش ي"
50,33,3,"ر ح م"
50,33,4,"غ ي ب"
50,33,5,"ج ي ا"
50,33,6,"ق ل ب"
50,33,7,"ن و ب"
50,34,1,"د خ ل"
50,34,2,"س ل م"
50,34,4,"ي و م"
50,34,5,"خ ل د"
50,35,3,"ش ي ا"
50,35,6,"ز ي د"
50,36,2,"ه ل ك"
50,36,3,"ق ب ل"
50,36,5,"ق ر ن"
50,36,7,"ش د د"
50,36,9,"ب ط ش"
50,36,10,"ن ق ب"
50,36,12,"ب ل د"
50,36,15,"ح ي ص"
50,37,4,"ذ ك ر"
50,37,6,"ك و ن"
50,37,8,"ق ل ب"
50,37,10,"ل ق ي"
50,37,11,"س م ع"
50,37,13,"ش ه د"
50,38,2,"خ ل ق"
50,38,3,"س م و"
50,38,4,"ا ر ض"
50,38,6,"ب ي ن"
50,38,8,"س ت ت"
50,38,9,"ي و م"
50,38,11,"م س س"
50,38,13,"ل غ ب"
50,39,1,"ص ب ر"
50,39,4,"ق و ل"
50,39,5,"س ب ح"
50,39,6,"ح م د"
50,39,7,"ر ب ب"
50,39,8,"ق ب ل"
50,39,9,"ط ل ع"
50,39,10,"ش م س"
50,39,11,"ق ب ل"
50,39,12,"غ ر ب"
50,40,2,"ل ي ل"
50,40,3,"س ب ح"
50,40,4,"د ب ر"
50,40,5,"س ج د"
50,41,1,"س م ع"
50,41,2,"ي و م"
50,41,3,"ن د و"
50,41,4,"ن د و"
50,41,6,"ك و ن"
50,41,7,"ق ر ب"
50,42,1,"ي و م"
50,42,2,"س م ع"
50,42,3,"ص ي ح"
50,42,4,"ح ق ق"
50,42,6,"ي و م"
50,42,7,"خ ر ج"
50,43,3,"ح ي ي"
50,43,4,"م و ت"
50,43,5,"إِلَىٰ"
50,43,6,"ص ي ر"
50,44,1,"ي و م"
50,44,2,"ش ق ق"
50,44,3,"ا ر ض"
50,44,5,"س ر ع"
50,44,7,"ح ش ر"
50,44,9,"ي س ر"
50,45,2,"ع ل م"
50,45,4,"ق و ل"
50,45,8,"ج ب ر"
50,45,9,"ذ ك ر"
50,45,10,"ق ر ا"
50,45,12,"خ و ف"
50,45,13,"و ع د"
51,1,1,"ذ ر و"
51,1,2,"ذ ر و"
51,2,1,"ح م ل"
51,2,2,"و ق ر"
51,3,1,"ج ر ي"
51,3,2,"ي س ر"
51,4,1,"ق س م"
51,4,2,"ا م ر"
51,5,2,"و ع د"
51,5,3,"ص د ق"
51,6,2,"د ي ن"
51,6,3,"و ق ع"
51,7,1,"س م و"
51,7,3,"ح ب ك"
51,8,3,"ق و ل"
51,8,4,"خ ل ف"
51,9,1,"ا ف ك"
51,9,4,"ا ف ك"
51,10,1,"ق ت ل"
51,10,2,"خ ر ص"
51,11,1,"ٱلَّذِى"
51,11,4,"غ م ر"
51,11,5,"س ه و"
51,12,1,"س ا ل"
51,12,3,"ي و م"
51,12,4,"د ي ن"
51,13,1,"ي و م"
51,13,4,"ن و ر"
51,13,5,"ف ت ن"
51,14,1,"ذ و ق"
51,14,2,"ف ت ن"
51,14,4,"ٱلَّذِى"
51,14,5,"ك و ن"
51,14,7,"ع ج ل"
51,15,2,"و ق ي"
51,15,4,"ج ن ن"
51,15,5,"ع ي ن"
51,16,1,"ا خ ذ"
51,16,3,"ا ت ي"
51,16,4,"ر ب ب"
51,16,6,"ك و ن"
51,16,7,"ق ب ل"
51,16,9,"ح س ن"
51,17,1,"ك و ن"
51,17,2,"ق ل ل"
51,17,4,"ل ي ل"
51,17,6,"ه ج ع"
51,18,1,"س ح ر"
51,18,3,"غ ف ر"
51,19,2,"م و ل"
51,19,3,"ح ق ق"
51,19,4,"س ا ل"
51,19,5,"ح ر م"
51,20,2,"ا ر ض"
51,20,3,"ا ي ي"
51,20,4,"ي ق ن"
51,21,2,"ن ف س"
51,21,4,"ب ص ر"
51,22,2,"س م و"
51,22,3,"ر ز ق"
51,22,5,"و ع د"
51,23,1,"ر ب ب"
51,23,2,"س م و"
51,23,3,"ا ر ض"
51,23,5,"ح ق ق"
51,23,6,"م ث ل"
51,23,9,"ن ط ق"
51,24,2,"ا ت ي"
51,24,3,"ح د ث"
51,24,4,"ض ي ف"
51,24,5,"إِبْرَاهِيم"
51,24,6,"ك ر م"
51,25,1,"إِذ"
51,25,2,"د خ ل"
51,25,4,"ق و ل"
51,25,5,"س ل م"
51,25,6,"ق و ل"
51,25,7,"س ل م"
51,25,8,"ق و م"
51,25,9,"ن ك ر"
51,26,1,"ر و غ"
51,26,2,"إِلَىٰ"
51,26,3,"ا ه ل"
51,26,4,"ج ي ا"
51,26,5,"ع ج ل"
51,26,6,"س م ن"
51,27,1,"ق ر ب"
51,27,2,"إِلَىٰ"
51,27,3,"ق و ل"
51,27,5,"ا ك ل"
51,28,1,"و ج س"
51,28,3,"خ و ف"
51,28,4,"ق و ل"
51,28,6,"خ و ف"
51,28,7,"ب ش ر"
51,28,8,"غ ل م"
51,28,9,"ع ل م"
51,29,1,"ق ب ل"
51,29,2,"م ر ا"
51,29,4,"ص ر ر"
51,29,5,"ص ك ك"
51,29,6,"و ج ه"
51,29,7,"ق و ل"
51,29,8,"ع ج ز"
51,29,9,"ع ق م"
51,30,1,"ق و ل"
51,30,3,"ق و ل"
51,30,4,"ر ب ب"
51,30,7,"ح ك م"
51,30,8,"ع ل م"
51,31,1,"ق و ل"
51,31,3,"خ ط ب"
51,31,5,"ر س ل"
51,32,1,"ق و ل"
51,32,3,"ر س ل"
51,32,4,"إِلَىٰ"
51,32,5,"ق و م"
51,32,6,"ج ر م"
51,33,1,"ر س ل"
51,33,3,"ح ج ر"
51,33,5,"ط ي ن"
51,34,1,"س و م"
51,34,2,"ع ن د"
51,34,3,"ر ب ب"
51,34,4,"س ر ف"
51,35,1,"خ ر ج"
51,35,3,"ك و ن"
51,35,6,"ا م ن"
51,36,2,"و ج د"
51,36,4,"غ ي ر"
51,36,5,"ب ي ت"
51,36,7,"س ل م"
51,37,1,"ت ر ك"
51,37,3,"ا ي ي"
51,37,4,"ٱلَّذِى"
51,37,5,"خ و ف"
51,37,6,"ع ذ ب"
51,37,7,"ا ل م"
51,38,3,"إِذ"
51,38,4,"ر س ل"
51,38,5,"إِلَىٰ"
51,38,7,"س ل ط"
51,38,8,"ب ي ن"
51,39,1,"و ل ي"
51,39,2,"ر ك ن"
51,39,3,"ق و ل"
51,39,4,"س ح ر"
51,39,6,"ج ن ن"
51,40,1,"ا خ ذ"
51,40,2,"ج ن د"
51,40,3,"ن ب ذ"
51,40,5,"ي م م"
51,40,7,"ل و م"
51,41,2,"ع و د"
51,41,3,"إِذ"
51,41,4,"ر س ل"
51,41,6,"ر و ح"
51,41,7,"ع ق م"
51,42,2,"و ذ ر"
51,42,4,"ش ي ا"
51,42,5,"ا ت ي"
51,42,7,"إِلَّا"
51,42,8,"ج ع ل"
51,42,9,"ر م م"
51,43,3,"إِذ"
51,43,4,"ق و ل"
51,43,6,"م ت ع"
51,43,8,"ح ي ن"
51,44,1,"ع ت و"
51,44,3,"ا م ر"
51,44,4,"ر ب ب"
51,44,5,"ا خ ذ"
51,44,6,"ص ع ق"
51,44,8,"ن ظ ر"
51,45,2,"ط و ع"
51,45,4,"ق و م"
51,45,6,"ك و ن"
51,45,7,"ن ص ر"
51,46,1,"ق و م"
51,46,4,"ق ب ل"
51,46,6,"ك و ن"
51,46,7,"ق و م"
51,46,8,"ف س ق"
51,47,1,"س م و"
51,47,2,"ب ن ي"
51,47,3,"ا ي د"
51,47,5,"و س ع"
51,48,1,"ا ر ض"
51,48,2,"ف ر ش"
51,48,3,"ن ع م"
51,48,4,"م ه د"
51,49,2,"ك ل ل"
51,49,3,"ش ي ا"
51,49,4,"خ ل ق"
51,49,5,"ز و ج"
51,49,7,"ذ ك ر"
51,50,1,"ف ر ر"
51,50,2,"إِلَىٰ"
51,50,3,"ا ل ه"
51,50,7,"ن ذ ر"
51,50,8,"ب ي ن"
51,51,2,"ج ع ل"
51,51,4,"ا ل ه"
51,51,5,"ا ل ه"
51,51,6,"ا خ ر"
51,51,10,"ن ذ ر"
51,51,11,"ب ي ن"
51,52,3,"ا ت ي"
51,52,4,"ٱلَّذِى"
51,52,6,"ق ب ل"
51,52,8,"ر س ل"
51,52,9,"إِلَّا"
51,52,10,"ق و ل"
51,52,11,"س ح ر"
51,52,13,"ج ن ن"
51,53,1,"و ص ي"
51,53,5,"ق و م"
51,53,6,"ط غ ي"
51,54,1,"و ل ي"
51,54,5,"ل و م"
51,55,1,"ذ ك ر"
51,55,3,"ذ ك ر"
51,55,4,"ن ف ع"
51,55,5,"ا م ن"
51,56,2,"خ ل ق"
51,56,3,"ج ن ن"
51,56,4,"ا ن س"
51,56,5,"إِلَّا"
51,56,6,"ع ب د"
51,57,2,"ر و د"
51,57,5,"ر ز ق"
51,57,7,"ر و د"
51,57,9,"ط ع م"
51,58,2,"ا ل ه"
51,58,4,"ر ز ق"
51,58,6,"ق و ي"
51,58,7,"م ت ن"
51,59,2,"ٱلَّذِى"
51,59,3,"ظ ل م"
51,59,4,"ذ ن ب"
51,59,5,"م ث ل"
51,59,6,"ذ ن ب"
51,59,7,"ص ح ب"
51,59,9,"ع ج ل"
51,60,2,"ٱلَّذِى"
51,60,3,"ك ف ر"
51,60,5,"ي و م"
51,60,6,"ٱلَّذِى"
51,60,7,"و ع د"
52,1,1,"ط و ر"
52,2,1,"ك ت ب"
52,2,2,"س ط ر"
52,3,2,"ر ق ق"
52,3,3,"ن ش ر"
52,4,1,"ب ي ت"
52,4,2,"ع م ر"
52,5,1,"س ق ف"
52,5,2,"ر ف ع"
52,6,1,"ب ح ر"
52,6,2,"س ج ر"
52,7,2,"ع ذ ب"
52,7,3,"ر ب ب"
52,7,4,"و ق ع"
52,8,4,"د ف ع"
52,9,1,"ي و م"
52,9,2,"م و ر"
52,9,3,"س م و"
52,9,4,"م و ر"
52,10,1,"س ي ر"
52,10,2,"ج ب ل"
52,10,3,"س ي ر"
52,11,3,"ك ذ ب"
52,12,1,"ٱلَّذِى"
52,12,4,"خ و ض"
52,12,5,"ل ع ب"
52,13,1,"ي و م"
52,13,2,"د ع ع"
52,13,3,"إِلَىٰ"
52,13,4,"ن و ر"
52,13,6,"د ع ع"
52,14,2,"ن و ر"
52,14,3,"ٱلَّذِى"
52,14,4,"ك و ن"
52,14,6,"ك ذ ب"
52,15,1,"س ح ر"
52,15,3,"أَم"
52,15,6,"ب ص ر"
52,16,1,"ص ل ي"
52,16,2,"ص ب ر"
52,16,5,"ص ب ر"
52,16,6,"س و ي"
52,16,9,"ج ز ي"
52,16,11,"ك و ن"
52,16,12,"ع م ل"
52,17,2,"و ق ي"
52,17,4,"ج ن ن"
52,17,5,"ن ع م"
52,18,1,"ف ك ه"
52,18,3,"ا ت ي"
52,18,4,"ر ب ب"
52,18,5,"و ق ي"
52,18,6,"ر ب ب"
52,18,7,"ع ذ ب"
52,18,8,"ج ح م"
52,19,1,"ا ك ل"
52,19,2,"ش ر ب"
52,19,3,"ه ن ا"
52,19,5,"ك و ن"
52,19,6,"ع م ل"
52,20,1,"و ك ا"
52,20,3,"س ر ر"
52,20,4,"ص ف ف"
52,20,5,"ز و ج"
52,20,6,"ح و ر"
52,20,7,"ع ي ن"
52,21,1,"ٱلَّذِى"
52,21,2,"ا م ن"
52,21,3,"ت ب ع"
52,21,4,"ذ ر ر"
52,21,5,"ا م ن"
52,21,6,"ل ح ق"
52,21,8,"ذ ر ر"
52,21,10,"ا ل ت"
52,21,12,"ع م ل"
52,21,14,"ش ي ا"
52,21,15,"ك ل ل"
52,21,16,"م ر ا"
52,21,18,"ك س ب"
52,21,19,"ر ه ن"
52,22,1,"م د د"
52,22,2,"ف ك ه"
52,22,3,"ل ح م"
52,22,5,"ش ه و"
52,23,1,"ن ز ع"
52,23,3,"ك ا س"
52,23,5,"ل غ و"
52,23,8,"ا ث م"
52,24,1,"ط و ف"
52,24,3,"غ ل م"
52,24,6,"ل ا ل ا"
52,24,7,"ك ن ن"
52,25,1,"ق ب ل"
52,25,2,"ب ع ض"
52,25,4,"ب ع ض"
52,25,5,"س ا ل"
52,26,1,"ق و ل"
52,26,3,"ك و ن"
52,26,4,"ق ب ل"
52,26,6,"ا ه ل"
52,26,7,"ش ف ق"
52,27,1,"م ن ن"
52,27,2,"ا ل ه"
52,27,4,"و ق ي"
52,27,5,"ع ذ ب"
52,27,6,"س م م"
52,28,2,"ك و ن"
52,28,4,"ق ب ل"
52,28,5,"د ع و"
52,28,8,"ب ر ر"
52,28,9,"ر ح م"
52,29,1,"ذ ك ر"
52,29,4,"ن ع م"
52,29,5,"ر ب ب"
52,29,6,"ك ه ن"
52,29,8,"ج ن ن"
52,30,1,"أَم"
52,30,2,"ق و ل"
52,30,3,"ش ع ر"
52,30,4,"ر ب ص"
52,30,6,"ر ي ب"
52,30,7,"م ن ن"
52,31,1,"ق و ل"
52,31,2,"ر ب ص"
52,31,6,"ر ب ص"
52,32,1,"أَم"
52,32,2,"ا م ر"
52,32,3,"ح ل م"
52,32,5,"أَم"
52,32,7,"ق و م"
52,32,8,"ط غ ي"
52,33,1,"أَم"
52,33,2,"ق و ل"
52,33,3,"ق و ل"
52,33,6,"ا م ن"
52,34,1,"ا ت ي"
52,34,2,"ح د ث"
52,34,3,"م ث ل"
52,34,5,"ك و ن"
52,34,6,"ص د ق"
52,35,1,"أَم"
52,35,2,"خ ل ق"
52,35,4,"غ ي ر"
52,35,5,"ش ي ا"
52,35,6,"أَم"
52,35,8,"خ ل ق"
52,36,1,"أَم"
52,36,2,"خ ل ق"
52,36,3,"س م و"
52,36,4,"ا ر ض"
52,36,7,"ي ق ن"
52,37,1,"أَم"
52,37,2,"ع ن د"
52,37,3,"خ ز ن"
52,37,4,"ر ب ب"
52,37,5,"أَم"
52,37,7,"س ط ر"
52,38,1,"أَم"
52,38,3,"س ل م"
52,38,4,"س م ع"
52,38,6,"ا ت ي"
52,38,7,"س م ع"
52,38,8,"س ل ط"
52,38,9,"ب ي ن"
52,39,1,"أَم"
52,39,3,"ب ن ي"
52,39,5,"ب ن ي"
52,40,1,"أَم"
52,40,2,"س ا ل"
52,40,3,"ا ج ر"
52,40,6,"غ ر م"
52,40,7,"ث ق ل"
52,41,1,"أَم"
52,41,2,"ع ن د"
52,41,3,"غ ي ب"
52,41,5,"ك ت ب"
52,42,1,"أَم"
52,42,2,"ر و د"
52,42,3,"ك ي د"
52,42,4,"ٱلَّذِى"
52,42,5,"ك ف ر"
52,42,7,"ك ي د"
52,43,1,"أَم"
52,43,3,"ا ل ه"
52,43,4,"غ ي ر"
52,43,5,"ا ل ه"
52,43,6,"س ب ح"
52,43,7,"ا ل ه"
52,43,9,"ش ر ك"
52,44,2,"ر ا ي"
52,44,3,"ك س ف"
52,44,5,"س م و"
52,44,6,"س ق ط"
52,44,7,"ق و ل"
52,44,8,"س ح ب"
52,44,9,"ر ك م"
52,45,1,"و ذ ر"
52,45,3,"ل ق ي"
52,45,4,"ي و م"
52,45,5,"ٱلَّذِى"
52,45,7,"ص ع ق"
52,46,1,"ي و م"
52,46,3,"غ ن ي"
52,46,5,"ك ي د"
52,46,6,"ش ي ا"
52,46,9,"ن ص ر"
52,47,2,"ٱلَّذِى"
52,47,3,"ظ ل م"
52,47,4,"ع ذ ب"
52,47,5,"د و ن"
52,47,8,"ك ث ر"
52,47,10,"ع ل م"
52,48,1,"ص ب ر"
52,48,2,"ح ك م"
52,48,3,"ر ب ب"
52,48,5,"ع ي ن"
52,48,6,"س ب ح"
52,48,7,"ح م د"
52,48,8,"ر ب ب"
52,48,9,"ح ي ن"
52,48,10,"ق و م"
52,49,2,"ل ي ل"
52,49,3,"س ب ح"
52,49,4,"د ب ر"
52,49,5,"ن ج م"
53,1,1,"ن ج م"
53,1,2,"إِذَا"
53,1,3,"ه و ي"
53,2,2,"ض ل ل"
53,2,3,"ص ح ب"
53,2,5,"غ و ي"
53,3,2,"ن ط ق"
53,3,4,"ه و ي"
53,4,3,"إِلَّا"
53,4,4,"و ح ي"
53,4,5,"و ح ي"
53,5,1,"ع ل م"
53,5,2,"ش د د"
53,5,3,"ق و ي"
53,6,2,"م ر ر"
53,6,3,"س و ي"
53,7,2,"ا ف ق"
53,7,3,"ع ل و"
53,8,2,"د ن و"
53,8,3,"د ل و"
53,9,1,"ك و ن"
53,9,2,"ق و ب"
53,9,3,"ق و س"
53,9,5,"د ن و"
53,10,1,"و ح ي"
53,10,2,"إِلَىٰ"
53,10,3,"ع ب د"
53,10,5,"و ح ي"
53,11,2,"ك ذ ب"
53,11,3,"ف ا د"
53,11,5,"ر ا ي"
53,12,1,"م ر ي"
53,12,4,"ر ا ي"
53,13,2,"ر ا ي"
53,13,3,"ن ز ل"
53,13,4,"ا خ ر"
53,14,1,"ع ن د"
53,14,2,"س د ر"
53,14,3,"ن ه ي"
53,15,1,"ع ن د"
53,15,2,"ج ن ن"
53,15,3,"ا و ي"
53,16,1,"إِذ"
53,16,2,"غ ش و"
53,16,3,"س د ر"
53,16,5,"غ ش و"
53,17,2,"ز ي غ"
53,17,3,"ب ص ر"
53,17,5,"ط غ ي"
53,18,2,"ر ا ي"
53,18,4,"ا ي ي"
53,18,5,"ر ب ب"
53,18,6,"ك ب ر"
53,19,1,"ر ا ي"
53,20,2,"ث ل ث"
53,20,3,"ا خ ر"
53,21,2,"ذ ك ر"
53,21,4,"ا ن ث"
53,22,2,"إِذًا"
53,22,3,"ق س م"
53,22,4,"ض ي ز"
53,23,3,"إِلَّا"
53,23,4,"س م و"
53,23,5,"س م و"
53,23,7,"ا ب و"
53,23,9,"ن ز ل"
53,23,10,"ا ل ه"
53,23,13,"س ل ط"
53,23,15,"ت ب ع"
53,23,16,"إِلَّا"
53,23,17,"ظ ن ن"
53,23,19,"ه و ي"
53,23,20,"ن ف س"
53,23,22,"ج ي ا"
53,23,24,"ر ب ب"
53,23,25,"ه د ي"
53,24,1,"أَم"
53,24,2,"ا ن س"
53,24,4,"م ن ي"
53,25,1,"ا ل ه"
53,25,2,"ا خ ر"
53,25,3,"ا و ل"
53,26,3,"م ل ك"
53,26,5,"س م و"
53,26,7,"غ ن ي"
53,26,8,"ش ف ع"
53,26,9,"ش ي ا"
53,26,10,"إِلَّا"
53,26,12,"ب ع د"
53,26,14,"ا ذ ن"
53,26,15,"ا ل ه"
53,26,17,"ش ي ا"
53,26,18,"ر ض و"
53,27,2,"ٱلَّذِى"
53,27,4,"ا م ن"
53,27,5,"ا خ ر"
53,27,6,"س م و"
53,27,7,"م ل ك"
53,27,8,"س م و"
53,27,9,"ا ن ث"
53,28,5,"ع ل م"
53,28,7,"ت ب ع"
53,28,8,"إِلَّا"
53,28,9,"ظ ن ن"
53,28,11,"ظ ن ن"
53,28,13,"غ ن ي"
53,28,15,"ح ق ق"
53,28,16,"ش ي ا"
53,29,1,"ع ر ض"
53,29,4,"و ل ي"
53,29,6,"ذ ك ر"
53,29,8,"ر و د"
53,29,9,"إِلَّا"
53,29,10,"ح ي ي"
53,29,11,"د ن و"
53,30,2,"ب ل غ"
53,30,4,"ع ل م"
53,30,6,"ر ب ب"
53,30,8,"ع ل م"
53,30,10,"ض ل ل"
53,30,12,"س ب ل"
53,30,14,"ع ل م"
53,30,16,"ه د ي"
53,31,1,"ا ل ه"
53,31,4,"س م و"
53,31,7,"ا ر ض"
53,31,8,"ج ز ي"
53,31,9,"ٱلَّذِى"
53,31,10,"س و ا"
53,31,12,"ع م ل"
53,31,13,"ج ز ي"
53,31,14,"ٱلَّذِى"
53,31,15,"ح س ن"
53,31,16,"ح س ن"
53,32,1,"ٱلَّذِى"
53,32,2,"ج ن ب"
53,32,3,"ك ب ر"
53,32,4,"ا ث م"
53,32,5,"ف ح ش"
53,32,6,"إِلَّا"
53,32,7,"ل م م"
53,32,9,"ر ب ب"
53,32,10,"و س ع"
53,32,11,"غ ف ر"
53,32,13,"ع ل م"
53,32,15,"إِذ"
53,32,16,"ن ش ا"
53,32,18,"ا ر ض"
53,32,19,"إِذ"
53,32,21,"ج ن ن"
53,32,23,"ب ط ن"
53,32,24,"ا م م"
53,32,26,"ز ك و"
53,32,27,"ن ف س"
53,32,29,"ع ل م"
53,32,31,"و ق ي"
53,33,1,"ر ا ي"
53,33,2,"ٱلَّذِى"
53,33,3,"و ل ي"
53,34,1,"ع ط و"
53,34,2,"ق ل ل"
53,34,3,"ك د ي"
53,35,1,"ع ن د"
53,35,2,"ع ل م"
53,35,3,"غ ي ب"
53,35,5,"ر ا ي"
53,36,1,"أَم"
53,36,3,"ن ب ا"
53,36,6,"ص ح ف"
53,37,1,"إِبْرَاهِيم"
53,37,2,"ٱلَّذِى"
53,37,3,"و ف ي"
53,38,2,"و ز ر"
53,38,3,"و ز ر"
53,38,4,"و ز ر"
53,38,5,"ا خ ر"
53,39,2,"ل ي س"
53,39,3,"ا ن س"
53,39,4,"إِلَّا"
53,39,6,"س ع ي"
53,40,2,"س ع ي"
53,40,4,"ر ا ي"
53,41,2,"ج ز ي"
53,41,3,"ج ز ي"
53,41,4,"و ف ي"
53,42,2,"إِلَىٰ"
53,42,3,"ر ب ب"
53,42,4,"ن ه ي"
53,43,3,"ض ح ك"
53,43,4,"ب ك ي"
53,44,3,"م و ت"
53,44,4,"ح ي ي"
53,45,2,"خ ل ق"
53,45,3,"ز و ج"
53,45,4,"ذ ك ر"
53,45,5,"ا ن ث"
53,46,2,"ن ط ف"
53,46,3,"إِذَا"
53,46,4,"م ن ي"
53,47,3,"ن ش ا"
53,47,4,"ا خ ر"
53,48,3,"غ ن ي"
53,48,4,"ق ن ي"
53,49,3,"ر ب ب"
53,49,4,"ش ع ر"
53,50,2,"ه ل ك"
53,50,3,"ع و د"
53,50,4,"ا و ل"
53,51,3,"ب ق ي"
53,52,1,"ق و م"
53,52,4,"ق ب ل"
53,52,6,"ك و ن"
53,52,8,"ظ ل م"
53,52,9,"ط غ ي"
53,53,1,"ا ف ك"
53,53,2,"ه و ي"
53,54,1,"غ ش و"
53,54,3,"غ ش و"
53,55,2,"ا ل و"
53,55,3,"ر ب ب"
53,55,4,"م ر ي"
53,56,2,"ن ذ ر"
53,56,4,"ن ذ ر"
53,56,5,"ا و ل"
53,57,1,"ا ز ف"
53,57,2,"ا ز ف"
53,58,1,"ل ي س"
53,58,4,"د و ن"
53,58,5,"ا ل ه"
53,58,6,"ك ش ف"
53,59,3,"ح د ث"
53,59,4,"ع ج ب"
53,60,1,"ض ح ك"
53,60,3,"ب ك ي"
53,61,2,"س م د"
53,62,1,"س ج د"
53,62,2,"ا ل ه"
53,62,3,"ع ب د"
54,1,1,"ق ر ب"
54,1,2,"س و ع"
54,1,3,"ش ق ق"
54,1,4,"ق م ر"
54,2,2,"ر ا ي"
54,2,3,"ا ي ي"
54,2,4,"ع ر ض"
54,2,5,"ق و ل"
54,2,6,"س ح ر"
54,2,7,"م ر ر"
54,3,1,"ك ذ ب"
54,3,2,"ت ب ع"
54,3,3,"ه و ي"
54,3,4,"ك ل ل"
54,3,5,"ا م ر"
54,3,6,"ق ر ر"
54,4,2,"ج ي ا"
54,4,4,"ن ب ا"
54,4,7,"ز ج ر"
54,5,1,"ح ك م"
54,5,2,"ب ل غ"
54,5,4,"غ ن ي"
54,5,5,"ن ذ ر"
54,6,1,"و ل ي"
54,6,3,"ي و م"
54,6,4,"د ع و"
54,6,5,"د ع و"
54,6,6,"إِلَىٰ"
54,6,7,"ش ي ا"
54,6,8,"ن ك ر"
54,7,1,"خ ش ع"
54,7,2,"ب ص ر"
54,7,3,"خ ر ج"
54,7,5,"ج د ث"
54,7,7,"ج ر د"
54,7,8,"ن ش ر"
54,8,1,"ه ط ع"
54,8,2,"إِلَىٰ"
54,8,3,"د ع و"
54,8,4,"ق و ل"
54,8,5,"ك ف ر"
54,8,7,"ي و م"
54,8,8,"ع س ر"
54,9,1,"ك ذ ب"
54,9,2,"ق ب ل"
54,9,3,"ق و م"
54,9,5,"ك ذ ب"
54,9,6,"ع ب د"
54,9,7,"ق و ل"
54,9,8,"ج ن ن"
54,9,9,"ز ج ر"
54,10,1,"د ع و"
54,10,2,"ر ب ب"
54,10,4,"غ ل ب"
54,10,5,"ن ص ر"
54,11,1,"ف ت ح"
54,11,2,"ب و ب"
54,11,3,"س م و"
54,11,4,"م و ه"
54,11,5,"ه م ر"
54,12,1,"ف ج ر"
54,12,2,"ا ر ض"
54,12,3,"ع ي ن"
54,12,4,"ل ق ي"
54,12,5,"م و ه"
54,12,7,"ا م ر"
54,12,9,"ق د ر"
54,13,1,"ح م ل"
54,13,4,"ل و ح"
54,13,5,"د س ر"
54,14,1,"ج ر ي"
54,14,2,"ع ي ن"
54,14,3,"ج ز ي"
54,14,5,"ك و ن"
54,14,6,"ك ف ر"
54,15,2,"ت ر ك"
54,15,3,"ا ي ي"
54,15,6,"ذ ك ر"
54,16,1,"ك ي ف"
54,16,2,"ك و ن"
54,16,3,"ع ذ ب"
54,16,4,"ن ذ ر"
54,17,2,"ي س ر"
54,17,3,"ق ر ا"
54,17,4,"ذ ك ر"
54,17,7,"ذ ك ر"
54,18,1,"ك ذ ب"
54,18,2,"ع و د"
54,18,3,"ك ي ف"
54,18,4,"ك و ن"
54,18,5,"ع ذ ب"
54,18,6,"ن ذ ر"
54,19,2,"ر س ل"
54,19,4,"ر و ح"
54,19,5,"ص ر ص ر"
54,19,7,"ي و م"
54,19,8,"ن ح س"
54,19,9,"م ر ر"
54,20,1,"ن ز ع"
54,20,2,"ن و س"
54,20,4,"ع ج ز"
54,20,5,"ن خ ل"
54,20,6,"ق ع ر"
54,21,1,"ك ي ف"
54,21,2,"ك و ن"
54,21,3,"ع ذ ب"
54,21,4,"ن ذ ر"
54,22,2,"ي س ر"
54,22,3,"ق ر ا"
54,22,4,"ذ ك ر"
54,22,7,"ذ ك ر"
54,23,1,"ك ذ ب"
54,23,3,"ن ذ ر"
54,24,1,"ق و ل"
54,24,2,"ب ش ر"
54,24,4,"و ح د"
54,24,5,"ت ب ع"
54,24,7,"إِذًا"
54,24,9,"ض ل ل"
54,24,10,"س ع ر"
54,25,1,"ل ق ي"
54,25,2,"ذ ك ر"
54,25,5,"ب ي ن"
54,25,8,"ك ذ ب"
54,25,9,"ا ش ر"
54,26,1,"ع ل م"
54,26,2,"غ د و"
54,26,4,"ك ذ ب"
54,26,5,"ا ش ر"
54,27,2,"ر س ل"
54,27,3,"ن و ق"
54,27,4,"ف ت ن"
54,27,6,"ر ق ب"
54,27,7,"ص ب ر"
54,28,1,"ن ب ا"
54,28,3,"م و ه"
54,28,4,"ق س م"
54,28,5,"ب ي ن"
54,28,6,"ك ل ل"
54,28,7,"ش ر ب"
54,28,8,"ح ض ر"
54,29,1,"ن د و"
54,29,2,"ص ح ب"
54,29,3,"ع ط و"
54,29,4,"ع ق ر"
54,30,1,"ك ي ف"
54,30,2,"ك و ن"
54,30,3,"ع ذ ب"
54,30,4,"ن ذ ر"
54,31,2,"ر س ل"
54,31,4,"ص ي ح"
54,31,5,"و ح د"
54,31,6,"ك و ن"
54,31,7,"ه ش م"
54,31,8,"ح ظ ر"
54,32,2,"ي س ر"
54,32,3,"ق ر ا"
54,32,4,"ذ ك ر"
54,32,7,"ذ ك ر"
54,33,1,"ك ذ ب"
54,33,2,"ق و م"
54,33,4,"ن ذ ر"
54,34,2,"ر س ل"
54,34,4,"ح ص ب"
54,34,5,"إِلَّا"
54,34,6,"ا و ل"
54,34,8,"ن ج و"
54,34,9,"س ح ر"
54,35,1,"ن ع م"
54,35,3,"ع ن د"
54,35,5,"ج ز ي"
54,35,7,"ش ك ر"
54,36,2,"ن ذ ر"
54,36,3,"ب ط ش"
54,36,4,"م ر ي"
54,36,5,"ن ذ ر"
54,37,2,"ر و د"
54,37,4,"ض ي ف"
54,37,5,"ط م س"
54,37,6,"ع ي ن"
54,37,7,"ذ و ق"
54,37,8,"ع ذ ب"
54,37,9,"ن ذ ر"
54,38,2,"ص ب ح"
54,38,3,"ب ك ر"
54,38,4,"ع ذ ب"
54,38,5,"ق ر ر"
54,39,1,"ذ و ق"
54,39,2,"ع ذ ب"
54,39,3,"ن ذ ر"
54,40,2,"ي س ر"
54,40,3,"ق ر ا"
54,40,4,"ذ ك ر"
54,40,7,"ذ ك ر"
54,41,2,"ج ي ا"
54,41,3,"ا و ل"
54,41,5,"ن ذ ر"
54,42,1,"ك ذ ب"
54,42,2,"ا ي ي"
54,42,3,"ك ل ل"
54,42,4,"ا خ ذ"
54,42,5,"ا خ ذ"
54,42,6,"ع ز ز"
54,42,7,"ق د ر"
54,43,1,"ك ف ر"
54,43,2,"خ ي ر"
54,43,5,"أَم"
54,43,7,"ب ر ا"
54,43,9,"ز ب ر"
54,44,1,"أَم"
54,44,2,"ق و ل"
54,44,4,"ج م ع"
54,44,5,"ن ص ر"
54,45,1,"ه ز م"
54,45,2,"ج م ع"
54,45,3,"و ل ي"
54,45,4,"د ب ر"
54,46,2,"س و ع"
54,46,3,"و ع د"
54,46,4,"س و ع"
54,46,5,"د ه ي"
54,46,6,"م ر ر"
54,47,2,"ج ر م"
54,47,4,"ض ل ل"
54,47,5,"س ع ر"
54,48,1,"ي و م"
54,48,2,"س ح ب"
54,48,4,"ن و ر"
54,48,6,"و ج ه"
54,48,7,"ذ و ق"
54,48,8,"م س س"
54,49,2,"ك ل ل"
54,49,3,"ش ي ا"
54,49,4,"خ ل ق"
54,49,5,"ق د ر"
54,50,2,"ا م ر"
54,50,3,"إِلَّا"
54,50,4,"و ح د"
54,50,5,"ل م ح"
54,50,6,"ب ص ر"
54,51,2,"ه ل ك"
54,51,3,"ش ي ع"
54,51,6,"ذ ك ر"
54,52,1,"ك ل ل"
54,52,2,"ش ي ا"
54,52,3,"ف ع ل"
54,52,5,"ز ب ر"
54,53,1,"ك ل ل"
54,53,2,"ص غ ر"
54,53,3,"ك ب ر"
54,53,4,"س ط ر"
54,54,2,"و ق ي"
54,54,4,"ج ن ن"
54,54,5,"ن ه ر"
54,55,2,"ق ع د"
54,55,3,"ص د ق"
54,55,4,"ع ن د"
54,55,5,"م ل ك"
54,55,6,"ق د ر"
55,1,1,"ر ح م"
55,2,1,"ع ل م"
55,2,2,"ق ر ا"
55,3,1,"خ ل ق"
55,3,2,"ا ن س"
55,4,1,"ع ل م"
55,4,2,"ب ي ن"
55,5,1,"ش م س"
55,5,2,"ق م ر"
55,5,3,"ح س ب"
55,6,1,"ن ج م"
55,6,2,"ش ج ر"
55,6,3,"س ج د"
55,7,1,"س م و"
55,7,2,"ر ف ع"
55,7,3,"و ض ع"
55,7,4,"و ز ن"
55,8,2,"ط غ ي"
55,8,4,"و ز ن"
55,9,1,"ق و م"
55,9,2,"و ز ن"
55,9,3,"ق س ط"
55,9,5,"خ س ر"
55,9,6,"و ز ن"
55,10,1,"ا ر ض"
55,10,2,"و ض ع"
55,10,3,"ا ن م"
55,11,2,"ف ك ه"
55,11,3,"ن خ ل"
55,11,5,"ك م م"
55,12,1,"ح ب ب"
55,12,3,"ع ص ف"
55,12,4,"ر و ح"
55,13,2,"ا ل و"
55,13,3,"ر ب ب"
55,13,4,"ك ذ ب"
55,14,1,"خ ل ق"
55,14,2,"ا ن س"
55,14,4,"ص ل ص ل"
55,14,5,"ف خ ر"
55,15,1,"خ ل ق"
55,15,2,"ج ن ن"
55,15,4,"م ر ج"
55,15,6,"ن و ر"
55,16,2,"ا ل و"
55,16,3,"ر ب ب"
55,16,4,"ك ذ ب"
55,17,1,"ر ب ب"
55,17,2,"ش ر ق"
55,17,3,"ر ب ب"
55,17,4,"غ ر ب"
55,18,2,"ا ل و"
55,18,3,"ر ب ب"
55,18,4,"ك ذ ب"
55,19,1,"م ر ج"
55,19,2,"ب ح ر"
55,19,3,"ل ق ي"
55,20,1,"ب ي ن"
55,20,4,"ب غ ي"
55,21,2,"ا ل و"
55,21,3,"ر ب ب"
55,21,4,"ك ذ ب"
55,22,1,"خ ر ج"
55,22,3,"ل ا ل ا"
55,22,4,"م ر ج"
55,23,2,"ا ل و"
55,23,3,"ر ب ب"
55,23,4,"ك ذ ب"
55,24,2,"ج ر ي"
55,24,3,"ن ش ا"
55,24,5,"ب ح ر"
55,24,6,"ع ل م"
55,25,2,"ا ل و"
55,25,3,"ر ب ب"
55,25,4,"ك ذ ب"
55,26,1,"ك ل ل"
55,26,4,"ف ن ي"
55,27,1,"ب ق ي"
55,27,2,"و ج ه"
55,27,3,"ر ب ب"
55,27,5,"ج ل ل"
55,27,6,"ك ر م"
55,28,2,"ا ل و"
55,28,3,"ر ب ب"
55,28,4,"ك ذ ب"
55,29,1,"س ا ل"
55,29,4,"س م و"
55,29,5,"ا ر ض"
55,29,6,"ك ل ل"
55,29,7,"ي و م"
55,29,10,"ش ا ن"
55,30,2,"ا ل و"
55,30,3,"ر ب ب"
55,30,4,"ك ذ ب"
55,31,1,"ف ر غ"
55,31,4,"ث ق ل"
55,32,2,"ا ل و"
55,32,3,"ر ب ب"
55,32,4,"ك ذ ب"
55,33,1,"ع ش ر"
55,33,2,"ج ن ن"
55,33,3,"ا ن س"
55,33,5,"ط و ع"
55,33,7,"ن ف ذ"
55,33,9,"ق ط ر"
55,33,10,"س م و"
55,33,11,"ا ر ض"
55,33,12,"ن ف ذ"
55,33,14,"ن ف ذ"
55,33,15,"إِلَّا"
55,33,16,"س ل ط"
55,34,2,"ا ل و"
55,34,3,"ر ب ب"
55,34,4,"ك ذ ب"
55,35,1,"ر س ل"
55,35,3,"ش و ظ"
55,35,5,"ن و ر"
55,35,6,"ن ح س"
55,35,8,"ن ص ر"
55,36,2,"ا ل و"
55,36,3,"ر ب ب"
55,36,4,"ك ذ ب"
55,37,1,"إِذَا"
55,37,2,"ش ق ق"
55,37,3,"س م و"
55,37,4,"ك و ن"
55,37,5,"و ر د"
55,37,6,"د ه ن"
55,38,2,"ا ل و"
55,38,3,"ر ب ب"
55,38,4,"ك ذ ب"
55,39,3,"س ا ل"
55,39,5,"ذ ن ب"
55,39,6,"ا ن س"
55,39,8,"ج ن ن"
55,40,2,"ا ل و"
55,40,3,"ر ب ب"
55,40,4,"ك ذ ب"
55,41,1,"ع ر ف"
55,41,2,"ج ر م"
55,41,3,"س و م"
55,41,4,"ا خ ذ"
55,41,5,"ن ص ي"
55,41,6,"ق د م"
55,42,2,"ا ل و"
55,42,3,"ر ب ب"
55,42,4,"ك ذ ب"
55,43,3,"ٱلَّذِى"
55,43,4,"ك ذ ب"
55,43,6,"ج ر م"
55,44,1,"ط و ف"
55,44,2,"ب ي ن"
55,44,3,"ب ي ن"
55,44,4,"ح م م"
55,44,5,"ا ن ي"
55,45,2,"ا ل و"
55,45,3,"ر ب ب"
55,45,4,"ك ذ ب"
55,46,2,"خ و ف"
55,46,3,"ق و م"
55,46,4,"ر ب ب"
55,46,5,"ج ن ن"
55,47,2,"ا ل و"
55,47,3,"ر ب ب"
55,47,4,"ك ذ ب"
55,48,2,"ف ن ن"
55,49,2,"ا ل و"
55,49,3,"ر ب ب"
55,49,4,"ك ذ ب"
55,50,2,"ع ي ن"
55,50,3,"ج ر ي"
55,51,2,"ا ل و"
55,51,3,"ر ب ب"
55,51,4,"ك ذ ب"
55,52,3,"ك ل ل"
55,52,4,"ف ك ه"
55,52,5,"ز و ج"
55,53,2,"ا ل و"
55,53,3,"ر ب ب"
55,53,4,"ك ذ ب"
55,54,1,"و ك ا"
55,54,3,"ف ر ش"
55,54,4,"ب ط ن"
55,54,6,"إِسْتَبْرَق"
55,54,7,"ج ن ي"
55,54,8,"ج ن ن"
55,54,9,"د ن و"
55,55,2,"ا ل و"
55,55,3,"ر ب ب"
55,55,4,"ك ذ ب"
55,56,2,"ق ص ر"
55,56,3,"ط ر ف"
55,56,5,"ط م ث"
55,56,6,"ا ن س"
55,56,7,"ق ب ل"
55,56,9,"ج ن ن"
55,57,2,"ا ل و"
55,57,3,"ر ب ب"
55,57,4,"ك ذ ب"
55,58,3,"م ر ج"
55,59,2,"ا ل و"
55,59,3,"ر ب ب"
55,59,4,"ك ذ ب"
55,60,2,"ج ز ي"
55,60,3,"ح س ن"
55,60,4,"إِلَّا"
55,60,5,"ح س ن"
55,61,2,"ا ل و"
55,61,3,"ر ب ب"
55,61,4,"ك ذ ب"
55,62,2,"د و ن"
55,62,3,"ج ن ن"
55,63,2,"ا ل و"
55,63,3,"ر ب ب"
55,63,4,"ك ذ ب"
55,64,1,"د ه م"
55,65,2,"ا ل و"
55,65,3,"ر ب ب"
55,65,4,"ك ذ ب"
55,66,2,"ع ي ن"
55,66,3,"ن ض خ"
55,67,2,"ا ل و"
55,67,3,"ر ب ب"
55,67,4,"ك ذ ب"
55,68,2,"ف ك ه"
55,68,3,"ن خ ل"
55,68,4,"ر م ن"
55,69,2,"ا ل و"
55,69,3,"ر ب ب"
55,69,4,"ك ذ ب"
55,70,2,"خ ي ر"
55,70,3,"ح س ن"
55,71,2,"ا ل و"
55,71,3,"ر ب ب"
55,71,4,"ك ذ ب"
55,72,1,"ح و ر"
55,72,2,"ق ص ر"
55,72,4,"خ ي م"
55,73,2,"ا ل و"
55,73,3,"ر ب ب"
55,73,4,"ك ذ ب"
55,74,2,"ط م ث"
55,74,3,"ا ن س"
55,74,4,"ق ب ل"
55,74,6,"ج ن ن"
55,75,2,"ا ل و"
55,75,3,"ر ب ب"
55,75,4,"ك ذ ب"
55,76,1,"و ك ا"
55,76,3,"ر ف ر ف"
55,76,4,"خ ض ر"
55,76,5,"ع ب ق ر"
55,76,6,"ح س ن"
55,77,2,"ا ل و"
55,77,3,"ر ب ب"
55,77,4,"ك ذ ب"
55,78,1,"ب ر ك"
55,78,2,"س م و"
55,78,3,"ر ب ب"
55,78,5,"ج ل ل"
55,78,6,"ك ر م"
56,1,1,"إِذَا"
56,1,2,"و ق ع"
56,1,3,"و ق ع"
56,2,1,"ل ي س"
56,2,2,"و ق ع"
56,2,3,"ك ذ ب"
56,3,1,"خ ف ض"
56,3,2,"ر ف ع"
56,4,1,"إِذَا"
56,4,2,"ر ج ج"
56,4,3,"ا ر ض"
56,4,4,"ر ج ج"
56,5,1,"ب س س"
56,5,2,"ج ب ل"
56,5,3,"ب س س"
56,6,1,"ك و ن"
56,6,2,"ه ب و"
56,6,3,"ب ث ث"
56,7,1,"ك و ن"
56,7,2,"ز و ج"
56,7,3,"ث ل ث"
56,8,1,"ص ح ب"
56,8,2,"ي م ن"
56,8,4,"ص ح ب"
56,8,5,"ي م ن"
56,9,1,"ص ح ب"
56,9,2,"ش ا م"
56,9,4,"ص ح ب"
56,9,5,"ش ا م"
56,10,1,"س ب ق"
56,10,2,"س ب ق"
56,11,2,"ق ر ب"
56,12,2,"ج ن ن"
56,12,3,"ن ع م"
56,13,1,"ث ل ل"
56,13,3,"ا و ل"
56,14,1,"ق ل ل"
56,14,3,"ا خ ر"
56,15,2,"س ر ر"
56,15,3,"و ض ن"
56,16,1,"و ك ا"
56,16,3,"ق ب ل"
56,17,1,"ط و ف"
56,17,3,"و ل د"
56,17,4,"خ ل د"
56,18,1,"ك و ب"
56,18,2,"أَبَارِيق"
56,18,3,"ك ا س"
56,18,5,"ع ي ن"
56,19,2,"ص د ع"
56,19,5,"ن ز ف"
56,20,1,"ف ك ه"
56,20,3,"خ ي ر"
56,21,1,"ل ح م"
56,21,2,"ط ي ر"
56,21,4,"ش ه و"
56,22,1,"ح و ر"
56,22,2,"ع ي ن"
56,23,1,"م ث ل"
56,23,2,"ل ا ل ا"
56,23,3,"ك ن ن"
56,24,1,"ج ز ي"
56,24,3,"ك و ن"
56,24,4,"ع م ل"
56,25,2,"س م ع"
56,25,4,"ل غ و"
56,25,6,"ا ث م"
56,26,1,"إِلَّا"
56,26,2,"ق و ل"
56,26,3,"س ل م"
56,26,4,"س ل م"
56,27,1,"ص ح ب"
56,27,2,"ي م ن"
56,27,4,"ص ح ب"
56,27,5,"ي م ن"
56,28,2,"س د ر"
56,28,3,"خ ض د"
56,29,1,"ط ل ح"
56,29,2,"ن ض د"
56,30,1,"ظ ل ل"
56,30,2,"م د د"
56,31,1,"م و ه"
56,31,2,"س ك ب"
56,32,1,"ف ك ه"
56,32,2,"ك ث ر"
56,33,2,"ق ط ع"
56,33,4,"م ن ع"
56,34,1,"ف ر ش"
56,34,2,"ر ف ع"
56,35,2,"ن ش ا"
56,35,3,"ن ش ا"
56,36,1,"ج ع ل"
56,36,2,"ب ك ر"
56,37,1,"ع ر ب"
56,37,2,"ت ر ب"
56,38,1,"ص ح ب"
56,38,2,"ي م ن"
56,39,1,"ث ل ل"
56,39,3,"ا و ل"
56,40,1,"ث ل ل"
56,40,3,"ا خ ر"
56,41,1,"ص ح ب"
56,41,2,"ش م ل"
56,41,4,"ص ح ب"
56,41,5,"ش م ل"
56,42,2,"س م م"
56,42,3,"ح م م"
56,43,1,"ظ ل ل"
56,43,3,"ح م م"
56,44,2,"ب ر د"
56,44,4,"ك ر م"
56,45,2,"ك و ن"
56,45,3,"ق ب ل"
56,45,5,"ت ر ف"
56,46,1,"ك و ن"
56,46,2,"ص ر ر"
56,46,4,"ح ن ث"
56,46,5,"ع ظ م"
56,47,1,"ك و ن"
56,47,2,"ق و ل"
56,47,3,"إِذَا"
56,47,4,"م و ت"
56,47,5,"ك و ن"
56,47,6,"ت ر ب"
56,47,7,"ع ظ م"
56,47,9,"ب ع ث"
56,48,1,"ا ب و"
56,48,2,"ا و ل"
56,49,1,"ق و ل"
56,49,3,"ا و ل"
56,49,4,"ا خ ر"
56,50,1,"ج م ع"
56,50,2,"إِلَىٰ"
56,50,3,"و ق ت"
56,50,4,"ي و م"
56,50,5,"ع ل م"
56,51,4,"ض ل ل"
56,51,5,"ك ذ ب"
56,52,1,"ا ك ل"
56,52,3,"ش ج ر"
56,52,5,"ز ق م"
56,53,1,"م ل ا"
56,53,3,"ب ط ن"
56,54,1,"ش ر ب"
56,54,4,"ح م م"
56,55,1,"ش ر ب"
56,55,2,"ش ر ب"
56,55,3,"ه ي م"
56,56,2,"ن ز ل"
56,56,3,"ي و م"
56,56,4,"د ي ن"
56,57,2,"خ ل ق"
56,57,4,"ص د ق"
56,58,1,"ر ا ي"
56,58,3,"م ن ي"
56,59,2,"خ ل ق"
56,59,3,"أَم"
56,59,5,"خ ل ق"
56,60,2,"ق د ر"
56,60,3,"ب ي ن"
56,60,4,"م و ت"
56,60,7,"س ب ق"
56,61,3,"ب د ل"
56,61,4,"م ث ل"
56,61,5,"ن ش ا"
56,61,9,"ع ل م"
56,62,2,"ع ل م"
56,62,3,"ن ش ا"
56,62,4,"ا و ل"
56,62,6,"ذ ك ر"
56,63,1,"ر ا ي"
56,63,3,"ح ر ث"
56,64,2,"ز ر ع"
56,64,3,"أَم"
56,64,5,"ز ر ع"
56,65,2,"ش ي ا"
56,65,3,"ج ع ل"
56,65,4,"ح ط م"
56,65,5,"ظ ل ل"
56,65,6,"ف ك ه"
56,66,2,"غ ر م"
56,67,3,"ح ر م"
56,68,1,"ر ا ي"
56,68,2,"م و ه"
56,68,3,"ٱلَّذِى"
56,68,4,"ش ر ب"
56,69,2,"ن ز ل"
56,69,4,"م ز ن"
56,69,5,"أَم"
56,69,7,"ن ز ل"
56,70,2,"ش ي ا"
56,70,3,"ج ع ل"
56,70,4,"ا ج ج"
56,70,6,"ش ك ر"
56,71,1,"ر ا ي"
56,71,2,"ن و ر"
56,71,3,"ٱلَّذِى"
56,71,4,"و ر ي"
56,72,2,"ن ش ا"
56,72,3,"ش ج ر"
56,72,4,"أَم"
56,72,6,"ن ش ا"
56,73,2,"ج ع ل"
56,73,3,"ذ ك ر"
56,73,4,"م ت ع"
56,73,5,"ق و ي"
56,74,1,"س ب ح"
56,74,2,"س م و"
56,74,3,"ر ب ب"
56,74,4,"ع ظ م"
56,75,2,"ق س م"
56,75,3,"و ق ع"
56,75,4,"ن ج م"
56,76,2,"ق س م"
56,76,4,"ع ل م"
56,76,5,"ع ظ م"
56,77,2,"ق ر ا"
56,77,3,"ك ر م"
56,78,2,"ك ت ب"
56,78,3,"ك ن ن"
56,79,2,"م س س"
56,79,3,"إِلَّا"
56,79,4,"ط ه ر"
56,80,1,"ن ز ل"
56,80,3,"ر ب ب"
56,80,4,"ع ل م"
56,81,2,"ح د ث"
56,81,4,"د ه ن"
56,82,1,"ج ع ل"
56,82,2,"ر ز ق"
56,82,4,"ك ذ ب"
56,83,2,"إِذَا"
56,83,3,"ب ل غ"
56,83,4,"ح ل ق"
56,84,2,"ح ي ن"
56,84,3,"ن ظ ر"
56,85,2,"ق ر ب"
56,85,3,"إِلَىٰ"
56,85,7,"ب ص ر"
56,86,3,"ك و ن"
56,86,4,"غ ي ر"
56,86,5,"د ي ن"
56,87,1,"ر ج ع"
56,87,3,"ك و ن"
56,87,4,"ص د ق"
56,88,1,"أَمَّا"
56,88,3,"ك و ن"
56,88,5,"ق ر ب"
56,89,1,"ر و ح"
56,89,2,"ر و ح"
56,89,3,"ج ن ن"
56,89,4,"ن ع م"
56,90,1,"أَمَّا"
56,90,3,"ك و ن"
56,90,5,"ص ح ب"
56,90,6,"ي م ن"
56,91,1,"س ل م"
56,91,4,"ص ح ب"
56,91,5,"ي م ن"
56,92,1,"أَمَّا"
56,92,3,"ك و ن"
56,92,5,"ك ذ ب"
56,92,6,"ض ل ل"
56,93,1,"ن ز ل"
56,93,3,"ح م م"
56,94,1,"ص ل ي"
56,94,2,"ج ح م"
56,95,4,"ح ق ق"
56,95,5,"ي ق ن"
56,96,1,"س ب ح"
56,96,2,"س م و"
56,96,3,"ر ب ب"
56,96,4,"ع ظ م"
57,1,1,"س ب ح"
57,1,2,"ا ل ه"
57,1,5,"س م و"
57,1,6,"ا ر ض"
57,1,8,"ع ز ز"
57,1,9,"ح ك م"
57,2,2,"م ل ك"
57,2,3,"س م و"
57,2,4,"ا ر ض"
57,2,5,"ح ي ي"
57,2,6,"م و ت"
57,2,9,"ك ل ل"
57,2,10,"ش ي ا"
57,2,11,"ق د ر"
57,3,2,"ا و ل"
57,3,3,"ا خ ر"
57,3,4,"ظ ه ر"
57,3,5,"ب ط ن"
57,3,7,"ك ل ل"
57,3,8,"ش ي ا"
57,3,9,"ع ل م"
57,4,2,"ٱلَّذِى"
57,4,3,"خ ل ق"
57,4,4,"س م و"
57,4,5,"ا ر ض"
57,4,7,"س ت ت"
57,4,8,"ي و م"
57,4,10,"س و ي"
57,4,12,"ع ر ش"
57,4,13,"ع ل م"
57,4,15,"و ل ج"
57,4,17,"ا ر ض"
57,4,19,"خ ر ج"
57,4,22,"ن ز ل"
57,4,24,"س م و"
57,4,26,"ع ر ج"
57,4,32,"ك و ن"
57,4,33,"ا ل ه"
57,4,35,"ع م ل"
57,4,36,"ب ص ر"
57,5,2,"م ل ك"
57,5,3,"س م و"
57,5,4,"ا ر ض"
57,5,5,"إِلَىٰ"
57,5,6,"ا ل ه"
57,5,7,"ر ج ع"
57,5,8,"ا م ر"
57,6,1,"و ل ج"
57,6,2,"ل ي ل"
57,6,4,"ن ه ر"
57,6,5,"و ل ج"
57,6,6,"ن ه ر"
57,6,8,"ل ي ل"
57,6,10,"ع ل م"
57,6,12,"ص د ر"
57,7,1,"ا م ن"
57,7,2,"ا ل ه"
57,7,3,"ر س ل"
57,7,4,"ن ف ق"
57,7,6,"ج ع ل"
57,7,7,"خ ل ف"
57,7,9,"ٱلَّذِى"
57,7,10,"ا م ن"
57,7,12,"ن ف ق"
57,7,14,"ا ج ر"
57,7,15,"ك ب ر"
57,8,4,"ا م ن"
57,8,5,"ا ل ه"
57,8,6,"ر س ل"
57,8,7,"د ع و"
57,8,8,"ا م ن"
57,8,9,"ر ب ب"
57,8,11,"ا خ ذ"
57,8,12,"و ث ق"
57,8,14,"ك و ن"
57,8,15,"ا م ن"
57,9,2,"ٱلَّذِى"
57,9,3,"ن ز ل"
57,9,5,"ع ب د"
57,9,6,"ا ي ي"
57,9,7,"ب ي ن"
57,9,8,"خ ر ج"
57,9,10,"ظ ل م"
57,9,11,"إِلَىٰ"
57,9,12,"ن و ر"
57,9,14,"ا ل ه"
57,9,16,"ر ا ف"
57,9,17,"ر ح م"
57,10,4,"ن ف ق"
57,10,6,"س ب ل"
57,10,7,"ا ل ه"
57,10,8,"ا ل ه"
57,10,9,"و ر ث"
57,10,10,"س م و"
57,10,11,"ا ر ض"
57,10,13,"س و ي"
57,10,16,"ن ف ق"
57,10,18,"ق ب ل"
57,10,19,"ف ت ح"
57,10,20,"ق ت ل"
57,10,22,"ع ظ م"
57,10,23,"د ر ج"
57,10,25,"ٱلَّذِى"
57,10,26,"ن ف ق"
57,10,28,"ب ع د"
57,10,29,"ق ت ل"
57,10,30,"ك ل ل"
57,10,31,"و ع د"
57,10,32,"ا ل ه"
57,10,33,"ح س ن"
57,10,34,"ا ل ه"
57,10,36,"ع م ل"
57,10,37,"خ ب ر"
57,11,3,"ٱلَّذِى"
57,11,4,"ق ر ض"
57,11,5,"ا ل ه"
57,11,6,"ق ر ض"
57,11,7,"ح س ن"
57,11,8,"ض ع ف"
57,11,11,"ا ج ر"
57,11,12,"ك ر م"
57,12,1,"ي و م"
57,12,2,"ر ا ي"
57,12,3,"ا م ن"
57,12,4,"ا م ن"
57,12,5,"س ع ي"
57,12,6,"ن و ر"
57,12,7,"ب ي ن"
57,12,8,"ي د ي"
57,12,9,"ي م ن"
57,12,10,"ب ش ر"
57,12,11,"ي و م"
57,12,12,"ج ن ن"
57,12,13,"ج ر ي"
57,12,15,"ت ح ت"
57,12,16,"ن ه ر"
57,12,17,"خ ل د"
57,12,21,"ف و ز"
57,12,22,"ع ظ م"
57,13,1,"ي و م"
57,13,2,"ق و ل"
57,13,3,"ن ف ق"
57,13,4,"ن ف ق"
57,13,5,"ٱلَّذِى"
57,13,6,"ا م ن"
57,13,7,"ن ظ ر"
57,13,8,"ق ب س"
57,13,10,"ن و ر"
57,13,11,"ق و ل"
57,13,12,"ر ج ع"
57,13,13,"و ر ي"
57,13,14,"ل م س"
57,13,15,"ن و ر"
57,13,16,"ض ر ب"
57,13,17,"ب ي ن"
57,13,18,"س و ر"
57,13,20,"ب و ب"
57,13,21,"ب ط ن"
57,13,23,"ر ح م"
57,13,24,"ظ ه ر"
57,13,26,"ق ب ل"
57,13,27,"ع ذ ب"
57,14,1,"ن د و"
57,14,3,"ك و ن"
57,14,5,"ق و ل"
57,14,8,"ف ت ن"
57,14,9,"ن ف س"
57,14,10,"ر ب ص"
57,14,11,"ر ي ب"
57,14,12,"غ ر ر"
57,14,13,"م ن ي"
57,14,15,"ج ي ا"
57,14,16,"ا م ر"
57,14,17,"ا ل ه"
57,14,18,"غ ر ر"
57,14,19,"ا ل ه"
57,14,20,"غ ر ر"
57,15,1,"ي و م"
57,15,3,"ا خ ذ"
57,15,5,"ف د ي"
57,15,8,"ٱلَّذِى"
57,15,9,"ك ف ر"
57,15,10,"ا و ي"
57,15,11,"ن و ر"
57,15,13,"و ل ي"
57,15,14,"ب ا س"
57,15,15,"ص ي ر"
57,16,2,"ا ن ي"
57,16,3,"ٱلَّذِى"
57,16,4,"ا م ن"
57,16,6,"خ ش ع"
57,16,7,"ق ل ب"
57,16,8,"ذ ك ر"
57,16,9,"ا ل ه"
57,16,11,"ن ز ل"
57,16,13,"ح ق ق"
57,16,15,"ك و ن"
57,16,16,"ٱلَّذِى"
57,16,17,"ا ت ي"
57,16,18,"ك ت ب"
57,16,20,"ق ب ل"
57,16,21,"ط و ل"
57,16,23,"ا م د"
57,16,24,"ق س و"
57,16,25,"ق ل ب"
57,16,26,"ك ث ر"
57,16,28,"ف س ق"
57,17,1,"ع ل م"
57,17,3,"ا ل ه"
57,17,4,"ح ي ي"
57,17,5,"ا ر ض"
57,17,6,"ب ع د"
57,17,7,"م و ت"
57,17,9,"ب ي ن"
57,17,11,"ا ي ي"
57,17,13,"ع ق ل"
57,18,2,"ص د ق"
57,18,3,"ص د ق"
57,18,4,"ق ر ض"
57,18,5,"ا ل ه"
57,18,6,"ق ر ض"
57,18,7,"ح س ن"
57,18,8,"ض ع ف"
57,18,11,"ا ج ر"
57,18,12,"ك ر م"
57,19,1,"ٱلَّذِى"
57,19,2,"ا م ن"
57,19,3,"ا ل ه"
57,19,4,"ر س ل"
57,19,7,"ص د ق"
57,19,8,"ش ه د"
57,19,9,"ع ن د"
57,19,10,"ر ب ب"
57,19,12,"ا ج ر"
57,19,13,"ن و ر"
57,19,14,"ٱلَّذِى"
57,19,15,"ك ف ر"
57,19,16,"ك ذ ب"
57,19,17,"ا ي ي"
57,19,19,"ص ح ب"
57,19,20,"ج ح م"
57,20,1,"ع ل م"
57,20,3,"ح ي ي"
57,20,4,"د ن و"
57,20,5,"ل ع ب"
57,20,6,"ل ه و"
57,20,7,"ز ي ن"
57,20,8,"ف خ ر"
57,20,9,"ب ي ن"
57,20,10,"ك ث ر"
57,20,12,"م و ل"
57,20,13,"و ل د"
57,20,14,"م ث ل"
57,20,15,"غ ي ث"
57,20,16,"ع ج ب"
57,20,17,"ك ف ر"
57,20,18,"ن ب ت"
57,20,20,"ه ي ج"
57,20,21,"ر ا ي"
57,20,22,"ص ف ر"
57,20,24,"ك و ن"
57,20,25,"ح ط م"
57,20,27,"ا خ ر"
57,20,28,"ع ذ ب"
57,20,29,"ش د د"
57,20,30,"غ ف ر"
57,20,32,"ا ل ه"
57,20,33,"ر ض و"
57,20,35,"ح ي ي"
57,20,36,"د ن و"
57,20,37,"إِلَّا"
57,20,38,"م ت ع"
57,20,39,"غ ر ر"
57,21,1,"س ب ق"
57,21,2,"إِلَىٰ"
57,21,3,"غ ف ر"
57,21,5,"ر ب ب"
57,21,6,"ج ن ن"
57,21,7,"ع ر ض"
57,21,8,"ع ر ض"
57,21,9,"س م و"
57,21,10,"ا ر ض"
57,21,11,"ع د د"
57,21,12,"ٱلَّذِى"
57,21,13,"ا م ن"
57,21,14,"ا ل ه"
57,21,15,"ر س ل"
57,21,17,"ف ض ل"
57,21,18,"ا ل ه"
57,21,19,"ا ت ي"
57,21,21,"ش ي ا"
57,21,22,"ا ل ه"
57,21,24,"ف ض ل"
57,21,25,"ع ظ م"
57,22,2,"ص و ب"
57,22,4,"ص و ب"
57,22,6,"ا ر ض"
57,22,9,"ن ف س"
57,22,10,"إِلَّا"
57,22,12,"ك ت ب"
57,22,14,"ق ب ل"
57,22,16,"ب ر ا"
57,22,20,"ا ل ه"
57,22,21,"ي س ر"
57,23,2,"ا س و"
57,23,5,"ف و ت"
57,23,7,"ف ر ح"
57,23,9,"ا ت ي"
57,23,10,"ا ل ه"
57,23,12,"ح ب ب"
57,23,13,"ك ل ل"
57,23,14,"خ ي ل"
57,23,15,"ف خ ر"
57,24,1,"ٱلَّذِى"
57,24,2,"ب خ ل"
57,24,3,"ا م ر"
57,24,4,"ن و س"
57,24,5,"ب خ ل"
57,24,7,"و ل ي"
57,24,9,"ا ل ه"
57,24,11,"غ ن ي"
57,24,12,"ح م د"
57,25,2,"ر س ل"
57,25,3,"ر س ل"
57,25,4,"ب ي ن"
57,25,5,"ن ز ل"
57,25,7,"ك ت ب"
57,25,8,"و ز ن"
57,25,9,"ق و م"
57,25,10,"ن و س"
57,25,11,"ق س ط"
57,25,12,"ن ز ل"
57,25,13,"ح د د"
57,25,15,"ب ا س"
57,25,16,"ش د د"
57,25,17,"ن ف ع"
57,25,18,"ن و س"
57,25,19,"ع ل م"
57,25,20,"ا ل ه"
57,25,22,"ن ص ر"
57,25,23,"ر س ل"
57,25,24,"غ ي ب"
57,25,26,"ا ل ه"
57,25,27,"ق و ي"
57,25,28,"ع ز ز"
57,26,2,"ر س ل"
57,26,4,"إِبْرَاهِيم"
57,26,5,"ج ع ل"
57,26,7,"ذ ر ر"
57,26,8,"ن ب ا"
57,26,9,"ك ت ب"
57,26,11,"ه د ي"
57,26,12,"ك ث ر"
57,26,14,"ف س ق"
57,27,2,"ق ف و"
57,27,4,"ا ث ر"
57,27,5,"ر س ل"
57,27,6,"ق ف و"
57,27,8,"ب ن ي"
57,27,10,"ا ت ي"
57,27,12,"ج ع ل"
57,27,14,"ق ل ب"
57,27,15,"ٱلَّذِى"
57,27,16,"ت ب ع"
57,27,17,"ر ا ف"
57,27,18,"ر ح م"
57,27,19,"ر ه ب"
57,27,20,"ب د ع"
57,27,22,"ك ت ب"
57,27,24,"إِلَّا"
57,27,25,"ب غ ي"
57,27,26,"ر ض و"
57,27,27,"ا ل ه"
57,27,29,"ر ع ي"
57,27,30,"ح ق ق"
57,27,31,"ر ع ي"
57,27,32,"ا ت ي"
57,27,33,"ٱلَّذِى"
57,27,34,"ا م ن"
57,27,36,"ا ج ر"
57,27,37,"ك ث ر"
57,27,39,"ف س ق"
57,28,2,"ٱلَّذِى"
57,28,3,"ا م ن"
57,28,4,"و ق ي"
57,28,5,"ا ل ه"
57,28,6,"ا م ن"
57,28,7,"ر س ل"
57,28,8,"ا ت ي"
57,28,9,"ك ف ل"
57,28,11,"ر ح م"
57,28,12,"ج ع ل"
57,28,14,"ن و ر"
57,28,15,"م ش ي"
57,28,17,"غ ف ر"
57,28,19,"ا ل ه"
57,28,20,"غ ف ر"
57,28,21,"ر ح م"
57,29,2,"ع ل م"
57,29,3,"ا ه ل"
57,29,4,"ك ت ب"
57,29,6,"ق د ر"
57,29,8,"ش ي ا"
57,29,10,"ف ض ل"
57,29,11,"ا ل ه"
57,29,13,"ف ض ل"
57,29,14,"ي د ي"
57,29,15,"ا ل ه"
57,29,16,"ا ت ي"
57,29,18,"ش ي ا"
57,29,19,"ا ل ه"
57,29,21,"ف ض ل"
57,29,22,"ع ظ م"
58,1,2,"س م ع"
58,1,3,"ا ل ه"
58,1,4,"ق و ل"
58,1,5,"ٱلَّذِى"
58,1,6,"ج د ل"
58,1,8,"ز و ج"
58,1,9,"ش ك و"
58,1,10,"إِلَىٰ"
58,1,11,"ا ل ه"
58,1,12,"ا ل ه"
58,1,13,"س م ع"
58,1,14,"ح و ر"
58,1,16,"ا ل ه"
58,1,17,"س م ع"
58,1,18,"ب ص ر"
58,2,1,"ٱلَّذِى"
58,2,2,"ظ ه ر"
58,2,5,"ن س و"
58,2,8,"ا م م"
58,2,10,"ا م م"
58,2,11,"إِلَّا"
58,2,13,"و ل د"
58,2,15,"ق و ل"
58,2,16,"ن ك ر"
58,2,18,"ق و ل"
58,2,19,"ز و ر"
58,2,21,"ا ل ه"
58,2,22,"ع ف و"
58,2,23,"غ ف ر"
58,3,1,"ٱلَّذِى"
58,3,2,"ظ ه ر"
58,3,4,"ن س و"
58,3,6,"ع و د"
58,3,8,"ق و ل"
58,3,9,"ح ر ر"
58,3,10,"ر ق ب"
58,3,12,"ق ب ل"
58,3,14,"م س س"
58,3,16,"و ع ظ"
58,3,18,"ا ل ه"
58,3,20,"ع م ل"
58,3,21,"خ ب ر"
58,4,3,"و ج د"
58,4,4,"ص و م"
58,4,5,"ش ه ر"
58,4,6,"ت ب ع"
58,4,8,"ق ب ل"
58,4,10,"م س س"
58,4,13,"ط و ع"
58,4,14,"ط ع م"
58,4,15,"س ت ت"
58,4,16,"س ك ن"
58,4,18,"ا م ن"
58,4,19,"ا ل ه"
58,4,20,"ر س ل"
58,4,22,"ح د د"
58,4,23,"ا ل ه"
58,4,24,"ك ف ر"
58,4,25,"ع ذ ب"
58,4,26,"ا ل م"
58,5,2,"ٱلَّذِى"
58,5,3,"ح د د"
58,5,4,"ا ل ه"
58,5,5,"ر س ل"
58,5,6,"ك ب ت"
58,5,8,"ك ب ت"
58,5,9,"ٱلَّذِى"
58,5,11,"ق ب ل"
58,5,13,"ن ز ل"
58,5,14,"ا ي ي"
58,5,15,"ب ي ن"
58,5,16,"ك ف ر"
58,5,17,"ع ذ ب"
58,5,18,"ه و ن"
58,6,1,"ي و م"
58,6,2,"ب ع ث"
58,6,3,"ا ل ه"
58,6,4,"ج م ع"
58,6,5,"ن ب ا"
58,6,7,"ع م ل"
58,6,8,"ح ص ي"
58,6,9,"ا ل ه"
58,6,10,"ن س ي"
58,6,11,"ا ل ه"
58,6,13,"ك ل ل"
58,6,14,"ش ي ا"
58,6,15,"ش ه د"
58,7,2,"ر ا ي"
58,7,4,"ا ل ه"
58,7,5,"ع ل م"
58,7,8,"س م و"
58,7,11,"ا ر ض"
58,7,13,"ك و ن"
58,7,15,"ن ج و"
58,7,16,"ث ل ث"
58,7,17,"إِلَّا"
58,7,19,"ر ب ع"
58,7,21,"خ م س"
58,7,22,"إِلَّا"
58,7,24,"س د س"
58,7,26,"د ن و"
58,7,30,"ك ث ر"
58,7,31,"إِلَّا"
58,7,36,"ك و ن"
58,7,38,"ن ب ا"
58,7,40,"ع م ل"
58,7,41,"ي و م"
58,7,42,"ق و م"
58,7,44,"ا ل ه"
58,7,45,"ك ل ل"
58,7,46,"ش ي ا"
58,7,47,"ع ل م"
58,8,2,"ر ا ي"
58,8,3,"إِلَىٰ"
58,8,4,"ٱلَّذِى"
58,8,5,"ن ه ي"
58,8,7,"ن ج و"
58,8,9,"ع و د"
58,8,11,"ن ه ي"
58,8,13,"ن ج و"
58,8,14,"ا ث م"
58,8,15,"ع د و"
58,8,16,"ع ص ي"
58,8,17,"ر س ل"
58,8,18,"إِذَا"
58,8,19,"ج ي ا"
58,8,20,"ح ي ي"
58,8,23,"ح ي ي"
58,8,25,"ا ل ه"
58,8,26,"ق و ل"
58,8,28,"ن ف س"
58,8,30,"ع ذ ب"
58,8,31,"ا ل ه"
58,8,33,"ق و ل"
58,8,34,"ح س ب"
58,8,36,"ص ل ي"
58,8,37,"ب ا س"
58,8,38,"ص ي ر"
58,9,2,"ٱلَّذِى"
58,9,3,"ا م ن"
58,9,4,"إِذَا"
58,9,5,"ن ج و"
58,9,7,"ن ج و"
58,9,8,"ا ث م"
58,9,9,"ع د و"
58,9,10,"ع ص ي"
58,9,11,"ر س ل"
58,9,12,"ن ج و"
58,9,13,"ب ر ر"
58,9,14,"و ق ي"
58,9,15,"و ق ي"
58,9,16,"ا ل ه"
58,9,17,"ٱلَّذِى"
58,9,18,"إِلَىٰ"
58,9,19,"ح ش ر"
58,10,2,"ن ج و"
58,10,4,"ش ط ن"
58,10,5,"ح ز ن"
58,10,6,"ٱلَّذِى"
58,10,7,"ا م ن"
58,10,8,"ل ي س"
58,10,9,"ض ر ر"
58,10,10,"ش ي ا"
58,10,11,"إِلَّا"
58,10,12,"ا ذ ن"
58,10,13,"ا ل ه"
58,10,15,"ا ل ه"
58,10,16,"و ك ل"
58,10,17,"ا م ن"
58,11,2,"ٱلَّذِى"
58,11,3,"ا م ن"
58,11,4,"إِذَا"
58,11,5,"ق و ل"
58,11,7,"ف س ح"
58,11,9,"ج ل س"
58,11,10,"ف س ح"
58,11,11,"ف س ح"
58,11,12,"ا ل ه"
58,11,14,"إِذَا"
58,11,15,"ق و ل"
58,11,16,"ن ش ز"
58,11,17,"ن ش ز"
58,11,18,"ر ف ع"
58,11,19,"ا ل ه"
58,11,20,"ٱلَّذِى"
58,11,21,"ا م ن"
58,11,23,"ٱلَّذِى"
58,11,24,"ا ت ي"
58,11,25,"ع ل م"
58,11,26,"د ر ج"
58,11,27,"ا ل ه"
58,11,29,"ع م ل"
58,11,30,"خ ب ر"
58,12,2,"ٱلَّذِى"
58,12,3,"ا م ن"
58,12,4,"إِذَا"
58,12,5,"ن ج و"
58,12,6,"ر س ل"
58,12,7,"ق د م"
58,12,8,"ب ي ن"
58,12,9,"ي د ي"
58,12,10,"ن ج و"
58,12,11,"ص د ق"
58,12,13,"خ ي ر"
58,12,15,"ط ه ر"
58,12,18,"و ج د"
58,12,20,"ا ل ه"
58,12,21,"غ ف ر"
58,12,22,"ر ح م"
58,13,1,"ش ف ق"
58,13,3,"ق د م"
58,13,4,"ب ي ن"
58,13,5,"ي د ي"
58,13,6,"ن ج و"
58,13,7,"ص د ق"
58,13,8,"إِذ"
58,13,10,"ف ع ل"
58,13,11,"ت و ب"
58,13,12,"ا ل ه"
58,13,14,"ق و م"
58,13,15,"ص ل و"
58,13,16,"ا ت ي"
58,13,17,"ز ك و"
58,13,18,"ط و ع"
58,13,19,"ا ل ه"
58,13,20,"ر س ل"
58,13,21,"ا ل ه"
58,13,22,"خ ب ر"
58,13,24,"ع م ل"
58,14,2,"ر ا ي"
58,14,3,"إِلَىٰ"
58,14,4,"ٱلَّذِى"
58,14,5,"و ل ي"
58,14,6,"ق و م"
58,14,7,"غ ض ب"
58,14,8,"ا ل ه"
58,14,15,"ح ل ف"
58,14,17,"ك ذ ب"
58,14,19,"ع ل م"
58,15,1,"ع د د"
58,15,2,"ا ل ه"
58,15,4,"ع ذ ب"
58,15,5,"ش د د"
58,15,7,"س و ا"
58,15,9,"ك و ن"
58,15,10,"ع م ل"
58,16,1,"ا خ ذ"
58,16,2,"ي م ن"
58,16,3,"ج ن ن"
58,16,4,"ص د د"
58,16,6,"س ب ل"
58,16,7,"ا ل ه"
58,16,9,"ع ذ ب"
58,16,10,"ه و ن"
58,17,2,"غ ن ي"
58,17,4,"م و ل"
58,17,6,"و ل د"
58,17,8,"ا ل ه"
58,17,9,"ش ي ا"
58,17,11,"ص ح ب"
58,17,12,"ن و ر"
58,17,15,"خ ل د"
58,18,1,"ي و م"
58,18,2,"ب ع ث"
58,18,3,"ا ل ه"
58,18,4,"ج م ع"
58,18,5,"ح ل ف"
58,18,8,"ح ل ف"
58,18,10,"ح س ب"
58,18,13,"ش ي ا"
58,18,17,"ك ذ ب"
58,19,1,"ح و ذ"
58,19,3,"ش ط ن"
58,19,4,"ن س ي"
58,19,5,"ذ ك ر"
58,19,6,"ا ل ه"
58,19,8,"ح ز ب"
58,19,9,"ش ط ن"
58,19,12,"ح ز ب"
58,19,13,"ش ط ن"
58,19,15,"خ س ر"
58,20,2,"ٱلَّذِى"
58,20,3,"ح د د"
58,20,4,"ا ل ه"
58,20,5,"ر س ل"
58,20,8,"ذ ل ل"
58,21,1,"ك ت ب"
58,21,2,"ا ل ه"
58,21,3,"غ ل ب"
58,21,5,"ر س ل"
58,21,7,"ا ل ه"
58,21,8,"ق و ي"
58,21,9,"ع ز ز"
58,22,2,"و ج د"
58,22,3,"ق و م"
58,22,4,"ا م ن"
58,22,5,"ا ل ه"
58,22,6,"ي و م"
58,22,7,"ا خ ر"
58,22,8,"و د د"
58,22,10,"ح د د"
58,22,11,"ا ل ه"
58,22,12,"ر س ل"
58,22,14,"ك و ن"
58,22,15,"ا ب و"
58,22,17,"ب ن ي"
58,22,19,"ا خ و"
58,22,21,"ع ش ر"
58,22,23,"ك ت ب"
58,22,25,"ق ل ب"
58,22,26,"ا م ن"
58,22,27,"ا ي د"
58,22,28,"ر و ح"
58,22,30,"د خ ل"
58,22,31,"ج ن ن"
58,22,32,"ج ر ي"
58,22,34,"ت ح ت"
58,22,35,"ن ه ر"
58,22,36,"خ ل د"
58,22,38,"ر ض و"
58,22,39,"ا ل ه"
58,22,41,"ر ض و"
58,22,44,"ح ز ب"
58,22,45,"ا ل ه"
58,22,48,"ح ز ب"
58,22,49,"ا ل ه"
58,22,51,"ف ل ح"
59,1,1,"س ب ح"
59,1,2,"ا ل ه"
59,1,5,"س م و"
59,1,8,"ا ر ض"
59,1,10,"ع ز ز"
59,1,11,"ح ك م"
59,2,2,"ٱلَّذِى"
59,2,3,"خ ر ج"
59,2,4,"ٱلَّذِى"
59,2,5,"ك ف ر"
59,2,7,"ا ه ل"
59,2,8,"ك ت ب"
59,2,10,"د و ر"
59,2,11,"ا و ل"
59,2,12,"ح ش ر"
59,2,14,"ظ ن ن"
59,2,16,"خ ر ج"
59,2,17,"ظ ن ن"
59,2,19,"م ن ع"
59,2,20,"ح ص ن"
59,2,22,"ا ل ه"
59,2,23,"ا ت ي"
59,2,24,"ا ل ه"
59,2,26,"ح ي ث"
59,2,28,"ح س ب"
59,2,29,"ق ذ ف"
59,2,31,"ق ل ب"
59,2,32,"ر ع ب"
59,2,33,"خ ر ب"
59,2,34,"ب ي ت"
59,2,35,"ي د ي"
59,2,36,"ي د ي"
59,2,37,"ا م ن"
59,2,38,"ع ب ر"
59,2,39,"ا و ل"
59,2,40,"ب ص ر"
59,3,3,"ك ت ب"
59,3,4,"ا ل ه"
59,3,6,"ج ل و"
59,3,7,"ع ذ ب"
59,3,9,"د ن و"
59,3,12,"ا خ ر"
59,3,13,"ع ذ ب"
59,3,14,"ن و ر"
59,4,3,"ش ق ق"
59,4,4,"ا ل ه"
59,4,5,"ر س ل"
59,4,7,"ش ق ق"
59,4,8,"ا ل ه"
59,4,10,"ا ل ه"
59,4,11,"ش د د"
59,4,12,"ع ق ب"
59,5,2,"ق ط ع"
59,5,4,"ل ي ن"
59,5,6,"ت ر ك"
59,5,7,"ق و م"
59,5,9,"ا ص ل"
59,5,10,"ا ذ ن"
59,5,11,"ا ل ه"
59,5,12,"خ ز ي"
59,5,13,"ف س ق"
59,6,2,"ف ي ا"
59,6,3,"ا ل ه"
59,6,5,"ر س ل"
59,6,8,"و ج ف"
59,6,11,"خ ي ل"
59,6,13,"ر ك ب"
59,6,15,"ا ل ه"
59,6,16,"س ل ط"
59,6,17,"ر س ل"
59,6,20,"ش ي ا"
59,6,21,"ا ل ه"
59,6,23,"ك ل ل"
59,6,24,"ش ي ا"
59,6,25,"ق د ر"
59,7,2,"ف ي ا"
59,7,3,"ا ل ه"
59,7,5,"ر س ل"
59,7,7,"ا ه ل"
59,7,8,"ق ر ي"
59,7,9,"ا ل ه"
59,7,10,"ر س ل"
59,7,12,"ق ر ب"
59,7,13,"ي ت م"
59,7,14,"س ك ن"
59,7,15,"ب ن ي"
59,7,16,"س ب ل"
59,7,19,"ك و ن"
59,7,20,"د و ل"
59,7,21,"ب ي ن"
59,7,22,"غ ن ي"
59,7,25,"ا ت ي"
59,7,26,"ر س ل"
59,7,27,"ا خ ذ"
59,7,29,"ن ه ي"
59,7,31,"ن ه ي"
59,7,32,"و ق ي"
59,7,33,"ا ل ه"
59,7,35,"ا ل ه"
59,7,36,"ش د د"
59,7,37,"ع ق ب"
59,8,1,"ف ق ر"
59,8,2,"ه ج ر"
59,8,3,"ٱلَّذِى"
59,8,4,"خ ر ج"
59,8,6,"د و ر"
59,8,7,"م و ل"
59,8,8,"ب غ ي"
59,8,9,"ف ض ل"
59,8,11,"ا ل ه"
59,8,12,"ر ض و"
59,8,13,"ن ص ر"
59,8,14,"ا ل ه"
59,8,15,"ر س ل"
59,8,18,"ص د ق"
59,9,1,"ٱلَّذِى"
59,9,2,"ب و ا"
59,9,3,"د و ر"
59,9,4,"ا م ن"
59,9,6,"ق ب ل"
59,9,7,"ح ب ب"
59,9,9,"ه ج ر"
59,9,10,"إِلَىٰ"
59,9,12,"و ج د"
59,9,14,"ص د ر"
59,9,15,"ح و ج"
59,9,17,"ا ت ي"
59,9,18,"ا ث ر"
59,9,20,"ن ف س"
59,9,22,"ك و ن"
59,9,24,"خ ص ص"
59,9,26,"و ق ي"
59,9,27,"ش ح ح"
59,9,28,"ن ف س"
59,9,31,"ف ل ح"
59,10,1,"ٱلَّذِى"
59,10,2,"ج ي ا"
59,10,4,"ب ع د"
59,10,5,"ق و ل"
59,10,6,"ر ب ب"
59,10,7,"غ ف ر"
59,10,9,"ا خ و"
59,10,10,"ٱلَّذِى"
59,10,11,"س ب ق"
59,10,12,"ا م ن"
59,10,14,"ج ع ل"
59,10,16,"ق ل ب"
59,10,17,"غ ل ل"
59,10,18,"ٱلَّذِى"
59,10,19,"ا م ن"
59,10,20,"ر ب ب"
59,10,22,"ر ا ف"
59,10,23,"ر ح م"
59,11,2,"ر ا ي"
59,11,3,"إِلَىٰ"
59,11,4,"ٱلَّذِى"
59,11,5,"ن ف ق"
59,11,6,"ق و ل"
59,11,7,"ا خ و"
59,11,8,"ٱلَّذِى"
59,11,9,"ك ف ر"
59,11,11,"ا ه ل"
59,11,12,"ك ت ب"
59,11,14,"خ ر ج"
59,11,15,"خ ر ج"
59,11,18,"ط و ع"
59,11,20,"ا ح د"
59,11,21,"ا ب د"
59,11,23,"ق ت ل"
59,11,24,"ن ص ر"
59,11,25,"ا ل ه"
59,11,26,"ش ه د"
59,11,28,"ك ذ ب"
59,12,2,"خ ر ج"
59,12,4,"خ ر ج"
59,12,7,"ق ت ل"
59,12,9,"ن ص ر"
59,12,11,"ن ص ر"
59,12,12,"و ل ي"
59,12,13,"د ب ر"
59,12,16,"ن ص ر"
59,13,2,"ش د د"
59,13,3,"ر ه ب"
59,13,5,"ص د ر"
59,13,7,"ا ل ه"
59,13,10,"ق و م"
59,13,12,"ف ق ه"
59,14,2,"ق ت ل"
59,14,3,"ج م ع"
59,14,4,"إِلَّا"
59,14,6,"ق ر ي"
59,14,7,"ح ص ن"
59,14,10,"و ر ي"
59,14,11,"ج د ر"
59,14,12,"ب ا س"
59,14,13,"ب ي ن"
59,14,14,"ش د د"
59,14,15,"ح س ب"
59,14,16,"ج م ع"
59,14,17,"ق ل ب"
59,14,18,"ش ت ت"
59,14,21,"ق و م"
59,14,23,"ع ق ل"
59,15,1,"م ث ل"
59,15,2,"ٱلَّذِى"
59,15,4,"ق ب ل"
59,15,5,"ق ر ب"
59,15,6,"ذ و ق"
59,15,7,"و ب ل"
59,15,8,"ا م ر"
59,15,10,"ع ذ ب"
59,15,11,"ا ل م"
59,16,1,"م ث ل"
59,16,2,"ش ط ن"
59,16,3,"إِذ"
59,16,4,"ق و ل"
59,16,5,"ا ن س"
59,16,6,"ك ف ر"
59,16,8,"ك ف ر"
59,16,9,"ق و ل"
59,16,11,"ب ر ا"
59,16,14,"خ و ف"
59,16,15,"ا ل ه"
59,16,16,"ر ب ب"
59,16,17,"ع ل م"
59,17,1,"ك و ن"
59,17,2,"ع ق ب"
59,17,5,"ن و ر"
59,17,6,"خ ل د"
59,17,9,"ج ز ي"
59,17,10,"ظ ل م"
59,18,2,"ٱلَّذِى"
59,18,3,"ا م ن"
59,18,4,"و ق ي"
59,18,5,"ا ل ه"
59,18,6,"ن ظ ر"
59,18,7,"ن ف س"
59,18,9,"ق د م"
59,18,10,"غ د و"
59,18,11,"و ق ي"
59,18,12,"ا ل ه"
59,18,14,"ا ل ه"
59,18,15,"خ ب ر"
59,18,17,"ع م ل"
59,19,2,"ك و ن"
59,19,3,"ٱلَّذِى"
59,19,4,"ن س ي"
59,19,5,"ا ل ه"
59,19,6,"ن س ي"
59,19,7,"ن ف س"
59,19,10,"ف س ق"
59,20,2,"س و ي"
59,20,3,"ص ح ب"
59,20,4,"ن و ر"
59,20,5,"ص ح ب"
59,20,6,"ج ن ن"
59,20,7,"ص ح ب"
59,20,8,"ج ن ن"
59,20,10,"ف و ز"
59,21,2,"ن ز ل"
59,21,4,"ق ر ا"
59,21,6,"ج ب ل"
59,21,7,"ر ا ي"
59,21,8,"خ ش ع"
59,21,9,"ص د ع"
59,21,11,"خ ش ي"
59,21,12,"ا ل ه"
59,21,14,"م ث ل"
59,21,15,"ض ر ب"
59,21,16,"ن و س"
59,21,18,"ف ك ر"
59,22,2,"ا ل ه"
59,22,3,"ٱلَّذِى"
59,22,5,"ا ل ه"
59,22,6,"إِلَّا"
59,22,8,"ع ل م"
59,22,9,"غ ي ب"
59,22,10,"ش ه د"
59,22,12,"ر ح م"
59,22,13,"ر ح م"
59,23,2,"ا ل ه"
59,23,3,"ٱلَّذِى"
59,23,5,"ا ل ه"
59,23,6,"إِلَّا"
59,23,8,"م ل ك"
59,23,9,"ق د س"
59,23,10,"س ل م"
59,23,11,"ا م ن"
59,23,12,"ه م ن"
59,23,13,"ع ز ز"
59,23,14,"ج ب ر"
59,23,15,"ك ب ر"
59,23,16,"س ب ح"
59,23,17,"ا ل ه"
59,23,19,"ش ر ك"
59,24,2,"ا ل ه"
59,24,3,"خ ل ق"
59,24,4,"ب ر ا"
59,24,5,"ص و ر"
59,24,7,"س م و"
59,24,8,"ح س ن"
59,24,9,"س ب ح"
59,24,13,"س م و"
59,24,14,"ا ر ض"
59,24,16,"ع ز ز"
59,24,17,"ح ك م"
60,1,2,"ٱلَّذِى"
60,1,3,"ا م ن"
60,1,5,"ا خ ذ"
60,1,6,"ع د و"
60,1,7,"ع د و"
60,1,8,"و ل ي"
60,1,9,"ل ق ي"
60,1,10,"إِلَىٰ"
60,1,11,"و د د"
60,1,13,"ك ف ر"
60,1,15,"ج ي ا"
60,1,17,"ح ق ق"
60,1,18,"خ ر ج"
60,1,19,"ر س ل"
60,1,22,"ا م ن"
60,1,23,"ا ل ه"
60,1,24,"ر ب ب"
60,1,26,"ك و ن"
60,1,27,"خ ر ج"
60,1,28,"ج ه د"
60,1,30,"س ب ل"
60,1,31,"ب غ ي"
60,1,32,"ر ض و"
60,1,33,"س ر ر"
60,1,34,"إِلَىٰ"
60,1,35,"و د د"
60,1,37,"ع ل م"
60,1,39,"خ ف ي"
60,1,41,"ع ل ن"
60,1,43,"ف ع ل"
60,1,46,"ض ل ل"
60,1,47,"س و ي"
60,1,48,"س ب ل"
60,2,2,"ث ق ف"
60,2,3,"ك و ن"
60,2,5,"ع د و"
60,2,6,"ب س ط"
60,2,7,"إِلَىٰ"
60,2,8,"ي د ي"
60,2,9,"ل س ن"
60,2,10,"س و ا"
60,2,11,"و د د"
60,2,13,"ك ف ر"
60,3,2,"ن ف ع"
60,3,3,"ر ح م"
60,3,5,"و ل د"
60,3,6,"ي و م"
60,3,7,"ق و م"
60,3,8,"ف ص ل"
60,3,9,"ب ي ن"
60,3,10,"ا ل ه"
60,3,12,"ع م ل"
60,3,13,"ب ص ر"
60,4,2,"ك و ن"
60,4,4,"ا س و"
60,4,5,"ح س ن"
60,4,7,"إِبْرَاهِيم"
60,4,8,"ٱلَّذِى"
60,4,10,"إِذ"
60,4,11,"ق و ل"
60,4,12,"ق و م"
60,4,14,"ب ر ا"
60,4,17,"ع ب د"
60,4,19,"د و ن"
60,4,20,"ا ل ه"
60,4,21,"ك ف ر"
60,4,23,"ب د و"
60,4,24,"ب ي ن"
60,4,25,"ب ي ن"
60,4,26,"ع د و"
60,4,27,"ب غ ض"
60,4,28,"ا ب د"
60,4,30,"ا م ن"
60,4,31,"ا ل ه"
60,4,32,"و ح د"
60,4,33,"إِلَّا"
60,4,34,"ق و ل"
60,4,35,"إِبْرَاهِيم"
60,4,36,"ا ب و"
60,4,37,"غ ف ر"
60,4,40,"م ل ك"
60,4,43,"ا ل ه"
60,4,45,"ش ي ا"
60,4,46,"ر ب ب"
60,4,48,"و ك ل"
60,4,49,"إِلَىٰ"
60,4,50,"ن و ب"
60,4,51,"إِلَىٰ"
60,4,52,"ص ي ر"
60,5,1,"ر ب ب"
60,5,3,"ج ع ل"
60,5,4,"ف ت ن"
60,5,5,"ٱلَّذِى"
60,5,6,"ك ف ر"
60,5,7,"غ ف ر"
60,5,9,"ر ب ب"
60,5,12,"ع ز ز"
60,5,13,"ح ك م"
60,6,2,"ك و ن"
60,6,5,"ا س و"
60,6,6,"ح س ن"
60,6,8,"ك و ن"
60,6,9,"ر ج و"
60,6,10,"ا ل ه"
60,6,11,"ي و م"
60,6,12,"ا خ ر"
60,6,14,"و ل ي"
60,6,16,"ا ل ه"
60,6,18,"غ ن ي"
60,6,19,"ح م د"
60,7,1,"ع س ي"
60,7,2,"ا ل ه"
60,7,4,"ج ع ل"
60,7,5,"ب ي ن"
60,7,6,"ب ي ن"
60,7,7,"ٱلَّذِى"
60,7,8,"ع د و"
60,7,10,"و د د"
60,7,11,"ا ل ه"
60,7,12,"ق د ر"
60,7,13,"ا ل ه"
60,7,14,"غ ف ر"
60,7,15,"ر ح م"
60,8,2,"ن ه ي"
60,8,3,"ا ل ه"
60,8,5,"ٱلَّذِى"
60,8,7,"ق ت ل"
60,8,9,"د ي ن"
60,8,11,"خ ر ج"
60,8,13,"د و ر"
60,8,15,"ب ر ر"
60,8,16,"ق س ط"
60,8,17,"إِلَىٰ"
60,8,19,"ا ل ه"
60,8,20,"ح ب ب"
60,8,21,"ق س ط"
60,9,2,"ن ه ي"
60,9,3,"ا ل ه"
60,9,5,"ٱلَّذِى"
60,9,6,"ق ت ل"
60,9,8,"د ي ن"
60,9,9,"خ ر ج"
60,9,11,"د و ر"
60,9,12,"ظ ه ر"
60,9,14,"خ ر ج"
60,9,16,"و ل ي"
60,9,18,"و ل ي"
60,9,21,"ظ ل م"
60,10,2,"ٱلَّذِى"
60,10,3,"ا م ن"
60,10,4,"إِذَا"
60,10,5,"ج ي ا"
60,10,6,"ا م ن"
60,10,7,"ه ج ر"
60,10,8,"م ح ن"
60,10,9,"ا ل ه"
60,10,10,"ع ل م"
60,10,11,"ا م ن"
60,10,13,"ع ل م"
60,10,14,"ا م ن"
60,10,16,"ر ج ع"
60,10,17,"إِلَىٰ"
60,10,18,"ك ف ر"
60,10,21,"ح ل ل"
60,10,25,"ح ل ل"
60,10,27,"ا ت ي"
60,10,29,"ن ف ق"
60,10,31,"ج ن ح"
60,10,34,"ن ك ح"
60,10,35,"إِذَا"
60,10,36,"ا ت ي"
60,10,37,"ا ج ر"
60,10,39,"م س ك"
60,10,40,"ع ص م"
60,10,41,"ك ف ر"
60,10,42,"س ا ل"
60,10,44,"ن ف ق"
60,10,45,"س ا ل"
60,10,47,"ن ف ق"
60,10,49,"ح ك م"
60,10,50,"ا ل ه"
60,10,51,"ح ك م"
60,10,52,"ب ي ن"
60,10,53,"ا ل ه"
60,10,54,"ع ل م"
60,10,55,"ح ك م"
60,11,2,"ف و ت"
60,11,3,"ش ي ا"
60,11,5,"ز و ج"
60,11,6,"إِلَىٰ"
60,11,7,"ك ف ر"
60,11,8,"ع ق ب"
60,11,9,"ا ت ي"
60,11,10,"ٱلَّذِى"
60,11,11,"ذ ه ب"
60,11,12,"ز و ج"
60,11,13,"م ث ل"
60,11,15,"ن ف ق"
60,11,16,"و ق ي"
60,11,17,"ا ل ه"
60,11,18,"ٱلَّذِى"
60,11,21,"ا م ن"
60,12,2,"ن ب ا"
60,12,3,"إِذَا"
60,12,4,"ج ي ا"
60,12,5,"ا م ن"
60,12,6,"ب ي ع"
60,12,10,"ش ر ك"
60,12,11,"ا ل ه"
60,12,12,"ش ي ا"
60,12,14,"س ر ق"
60,12,16,"ز ن ي"
60,12,18,"ق ت ل"
60,12,19,"و ل د"
60,12,21,"ا ت ي"
60,12,22,"ب ه ت"
60,12,23,"ف ر ي"
60,12,24,"ب ي ن"
60,12,25,"ي د ي"
60,12,26,"ر ج ل"
60,12,28,"ع ص ي"
60,12,30,"ع ر ف"
60,12,31,"ب ي ع"
60,12,32,"غ ف ر"
60,12,34,"ا ل ه"
60,12,36,"ا ل ه"
60,12,37,"غ ف ر"
60,12,38,"ر ح م"
60,13,2,"ٱلَّذِى"
60,13,3,"ا م ن"
60,13,5,"و ل ي"
60,13,6,"ق و م"
60,13,7,"غ ض ب"
60,13,8,"ا ل ه"
60,13,11,"ي ا س"
60,13,13,"ا خ ر"
60,13,15,"ي ا س"
60,13,16,"ك ف ر"
60,13,18,"ص ح ب"
60,13,19,"ق ب ر"
61,1,1,"س ب ح"
61,1,2,"ا ل ه"
61,1,5,"س م و"
61,1,8,"ا ر ض"
61,1,10,"ع ز ز"
61,1,11,"ح ك م"
61,2,2,"ٱلَّذِى"
61,2,3,"ا م ن"
61,2,5,"ق و ل"
61,2,8,"ف ع ل"
61,3,1,"ك ب ر"
61,3,2,"م ق ت"
61,3,3,"ع ن د"
61,3,4,"ا ل ه"
61,3,6,"ق و ل"
61,3,9,"ف ع ل"
61,4,2,"ا ل ه"
61,4,3,"ح ب ب"
61,4,4,"ٱلَّذِى"
61,4,5,"ق ت ل"
61,4,7,"س ب ل"
61,4,8,"ص ف ف"
61,4,10,"ب ن ي"
61,4,11,"ر ص ص"
61,5,1,"إِذ"
61,5,2,"ق و ل"
61,5,4,"ق و م"
61,5,5,"ق و م"
61,5,7,"ا ذ ي"
61,5,9,"ع ل م"
61,5,11,"ر س ل"
61,5,12,"ا ل ه"
61,5,13,"إِلَىٰ"
61,5,15,"ز ي غ"
61,5,16,"ز ي غ"
61,5,17,"ا ل ه"
61,5,18,"ق ل ب"
61,5,19,"ا ل ه"
61,5,21,"ه د ي"
61,5,22,"ق و م"
61,5,23,"ف س ق"
61,6,1,"إِذ"
61,6,2,"ق و ل"
61,6,4,"ب ن ي"
61,6,6,"ب ن ي"
61,6,7,"إِسْرَائِيل"
61,6,9,"ر س ل"
61,6,10,"ا ل ه"
61,6,11,"إِلَىٰ"
61,6,12,"ص د ق"
61,6,14,"ب ي ن"
61,6,15,"ي د ي"
61,6,18,"ب ش ر"
61,6,19,"ر س ل"
61,6,20,"ا ت ي"
61,6,22,"ب ع د"
61,6,23,"س م و"
61,6,26,"ج ي ا"
61,6,27,"ب ي ن"
61,6,28,"ق و ل"
61,6,30,"س ح ر"
61,6,31,"ب ي ن"
61,7,2,"ظ ل م"
61,7,4,"ف ر ي"
61,7,6,"ا ل ه"
61,7,7,"ك ذ ب"
61,7,9,"د ع و"
61,7,10,"إِلَىٰ"
61,7,11,"س ل م"
61,7,12,"ا ل ه"
61,7,14,"ه د ي"
61,7,15,"ق و م"
61,7,16,"ظ ل م"
61,8,1,"ر و د"
61,8,2,"ط ف ا"
61,8,3,"ن و ر"
61,8,4,"ا ل ه"
61,8,5,"ف و ه"
61,8,6,"ا ل ه"
61,8,7,"ت م م"
61,8,8,"ن و ر"
61,8,10,"ك ر ه"
61,8,11,"ك ف ر"
61,9,2,"ٱلَّذِى"
61,9,3,"ر س ل"
61,9,4,"ر س ل"
61,9,5,"ه د ي"
61,9,6,"د ي ن"
61,9,7,"ح ق ق"
61,9,8,"ظ ه ر"
61,9,10,"د ي ن"
61,9,11,"ك ل ل"
61,9,13,"ك ر ه"
61,9,14,"ش ر ك"
61,10,2,"ٱلَّذِى"
61,10,3,"ا م ن"
61,10,5,"د ل ل"
61,10,7,"ت ج ر"
61,10,8,"ن ج و"
61,10,10,"ع ذ ب"
61,10,11,"ا ل م"
61,11,1,"ا م ن"
61,11,2,"ا ل ه"
61,11,3,"ر س ل"
61,11,4,"ج ه د"
61,11,6,"س ب ل"
61,11,7,"ا ل ه"
61,11,8,"م و ل"
61,11,9,"ن ف س"
61,11,11,"خ ي ر"
61,11,14,"ك و ن"
61,11,15,"ع ل م"
61,12,1,"غ ف ر"
61,12,3,"ذ ن ب"
61,12,4,"د خ ل"
61,12,5,"ج ن ن"
61,12,6,"ج ر ي"
61,12,8,"ت ح ت"
61,12,9,"ن ه ر"
61,12,10,"س ك ن"
61,12,11,"ط ي ب"
61,12,13,"ج ن ن"
61,12,16,"ف و ز"
61,12,17,"ع ظ م"
61,13,1,"ا خ ر"
61,13,2,"ح ب ب"
61,13,3,"ن ص ر"
61,13,5,"ا ل ه"
61,13,6,"ف ت ح"
61,13,7,"ق ر ب"
61,13,8,"ب ش ر"
61,13,9,"ا م ن"
61,14,2,"ٱلَّذِى"
61,14,3,"ا م ن"
61,14,4,"ك و ن"
61,14,5,"ن ص ر"
61,14,6,"ا ل ه"
61,14,8,"ق و ل"
61,14,10,"ب ن ي"
61,14,12,"ح و ر"
61,14,14,"ن ص ر"
61,14,15,"إِلَىٰ"
61,14,16,"ا ل ه"
61,14,17,"ق و ل"
61,14,18,"ح و ر"
61,14,20,"ن ص ر"
61,14,21,"ا ل ه"
61,14,22,"ا م ن"
61,14,23,"ط و ف"
61,14,25,"ب ن ي"
61,14,26,"إِسْرَائِيل"
61,14,27,"ك ف ر"
61,14,28,"ط و ف"
61,14,29,"ا ي د"
61,14,30,"ٱلَّذِى"
61,14,31,"ا م ن"
61,14,33,"ع د و"
61,14,34,"ص ب ح"
61,14,35,"ظ ه ر"
62,1,1,"س ب ح"
62,1,2,"ا ل ه"
62,1,5,"س م و"
62,1,8,"ا ر ض"
62,1,9,"م ل ك"
62,1,10,"ق د س"
62,1,11,"ع ز ز"
62,1,12,"ح ك م"
62,2,2,"ٱلَّذِى"
62,2,3,"ب ع ث"
62,2,5,"ا م م"
62,2,6,"ر س ل"
62,2,8,"ت ل و"
62,2,10,"ا ي ي"
62,2,11,"ز ك و"
62,2,12,"ع ل م"
62,2,13,"ك ت ب"
62,2,14,"ح ك م"
62,2,16,"ك و ن"
62,2,18,"ق ب ل"
62,2,20,"ض ل ل"
62,2,21,"ب ي ن"
62,3,1,"ا خ ر"
62,3,4,"ل ح ق"
62,3,7,"ع ز ز"
62,3,8,"ح ك م"
62,4,2,"ف ض ل"
62,4,3,"ا ل ه"
62,4,4,"ا ت ي"
62,4,6,"ش ي ا"
62,4,7,"ا ل ه"
62,4,9,"ف ض ل"
62,4,10,"ع ظ م"
62,5,1,"م ث ل"
62,5,2,"ٱلَّذِى"
62,5,3,"ح م ل"
62,5,7,"ح م ل"
62,5,8,"م ث ل"
62,5,9,"ح م ر"
62,5,10,"ح م ل"
62,5,11,"س ف ر"
62,5,12,"ب ا س"
62,5,13,"م ث ل"
62,5,14,"ق و م"
62,5,15,"ٱلَّذِى"
62,5,16,"ك ذ ب"
62,5,17,"ا ي ي"
62,5,18,"ا ل ه"
62,5,19,"ا ل ه"
62,5,21,"ه د ي"
62,5,22,"ق و م"
62,5,23,"ظ ل م"
62,6,1,"ق و ل"
62,6,3,"ٱلَّذِى"
62,6,4,"ه و د"
62,6,6,"ز ع م"
62,6,8,"و ل ي"
62,6,9,"ا ل ه"
62,6,11,"د و ن"
62,6,12,"ن و س"
62,6,13,"م ن ي"
62,6,14,"م و ت"
62,6,16,"ك و ن"
62,6,17,"ص د ق"
62,7,2,"م ن ي"
62,7,3,"ا ب د"
62,7,5,"ق د م"
62,7,6,"ي د ي"
62,7,7,"ا ل ه"
62,7,8,"ع ل م"
62,7,9,"ظ ل م"
62,8,1,"ق و ل"
62,8,3,"م و ت"
62,8,4,"ٱلَّذِى"
62,8,5,"ف ر ر"
62,8,8,"ل ق ي"
62,8,10,"ر د د"
62,8,11,"إِلَىٰ"
62,8,12,"ع ل م"
62,8,13,"غ ي ب"
62,8,14,"ش ه د"
62,8,15,"ن ب ا"
62,8,17,"ك و ن"
62,8,18,"ع م ل"
62,9,2,"ٱلَّذِى"
62,9,3,"ا م ن"
62,9,4,"إِذَا"
62,9,5,"ن د و"
62,9,6,"ص ل و"
62,9,8,"ي و م"
62,9,9,"ج م ع"
62,9,10,"س ع ي"
62,9,11,"إِلَىٰ"
62,9,12,"ذ ك ر"
62,9,13,"ا ل ه"
62,9,14,"و ذ ر"
62,9,15,"ب ي ع"
62,9,17,"خ ي ر"
62,9,20,"ك و ن"
62,9,21,"ع ل م"
62,10,1,"إِذَا"
62,10,2,"ق ض ي"
62,10,3,"ص ل و"
62,10,4,"ن ش ر"
62,10,6,"ا ر ض"
62,10,7,"ب غ ي"
62,10,9,"ف ض ل"
62,10,10,"ا ل ه"
62,10,11,"ذ ك ر"
62,10,12,"ا ل ه"
62,10,13,"ك ث ر"
62,10,15,"ف ل ح"
62,11,1,"إِذَا"
62,11,2,"ر ا ي"
62,11,3,"ت ج ر"
62,11,5,"ل ه و"
62,11,6,"ف ض ض"
62,11,7,"إِلَىٰ"
62,11,8,"ت ر ك"
62,11,9,"ق و م"
62,11,10,"ق و ل"
62,11,12,"ع ن د"
62,11,13,"ا ل ه"
62,11,14,"خ ي ر"
62,11,16,"ل ه و"
62,11,18,"ت ج ر"
62,11,19,"ا ل ه"
62,11,20,"خ ي ر"
62,11,21,"ر ز ق"
63,1,1,"إِذَا"
63,1,2,"ج ي ا"
63,1,3,"ن ف ق"
63,1,4,"ق و ل"
63,1,5,"ش ه د"
63,1,7,"ر س ل"
63,1,8,"ا ل ه"
63,1,9,"ا ل ه"
63,1,10,"ع ل م"
63,1,12,"ر س ل"
63,1,13,"ا ل ه"
63,1,14,"ش ه د"
63,1,16,"ن ف ق"
63,1,17,"ك ذ ب"
63,2,1,"ا خ ذ"
63,2,2,"ي م ن"
63,2,3,"ج ن ن"
63,2,4,"ص د د"
63,2,6,"س ب ل"
63,2,7,"ا ل ه"
63,2,9,"س و ا"
63,2,11,"ك و ن"
63,2,12,"ع م ل"
63,3,3,"ا م ن"
63,3,5,"ك ف ر"
63,3,6,"ط ب ع"
63,3,8,"ق ل ب"
63,3,11,"ف ق ه"
63,4,1,"إِذَا"
63,4,2,"ر ا ي"
63,4,3,"ع ج ب"
63,4,4,"ج س م"
63,4,6,"ق و ل"
63,4,7,"س م ع"
63,4,8,"ق و ل"
63,4,10,"خ ش ب"
63,4,11,"س ن د"
63,4,12,"ح س ب"
63,4,13,"ك ل ل"
63,4,14,"ص ي ح"
63,4,17,"ع د و"
63,4,18,"ح ذ ر"
63,4,19,"ق ت ل"
63,4,20,"ا ل ه"
63,4,21,"ا ن ي"
63,4,22,"ا ف ك"
63,5,1,"إِذَا"
63,5,2,"ق و ل"
63,5,4,"ع ل و"
63,5,5,"غ ف ر"
63,5,7,"ر س ل"
63,5,8,"ا ل ه"
63,5,9,"ل و ي"
63,5,10,"ر ا س"
63,5,11,"ر ا ي"
63,5,12,"ص د د"
63,5,14,"ك ب ر"
63,6,1,"س و ي"
63,6,3,"غ ف ر"
63,6,5,"أَم"
63,6,7,"غ ف ر"
63,6,10,"غ ف ر"
63,6,11,"ا ل ه"
63,6,14,"ا ل ه"
63,6,16,"ه د ي"
63,6,17,"ق و م"
63,6,18,"ف س ق"
63,7,2,"ٱلَّذِى"
63,7,3,"ق و ل"
63,7,5,"ن ف ق"
63,7,8,"ع ن د"
63,7,9,"ر س ل"
63,7,10,"ا ل ه"
63,7,12,"ف ض ض"
63,7,13,"ا ل ه"
63,7,14,"خ ز ن"
63,7,15,"س م و"
63,7,16,"ا ر ض"
63,7,18,"ن ف ق"
63,7,20,"ف ق ه"
63,8,1,"ق و ل"
63,8,3,"ر ج ع"
63,8,4,"إِلَىٰ"
63,8,5,"م د ن"
63,8,6,"خ ر ج"
63,8,7,"ع ز ز"
63,8,9,"ذ ل ل"
63,8,10,"ا ل ه"
63,8,11,"ع ز ز"
63,8,12,"ر س ل"
63,8,13,"ا م ن"
63,8,15,"ن ف ق"
63,8,17,"ع ل م"
63,9,2,"ٱلَّذِى"
63,9,3,"ا م ن"
63,9,5,"ل ه و"
63,9,6,"م و ل"
63,9,8,"و ل د"
63,9,10,"ذ ك ر"
63,9,11,"ا ل ه"
63,9,13,"ف ع ل"
63,9,17,"خ س ر"
63,10,1,"ن ف ق"
63,10,4,"ر ز ق"
63,10,6,"ق ب ل"
63,10,8,"ا ت ي"
63,10,9,"ا ح د"
63,10,10,"م و ت"
63,10,11,"ق و ل"
63,10,12,"ر ب ب"
63,10,14,"ا خ ر"
63,10,15,"إِلَىٰ"
63,10,16,"ا ج ل"
63,10,17,"ق ر ب"
63,10,18,"ص د ق"
63,10,19,"ك و ن"
63,10,21,"ص ل ح"
63,11,2,"ا خ ر"
63,11,3,"ا ل ه"
63,11,4,"ن ف س"
63,11,5,"إِذَا"
63,11,6,"ج ي ا"
63,11,7,"ا ج ل"
63,11,8,"ا ل ه"
63,11,9,"خ ب ر"
63,11,11,"ع م ل"
64,1,1,"س ب ح"
64,1,2,"ا ل ه"
64,1,5,"س م و"
64,1,8,"ا ر ض"
64,1,10,"م ل ك"
64,1,12,"ح م د"
64,1,15,"ك ل ل"
64,1,16,"ش ي ا"
64,1,17,"ق د ر"
64,2,2,"ٱلَّذِى"
64,2,3,"خ ل ق"
64,2,5,"ك ف ر"
64,2,7,"ا م ن"
64,2,8,"ا ل ه"
64,2,10,"ع م ل"
64,2,11,"ب ص ر"
64,3,1,"خ ل ق"
64,3,2,"س م و"
64,3,3,"ا ر ض"
64,3,4,"ح ق ق"
64,3,5,"ص و ر"
64,3,6,"ح س ن"
64,3,7,"ص و ر"
64,3,8,"إِلَىٰ"
64,3,9,"ص ي ر"
64,4,1,"ع ل م"
64,4,4,"س م و"
64,4,5,"ا ر ض"
64,4,6,"ع ل م"
64,4,8,"س ر ر"
64,4,10,"ع ل ن"
64,4,11,"ا ل ه"
64,4,12,"ع ل م"
64,4,14,"ص د ر"
64,5,2,"ا ت ي"
64,5,3,"ن ب ا"
64,5,4,"ٱلَّذِى"
64,5,5,"ك ف ر"
64,5,7,"ق ب ل"
64,5,8,"ذ و ق"
64,5,9,"و ب ل"
64,5,10,"ا م ر"
64,5,12,"ع ذ ب"
64,5,13,"ا ل م"
64,6,3,"ك و ن"
64,6,4,"ا ت ي"
64,6,5,"ر س ل"
64,6,6,"ب ي ن"
64,6,7,"ق و ل"
64,6,8,"ب ش ر"
64,6,9,"ه د ي"
64,6,10,"ك ف ر"
64,6,11,"و ل ي"
64,6,12,"غ ن ي"
64,6,13,"ا ل ه"
64,6,14,"ا ل ه"
64,6,15,"غ ن ي"
64,6,16,"ح م د"
64,7,1,"ز ع م"
64,7,2,"ٱلَّذِى"
64,7,3,"ك ف ر"
64,7,6,"ب ع ث"
64,7,7,"ق و ل"
64,7,9,"ر ب ب"
64,7,10,"ب ع ث"
64,7,12,"ن ب ا"
64,7,14,"ع م ل"
64,7,17,"ا ل ه"
64,7,18,"ي س ر"
64,8,1,"ا م ن"
64,8,2,"ا ل ه"
64,8,3,"ر س ل"
64,8,4,"ن و ر"
64,8,5,"ٱلَّذِى"
64,8,6,"ن ز ل"
64,8,7,"ا ل ه"
64,8,9,"ع م ل"
64,8,10,"خ ب ر"
64,9,1,"ي و م"
64,9,2,"ج م ع"
64,9,3,"ي و م"
64,9,4,"ج م ع"
64,9,6,"ي و م"
64,9,7,"غ ب ن"
64,9,9,"ا م ن"
64,9,10,"ا ل ه"
64,9,11,"ع م ل"
64,9,12,"ص ل ح"
64,9,13,"ك ف ر"
64,9,15,"س و ا"
64,9,16,"د خ ل"
64,9,17,"ج ن ن"
64,9,18,"ج ر ي"
64,9,20,"ت ح ت"
64,9,21,"ن ه ر"
64,9,22,"خ ل د"
64,9,24,"ا ب د"
64,9,26,"ف و ز"
64,9,27,"ع ظ م"
64,10,1,"ٱلَّذِى"
64,10,2,"ك ف ر"
64,10,3,"ك ذ ب"
64,10,4,"ا ي ي"
64,10,6,"ص ح ب"
64,10,7,"ن و ر"
64,10,8,"خ ل د"
64,10,10,"ب ا س"
64,10,11,"ص ي ر"
64,11,2,"ص و ب"
64,11,4,"ص و ب"
64,11,5,"إِلَّا"
64,11,6,"ا ذ ن"
64,11,7,"ا ل ه"
64,11,9,"ا م ن"
64,11,10,"ا ل ه"
64,11,11,"ه د ي"
64,11,12,"ق ل ب"
64,11,13,"ا ل ه"
64,11,14,"ك ل ل"
64,11,15,"ش ي ا"
64,11,16,"ع ل م"
64,12,1,"ط و ع"
64,12,2,"ا ل ه"
64,12,3,"ط و ع"
64,12,4,"ر س ل"
64,12,6,"و ل ي"
64,12,9,"ر س ل"
64,12,10,"ب ل غ"
64,12,11,"ب ي ن"
64,13,1,"ا ل ه"
64,13,3,"ا ل ه"
64,13,4,"إِلَّا"
64,13,7,"ا ل ه"
64,13,8,"و ك ل"
64,13,9,"ا م ن"
64,14,2,"ٱلَّذِى"
64,14,3,"ا م ن"
64,14,6,"ز و ج"
64,14,7,"و ل د"
64,14,8,"ع د و"
64,14,10,"ح ذ ر"
64,14,12,"ع ف و"
64,14,13,"ص ف ح"
64,14,14,"غ ف ر"
64,14,16,"ا ل ه"
64,14,17,"غ ف ر"
64,14,18,"ر ح م"
64,15,2,"م و ل"
64,15,3,"و ل د"
64,15,4,"ف ت ن"
64,15,5,"ا ل ه"
64,15,6,"ع ن د"
64,15,7,"ا ج ر"
64,15,8,"ع ظ م"
64,16,1,"و ق ي"
64,16,2,"ا ل ه"
64,16,4,"ط و ع"
64,16,5,"س م ع"
64,16,6,"ط و ع"
64,16,7,"ن ف ق"
64,16,8,"خ ي ر"
64,16,9,"ن ف س"
64,16,11,"و ق ي"
64,16,12,"ش ح ح"
64,16,13,"ن ف س"
64,16,16,"ف ل ح"
64,17,2,"ق ر ض"
64,17,3,"ا ل ه"
64,17,4,"ق ر ض"
64,17,5,"ح س ن"
64,17,6,"ض ع ف"
64,17,8,"غ ف ر"
64,17,10,"ا ل ه"
64,17,11,"ش ك ر"
64,17,12,"ح ل م"
64,18,1,"ع ل م"
64,18,2,"غ ي ب"
64,18,3,"ش ه د"
64,18,4,"ع ز ز"
64,18,5,"ح ك م"
65,1,2,"ن ب ا"
65,1,3,"إِذَا"
65,1,4,"ط ل ق"
65,1,5,"ن س و"
65,1,6,"ط ل ق"
65,1,7,"ع د د"
65,1,8,"ح ص ي"
65,1,9,"ع د د"
65,1,10,"و ق ي"
65,1,11,"ا ل ه"
65,1,12,"ر ب ب"
65,1,14,"خ ر ج"
65,1,16,"ب ي ت"
65,1,18,"خ ر ج"
65,1,19,"إِلَّا"
65,1,21,"ا ت ي"
65,1,22,"ف ح ش"
65,1,23,"ب ي ن"
65,1,25,"ح د د"
65,1,26,"ا ل ه"
65,1,28,"ع د و"
65,1,29,"ح د د"
65,1,30,"ا ل ه"
65,1,32,"ظ ل م"
65,1,33,"ن ف س"
65,1,35,"د ر ي"
65,1,37,"ا ل ه"
65,1,38,"ح د ث"
65,1,39,"ب ع د"
65,1,41,"ا م ر"
65,2,1,"إِذَا"
65,2,2,"ب ل غ"
65,2,3,"ا ج ل"
65,2,4,"م س ك"
65,2,5,"ع ر ف"
65,2,7,"ف ر ق"
65,2,8,"ع ر ف"
65,2,9,"ش ه د"
65,2,11,"ع د ل"
65,2,13,"ق و م"
65,2,14,"ش ه د"
65,2,15,"ا ل ه"
65,2,17,"و ع ظ"
65,2,20,"ك و ن"
65,2,21,"ا م ن"
65,2,22,"ا ل ه"
65,2,23,"ي و م"
65,2,24,"ا خ ر"
65,2,26,"و ق ي"
65,2,27,"ا ل ه"
65,2,28,"ج ع ل"
65,2,30,"خ ر ج"
65,3,1,"ر ز ق"
65,3,3,"ح ي ث"
65,3,5,"ح س ب"
65,3,7,"و ك ل"
65,3,9,"ا ل ه"
65,3,11,"ح س ب"
65,3,13,"ا ل ه"
65,3,14,"ب ل غ"
65,3,15,"ا م ر"
65,3,17,"ج ع ل"
65,3,18,"ا ل ه"
65,3,19,"ك ل ل"
65,3,20,"ش ي ا"
65,3,21,"ق د ر"
65,4,2,"ي ا س"
65,4,4,"ح ي ض"
65,4,6,"ن س و"
65,4,8,"ر ي ب"
65,4,9,"ع د د"
65,4,10,"ث ل ث"
65,4,11,"ش ه ر"
65,4,14,"ح ي ض"
65,4,15,"ا و ل"
65,4,16,"ح م ل"
65,4,17,"ا ج ل"
65,4,19,"و ض ع"
65,4,20,"ح م ل"
65,4,22,"و ق ي"
65,4,23,"ا ل ه"
65,4,24,"ج ع ل"
65,4,27,"ا م ر"
65,4,28,"ي س ر"
65,5,2,"ا م ر"
65,5,3,"ا ل ه"
65,5,4,"ن ز ل"
65,5,5,"إِلَىٰ"
65,5,7,"و ق ي"
65,5,8,"ا ل ه"
65,5,9,"ك ف ر"
65,5,11,"س و ا"
65,5,12,"ع ظ م"
65,5,14,"ا ج ر"
65,6,1,"س ك ن"
65,6,3,"ح ي ث"
65,6,4,"س ك ن"
65,6,6,"و ج د"
65,6,8,"ض ر ر"
65,6,9,"ض ي ق"
65,6,12,"ك و ن"
65,6,13,"ا و ل"
65,6,14,"ح م ل"
65,6,15,"ن ف ق"
65,6,18,"و ض ع"
65,6,19,"ح م ل"
65,6,21,"ر ض ع"
65,6,23,"ا ت ي"
65,6,24,"ا ج ر"
65,6,25,"ا م ر"
65,6,26,"ب ي ن"
65,6,27,"ع ر ف"
65,6,29,"ع س ر"
65,6,30,"ر ض ع"
65,6,32,"ا خ ر"
65,7,1,"ن ف ق"
65,7,3,"و س ع"
65,7,5,"و س ع"
65,7,7,"ق د ر"
65,7,9,"ر ز ق"
65,7,10,"ن ف ق"
65,7,12,"ا ت ي"
65,7,13,"ا ل ه"
65,7,15,"ك ل ف"
65,7,16,"ا ل ه"
65,7,17,"ن ف س"
65,7,18,"إِلَّا"
65,7,20,"ا ت ي"
65,7,21,"ج ع ل"
65,7,22,"ا ل ه"
65,7,23,"ب ع د"
65,7,24,"ع س ر"
65,7,25,"ي س ر"
65,8,3,"ق ر ي"
65,8,4,"ع ت و"
65,8,6,"ا م ر"
65,8,7,"ر ب ب"
65,8,8,"ر س ل"
65,8,9,"ح س ب"
65,8,10,"ح س ب"
65,8,11,"ش د د"
65,8,12,"ع ذ ب"
65,8,13,"ع ذ ب"
65,8,14,"ن ك ر"
65,9,1,"ذ و ق"
65,9,2,"و ب ل"
65,9,3,"ا م ر"
65,9,4,"ك و ن"
65,9,5,"ع ق ب"
65,9,6,"ا م ر"
65,9,7,"خ س ر"
65,10,1,"ع د د"
65,10,2,"ا ل ه"
65,10,4,"ع ذ ب"
65,10,5,"ش د د"
65,10,6,"و ق ي"
65,10,7,"ا ل ه"
65,10,8,"ا و ل"
65,10,9,"ل ب ب"
65,10,10,"ٱلَّذِى"
65,10,11,"ا م ن"
65,10,13,"ن ز ل"
65,10,14,"ا ل ه"
65,10,15,"إِلَىٰ"
65,10,16,"ذ ك ر"
65,11,1,"ر س ل"
65,11,2,"ت ل و"
65,11,4,"ا ي ي"
65,11,5,"ا ل ه"
65,11,6,"ب ي ن"
65,11,7,"خ ر ج"
65,11,8,"ٱلَّذِى"
65,11,9,"ا م ن"
65,11,10,"ع م ل"
65,11,11,"ص ل ح"
65,11,13,"ظ ل م"
65,11,14,"إِلَىٰ"
65,11,15,"ن و ر"
65,11,17,"ا م ن"
65,11,18,"ا ل ه"
65,11,19,"ع م ل"
65,11,20,"ص ل ح"
65,11,21,"د خ ل"
65,11,22,"ج ن ن"
65,11,23,"ج ر ي"
65,11,25,"ت ح ت"
65,11,26,"ن ه ر"
65,11,27,"خ ل د"
65,11,29,"ا ب د"
65,11,31,"ح س ن"
65,11,32,"ا ل ه"
65,11,34,"ر ز ق"
65,12,1,"ا ل ه"
65,12,2,"ٱلَّذِى"
65,12,3,"خ ل ق"
65,12,4,"س ب ع"
65,12,5,"س م و"
65,12,7,"ا ر ض"
65,12,8,"م ث ل"
65,12,9,"ن ز ل"
65,12,10,"ا م ر"
65,12,11,"ب ي ن"
65,12,12,"ع ل م"
65,12,14,"ا ل ه"
65,12,16,"ك ل ل"
65,12,17,"ش ي ا"
65,12,18,"ق د ر"
65,12,20,"ا ل ه"
65,12,22,"ح و ط"
65,12,23,"ك ل ل"
65,12,24,"ش ي ا"
65,12,25,"ع ل م"
66,1,2,"ن ب ا"
66,1,4,"ح ر م"
66,1,6,"ح ل ل"
66,1,7,"ا ل ه"
66,1,9,"ب غ ي"
66,1,10,"ر ض و"
66,1,11,"ز و ج"
66,1,12,"ا ل ه"
66,1,13,"غ ف ر"
66,1,14,"ر ح م"
66,2,2,"ف ر ض"
66,2,3,"ا ل ه"
66,2,5,"ح ل ل"
66,2,6,"ي م ن"
66,2,7,"ا ل ه"
66,2,8,"و ل ي"
66,2,10,"ع ل م"
66,2,11,"ح ك م"
66,3,1,"إِذ"
66,3,2,"س ر ر"
66,3,3,"ن ب ا"
66,3,4,"إِلَىٰ"
66,3,5,"ب ع ض"
66,3,6,"ز و ج"
66,3,7,"ح د ث"
66,3,9,"ن ب ا"
66,3,11,"ظ ه ر"
66,3,12,"ا ل ه"
66,3,14,"ع ر ف"
66,3,15,"ب ع ض"
66,3,16,"ع ر ض"
66,3,18,"ب ع ض"
66,3,20,"ن ب ا"
66,3,22,"ق و ل"
66,3,24,"ن ب ا"
66,3,26,"ق و ل"
66,3,27,"ن ب ا"
66,3,28,"ع ل م"
66,3,29,"خ ب ر"
66,4,2,"ت و ب"
66,4,3,"إِلَىٰ"
66,4,4,"ا ل ه"
66,4,6,"ص غ و"
66,4,7,"ق ل ب"
66,4,9,"ظ ه ر"
66,4,12,"ا ل ه"
66,4,14,"و ل ي"
66,4,16,"ص ل ح"
66,4,17,"ا م ن"
66,4,18,"م ل ك"
66,4,19,"ب ع د"
66,4,21,"ظ ه ر"
66,5,1,"ع س ي"
66,5,2,"ر ب ب"
66,5,4,"ط ل ق"
66,5,6,"ب د ل"
66,5,7,"ز و ج"
66,5,8,"خ ي ر"
66,5,10,"س ل م"
66,5,11,"ا م ن"
66,5,12,"ق ن ت"
66,5,13,"ت و ب"
66,5,14,"ع ب د"
66,5,15,"س ي ح"
66,5,16,"ث ي ب"
66,5,17,"ب ك ر"
66,6,2,"ٱلَّذِى"
66,6,3,"ا م ن"
66,6,4,"و ق ي"
66,6,5,"ن ف س"
66,6,6,"ا ه ل"
66,6,7,"ن و ر"
66,6,8,"و ق د"
66,6,9,"ن و س"
66,6,10,"ح ج ر"
66,6,12,"م ل ك"
66,6,13,"غ ل ظ"
66,6,14,"ش د د"
66,6,16,"ع ص ي"
66,6,17,"ا ل ه"
66,6,19,"ا م ر"
66,6,20,"ف ع ل"
66,6,22,"ا م ر"
66,7,2,"ٱلَّذِى"
66,7,3,"ك ف ر"
66,7,5,"ع ذ ر"
66,7,6,"ي و م"
66,7,8,"ج ز ي"
66,7,10,"ك و ن"
66,7,11,"ع م ل"
66,8,2,"ٱلَّذِى"
66,8,3,"ا م ن"
66,8,4,"ت و ب"
66,8,5,"إِلَىٰ"
66,8,6,"ا ل ه"
66,8,7,"ت و ب"
66,8,8,"ن ص ح"
66,8,9,"ع س ي"
66,8,10,"ر ب ب"
66,8,12,"ك ف ر"
66,8,14,"س و ا"
66,8,15,"د خ ل"
66,8,16,"ج ن ن"
66,8,17,"ج ر ي"
66,8,19,"ت ح ت"
66,8,20,"ن ه ر"
66,8,21,"ي و م"
66,8,23,"خ ز ي"
66,8,24,"ا ل ه"
66,8,25,"ن ب ا"
66,8,26,"ٱلَّذِى"
66,8,27,"ا م ن"
66,8,29,"ن و ر"
66,8,30,"س ع ي"
66,8,31,"ب ي ن"
66,8,32,"ي د ي"
66,8,33,"ي م ن"
66,8,34,"ق و ل"
66,8,35,"ر ب ب"
66,8,36,"ت م م"
66,8,38,"ن و ر"
66,8,39,"غ ف ر"
66,8,43,"ك ل ل"
66,8,44,"ش ي ا"
66,8,45,"ق د ر"
66,9,2,"ن ب ا"
66,9,3,"ج ه د"
66,9,4,"ك ف ر"
66,9,5,"ن ف ق"
66,9,6,"غ ل ظ"
66,9,8,"ا و ي"
66,9,10,"ب ا س"
66,9,11,"ص ي ر"
66,10,1,"ض ر ب"
66,10,2,"ا ل ه"
66,10,3,"م ث ل"
66,10,4,"ٱلَّذِى"
66,10,5,"ك ف ر"
66,10,6,"م ر ا"
66,10,8,"م ر ا"
66,10,10,"ك و ن"
66,10,11,"ت ح ت"
66,10,12,"ع ب د"
66,10,14,"ع ب د"
66,10,15,"ص ل ح"
66,10,16,"خ و ن"
66,10,18,"غ ن ي"
66,10,21,"ا ل ه"
66,10,22,"ش ي ا"
66,10,23,"ق و ل"
66,10,24,"د خ ل"
66,10,25,"ن و ر"
66,10,27,"د خ ل"
66,11,1,"ض ر ب"
66,11,2,"ا ل ه"
66,11,3,"م ث ل"
66,11,4,"ٱلَّذِى"
66,11,5,"ا م ن"
66,11,6,"م ر ا"
66,11,8,"إِذ"
66,11,9,"ق و ل"
66,11,10,"ر ب ب"
66,11,11,"ب ن ي"
66,11,13,"ع ن د"
66,11,14,"ب ي ت"
66,11,16,"ج ن ن"
66,11,17,"ن ج و"
66,11,20,"ع م ل"
66,11,21,"ن ج و"
66,11,23,"ق و م"
66,11,24,"ظ ل م"
66,12,2,"ب ن ي"
66,12,4,"ٱلَّذِى"
66,12,5,"ح ص ن"
66,12,6,"ف ر ج"
66,12,7,"ن ف خ"
66,12,10,"ر و ح"
66,12,11,"ص د ق"
66,12,12,"ك ل م"
66,12,13,"ر ب ب"
66,12,14,"ك ت ب"
66,12,15,"ك و ن"
66,12,17,"ق ن ت"
67,1,1,"ب ر ك"
67,1,2,"ٱلَّذِى"
67,1,3,"ي د ي"
67,1,4,"م ل ك"
67,1,7,"ك ل ل"
67,1,8,"ش ي ا"
67,1,9,"ق د ر"
67,2,1,"ٱلَّذِى"
67,2,2,"خ ل ق"
67,2,3,"م و ت"
67,2,4,"ح ي ي"
67,2,5,"ب ل و"
67,2,7,"ح س ن"
67,2,8,"ع م ل"
67,2,10,"ع ز ز"
67,2,11,"غ ف ر"
67,3,1,"ٱلَّذِى"
67,3,2,"خ ل ق"
67,3,3,"س ب ع"
67,3,4,"س م و"
67,3,5,"ط ب ق"
67,3,7,"ر ا ي"
67,3,9,"خ ل ق"
67,3,10,"ر ح م"
67,3,12,"ف و ت"
67,3,13,"ر ج ع"
67,3,14,"ب ص ر"
67,3,16,"ر ا ي"
67,3,18,"ف ط ر"
67,4,2,"ر ج ع"
67,4,3,"ب ص ر"
67,4,4,"ك ر ر"
67,4,5,"ق ل ب"
67,4,6,"إِلَىٰ"
67,4,7,"ب ص ر"
67,4,8,"خ س ا"
67,4,10,"ح س ر"
67,5,2,"ز ي ن"
67,5,3,"س م و"
67,5,4,"د ن و"
67,5,5,"ص ب ح"
67,5,6,"ج ع ل"
67,5,7,"ر ج م"
67,5,8,"ش ط ن"
67,5,9,"ع ت د"
67,5,11,"ع ذ ب"
67,5,12,"س ع ر"
67,6,1,"ٱلَّذِى"
67,6,2,"ك ف ر"
67,6,3,"ر ب ب"
67,6,4,"ع ذ ب"
67,6,6,"ب ا س"
67,6,7,"ص ي ر"
67,7,1,"إِذَا"
67,7,2,"ل ق ي"
67,7,4,"س م ع"
67,7,6,"ش ه ق"
67,7,8,"ف و ر"
67,8,1,"ك و د"
67,8,2,"م ي ز"
67,8,4,"غ ي ظ"
67,8,5,"ك ل ل"
67,8,6,"ل ق ي"
67,8,8,"ف و ج"
67,8,9,"س ا ل"
67,8,10,"خ ز ن"
67,8,12,"ا ت ي"
67,8,13,"ن ذ ر"
67,9,1,"ق و ل"
67,9,4,"ج ي ا"
67,9,5,"ن ذ ر"
67,9,6,"ك ذ ب"
67,9,7,"ق و ل"
67,9,9,"ن ز ل"
67,9,10,"ا ل ه"
67,9,12,"ش ي ا"
67,9,15,"إِلَّا"
67,9,17,"ض ل ل"
67,9,18,"ك ب ر"
67,10,1,"ق و ل"
67,10,3,"ك و ن"
67,10,4,"س م ع"
67,10,6,"ع ق ل"
67,10,8,"ك و ن"
67,10,10,"ص ح ب"
67,10,11,"س ع ر"
67,11,1,"ع ر ف"
67,11,2,"ذ ن ب"
67,11,3,"س ح ق"
67,11,4,"ص ح ب"
67,11,5,"س ع ر"
67,12,2,"ٱلَّذِى"
67,12,3,"خ ش ي"
67,12,4,"ر ب ب"
67,12,5,"غ ي ب"
67,12,7,"غ ف ر"
67,12,8,"ا ج ر"
67,12,9,"ك ب ر"
67,13,1,"س ر ر"
67,13,2,"ق و ل"
67,13,4,"ج ه ر"
67,13,7,"ع ل م"
67,13,9,"ص د ر"
67,14,2,"ع ل م"
67,14,4,"خ ل ق"
67,14,6,"ل ط ف"
67,14,7,"خ ب ر"
67,15,2,"ٱلَّذِى"
67,15,3,"ج ع ل"
67,15,5,"ا ر ض"
67,15,6,"ذ ل ل"
67,15,7,"م ش ي"
67,15,9,"ن ك ب"
67,15,10,"ا ك ل"
67,15,12,"ر ز ق"
67,15,13,"إِلَىٰ"
67,15,14,"ن ش ر"
67,16,1,"ا م ن"
67,16,4,"س م و"
67,16,6,"خ س ف"
67,16,8,"ا ر ض"
67,16,11,"م و ر"
67,17,1,"أَم"
67,17,2,"ا م ن"
67,17,5,"س م و"
67,17,7,"ر س ل"
67,17,9,"ح ص ب"
67,17,10,"ع ل م"
67,17,11,"ك ي ف"
67,17,12,"ن ذ ر"
67,18,2,"ك ذ ب"
67,18,3,"ٱلَّذِى"
67,18,5,"ق ب ل"
67,18,6,"ك ي ف"
67,18,7,"ك و ن"
67,18,8,"ن ك ر"
67,19,2,"ر ا ي"
67,19,3,"إِلَىٰ"
67,19,4,"ط ي ر"
67,19,5,"ف و ق"
67,19,6,"ص ف ف"
67,19,7,"ق ب ض"
67,19,9,"م س ك"
67,19,10,"إِلَّا"
67,19,11,"ر ح م"
67,19,13,"ك ل ل"
67,19,14,"ش ي ا"
67,19,15,"ب ص ر"
67,20,1,"أَم"
67,20,3,"ٱلَّذِى"
67,20,5,"ج ن د"
67,20,7,"ن ص ر"
67,20,9,"د و ن"
67,20,10,"ر ح م"
67,20,12,"ك ف ر"
67,20,13,"إِلَّا"
67,20,15,"غ ر ر"
67,21,1,"أَم"
67,21,3,"ٱلَّذِى"
67,21,4,"ر ز ق"
67,21,6,"م س ك"
67,21,7,"ر ز ق"
67,21,9,"ل ج ج"
67,21,11,"ع ت و"
67,21,12,"ن ف ر"
67,22,2,"م ش ي"
67,22,3,"ك ب ب"
67,22,5,"و ج ه"
67,22,6,"ه د ي"
67,22,7,"أَم"
67,22,8,"م ش ي"
67,22,9,"س و ي"
67,22,11,"ص ر ط"
67,22,12,"ق و م"
67,23,1,"ق و ل"
67,23,3,"ٱلَّذِى"
67,23,4,"ن ش ا"
67,23,5,"ج ع ل"
67,23,7,"س م ع"
67,23,8,"ب ص ر"
67,23,9,"ف ا د"
67,23,10,"ق ل ل"
67,23,12,"ش ك ر"
67,24,1,"ق و ل"
67,24,3,"ٱلَّذِى"
67,24,4,"ذ ر ا"
67,24,6,"ا ر ض"
67,24,7,"إِلَىٰ"
67,24,8,"ح ش ر"
67,25,1,"ق و ل"
67,25,4,"و ع د"
67,25,6,"ك و ن"
67,25,7,"ص د ق"
67,26,1,"ق و ل"
67,26,3,"ع ل م"
67,26,4,"ع ن د"
67,26,5,"ا ل ه"
67,26,8,"ن ذ ر"
67,26,9,"ب ي ن"
67,27,2,"ر ا ي"
67,27,3,"ز ل ف"
67,27,4,"س و ا"
67,27,5,"و ج ه"
67,27,6,"ٱلَّذِى"
67,27,7,"ك ف ر"
67,27,8,"ق و ل"
67,27,10,"ٱلَّذِى"
67,27,11,"ك و ن"
67,27,13,"د ع و"
67,28,1,"ق و ل"
67,28,2,"ر ا ي"
67,28,4,"ه ل ك"
67,28,5,"ا ل ه"
67,28,9,"ر ح م"
67,28,11,"ج و ر"
67,28,12,"ك ف ر"
67,28,14,"ع ذ ب"
67,28,15,"ا ل م"
67,29,1,"ق و ل"
67,29,3,"ر ح م"
67,29,4,"ا م ن"
67,29,7,"و ك ل"
67,29,8,"ع ل م"
67,29,12,"ض ل ل"
67,29,13,"ب ي ن"
67,30,1,"ق و ل"
67,30,2,"ر ا ي"
67,30,4,"ص ب ح"
67,30,5,"م و ه"
67,30,6,"غ و ر"
67,30,8,"ا ت ي"
67,30,9,"م و ه"
67,30,10,"ع ي ن"
68,1,2,"ق ل م"
68,1,4,"س ط ر"
68,2,3,"ن ع م"
68,2,4,"ر ب ب"
68,2,5,"ج ن ن"
68,3,3,"ا ج ر"
68,3,4,"غ ي ر"
68,3,5,"م ن ن"
68,4,3,"خ ل ق"
68,4,4,"ع ظ م"
68,5,1,"ب ص ر"
68,5,2,"ب ص ر"
68,6,2,"ف ت ن"
68,7,2,"ر ب ب"
68,7,4,"ع ل م"
68,7,6,"ض ل ل"
68,7,8,"س ب ل"
68,7,10,"ع ل م"
68,7,11,"ه د ي"
68,8,2,"ط و ع"
68,8,3,"ك ذ ب"
68,9,1,"و د د"
68,9,3,"د ه ن"
68,9,4,"د ه ن"
68,10,2,"ط و ع"
68,10,3,"ك ل ل"
68,10,4,"ح ل ف"
68,10,5,"م ه ن"
68,11,1,"ه م ز"
68,11,2,"م ش ي"
68,11,3,"ن م م"
68,12,1,"م ن ع"
68,12,2,"خ ي ر"
68,12,3,"ع د و"
68,12,4,"ا ث م"
68,13,1,"ع ت ل"
68,13,2,"ب ع د"
68,13,4,"ز ن م"
68,14,2,"ك و ن"
68,14,4,"م و ل"
68,14,5,"ب ن ي"
68,15,1,"إِذَا"
68,15,2,"ت ل و"
68,15,4,"ا ي ي"
68,15,5,"ق و ل"
68,15,6,"س ط ر"
68,15,7,"ا و ل"
68,16,1,"و س م"
68,16,3,"خ ر ط م"
68,17,2,"ب ل و"
68,17,4,"ب ل و"
68,17,5,"ص ح ب"
68,17,6,"ج ن ن"
68,17,7,"إِذ"
68,17,8,"ق س م"
68,17,9,"ص ر م"
68,17,10,"ص ب ح"
68,18,2,"ث ن ي"
68,19,1,"ط و ف"
68,19,3,"ط و ف"
68,19,5,"ر ب ب"
68,19,7,"ن و م"
68,20,1,"ص ب ح"
68,20,2,"ص ر م"
68,21,1,"ن د و"
68,21,2,"ص ب ح"
68,22,2,"غ د و"
68,22,4,"ح ر ث"
68,22,6,"ك و ن"
68,22,7,"ص ر م"
68,23,1,"ط ل ق"
68,23,3,"خ ف ت"
68,24,3,"د خ ل"
68,24,4,"ي و م"
68,24,6,"س ك ن"
68,25,1,"غ د و"
68,25,3,"ح ر د"
68,25,4,"ق د ر"
68,26,2,"ر ا ي"
68,26,3,"ق و ل"
68,26,5,"ض ل ل"
68,27,3,"ح ر م"
68,28,1,"ق و ل"
68,28,2,"و س ط"
68,28,4,"ق و ل"
68,28,7,"س ب ح"
68,29,1,"ق و ل"
68,29,2,"س ب ح"
68,29,3,"ر ب ب"
68,29,5,"ك و ن"
68,29,6,"ظ ل م"
68,30,1,"ق ب ل"
68,30,2,"ب ع ض"
68,30,4,"ب ع ض"
68,30,5,"ل و م"
68,31,1,"ق و ل"
68,31,4,"ك و ن"
68,31,5,"ط غ ي"
68,32,1,"ع س ي"
68,32,2,"ر ب ب"
68,32,4,"ب د ل"
68,32,5,"خ ي ر"
68,32,8,"إِلَىٰ"
68,32,9,"ر ب ب"
68,32,10,"ر غ ب"
68,33,2,"ع ذ ب"
68,33,3,"ع ذ ب"
68,33,4,"ا خ ر"
68,33,5,"ك ب ر"
68,33,7,"ك و ن"
68,33,8,"ع ل م"
68,34,2,"و ق ي"
68,34,3,"ع ن د"
68,34,4,"ر ب ب"
68,34,5,"ج ن ن"
68,34,6,"ن ع م"
68,35,1,"ج ع ل"
68,35,2,"س ل م"
68,35,3,"ج ر م"
68,36,3,"ك ي ف"
68,36,4,"ح ك م"
68,37,1,"أَم"
68,37,3,"ك ت ب"
68,37,5,"د ر س"
68,38,5,"خ ي ر"
68,39,1,"أَم"
68,39,3,"ي م ن"
68,39,5,"ب ل غ"
68,39,6,"إِلَىٰ"
68,39,7,"ي و م"
68,39,8,"ق و م"
68,39,12,"ح ك م"
68,40,1,"س ا ل"
68,40,4,"ز ع م"
68,41,1,"أَم"
68,41,3,"ش ر ك"
68,41,4,"ا ت ي"
68,41,5,"ش ر ك"
68,41,7,"ك و ن"
68,41,8,"ص د ق"
68,42,1,"ي و م"
68,42,2,"ك ش ف"
68,42,4,"س و ق"
68,42,5,"د ع و"
68,42,6,"إِلَىٰ"
68,42,7,"س ج د"
68,42,9,"ط و ع"
68,43,1,"خ ش ع"
68,43,2,"ب ص ر"
68,43,3,"ر ه ق"
68,43,4,"ذ ل ل"
68,43,6,"ك و ن"
68,43,7,"د ع و"
68,43,8,"إِلَىٰ"
68,43,9,"س ج د"
68,43,11,"س ل م"
68,44,1,"و ذ ر"
68,44,3,"ك ذ ب"
68,44,5,"ح د ث"
68,44,6,"د ر ج"
68,44,8,"ح ي ث"
68,44,10,"ع ل م"
68,45,1,"م ل و"
68,45,4,"ك ي د"
68,45,5,"م ت ن"
68,46,1,"أَم"
68,46,2,"س ا ل"
68,46,3,"ا ج ر"
68,46,6,"غ ر م"
68,46,7,"ث ق ل"
68,47,1,"أَم"
68,47,2,"ع ن د"
68,47,3,"غ ي ب"
68,47,5,"ك ت ب"
68,48,1,"ص ب ر"
68,48,2,"ح ك م"
68,48,3,"ر ب ب"
68,48,5,"ك و ن"
68,48,6,"ص ح ب"
68,48,7,"ح و ت"
68,48,8,"إِذ"
68,48,9,"ن د و"
68,48,11,"ك ظ م"
68,49,3,"د ر ك"
68,49,4,"ن ع م"
68,49,6,"ر ب ب"
68,49,7,"ن ب ذ"
68,49,8,"ع ر ي"
68,49,10,"ذ م م"
68,50,1,"ج ب ي"
68,50,2,"ر ب ب"
68,50,3,"ج ع ل"
68,50,5,"ص ل ح"
68,51,2,"ك و د"
68,51,3,"ٱلَّذِى"
68,51,4,"ك ف ر"
68,51,5,"ز ل ق"
68,51,6,"ب ص ر"
68,51,8,"س م ع"
68,51,9,"ذ ك ر"
68,51,10,"ق و ل"
68,51,12,"ج ن ن"
68,52,3,"إِلَّا"
68,52,4,"ذ ك ر"
68,52,5,"ع ل م"
69,1,1,"ح ق ق"
69,2,2,"ح ق ق"
69,3,2,"د ر ي"
69,3,4,"ح ق ق"
69,4,1,"ك ذ ب"
69,4,3,"ع و د"
69,4,4,"ق ر ع"
69,5,1,"أَمَّا"
69,5,3,"ه ل ك"
69,5,4,"ط غ ي"
69,6,1,"أَمَّا"
69,6,2,"ع و د"
69,6,3,"ه ل ك"
69,6,4,"ر و ح"
69,6,5,"ص ر ص ر"
69,6,6,"ع ت و"
69,7,1,"س خ ر"
69,7,3,"س ب ع"
69,7,4,"ل ي ل"
69,7,5,"ث م ن"
69,7,6,"ي و م"
69,7,7,"ح س م"
69,7,8,"ر ا ي"
69,7,9,"ق و م"
69,7,11,"ص ر ع"
69,7,13,"ع ج ز"
69,7,14,"ن خ ل"
69,7,15,"خ و ي"
69,8,2,"ر ا ي"
69,8,5,"ب ق ي"
69,9,1,"ج ي ا"
69,9,4,"ق ب ل"
69,9,5,"ا ف ك"
69,9,6,"خ ط ا"
69,10,1,"ع ص ي"
69,10,2,"ر س ل"
69,10,3,"ر ب ب"
69,10,4,"ا خ ذ"
69,10,5,"ا خ ذ"
69,10,6,"ر ب و"
69,11,3,"ط غ ي"
69,11,4,"م و ه"
69,11,5,"ح م ل"
69,11,7,"ج ر ي"
69,12,1,"ج ع ل"
69,12,3,"ذ ك ر"
69,12,4,"و ع ي"
69,12,5,"ا ذ ن"
69,12,6,"و ع ي"
69,13,1,"إِذَا"
69,13,2,"ن ف خ"
69,13,4,"ص و ر"
69,13,5,"ن ف خ"
69,13,6,"و ح د"
69,14,1,"ح م ل"
69,14,2,"ا ر ض"
69,14,3,"ج ب ل"
69,14,4,"د ك ك"
69,14,5,"د ك ك"
69,14,6,"و ح د"
69,15,2,"و ق ع"
69,15,3,"و ق ع"
69,16,1,"ش ق ق"
69,16,2,"س م و"
69,16,5,"و ه ي"
69,17,1,"م ل ك"
69,17,3,"ر ج و"
69,17,4,"ح م ل"
69,17,5,"ع ر ش"
69,17,6,"ر ب ب"
69,17,7,"ف و ق"
69,17,9,"ث م ن"
69,18,2,"ع ر ض"
69,18,4,"خ ف ي"
69,18,6,"خ ف ي"
69,19,1,"أَمَّا"
69,19,3,"ا ت ي"
69,19,4,"ك ت ب"
69,19,5,"ي م ن"
69,19,6,"ق و ل"
69,19,8,"ق ر ا"
69,19,9,"ك ت ب"
69,20,2,"ظ ن ن"
69,20,4,"ل ق ي"
69,20,5,"ح س ب"
69,21,3,"ع ي ش"
69,21,4,"ر ض و"
69,22,2,"ج ن ن"
69,22,3,"ع ل و"
69,23,1,"ق ط ف"
69,23,2,"د ن و"
69,24,1,"ا ك ل"
69,24,2,"ش ر ب"
69,24,3,"ه ن ا"
69,24,5,"س ل ف"
69,24,7,"ي و م"
69,24,8,"خ ل و"
69,25,1,"أَمَّا"
69,25,3,"ا ت ي"
69,25,4,"ك ت ب"
69,25,5,"ش م ل"
69,25,6,"ق و ل"
69,25,9,"ا ت ي"
69,25,10,"ك ت ب"
69,26,2,"د ر ي"
69,26,4,"ح س ب"
69,27,2,"ك و ن"
69,27,3,"ق ض ي"
69,28,2,"غ ن ي"
69,28,4,"م و ل"
69,29,1,"ه ل ك"
69,29,3,"س ل ط"
69,30,1,"ا خ ذ"
69,30,2,"غ ل ل"
69,31,2,"ج ح م"
69,31,3,"ص ل ي"
69,32,3,"س ل س ل"
69,32,4,"ذ ر ع"
69,32,5,"س ب ع"
69,32,6,"ذ ر ع"
69,32,7,"س ل ك"
69,33,2,"ك و ن"
69,33,4,"ا م ن"
69,33,5,"ا ل ه"
69,33,6,"ع ظ م"
69,34,2,"ح ض ض"
69,34,4,"ط ع م"
69,34,5,"س ك ن"
69,35,1,"ل ي س"
69,35,3,"ي و م"
69,35,5,"ح م م"
69,36,2,"ط ع م"
69,36,3,"إِلَّا"
69,36,5,"غ س ل"
69,37,2,"ا ك ل"
69,37,3,"إِلَّا"
69,37,4,"خ ط ا"
69,38,2,"ق س م"
69,38,4,"ب ص ر"
69,39,3,"ب ص ر"
69,40,2,"ق و ل"
69,40,3,"ر س ل"
69,40,4,"ك ر م"
69,41,3,"ق و ل"
69,41,4,"ش ع ر"
69,41,5,"ق ل ل"
69,41,7,"ا م ن"
69,42,2,"ق و ل"
69,42,3,"ك ه ن"
69,42,4,"ق ل ل"
69,42,6,"ذ ك ر"
69,43,1,"ن ز ل"
69,43,3,"ر ب ب"
69,43,4,"ع ل م"
69,44,2,"ق و ل"
69,44,4,"ب ع ض"
69,44,5,"ق و ل"
69,45,1,"ا خ ذ"
69,45,3,"ي م ن"
69,46,2,"ق ط ع"
69,46,4,"و ت ن"
69,47,4,"ا ح د"
69,47,6,"ح ج ز"
69,48,2,"ذ ك ر"
69,48,3,"و ق ي"
69,49,2,"ع ل م"
69,49,5,"ك ذ ب"
69,50,2,"ح س ر"
69,50,4,"ك ف ر"
69,51,2,"ح ق ق"
69,51,3,"ي ق ن"
69,52,1,"س ب ح"
69,52,2,"س م و"
69,52,3,"ر ب ب"
69,52,4,"ع ظ م"
70,1,1,"س ا ل"
70,1,2,"س ا ل"
70,1,3,"ع ذ ب"
70,1,4,"و ق ع"
70,2,1,"ك ف ر"
70,2,2,"ل ي س"
70,2,4,"د ف ع"
70,3,2,"ا ل ه"
70,3,4,"ع ر ج"
70,4,1,"ع ر ج"
70,4,2,"م ل ك"
70,4,3,"ر و ح"
70,4,4,"إِلَىٰ"
70,4,6,"ي و م"
70,4,7,"ك و ن"
70,4,8,"ق د ر"
70,4,9,"خ م س"
70,4,10,"ا ل ف"
70,4,11,"س ن و"
70,5,1,"ص ب ر"
70,5,2,"ص ب ر"
70,5,3,"ج م ل"
70,6,2,"ر ا ي"
70,6,3,"ب ع د"
70,7,1,"ر ا ي"
70,7,2,"ق ر ب"
70,8,1,"ي و م"
70,8,2,"ك و ن"
70,8,3,"س م و"
70,8,4,"م ه ل"
70,9,1,"ك و ن"
70,9,2,"ج ب ل"
70,9,3,"ع ه ن"
70,10,2,"س ا ل"
70,10,3,"ح م م"
70,10,4,"ح م م"
70,11,1,"ب ص ر"
70,11,2,"و د د"
70,11,3,"ج ر م"
70,11,5,"ف د ي"
70,11,7,"ع ذ ب"
70,11,9,"ب ن ي"
70,12,1,"ص ح ب"
70,12,2,"ا خ و"
70,13,1,"ف ص ل"
70,13,2,"ٱلَّذِى"
70,13,3,"ا و ي"
70,14,3,"ا ر ض"
70,14,4,"ج م ع"
70,14,6,"ن ج و"
70,16,1,"ن ز ع"
70,16,2,"ش و ي"
70,17,1,"د ع و"
70,17,3,"د ب ر"
70,17,4,"و ل ي"
70,18,1,"ج م ع"
70,18,2,"و ع ي"
70,19,2,"ا ن س"
70,19,3,"خ ل ق"
70,19,4,"ه ل ع"
70,20,1,"إِذَا"
70,20,2,"م س س"
70,20,3,"ش ر ر"
70,20,4,"ج ز ع"
70,21,1,"إِذَا"
70,21,2,"م س س"
70,21,3,"خ ي ر"
70,21,4,"م ن ع"
70,22,1,"إِلَّا"
70,22,2,"ص ل و"
70,23,1,"ٱلَّذِى"
70,23,4,"ص ل و"
70,23,5,"د و م"
70,24,1,"ٱلَّذِى"
70,24,3,"م و ل"
70,24,4,"ح ق ق"
70,24,5,"ع ل م"
70,25,1,"س ا ل"
70,25,2,"ح ر م"
70,26,1,"ٱلَّذِى"
70,26,2,"ص د ق"
70,26,3,"ي و م"
70,26,4,"د ي ن"
70,27,1,"ٱلَّذِى"
70,27,4,"ع ذ ب"
70,27,5,"ر ب ب"
70,27,6,"ش ف ق"
70,28,2,"ع ذ ب"
70,28,3,"ر ب ب"
70,28,4,"غ ي ر"
70,28,5,"ا م ن"
70,29,1,"ٱلَّذِى"
70,29,3,"ف ر ج"
70,29,4,"ح ف ظ"
70,30,1,"إِلَّا"
70,30,3,"ز و ج"
70,30,6,"م ل ك"
70,30,7,"ي م ن"
70,30,9,"غ ي ر"
70,30,10,"ل و م"
70,31,2,"ب غ ي"
70,31,3,"و ر ي"
70,31,7,"ع د و"
70,32,1,"ٱلَّذِى"
70,32,3,"ا م ن"
70,32,4,"ع ه د"
70,32,5,"ر ع ي"
70,33,1,"ٱلَّذِى"
70,33,3,"ش ه د"
70,33,4,"ق و م"
70,34,1,"ٱلَّذِى"
70,34,4,"ص ل و"
70,34,5,"ح ف ظ"
70,35,3,"ج ن ن"
70,35,4,"ك ر م"
70,36,2,"ٱلَّذِى"
70,36,3,"ك ف ر"
70,36,4,"ق ب ل"
70,36,5,"ه ط ع"
70,37,2,"ي م ن"
70,37,4,"ش م ل"
70,37,5,"ع ز و"
70,38,1,"ط م ع"
70,38,2,"ك ل ل"
70,38,3,"م ر ا"
70,38,6,"د خ ل"
70,38,7,"ج ن ن"
70,38,8,"ن ع م"
70,39,3,"خ ل ق"
70,39,5,"ع ل م"
70,40,2,"ق س م"
70,40,3,"ر ب ب"
70,40,4,"ش ر ق"
70,40,5,"غ ر ب"
70,40,7,"ق د ر"
70,41,3,"ب د ل"
70,41,4,"خ ي ر"
70,41,8,"س ب ق"
70,42,1,"و ذ ر"
70,42,2,"خ و ض"
70,42,3,"ل ع ب"
70,42,5,"ل ق ي"
70,42,6,"ي و م"
70,42,7,"ٱلَّذِى"
70,42,8,"و ع د"
70,43,1,"ي و م"
70,43,2,"خ ر ج"
70,43,4,"ج د ث"
70,43,5,"س ر ع"
70,43,7,"إِلَىٰ"
70,43,8,"ن ص ب"
70,43,9,"و ف ض"
70,44,1,"خ ش ع"
70,44,2,"ب ص ر"
70,44,3,"ر ه ق"
70,44,4,"ذ ل ل"
70,44,6,"ي و م"
70,44,7,"ٱلَّذِى"
70,44,8,"ك و ن"
70,44,9,"و ع د"
71,1,2,"ر س ل"
71,1,4,"إِلَىٰ"
71,1,5,"ق و م"
71,1,7,"ن ذ ر"
71,1,8,"ق و م"
71,1,10,"ق ب ل"
71,1,12,"ا ت ي"
71,1,13,"ع ذ ب"
71,1,14,"ا ل م"
71,2,1,"ق و ل"
71,2,2,"ق و م"
71,2,5,"ن ذ ر"
71,2,6,"ب ي ن"
71,3,2,"ع ب د"
71,3,3,"ا ل ه"
71,3,4,"و ق ي"
71,3,5,"ط و ع"
71,4,1,"غ ف ر"
71,4,4,"ذ ن ب"
71,4,5,"ا خ ر"
71,4,6,"إِلَىٰ"
71,4,7,"ا ج ل"
71,4,8,"س م و"
71,4,10,"ا ج ل"
71,4,11,"ا ل ه"
71,4,12,"إِذَا"
71,4,13,"ج ي ا"
71,4,15,"ا خ ر"
71,4,17,"ك و ن"
71,4,18,"ع ل م"
71,5,1,"ق و ل"
71,5,2,"ر ب ب"
71,5,4,"د ع و"
71,5,5,"ق و م"
71,5,6,"ل ي ل"
71,5,7,"ن ه ر"
71,6,2,"ز ي د"
71,6,3,"د ع و"
71,6,4,"إِلَّا"
71,6,5,"ف ر ر"
71,7,2,"ك ل ل"
71,7,3,"د ع و"
71,7,4,"غ ف ر"
71,7,6,"ج ع ل"
71,7,7,"ص ب ع"
71,7,9,"ا ذ ن"
71,7,10,"غ ش و"
71,7,11,"ث و ب"
71,7,12,"ص ر ر"
71,7,13,"ك ب ر"
71,7,14,"ك ب ر"
71,8,3,"د ع و"
71,8,4,"ج ه ر"
71,9,3,"ع ل ن"
71,9,5,"س ر ر"
71,9,7,"س ر ر"
71,10,1,"ق و ل"
71,10,2,"غ ف ر"
71,10,3,"ر ب ب"
71,10,5,"ك و ن"
71,10,6,"غ ف ر"
71,11,1,"ر س ل"
71,11,2,"س م و"
71,11,4,"د ر ر"
71,12,1,"م د د"
71,12,2,"م و ل"
71,12,3,"ب ن ي"
71,12,4,"ج ع ل"
71,12,6,"ج ن ن"
71,12,7,"ج ع ل"
71,12,9,"ن ه ر"
71,13,4,"ر ج و"
71,13,5,"ا ل ه"
71,13,6,"و ق ر"
71,14,2,"خ ل ق"
71,14,3,"ط و ر"
71,15,2,"ر ا ي"
71,15,3,"ك ي ف"
71,15,4,"خ ل ق"
71,15,5,"ا ل ه"
71,15,6,"س ب ع"
71,15,7,"س م و"
71,15,8,"ط ب ق"
71,16,1,"ج ع ل"
71,16,2,"ق م ر"
71,16,4,"ن و ر"
71,16,5,"ج ع ل"
71,16,6,"ش م س"
71,16,7,"س ر ج"
71,17,1,"ا ل ه"
71,17,2,"ن ب ت"
71,17,4,"ا ر ض"
71,17,5,"ن ب ت"
71,18,2,"ع و د"
71,18,4,"خ ر ج"
71,18,5,"خ ر ج"
71,19,1,"ا ل ه"
71,19,2,"ج ع ل"
71,19,4,"ا ر ض"
71,19,5,"ب س ط"
71,20,1,"س ل ك"
71,20,3,"س ب ل"
71,20,4,"ف ج ج"
71,21,1,"ق و ل"
71,21,3,"ر ب ب"
71,21,5,"ع ص ي"
71,21,6,"ت ب ع"
71,21,9,"ز ي د"
71,21,10,"م و ل"
71,21,11,"و ل د"
71,21,12,"إِلَّا"
71,21,13,"خ س ر"
71,22,1,"م ك ر"
71,22,2,"م ك ر"
71,22,3,"ك ب ر"
71,23,1,"ق و ل"
71,23,3,"و ذ ر"
71,23,4,"ا ل ه"
71,23,6,"و ذ ر"
71,23,7,"و د د"
71,23,9,"س و ع"
71,23,13,"ن س ر"
71,24,2,"ض ل ل"
71,24,3,"ك ث ر"
71,24,5,"ز ي د"
71,24,6,"ظ ل م"
71,24,7,"إِلَّا"
71,24,8,"ض ل ل"
71,25,2,"خ ط ا"
71,25,3,"غ ر ق"
71,25,4,"د خ ل"
71,25,5,"ن و ر"
71,25,7,"و ج د"
71,25,10,"د و ن"
71,25,11,"ا ل ه"
71,25,12,"ن ص ر"
71,26,1,"ق و ل"
71,26,3,"ر ب ب"
71,26,5,"و ذ ر"
71,26,7,"ا ر ض"
71,26,9,"ك ف ر"
71,26,10,"د و ر"
71,27,3,"و ذ ر"
71,27,4,"ض ل ل"
71,27,5,"ع ب د"
71,27,7,"و ل د"
71,27,8,"إِلَّا"
71,27,9,"ف ج ر"
71,27,10,"ك ف ر"
71,28,1,"ر ب ب"
71,28,2,"غ ف ر"
71,28,4,"و ل د"
71,28,6,"د خ ل"
71,28,7,"ب ي ت"
71,28,8,"ا م ن"
71,28,9,"ا م ن"
71,28,10,"ا م ن"
71,28,12,"ز ي د"
71,28,13,"ظ ل م"
71,28,14,"إِلَّا"
71,28,15,"ت ب ر"
72,1,1,"ق و ل"
72,1,2,"و ح ي"
72,1,3,"إِلَىٰ"
72,1,5,"س م ع"
72,1,6,"ن ف ر"
72,1,8,"ج ن ن"
72,1,9,"ق و ل"
72,1,11,"س م ع"
72,1,12,"ق ر ا"
72,1,13,"ع ج ب"
72,2,1,"ه د ي"
72,2,2,"إِلَىٰ"
72,2,3,"ر ش د"
72,2,4,"ا م ن"
72,2,7,"ش ر ك"
72,2,8,"ر ب ب"
72,2,9,"ا ح د"
72,3,2,"ع ل و"
72,3,3,"ج د د"
72,3,4,"ر ب ب"
72,3,6,"ا خ ذ"
72,3,7,"ص ح ب"
72,3,9,"و ل د"
72,4,2,"ك و ن"
72,4,3,"ق و ل"
72,4,4,"س ف ه"
72,4,6,"ا ل ه"
72,4,7,"ش ط ط"
72,5,2,"ظ ن ن"
72,5,5,"ق و ل"
72,5,6,"ا ن س"
72,5,7,"ج ن ن"
72,5,9,"ا ل ه"
72,5,10,"ك ذ ب"
72,6,2,"ك و ن"
72,6,3,"ر ج ل"
72,6,5,"ا ن س"
72,6,6,"ع و ذ"
72,6,7,"ر ج ل"
72,6,9,"ج ن ن"
72,6,10,"ز ي د"
72,6,11,"ر ه ق"
72,7,2,"ظ ن ن"
72,7,4,"ظ ن ن"
72,7,7,"ب ع ث"
72,7,8,"ا ل ه"
72,7,9,"ا ح د"
72,8,2,"ل م س"
72,8,3,"س م و"
72,8,4,"و ج د"
72,8,5,"م ل ا"
72,8,6,"ح ر س"
72,8,7,"ش د د"
72,8,8,"ش ه ب"
72,9,2,"ك و ن"
72,9,3,"ق ع د"
72,9,5,"ق ع د"
72,9,6,"س م ع"
72,9,8,"س م ع"
72,9,10,"و ج د"
72,9,12,"ش ه ب"
72,9,13,"ر ص د"
72,10,3,"د ر ي"
72,10,4,"ش ر ر"
72,10,5,"ر و د"
72,10,8,"ا ر ض"
72,10,9,"أَم"
72,10,10,"ر و د"
72,10,12,"ر ب ب"
72,10,13,"ر ش د"
72,11,3,"ص ل ح"
72,11,5,"د و ن"
72,11,7,"ك و ن"
72,11,8,"ط ر ق"
72,11,9,"ق د د"
72,12,2,"ظ ن ن"
72,12,5,"ع ج ز"
72,12,6,"ا ل ه"
72,12,8,"ا ر ض"
72,12,10,"ع ج ز"
72,12,11,"ه ر ب"
72,13,3,"س م ع"
72,13,4,"ه د ي"
72,13,5,"ا م ن"
72,13,8,"ا م ن"
72,13,9,"ر ب ب"
72,13,11,"خ و ف"
72,13,12,"ب خ س"
72,13,14,"ر ه ق"
72,14,3,"س ل م"
72,14,5,"ق س ط"
72,14,7,"س ل م"
72,14,9,"ح ر ي"
72,14,10,"ر ش د"
72,15,1,"أَمَّا"
72,15,2,"ق س ط"
72,15,3,"ك و ن"
72,15,5,"ح ط ب"
72,16,2,"ق و م"
72,16,4,"ط ر ق"
72,16,5,"س ق ي"
72,16,6,"م و ه"
72,16,7,"غ د ق"
72,17,1,"ف ت ن"
72,17,4,"ع ر ض"
72,17,6,"ذ ك ر"
72,17,7,"ر ب ب"
72,17,8,"س ل ك"
72,17,9,"ع ذ ب"
72,17,10,"ص ع د"
72,18,2,"س ج د"
72,18,3,"ا ل ه"
72,18,5,"د ع و"
72,18,7,"ا ل ه"
72,18,8,"ا ح د"
72,19,3,"ق و م"
72,19,4,"ع ب د"
72,19,5,"ا ل ه"
72,19,6,"د ع و"
72,19,7,"ك و د"
72,19,8,"ك و ن"
72,19,10,"ل ب د"
72,20,1,"ق و ل"
72,20,3,"د ع و"
72,20,4,"ر ب ب"
72,20,6,"ش ر ك"
72,20,8,"ا ح د"
72,21,1,"ق و ل"
72,21,4,"م ل ك"
72,21,6,"ض ر ر"
72,21,8,"ر ش د"
72,22,1,"ق و ل"
72,22,4,"ج و ر"
72,22,6,"ا ل ه"
72,22,7,"ا ح د"
72,22,9,"و ج د"
72,22,11,"د و ن"
72,22,12,"ل ح د"
72,23,1,"إِلَّا"
72,23,2,"ب ل غ"
72,23,4,"ا ل ه"
72,23,5,"ر س ل"
72,23,7,"ع ص ي"
72,23,8,"ا ل ه"
72,23,9,"ر س ل"
72,23,12,"ن و ر"
72,23,14,"خ ل د"
72,23,16,"ا ب د"
72,24,2,"إِذَا"
72,24,3,"ر ا ي"
72,24,5,"و ع د"
72,24,6,"ع ل م"
72,24,8,"ض ع ف"
72,24,9,"ن ص ر"
72,24,10,"ق ل ل"
72,24,11,"ع د د"
72,25,1,"ق و ل"
72,25,3,"د ر ي"
72,25,4,"ق ر ب"
72,25,6,"و ع د"
72,25,7,"أَم"
72,25,8,"ج ع ل"
72,25,10,"ر ب ب"
72,25,11,"ا م د"
72,26,1,"ع ل م"
72,26,2,"غ ي ب"
72,26,4,"ظ ه ر"
72,26,6,"غ ي ب"
72,26,7,"ا ح د"
72,27,1,"إِلَّا"
72,27,3,"ر ض و"
72,27,5,"ر س ل"
72,27,7,"س ل ك"
72,27,9,"ب ي ن"
72,27,10,"ي د ي"
72,27,12,"خ ل ف"
72,27,13,"ر ص د"
72,28,1,"ع ل م"
72,28,4,"ب ل غ"
72,28,5,"ر س ل"
72,28,6,"ر ب ب"
72,28,7,"ح و ط"
72,28,10,"ح ص ي"
72,28,11,"ك ل ل"
72,28,12,"ش ي ا"
72,28,13,"ع د د"
73,1,2,"ز م ل"
73,2,1,"ق و م"
73,2,2,"ل ي ل"
73,2,3,"إِلَّا"
73,2,4,"ق ل ل"
73,3,1,"ن ص ف"
73,3,3,"ن ق ص"
73,3,5,"ق ل ل"
73,4,2,"ز ي د"
73,4,4,"ر ت ل"
73,4,5,"ق ر ا"
73,4,6,"ر ت ل"
73,5,2,"ل ق ي"
73,5,4,"ق و ل"
73,5,5,"ث ق ل"
73,6,2,"ن ش ا"
73,6,3,"ل ي ل"
73,6,5,"ش د د"
73,6,6,"و ط ا"
73,6,7,"ق و م"
73,6,8,"ق و ل"
73,7,4,"ن ه ر"
73,7,5,"س ب ح"
73,7,6,"ط و ل"
73,8,1,"ذ ك ر"
73,8,2,"س م و"
73,8,3,"ر ب ب"
73,8,4,"ب ت ل"
73,8,5,"إِلَىٰ"
73,8,6,"ب ت ل"
73,9,1,"ر ب ب"
73,9,2,"ش ر ق"
73,9,3,"غ ر ب"
73,9,5,"ا ل ه"
73,9,6,"إِلَّا"
73,9,8,"ا خ ذ"
73,9,9,"و ك ل"
73,10,1,"ص ب ر"
73,10,4,"ق و ل"
73,10,5,"ه ج ر"
73,10,6,"ه ج ر"
73,10,7,"ج م ل"
73,11,1,"و ذ ر"
73,11,2,"ك ذ ب"
73,11,3,"ا و ل"
73,11,4,"ن ع م"
73,11,5,"م ه ل"
73,11,6,"ق ل ل"
73,12,3,"ن ك ل"
73,12,4,"ج ح م"
73,13,1,"ط ع م"
73,13,3,"غ ص ص"
73,13,4,"ع ذ ب"
73,13,5,"ا ل م"
73,14,1,"ي و م"
73,14,2,"ر ج ف"
73,14,3,"ا ر ض"
73,14,4,"ج ب ل"
73,14,5,"ك و ن"
73,14,6,"ج ب ل"
73,14,7,"ك ث ب"
73,14,8,"ه ي ل"
73,15,2,"ر س ل"
73,15,3,"إِلَىٰ"
73,15,4,"ر س ل"
73,15,5,"ش ه د"
73,15,8,"ر س ل"
73,15,9,"إِلَىٰ"
73,15,11,"ر س ل"
73,16,1,"ع ص ي"
73,16,3,"ر س ل"
73,16,4,"ا خ ذ"
73,16,5,"ا خ ذ"
73,16,6,"و ب ل"
73,17,1,"ك ي ف"
73,17,2,"و ق ي"
73,17,4,"ك ف ر"
73,17,5,"ي و م"
73,17,6,"ج ع ل"
73,17,7,"و ل د"
73,17,8,"ش ي ب"
73,18,1,"س م و"
73,18,2,"ف ط ر"
73,18,4,"ك و ن"
73,18,5,"و ع د"
73,18,6,"ف ع ل"
73,19,3,"ذ ك ر"
73,19,5,"ش ي ا"
73,19,6,"ا خ ذ"
73,19,7,"إِلَىٰ"
73,19,8,"ر ب ب"
73,19,9,"س ب ل"
73,20,2,"ر ب ب"
73,20,3,"ع ل م"
73,20,5,"ق و م"
73,20,6,"د ن و"
73,20,8,"ث ل ث"
73,20,9,"ل ي ل"
73,20,10,"ن ص ف"
73,20,11,"ث ل ث"
73,20,12,"ط و ف"
73,20,14,"ٱلَّذِى"
73,20,16,"ا ل ه"
73,20,17,"ق د ر"
73,20,18,"ل ي ل"
73,20,19,"ن ه ر"
73,20,20,"ع ل م"
73,20,23,"ح ص ي"
73,20,24,"ت و ب"
73,20,26,"ق ر ا"
73,20,28,"ي س ر"
73,20,30,"ق ر ا"
73,20,31,"ع ل م"
73,20,33,"ك و ن"
73,20,35,"م ر ض"
73,20,36,"ا خ ر"
73,20,37,"ض ر ب"
73,20,39,"ا ر ض"
73,20,40,"ب غ ي"
73,20,42,"ف ض ل"
73,20,43,"ا ل ه"
73,20,44,"ا خ ر"
73,20,45,"ق ت ل"
73,20,47,"س ب ل"
73,20,48,"ا ل ه"
73,20,49,"ق ر ا"
73,20,51,"ي س ر"
73,20,53,"ق و م"
73,20,54,"ص ل و"
73,20,55,"ا ت ي"
73,20,56,"ز ك و"
73,20,57,"ق ر ض"
73,20,58,"ا ل ه"
73,20,59,"ق ر ض"
73,20,60,"ح س ن"
73,20,62,"ق د م"
73,20,63,"ن ف س"
73,20,65,"خ ي ر"
73,20,66,"و ج د"
73,20,67,"ع ن د"
73,20,68,"ا ل ه"
73,20,70,"خ ي ر"
73,20,71,"ع ظ م"
73,20,72,"ا ج ر"
73,20,73,"غ ف ر"
73,20,74,"ا ل ه"
73,20,76,"ا ل ه"
73,20,77,"غ ف ر"
73,20,78,"ر ح م"
74,1,2,"د ث ر"
74,2,1,"ق و م"
74,2,2,"ن ذ ر"
74,3,1,"ر ب ب"
74,3,2,"ك ب ر"
74,4,1,"ث و ب"
74,4,2,"ط ه ر"
74,5,1,"ر ج ز"
74,5,2,"ه ج ر"
74,6,2,"م ن ن"
74,6,3,"ك ث ر"
74,7,1,"ر ب ب"
74,7,2,"ص ب ر"
74,8,1,"إِذَا"
74,8,2,"ن ق ر"
74,8,4,"ن ق ر"
74,9,3,"ي و م"
74,9,4,"ع س ر"
74,10,2,"ك ف ر"
74,10,3,"غ ي ر"
74,10,4,"ي س ر"
74,11,1,"و ذ ر"
74,11,3,"خ ل ق"
74,11,4,"و ح د"
74,12,1,"ج ع ل"
74,12,3,"م و ل"
74,12,4,"م د د"
74,13,1,"ب ن ي"
74,13,2,"ش ه د"
74,14,1,"م ه د"
74,14,3,"م ه د"
74,15,2,"ط م ع"
74,15,4,"ز ي د"
74,16,3,"ك و ن"
74,16,4,"ا ي ي"
74,16,5,"ع ن د"
74,17,1,"ر ه ق"
74,17,2,"ص ع د"
74,18,2,"ف ك ر"
74,18,3,"ق د ر"
74,19,1,"ق ت ل"
74,19,2,"ك ي ف"
74,19,3,"ق د ر"
74,20,2,"ق ت ل"
74,20,3,"ك ي ف"
74,20,4,"ق د ر"
74,21,2,"ن ظ ر"
74,22,2,"ع ب س"
74,22,3,"ب س ر"
74,23,2,"د ب ر"
74,23,3,"ك ب ر"
74,24,1,"ق و ل"
74,24,4,"إِلَّا"
74,24,5,"س ح ر"
74,24,6,"ا ث ر"
74,25,3,"إِلَّا"
74,25,4,"ق و ل"
74,25,5,"ب ش ر"
74,26,1,"ص ل ي"
74,27,2,"د ر ي"
74,28,2,"ب ق ي"
74,28,4,"و ذ ر"
74,29,1,"ل و ح"
74,29,2,"ب ش ر"
74,30,2,"ت س ع"
74,30,3,"ع ش ر"
74,31,2,"ج ع ل"
74,31,3,"ص ح ب"
74,31,4,"ن و ر"
74,31,5,"إِلَّا"
74,31,6,"م ل ك"
74,31,8,"ج ع ل"
74,31,9,"ع د د"
74,31,10,"إِلَّا"
74,31,11,"ف ت ن"
74,31,12,"ٱلَّذِى"
74,31,13,"ك ف ر"
74,31,14,"ي ق ن"
74,31,15,"ٱلَّذِى"
74,31,16,"ا ت ي"
74,31,17,"ك ت ب"
74,31,18,"ز ي د"
74,31,19,"ٱلَّذِى"
74,31,20,"ا م ن"
74,31,21,"ا م ن"
74,31,23,"ر ي ب"
74,31,24,"ٱلَّذِى"
74,31,25,"ا ت ي"
74,31,26,"ك ت ب"
74,31,27,"ا م ن"
74,31,28,"ق و ل"
74,31,29,"ٱلَّذِى"
74,31,31,"ق ل ب"
74,31,32,"م ر ض"
74,31,33,"ك ف ر"
74,31,35,"ر و د"
74,31,36,"ا ل ه"
74,31,38,"م ث ل"
74,31,40,"ض ل ل"
74,31,41,"ا ل ه"
74,31,43,"ش ي ا"
74,31,44,"ه د ي"
74,31,46,"ش ي ا"
74,31,48,"ع ل م"
74,31,49,"ج ن د"
74,31,50,"ر ب ب"
74,31,51,"إِلَّا"
74,31,55,"إِلَّا"
74,31,56,"ذ ك ر"
74,31,57,"ب ش ر"
74,32,2,"ق م ر"
74,33,1,"ل ي ل"
74,33,2,"إِذ"
74,33,3,"د ب ر"
74,34,1,"ص ب ح"
74,34,2,"إِذَا"
74,34,3,"س ف ر"
74,35,2,"ا ح د"
74,35,3,"ك ب ر"
74,36,1,"ن ذ ر"
74,36,2,"ب ش ر"
74,37,2,"ش ي ا"
74,37,5,"ق د م"
74,37,7,"ا خ ر"
74,38,1,"ك ل ل"
74,38,2,"ن ف س"
74,38,4,"ك س ب"
74,38,5,"ر ه ن"
74,39,1,"إِلَّا"
74,39,2,"ص ح ب"
74,39,3,"ي م ن"
74,40,2,"ج ن ن"
74,40,3,"س ا ل"
74,41,2,"ج ر م"
74,42,2,"س ل ك"
74,43,1,"ق و ل"
74,43,3,"ك و ن"
74,43,5,"ص ل و"
74,44,2,"ك و ن"
74,44,3,"ط ع م"
74,44,4,"س ك ن"
74,45,1,"ك و ن"
74,45,2,"خ و ض"
74,45,4,"خ و ض"
74,46,1,"ك و ن"
74,46,2,"ك ذ ب"
74,46,3,"ي و م"
74,46,4,"د ي ن"
74,47,2,"ا ت ي"
74,47,3,"ي ق ن"
74,48,2,"ن ف ع"
74,48,3,"ش ف ع"
74,48,4,"ش ف ع"
74,49,4,"ذ ك ر"
74,49,5,"ع ر ض"
74,50,2,"ح م ر"
74,50,3,"ن ف ر"
74,51,1,"ف ر ر"
74,51,3,"ق س ر"
74,52,2,"ر و د"
74,52,3,"ك ل ل"
74,52,4,"م ر ا"
74,52,7,"ا ت ي"
74,52,8,"ص ح ف"
74,52,9,"ن ش ر"
74,53,4,"خ و ف"
74,53,5,"ا خ ر"
74,54,3,"ذ ك ر"
74,55,2,"ش ي ا"
74,55,3,"ذ ك ر"
74,56,2,"ذ ك ر"
74,56,3,"إِلَّا"
74,56,5,"ش ي ا"
74,56,6,"ا ل ه"
74,56,8,"ا ه ل"
74,56,9,"و ق ي"
74,56,10,"ا ه ل"
74,56,11,"غ ف ر"
75,1,2,"ق س م"
75,1,3,"ي و م"
75,1,4,"ق و م"
75,2,2,"ق س م"
75,2,3,"ن ف س"
75,2,4,"ل و م"
75,3,1,"ح س ب"
75,3,2,"ا ن س"
75,3,4,"ج م ع"
75,3,5,"ع ظ م"
75,4,2,"ق د ر"
75,4,5,"س و ي"
75,4,6,"ب ن ن"
75,5,2,"ر و د"
75,5,3,"ا ن س"
75,5,4,"ف ج ر"
75,5,5,"ا م م"
75,6,1,"س ا ل"
75,6,3,"ي و م"
75,6,4,"ق و م"
75,7,1,"إِذَا"
75,7,2,"ب ر ق"
75,7,3,"ب ص ر"
75,8,1,"خ س ف"
75,8,2,"ق م ر"
75,9,1,"ج م ع"
75,9,2,"ش م س"
75,9,3,"ق م ر"
75,10,1,"ق و ل"
75,10,2,"ا ن س"
75,10,5,"ف ر ر"
75,11,3,"و ز ر"
75,12,1,"إِلَىٰ"
75,12,2,"ر ب ب"
75,12,4,"ق ر ر"
75,13,1,"ن ب ا"
75,13,2,"ا ن س"
75,13,5,"ق د م"
75,13,6,"ا خ ر"
75,14,2,"ا ن س"
75,14,4,"ن ف س"
75,14,5,"ب ص ر"
75,15,2,"ل ق ي"
75,15,3,"ع ذ ر"
75,16,2,"ح ر ك"
75,16,4,"ل س ن"
75,16,5,"ع ج ل"
75,17,3,"ج م ع"
75,17,4,"ق ر ا"
75,18,1,"إِذَا"
75,18,2,"ق ر ا"
75,18,3,"ت ب ع"
75,18,4,"ق ر ا"
75,19,4,"ب ي ن"
75,20,3,"ح ب ب"
75,20,4,"ع ج ل"
75,21,1,"و ذ ر"
75,21,2,"ا خ ر"
75,22,1,"و ج ه"
75,22,3,"ن ض ر"
75,23,1,"إِلَىٰ"
75,23,2,"ر ب ب"
75,23,3,"ن ظ ر"
75,24,1,"و ج ه"
75,24,3,"ب س ر"
75,25,1,"ظ ن ن"
75,25,3,"ف ع ل"
75,25,5,"ف ق ر"
75,26,2,"إِذَا"
75,26,3,"ب ل غ"
75,26,4,"ت ر ق"
75,27,1,"ق و ل"
75,27,3,"ر ق ي"
75,28,1,"ظ ن ن"
75,28,3,"ف ر ق"
75,29,1,"ل ف ف"
75,29,2,"س و ق"
75,29,3,"س و ق"
75,30,1,"إِلَىٰ"
75,30,2,"ر ب ب"
75,30,4,"س و ق"
75,31,2,"ص د ق"
75,31,4,"ص ل و"
75,32,2,"ك ذ ب"
75,32,3,"و ل ي"
75,33,2,"ذ ه ب"
75,33,3,"إِلَىٰ"
75,33,4,"ا ه ل"
75,33,5,"م ط و"
75,34,1,"و ل ي"
75,34,3,"و ل ي"
75,35,2,"و ل ي"
75,35,4,"و ل ي"
75,36,1,"ح س ب"
75,36,2,"ا ن س"
75,36,4,"ت ر ك"
75,36,5,"س د ي"
75,37,2,"ك و ن"
75,37,3,"ن ط ف"
75,37,5,"م ن ي"
75,37,6,"م ن ي"
75,38,2,"ك و ن"
75,38,3,"ع ل ق"
75,38,4,"خ ل ق"
75,38,5,"س و ي"
75,39,1,"ج ع ل"
75,39,3,"ز و ج"
75,39,4,"ذ ك ر"
75,39,5,"ا ن ث"
75,40,1,"ل ي س"
75,40,3,"ق د ر"
75,40,6,"ح ي ي"
75,40,7,"م و ت"
76,1,2,"ا ت ي"
76,1,4,"ا ن س"
76,1,5,"ح ي ن"
76,1,7,"د ه ر"
76,1,9,"ك و ن"
76,1,10,"ش ي ا"
76,1,11,"ذ ك ر"
76,2,2,"خ ل ق"
76,2,3,"ا ن س"
76,2,5,"ن ط ف"
76,2,6,"م ش ج"
76,2,7,"ب ل و"
76,2,8,"ج ع ل"
76,2,9,"س م ع"
76,2,10,"ب ص ر"
76,3,2,"ه د ي"
76,3,3,"س ب ل"
76,3,4,"إِمَّا"
76,3,5,"ش ك ر"
76,3,6,"إِمَّا"
76,3,7,"ك ف ر"
76,4,2,"ع ت د"
76,4,3,"ك ف ر"
76,4,4,"س ل س ل"
76,4,5,"غ ل ل"
76,4,6,"س ع ر"
76,5,2,"ب ر ر"
76,5,3,"ش ر ب"
76,5,5,"ك ا س"
76,5,6,"ك و ن"
76,5,7,"م ز ج"
76,5,8,"ك ف ر"
76,6,1,"ع ي ن"
76,6,2,"ش ر ب"
76,6,4,"ع ب د"
76,6,5,"ا ل ه"
76,6,6,"ف ج ر"
76,6,7,"ف ج ر"
76,7,1,"و ف ي"
76,7,2,"ن ذ ر"
76,7,3,"خ و ف"
76,7,4,"ي و م"
76,7,5,"ك و ن"
76,7,6,"ش ر ر"
76,7,7,"ط ي ر"
76,8,1,"ط ع م"
76,8,2,"ط ع م"
76,8,4,"ح ب ب"
76,8,5,"س ك ن"
76,8,6,"ي ت م"
76,8,7,"ا س ر"
76,9,2,"ط ع م"
76,9,3,"و ج ه"
76,9,4,"ا ل ه"
76,9,6,"ر و د"
76,9,8,"ج ز ي"
76,9,10,"ش ك ر"
76,10,2,"خ و ف"
76,10,4,"ر ب ب"
76,10,5,"ي و م"
76,10,6,"ع ب س"
76,10,7,"ق م ط ر"
76,11,1,"و ق ي"
76,11,2,"ا ل ه"
76,11,3,"ش ر ر"
76,11,5,"ي و م"
76,11,6,"ل ق ي"
76,11,7,"ن ض ر"
76,11,8,"س ر ر"
76,12,1,"ج ز ي"
76,12,3,"ص ب ر"
76,12,4,"ج ن ن"
76,12,5,"ح ر ر"
76,13,1,"و ك ا"
76,13,4,"ا ر ك"
76,13,6,"ر ا ي"
76,13,8,"ش م س"
76,13,10,"ز م ه ر"
76,14,1,"د ن و"
76,14,3,"ظ ل ل"
76,14,4,"ذ ل ل"
76,14,5,"ق ط ف"
76,14,6,"ذ ل ل"
76,15,1,"ط و ف"
76,15,3,"ا ن ي"
76,15,5,"ف ض ض"
76,15,6,"ك و ب"
76,15,7,"ك و ن"
76,15,8,"ق ر ر"
76,16,1,"ق ر ر"
76,16,3,"ف ض ض"
76,16,4,"ق د ر"
76,16,5,"ق د ر"
76,17,1,"س ق ي"
76,17,3,"ك ا س"
76,17,4,"ك و ن"
76,17,5,"م ز ج"
76,18,1,"ع ي ن"
76,18,3,"س م و"
76,19,1,"ط و ف"
76,19,3,"و ل د"
76,19,4,"خ ل د"
76,19,5,"إِذَا"
76,19,6,"ر ا ي"
76,19,7,"ح س ب"
76,19,8,"ل ا ل ا"
76,19,9,"ن ث ر"
76,20,1,"إِذَا"
76,20,2,"ر ا ي"
76,20,4,"ر ا ي"
76,20,5,"ن ع م"
76,20,6,"م ل ك"
76,20,7,"ك ب ر"
76,21,1,"ع ل و"
76,21,2,"ث و ب"
76,21,4,"خ ض ر"
76,21,5,"إِسْتَبْرَق"
76,21,6,"ح ل ي"
76,21,7,"س و ر"
76,21,9,"ف ض ض"
76,21,10,"س ق ي"
76,21,11,"ر ب ب"
76,21,12,"ش ر ب"
76,21,13,"ط ه ر"
76,22,3,"ك و ن"
76,22,5,"ج ز ي"
76,22,6,"ك و ن"
76,22,7,"س ع ي"
76,22,8,"ش ك ر"
76,23,3,"ن ز ل"
76,23,5,"ق ر ا"
76,23,6,"ن ز ل"
76,24,1,"ص ب ر"
76,24,2,"ح ك م"
76,24,3,"ر ب ب"
76,24,5,"ط و ع"
76,24,7,"ا ث م"
76,24,9,"ك ف ر"
76,25,1,"ذ ك ر"
76,25,2,"س م و"
76,25,3,"ر ب ب"
76,25,4,"ب ك ر"
76,25,5,"ا ص ل"
76,26,2,"ل ي ل"
76,26,3,"س ج د"
76,26,5,"س ب ح"
76,26,6,"ل ي ل"
76,26,7,"ط و ل"
76,27,3,"ح ب ب"
76,27,4,"ع ج ل"
76,27,5,"و ذ ر"
76,27,6,"و ر ي"
76,27,7,"ي و م"
76,27,8,"ث ق ل"
76,28,2,"خ ل ق"
76,28,3,"ش د د"
76,28,4,"ا س ر"
76,28,5,"إِذَا"
76,28,6,"ش ي ا"
76,28,7,"ب د ل"
76,28,8,"م ث ل"
76,28,9,"ب د ل"
76,29,3,"ذ ك ر"
76,29,5,"ش ي ا"
76,29,6,"ا خ ذ"
76,29,7,"إِلَىٰ"
76,29,8,"ر ب ب"
76,29,9,"س ب ل"
76,30,2,"ش ي ا"
76,30,3,"إِلَّا"
76,30,5,"ش ي ا"
76,30,6,"ا ل ه"
76,30,8,"ا ل ه"
76,30,9,"ك و ن"
76,30,10,"ع ل م"
76,30,11,"ح ك م"
76,31,1,"د خ ل"
76,31,3,"ش ي ا"
76,31,5,"ر ح م"
76,31,6,"ظ ل م"
76,31,7,"ع د د"
76,31,9,"ع ذ ب"
76,31,10,"ا ل م"
77,1,1,"ر س ل"
77,1,2,"ع ر ف"
77,2,1,"ع ص ف"
77,2,2,"ع ص ف"
77,3,1,"ن ش ر"
77,3,2,"ن ش ر"
77,4,1,"ف ر ق"
77,4,2,"ف ر ق"
77,5,1,"ل ق ي"
77,5,2,"ذ ك ر"
77,6,1,"ع ذ ر"
77,6,3,"ن ذ ر"
77,7,2,"و ع د"
77,7,3,"و ق ع"
77,8,1,"إِذَا"
77,8,2,"ن ج م"
77,8,3,"ط م س"
77,9,1,"إِذَا"
77,9,2,"س م و"
77,9,3,"ف ر ج"
77,10,1,"إِذَا"
77,10,2,"ج ب ل"
77,10,3,"ن س ف"
77,11,1,"إِذَا"
77,11,2,"ر س ل"
77,11,3,"و ق ت"
77,12,2,"ي و م"
77,12,3,"ا ج ل"
77,13,1,"ي و م"
77,13,2,"ف ص ل"
77,14,2,"د ر ي"
77,14,4,"ي و م"
77,14,5,"ف ص ل"
77,15,3,"ك ذ ب"
77,16,2,"ه ل ك"
77,16,3,"ا و ل"
77,17,2,"ت ب ع"
77,17,3,"ا خ ر"
77,18,2,"ف ع ل"
77,18,3,"ج ر م"
77,19,3,"ك ذ ب"
77,20,2,"خ ل ق"
77,20,4,"م و ه"
77,20,5,"م ه ن"
77,21,1,"ج ع ل"
77,21,3,"ق ر ر"
77,21,4,"م ك ن"
77,22,1,"إِلَىٰ"
77,22,2,"ق د ر"
77,22,3,"ع ل م"
77,23,1,"ق د ر"
77,23,2,"ن ع م"
77,23,3,"ق د ر"
77,24,3,"ك ذ ب"
77,25,2,"ج ع ل"
77,25,3,"ا ر ض"
77,25,4,"ك ف ت"
77,26,1,"ح ي ي"
77,26,2,"م و ت"
77,27,1,"ج ع ل"
77,27,3,"ر س و"
77,27,4,"ش م خ"
77,27,5,"س ق ي"
77,27,6,"م و ه"
77,27,7,"ف ر ت"
77,28,3,"ك ذ ب"
77,29,1,"ط ل ق"
77,29,2,"إِلَىٰ"
77,29,4,"ك و ن"
77,29,6,"ك ذ ب"
77,30,1,"ط ل ق"
77,30,2,"إِلَىٰ"
77,30,3,"ظ ل ل"
77,30,5,"ث ل ث"
77,30,6,"ش ع ب"
77,31,2,"ظ ل ل"
77,31,4,"غ ن ي"
77,31,6,"ل ه ب"
77,32,2,"ر م ي"
77,32,3,"ش ر ر"
77,32,4,"ق ص ر"
77,33,2,"ج م ل"
77,33,3,"ص ف ر"
77,34,3,"ك ذ ب"
77,35,2,"ي و م"
77,35,4,"ن ط ق"
77,36,2,"ا ذ ن"
77,36,4,"ع ذ ر"
77,37,3,"ك ذ ب"
77,38,2,"ي و م"
77,38,3,"ف ص ل"
77,38,4,"ج م ع"
77,38,5,"ا و ل"
77,39,2,"ك و ن"
77,39,4,"ك ي د"
77,39,5,"ك ي د"
77,40,3,"ك ذ ب"
77,41,2,"و ق ي"
77,41,4,"ظ ل ل"
77,41,5,"ع ي ن"
77,42,1,"ف ك ه"
77,42,3,"ش ه و"
77,43,1,"ا ك ل"
77,43,2,"ش ر ب"
77,43,3,"ه ن ا"
77,43,5,"ك و ن"
77,43,6,"ع م ل"
77,44,3,"ج ز ي"
77,44,4,"ح س ن"
77,45,3,"ك ذ ب"
77,46,1,"ا ك ل"
77,46,2,"م ت ع"
77,46,3,"ق ل ل"
77,46,5,"ج ر م"
77,47,3,"ك ذ ب"
77,48,1,"إِذَا"
77,48,2,"ق و ل"
77,48,4,"ر ك ع"
77,48,6,"ر ك ع"
77,49,3,"ك ذ ب"
77,50,2,"ح د ث"
77,50,3,"ب ع د"
77,50,4,"ا م ن"
78,1,2,"س ا ل"
78,2,2,"ن ب ا"
78,2,3,"ع ظ م"
78,3,1,"ٱلَّذِى"
78,3,4,"خ ل ف"
78,4,2,"ع ل م"
78,5,3,"ع ل م"
78,6,2,"ج ع ل"
78,6,3,"ا ر ض"
78,6,4,"م ه د"
78,7,1,"ج ب ل"
78,7,2,"و ت د"
78,8,1,"خ ل ق"
78,8,2,"ز و ج"
78,9,1,"ج ع ل"
78,9,2,"ن و م"
78,9,3,"س ب ت"
78,10,1,"ج ع ل"
78,10,2,"ل ي ل"
78,10,3,"ل ب س"
78,11,1,"ج ع ل"
78,11,2,"ن ه ر"
78,11,3,"ع ي ش"
78,12,1,"ب ن ي"
78,12,2,"ف و ق"
78,12,3,"س ب ع"
78,12,4,"ش د د"
78,13,1,"ج ع ل"
78,13,2,"س ر ج"
78,13,3,"و ه ج"
78,14,1,"ن ز ل"
78,14,3,"ع ص ر"
78,14,4,"م و ه"
78,14,5,"ث ج ج"
78,15,1,"خ ر ج"
78,15,3,"ح ب ب"
78,15,4,"ن ب ت"
78,16,1,"ج ن ن"
78,16,2,"ل ف ف"
78,17,2,"ي و م"
78,17,3,"ف ص ل"
78,17,4,"ك و ن"
78,17,5,"و ق ت"
78,18,1,"ي و م"
78,18,2,"ن ف خ"
78,18,4,"ص و ر"
78,18,5,"ا ت ي"
78,18,6,"ف و ج"
78,19,1,"ف ت ح"
78,19,2,"س م و"
78,19,3,"ك و ن"
78,19,4,"ب و ب"
78,20,1,"س ي ر"
78,20,2,"ج ب ل"
78,20,3,"ك و ن"
78,20,4,"س ر ب"
78,21,3,"ك و ن"
78,21,4,"ر ص د"
78,22,1,"ط غ ي"
78,22,2,"ا و ب"
78,23,1,"ل ب ث"
78,23,3,"ح ق ب"
78,24,2,"ذ و ق"
78,24,4,"ب ر د"
78,24,6,"ش ر ب"
78,25,1,"إِلَّا"
78,25,2,"ح م م"
78,25,3,"غ س ق"
78,26,1,"ج ز ي"
78,26,2,"و ف ق"
78,27,2,"ك و ن"
78,27,4,"ر ج و"
78,27,5,"ح س ب"
78,28,1,"ك ذ ب"
78,28,2,"ا ي ي"
78,28,3,"ك ذ ب"
78,29,1,"ك ل ل"
78,29,2,"ش ي ا"
78,29,3,"ح ص ي"
78,29,4,"ك ت ب"
78,30,1,"ذ و ق"
78,30,3,"ز ي د"
78,30,4,"إِلَّا"
78,30,5,"ع ذ ب"
78,31,2,"و ق ي"
78,31,3,"ف و ز"
78,32,1,"ح د ق"
78,32,2,"ع ن ب"
78,33,1,"ك ع ب"
78,33,2,"ت ر ب"
78,34,1,"ك ا س"
78,34,2,"د ه ق"
78,35,2,"س م ع"
78,35,4,"ل غ و"
78,35,6,"ك ذ ب"
78,36,1,"ج ز ي"
78,36,3,"ر ب ب"
78,36,4,"ع ط و"
78,36,5,"ح س ب"
78,37,1,"ر ب ب"
78,37,2,"س م و"
78,37,3,"ا ر ض"
78,37,5,"ب ي ن"
78,37,6,"ر ح م"
78,37,8,"م ل ك"
78,37,10,"خ ط ب"
78,38,1,"ي و م"
78,38,2,"ق و م"
78,38,3,"ر و ح"
78,38,4,"م ل ك"
78,38,5,"ص ف ف"
78,38,7,"ك ل م"
78,38,8,"إِلَّا"
78,38,10,"ا ذ ن"
78,38,12,"ر ح م"
78,38,13,"ق و ل"
78,38,14,"ص و ب"
78,39,2,"ي و م"
78,39,3,"ح ق ق"
78,39,5,"ش ي ا"
78,39,6,"ا خ ذ"
78,39,7,"إِلَىٰ"
78,39,8,"ر ب ب"
78,39,9,"ا و ب"
78,40,2,"ن ذ ر"
78,40,3,"ع ذ ب"
78,40,4,"ق ر ب"
78,40,5,"ي و م"
78,40,6,"ن ظ ر"
78,40,7,"م ر ا"
78,40,9,"ق د م"
78,40,10,"ي د ي"
78,40,11,"ق و ل"
78,40,12,"ك ف ر"
78,40,14,"ك و ن"
78,40,15,"ت ر ب"
79,1,1,"ن ز ع"
79,1,2,"غ ر ق"
79,2,1,"ن ش ط"
79,2,2,"ن ش ط"
79,3,1,"س ب ح"
79,3,2,"س ب ح"
79,4,1,"س ب ق"
79,4,2,"س ب ق"
79,5,1,"د ب ر"
79,5,2,"ا م ر"
79,6,1,"ي و م"
79,6,2,"ر ج ف"
79,6,3,"ر ج ف"
79,7,1,"ت ب ع"
79,7,2,"ر د ف"
79,8,1,"ق ل ب"
79,8,3,"و ج ف"
79,9,1,"ب ص ر"
79,9,2,"خ ش ع"
79,10,1,"ق و ل"
79,10,3,"ر د د"
79,10,5,"ح ف ر"
79,11,1,"إِذَا"
79,11,2,"ك و ن"
79,11,3,"ع ظ م"
79,11,4,"ن خ ر"
79,12,1,"ق و ل"
79,12,3,"إِذًا"
79,12,4,"ك ر ر"
79,12,5,"خ س ر"
79,13,3,"ز ج ر"
79,13,4,"و ح د"
79,14,3,"س ه ر"
79,15,2,"ا ت ي"
79,15,3,"ح د ث"
79,16,1,"إِذ"
79,16,2,"ن د و"
79,16,3,"ر ب ب"
79,16,4,"و د ي"
79,16,5,"ق د س"
79,16,6,"ط و ي"
79,17,1,"ذ ه ب"
79,17,2,"إِلَىٰ"
79,17,5,"ط غ ي"
79,18,1,"ق و ل"
79,18,4,"إِلَىٰ"
79,18,6,"ز ك و"
79,19,1,"ه د ي"
79,19,2,"إِلَىٰ"
79,19,3,"ر ب ب"
79,19,4,"خ ش ي"
79,20,1,"ر ا ي"
79,20,2,"ا ي ي"
79,20,3,"ك ب ر"
79,21,1,"ك ذ ب"
79,21,2,"ع ص ي"
79,22,2,"د ب ر"
79,22,3,"س ع ي"
79,23,1,"ح ش ر"
79,23,2,"ن د و"
79,24,1,"ق و ل"
79,24,3,"ر ب ب"
79,24,4,"ع ل و"
79,25,1,"ا خ ذ"
79,25,2,"ا ل ه"
79,25,3,"ن ك ل"
79,25,4,"ا خ ر"
79,25,5,"ا و ل"
79,26,4,"ع ب ر"
79,26,6,"خ ش ي"
79,27,2,"ش د د"
79,27,3,"خ ل ق"
79,27,4,"أَم"
79,27,5,"س م و"
79,27,6,"ب ن ي"
79,28,1,"ر ف ع"
79,28,2,"س م ك"
79,28,3,"س و ي"
79,29,1,"غ ط ش"
79,29,2,"ل ي ل"
79,29,3,"خ ر ج"
79,29,4,"ض ح و"
79,30,1,"ا ر ض"
79,30,2,"ب ع د"
79,30,4,"د ح و"
79,31,1,"خ ر ج"
79,31,3,"م و ه"
79,31,4,"ر ع ي"
79,32,1,"ج ب ل"
79,32,2,"ر س و"
79,33,1,"م ت ع"
79,33,3,"ن ع م"
79,34,1,"إِذَا"
79,34,2,"ج ي ا"
79,34,3,"ط م م"
79,34,4,"ك ب ر"
79,35,1,"ي و م"
79,35,2,"ذ ك ر"
79,35,3,"ا ن س"
79,35,5,"س ع ي"
79,36,1,"ب ر ز"
79,36,2,"ج ح م"
79,36,4,"ر ا ي"
79,37,1,"أَمَّا"
79,37,3,"ط غ ي"
79,38,1,"ا ث ر"
79,38,2,"ح ي ي"
79,38,3,"د ن و"
79,39,2,"ج ح م"
79,39,4,"ا و ي"
79,40,1,"أَمَّا"
79,40,3,"خ و ف"
79,40,4,"ق و م"
79,40,5,"ر ب ب"
79,40,6,"ن ه ي"
79,40,7,"ن ف س"
79,40,9,"ه و ي"
79,41,2,"ج ن ن"
79,41,4,"ا و ي"
79,42,1,"س ا ل"
79,42,3,"س و ع"
79,42,5,"ر س و"
79,43,4,"ذ ك ر"
79,44,1,"إِلَىٰ"
79,44,2,"ر ب ب"
79,44,3,"ن ه ي"
79,45,3,"ن ذ ر"
79,45,5,"خ ش ي"
79,46,2,"ي و م"
79,46,3,"ر ا ي"
79,46,5,"ل ب ث"
79,46,6,"إِلَّا"
79,46,7,"ع ش و"
79,46,9,"ض ح و"
80,1,1,"ع ب س"
80,1,2,"و ل ي"
80,2,2,"ج ي ا"
80,2,3,"ع م ي"
80,3,2,"د ر ي"
80,3,4,"ز ك و"
80,4,2,"ذ ك ر"
80,4,3,"ن ف ع"
80,4,4,"ذ ك ر"
80,5,1,"أَمَّا"
80,5,3,"غ ن ي"
80,6,3,"ص د ي"
80,7,4,"ز ك و"
80,8,1,"أَمَّا"
80,8,3,"ج ي ا"
80,8,4,"س ع ي"
80,9,2,"خ ش ي"
80,10,3,"ل ه و"
80,11,3,"ذ ك ر"
80,12,2,"ش ي ا"
80,12,3,"ذ ك ر"
80,13,2,"ص ح ف"
80,13,3,"ك ر م"
80,14,1,"ر ف ع"
80,14,2,"ط ه ر"
80,15,1,"ي د ي"
80,15,2,"س ف ر"
80,16,1,"ك ر م"
80,16,2,"ب ر ر"
80,17,1,"ق ت ل"
80,17,2,"ا ن س"
80,17,4,"ك ف ر"
80,18,3,"ش ي ا"
80,18,4,"خ ل ق"
80,19,2,"ن ط ف"
80,19,3,"خ ل ق"
80,19,4,"ق د ر"
80,20,2,"س ب ل"
80,20,3,"ي س ر"
80,21,2,"م و ت"
80,21,3,"ق ب ر"
80,22,2,"إِذَا"
80,22,3,"ش ي ا"
80,22,4,"ن ش ر"
80,23,3,"ق ض ي"
80,23,5,"ا م ر"
80,24,1,"ن ظ ر"
80,24,2,"ا ن س"
80,24,3,"إِلَىٰ"
80,24,4,"ط ع م"
80,25,2,"ص ب ب"
80,25,3,"م و ه"
80,25,4,"ص ب ب"
80,26,2,"ش ق ق"
80,26,3,"ا ر ض"
80,26,4,"ش ق ق"
80,27,1,"ن ب ت"
80,27,3,"ح ب ب"
80,28,1,"ع ن ب"
80,28,2,"ق ض ب"
80,29,1,"ز ي ت"
80,29,2,"ن خ ل"
80,30,1,"ح د ق"
80,30,2,"غ ل ب"
80,31,1,"ف ك ه"
80,31,2,"ا ب ب"
80,32,1,"م ت ع"
80,32,3,"ن ع م"
80,33,1,"إِذَا"
80,33,2,"ج ي ا"
80,33,3,"ص خ خ"
80,34,1,"ي و م"
80,34,2,"ف ر ر"
80,34,3,"م ر ا"
80,34,5,"ا خ و"
80,35,1,"ا م م"
80,35,2,"ا ب و"
80,36,1,"ص ح ب"
80,36,2,"ب ن ي"
80,37,1,"ك ل ل"
80,37,2,"م ر ا"
80,37,5,"ش ا ن"
80,37,6,"غ ن ي"
80,38,1,"و ج ه"
80,38,3,"س ف ر"
80,39,1,"ض ح ك"
80,39,2,"ب ش ر"
80,40,1,"و ج ه"
80,40,4,"غ ب ر"
80,41,1,"ر ه ق"
80,41,2,"ق ت ر"
80,42,3,"ك ف ر"
80,42,4,"ف ج ر"
81,1,1,"إِذَا"
81,1,2,"ش م س"
81,1,3,"ك و ر"
81,2,1,"إِذَا"
81,2,2,"ن ج م"
81,2,3,"ك د ر"
81,3,1,"إِذَا"
81,3,2,"ج ب ل"
81,3,3,"س ي ر"
81,4,1,"إِذَا"
81,4,2,"ع ش ر"
81,4,3,"ع ط ل"
81,5,1,"إِذَا"
81,5,2,"و ح ش"
81,5,3,"ح ش ر"
81,6,1,"إِذَا"
81,6,2,"ب ح ر"
81,6,3,"س ج ر"
81,7,1,"إِذَا"
81,7,2,"ن ف س"
81,7,3,"ز و ج"
81,8,1,"إِذَا"
81,8,2,"و ا د"
81,8,3,"س ا ل"
81,9,2,"ذ ن ب"
81,9,3,"ق ت ل"
81,10,1,"إِذَا"
81,10,2,"ص ح ف"
81,10,3,"ن ش ر"
81,11,1,"إِذَا"
81,11,2,"س م و"
81,11,3,"ك ش ط"
81,12,1,"إِذَا"
81,12,2,"ج ح م"
81,12,3,"س ع ر"
81,13,1,"إِذَا"
81,13,2,"ج ن ن"
81,13,3,"ز ل ف"
81,14,1,"ع ل م"
81,14,2,"ن ف س"
81,14,4,"ح ض ر"
81,15,2,"ق س م"
81,15,3,"خ ن س"
81,16,1,"ج ر ي"
81,16,2,"ك ن س"
81,17,1,"ل ي ل"
81,17,2,"إِذَا"
81,17,3,"ع س ع س"
81,18,1,"ص ب ح"
81,18,2,"إِذَا"
81,18,3,"ن ف س"
81,19,2,"ق و ل"
81,19,3,"ر س ل"
81,19,4,"ك ر م"
81,20,2,"ق و ي"
81,20,3,"ع ن د"
81,20,5,"ع ر ش"
81,20,6,"م ك ن"
81,21,1,"ط و ع"
81,21,3,"ا م ن"
81,22,2,"ص ح ب"
81,22,3,"ج ن ن"
81,23,2,"ر ا ي"
81,23,3,"ا ف ق"
81,23,4,"ب ي ن"
81,24,4,"غ ي ب"
81,24,5,"ض ن ن"
81,25,3,"ق و ل"
81,25,4,"ش ط ن"
81,25,5,"ر ج م"
81,26,2,"ذ ه ب"
81,27,3,"إِلَّا"
81,27,4,"ذ ك ر"
81,27,5,"ع ل م"
81,28,2,"ش ي ا"
81,28,5,"ق و م"
81,29,2,"ش ي ا"
81,29,3,"إِلَّا"
81,29,5,"ش ي ا"
81,29,6,"ا ل ه"
81,29,7,"ر ب ب"
81,29,8,"ع ل م"
82,1,1,"إِذَا"
82,1,2,"س م و"
82,1,3,"ف ط ر"
82,2,1,"إِذَا"
82,2,2,"ك و ك ب"
82,2,3,"ن ث ر"
82,3,1,"إِذَا"
82,3,2,"ب ح ر"
82,3,3,"ف ج ر"
82,4,1,"إِذَا"
82,4,2,"ق ب ر"
82,4,3,"ب ع ث ر"
82,5,1,"ع ل م"
82,5,2,"ن ف س"
82,5,4,"ق د م"
82,5,5,"ا خ ر"
82,6,2,"ا ن س"
82,6,4,"غ ر ر"
82,6,5,"ر ب ب"
82,6,6,"ك ر م"
82,7,1,"ٱلَّذِى"
82,7,2,"خ ل ق"
82,7,3,"س و ي"
82,7,4,"ع د ل"
82,8,3,"ص و ر"
82,8,5,"ش ي ا"
82,8,6,"ر ك ب"
82,9,3,"ك ذ ب"
82,9,4,"د ي ن"
82,10,3,"ح ف ظ"
82,11,1,"ك ر م"
82,11,2,"ك ت ب"
82,12,1,"ع ل م"
82,12,3,"ف ع ل"
82,13,2,"ب ر ر"
82,13,4,"ن ع م"
82,14,2,"ف ج ر"
82,14,4,"ج ح م"
82,15,1,"ص ل ي"
82,15,2,"ي و م"
82,15,3,"د ي ن"
82,16,4,"غ ي ب"
82,17,2,"د ر ي"
82,17,4,"ي و م"
82,17,5,"د ي ن"
82,18,3,"د ر ي"
82,18,5,"ي و م"
82,18,6,"د ي ن"
82,19,1,"ي و م"
82,19,3,"م ل ك"
82,19,4,"ن ف س"
82,19,5,"ن ف س"
82,19,6,"ش ي ا"
82,19,7,"ا م ر"
82,19,9,"ا ل ه"
83,1,2,"ط ف ف"
83,2,1,"ٱلَّذِى"
83,2,2,"إِذَا"
83,2,3,"ك ي ل"
83,2,5,"ن و س"
83,2,6,"و ف ي"
83,3,1,"إِذَا"
83,3,2,"ك ي ل"
83,3,4,"و ز ن"
83,3,5,"خ س ر"
83,4,2,"ظ ن ن"
83,4,5,"ب ع ث"
83,5,1,"ي و م"
83,5,2,"ع ظ م"
83,6,1,"ي و م"
83,6,2,"ق و م"
83,6,3,"ن و س"
83,6,4,"ر ب ب"
83,6,5,"ع ل م"
83,7,3,"ك ت ب"
83,7,4,"ف ج ر"
83,7,6,"س ج ن"
83,8,2,"د ر ي"
83,8,4,"س ج ن"
83,9,1,"ك ت ب"
83,9,2,"ر ق م"
83,10,3,"ك ذ ب"
83,11,1,"ٱلَّذِى"
83,11,2,"ك ذ ب"
83,11,3,"ي و م"
83,11,4,"د ي ن"
83,12,2,"ك ذ ب"
83,12,4,"إِلَّا"
83,12,5,"ك ل ل"
83,12,6,"ع د و"
83,12,7,"ا ث م"
83,13,1,"إِذَا"
83,13,2,"ت ل و"
83,13,4,"ا ي ي"
83,13,5,"ق و ل"
83,13,6,"س ط ر"
83,13,7,"ا و ل"
83,14,3,"ر ي ن"
83,14,5,"ق ل ب"
83,14,7,"ك و ن"
83,14,8,"ك س ب"
83,15,4,"ر ب ب"
83,15,6,"ح ج ب"
83,16,3,"ص ل ي"
83,16,4,"ج ح م"
83,17,2,"ق و ل"
83,17,4,"ٱلَّذِى"
83,17,5,"ك و ن"
83,17,7,"ك ذ ب"
83,18,3,"ك ت ب"
83,18,4,"ب ر ر"
83,18,6,"ع ل و"
83,19,2,"د ر ي"
83,19,4,"ع ل و"
83,20,1,"ك ت ب"
83,20,2,"ر ق م"
83,21,1,"ش ه د"
83,21,2,"ق ر ب"
83,22,2,"ب ر ر"
83,22,4,"ن ع م"
83,23,2,"ا ر ك"
83,23,3,"ن ظ ر"
83,24,1,"ع ر ف"
83,24,3,"و ج ه"
83,24,4,"ن ض ر"
83,24,5,"ن ع م"
83,25,1,"س ق ي"
83,25,3,"ر ح ق"
83,25,4,"خ ت م"
83,26,1,"خ ت م"
83,26,2,"م س ك"
83,26,5,"ن ف س"
83,26,6,"ن ف س"
83,27,1,"م ز ج"
83,27,3,"س ن م"
83,28,1,"ع ي ن"
83,28,2,"ش ر ب"
83,28,4,"ق ر ب"
83,29,2,"ٱلَّذِى"
83,29,3,"ج ر م"
83,29,4,"ك و ن"
83,29,6,"ٱلَّذِى"
83,29,7,"ا م ن"
83,29,8,"ض ح ك"
83,30,1,"إِذَا"
83,30,2,"م ر ر"
83,30,4,"غ م ز"
83,31,1,"إِذَا"
83,31,2,"ق ل ب"
83,31,3,"إِلَىٰ"
83,31,4,"ا ه ل"
83,31,5,"ق ل ب"
83,31,6,"ف ك ه"
83,32,1,"إِذَا"
83,32,2,"ر ا ي"
83,32,3,"ق و ل"
83,32,6,"ض ل ل"
83,33,2,"ر س ل"
83,33,4,"ح ف ظ"
83,34,1,"ي و م"
83,34,2,"ٱلَّذِى"
83,34,3,"ا م ن"
83,34,5,"ك ف ر"
83,34,6,"ض ح ك"
83,35,2,"ا ر ك"
83,35,3,"ن ظ ر"
83,36,2,"ث و ب"
83,36,3,"ك ف ر"
83,36,5,"ك و ن"
83,36,6,"ف ع ل"
84,1,1,"إِذَا"
84,1,2,"س م و"
84,1,3,"ش ق ق"
84,2,1,"ا ذ ن"
84,2,2,"ر ب ب"
84,2,3,"ح ق ق"
84,3,1,"إِذَا"
84,3,2,"ا ر ض"
84,3,3,"م د د"
84,4,1,"ل ق ي"
84,4,4,"خ ل و"
84,5,1,"ا ذ ن"
84,5,2,"ر ب ب"
84,5,3,"ح ق ق"
84,6,2,"ا ن س"
84,6,4,"ك د ح"
84,6,5,"إِلَىٰ"
84,6,6,"ر ب ب"
84,6,7,"ك د ح"
84,6,8,"ل ق ي"
84,7,1,"أَمَّا"
84,7,3,"ا ت ي"
84,7,4,"ك ت ب"
84,7,5,"ي م ن"
84,8,2,"ح س ب"
84,8,3,"ح س ب"
84,8,4,"ي س ر"
84,9,1,"ق ل ب"
84,9,2,"إِلَىٰ"
84,9,3,"ا ه ل"
84,9,4,"س ر ر"
84,10,1,"أَمَّا"
84,10,3,"ا ت ي"
84,10,4,"ك ت ب"
84,10,5,"و ر ي"
84,10,6,"ظ ه ر"
84,11,2,"د ع و"
84,11,3,"ث ب ر"
84,12,1,"ص ل ي"
84,12,2,"س ع ر"
84,13,2,"ك و ن"
84,13,4,"ا ه ل"
84,13,5,"س ر ر"
84,14,2,"ظ ن ن"
84,14,5,"ح و ر"
84,15,3,"ر ب ب"
84,15,4,"ك و ن"
84,15,6,"ب ص ر"
84,16,2,"ق س م"
84,16,3,"ش ف ق"
84,17,1,"ل ي ل"
84,17,3,"و س ق"
84,18,1,"ق م ر"
84,18,2,"إِذَا"
84,18,3,"و س ق"
84,19,1,"ر ك ب"
84,19,2,"ط ب ق"
84,19,4,"ط ب ق"
84,20,4,"ا م ن"
84,21,1,"إِذَا"
84,21,2,"ق ر ا"
84,21,4,"ق ر ا"
84,21,6,"س ج د"
84,22,2,"ٱلَّذِى"
84,22,3,"ك ف ر"
84,22,4,"ك ذ ب"
84,23,1,"ا ل ه"
84,23,2,"ع ل م"
84,23,4,"و ع ي"
84,24,1,"ب ش ر"
84,24,2,"ع ذ ب"
84,24,3,"ا ل م"
84,25,1,"إِلَّا"
84,25,2,"ٱلَّذِى"
84,25,3,"ا م ن"
84,25,4,"ع م ل"
84,25,5,"ص ل ح"
84,25,7,"ا ج ر"
84,25,8,"غ ي ر"
84,25,9,"م ن ن"
85,1,1,"س م و"
85,1,3,"ب ر ج"
85,2,1,"ي و م"
85,2,2,"و ع د"
85,3,1,"ش ه د"
85,3,2,"ش ه د"
85,4,1,"ق ت ل"
85,4,2,"ص ح ب"
85,4,3,"خ د د"
85,5,1,"ن و ر"
85,5,3,"و ق د"
85,6,1,"إِذ"
85,6,4,"ق ع د"
85,7,4,"ف ع ل"
85,7,5,"ا م ن"
85,7,6,"ش ه د"
85,8,2,"ن ق م"
85,8,4,"إِلَّا"
85,8,6,"ا م ن"
85,8,7,"ا ل ه"
85,8,8,"ع ز ز"
85,8,9,"ح م د"
85,9,1,"ٱلَّذِى"
85,9,3,"م ل ك"
85,9,4,"س م و"
85,9,5,"ا ر ض"
85,9,6,"ا ل ه"
85,9,8,"ك ل ل"
85,9,9,"ش ي ا"
85,9,10,"ش ه د"
85,10,2,"ٱلَّذِى"
85,10,3,"ف ت ن"
85,10,4,"ا م ن"
85,10,5,"ا م ن"
85,10,8,"ت و ب"
85,10,10,"ع ذ ب"
85,10,13,"ع ذ ب"
85,10,14,"ح ر ق"
85,11,2,"ٱلَّذِى"
85,11,3,"ا م ن"
85,11,4,"ع م ل"
85,11,5,"ص ل ح"
85,11,7,"ج ن ن"
85,11,8,"ج ر ي"
85,11,10,"ت ح ت"
85,11,11,"ن ه ر"
85,11,13,"ف و ز"
85,11,14,"ك ب ر"
85,12,2,"ب ط ش"
85,12,3,"ر ب ب"
85,12,4,"ش د د"
85,13,3,"ب د ا"
85,13,4,"ع و د"
85,14,2,"غ ف ر"
85,14,3,"و د د"
85,15,2,"ع ر ش"
85,15,3,"م ج د"
85,16,1,"ف ع ل"
85,16,3,"ر و د"
85,17,2,"ا ت ي"
85,17,3,"ح د ث"
85,17,4,"ج ن د"
85,19,2,"ٱلَّذِى"
85,19,3,"ك ف ر"
85,19,5,"ك ذ ب"
85,20,1,"ا ل ه"
85,20,3,"و ر ي"
85,20,4,"ح و ط"
85,21,3,"ق ر ا"
85,21,4,"م ج د"
85,22,2,"ل و ح"
85,22,3,"ح ف ظ"
86,1,1,"س م و"
86,1,2,"ط ر ق"
86,2,2,"د ر ي"
86,2,4,"ط ر ق"
86,3,1,"ن ج م"
86,3,2,"ث ق ب"
86,4,2,"ك ل ل"
86,4,3,"ن ف س"
86,4,6,"ح ف ظ"
86,5,1,"ن ظ ر"
86,5,2,"ا ن س"
86,5,4,"خ ل ق"
86,6,1,"خ ل ق"
86,6,3,"م و ه"
86,6,4,"د ف ق"
86,7,1,"خ ر ج"
86,7,3,"ب ي ن"
86,7,4,"ص ل ب"
86,7,5,"ت ر ب"
86,8,3,"ر ج ع"
86,8,4,"ق د ر"
86,9,1,"ي و م"
86,9,2,"ب ل و"
86,9,3,"س ر ر"
86,10,4,"ق و ي"
86,10,6,"ن ص ر"
86,11,1,"س م و"
86,11,3,"ر ج ع"
86,12,1,"ا ر ض"
86,12,3,"ص د ع"
86,13,2,"ق و ل"
86,13,3,"ف ص ل"
86,14,3,"ه ز ل"
86,15,2,"ك ي د"
86,15,3,"ك ي د"
86,16,1,"ك ي د"
86,16,2,"ك ي د"
86,17,1,"م ه ل"
86,17,2,"ك ف ر"
86,17,3,"م ه ل"
86,17,4,"ر و د"
87,1,1,"س ب ح"
87,1,2,"س م و"
87,1,3,"ر ب ب"
87,1,4,"ع ل و"
87,2,1,"ٱلَّذِى"
87,2,2,"خ ل ق"
87,2,3,"س و ي"
87,3,1,"ٱلَّذِى"
87,3,2,"ق د ر"
87,3,3,"ه د ي"
87,4,1,"ٱلَّذِى"
87,4,2,"خ ر ج"
87,4,3,"ر ع ي"
87,5,1,"ج ع ل"
87,5,2,"غ ث و"
87,5,3,"ح و ي"
87,6,1,"ق ر ا"
87,6,3,"ن س ي"
87,7,1,"إِلَّا"
87,7,3,"ش ي ا"
87,7,4,"ا ل ه"
87,7,6,"ع ل م"
87,7,7,"ج ه ر"
87,7,9,"خ ف ي"
87,8,1,"ي س ر"
87,8,2,"ي س ر"
87,9,1,"ذ ك ر"
87,9,3,"ن ف ع"
87,9,4,"ذ ك ر"
87,10,1,"ذ ك ر"
87,10,3,"خ ش ي"
87,11,1,"ج ن ب"
87,11,2,"ش ق و"
87,12,1,"ٱلَّذِى"
87,12,2,"ص ل ي"
87,12,3,"ن و ر"
87,12,4,"ك ب ر"
87,13,3,"م و ت"
87,13,6,"ح ي ي"
87,14,2,"ف ل ح"
87,14,4,"ز ك و"
87,15,1,"ذ ك ر"
87,15,2,"س م و"
87,15,3,"ر ب ب"
87,15,4,"ص ل و"
87,16,2,"ا ث ر"
87,16,3,"ح ي ي"
87,16,4,"د ن و"
87,17,1,"ا خ ر"
87,17,2,"خ ي ر"
87,17,3,"ب ق ي"
87,18,4,"ص ح ف"
87,18,5,"ا و ل"
87,19,1,"ص ح ف"
87,19,2,"إِبْرَاهِيم"
88,1,2,"ا ت ي"
88,1,3,"ح د ث"
88,1,4,"غ ش و"
88,2,1,"و ج ه"
88,2,3,"خ ش ع"
88,3,1,"ع م ل"
88,3,2,"ن ص ب"
88,4,1,"ص ل ي"
88,4,2,"ن و ر"
88,4,3,"ح م ي"
88,5,1,"س ق ي"
88,5,3,"ع ي ن"
88,5,4,"ا ن ي"
88,6,1,"ل ي س"
88,6,3,"ط ع م"
88,6,4,"إِلَّا"
88,6,6,"ض ر ع"
88,7,2,"س م ن"
88,7,4,"غ ن ي"
88,7,6,"ج و ع"
88,8,1,"و ج ه"
88,8,3,"ن ع م"
88,9,1,"س ع ي"
88,9,2,"ر ض و"
88,10,2,"ج ن ن"
88,10,3,"ع ل و"
88,11,2,"س م ع"
88,11,4,"ل غ و"
88,12,2,"ع ي ن"
88,12,3,"ج ر ي"
88,13,2,"س ر ر"
88,13,3,"ر ف ع"
88,14,1,"ك و ب"
88,14,2,"و ض ع"
88,15,2,"ص ف ف"
88,16,2,"ب ث ث"
88,17,2,"ن ظ ر"
88,17,3,"إِلَىٰ"
88,17,4,"ا ب ل"
88,17,5,"ك ي ف"
88,17,6,"خ ل ق"
88,18,1,"إِلَىٰ"
88,18,2,"س م و"
88,18,3,"ك ي ف"
88,18,4,"ر ف ع"
88,19,1,"إِلَىٰ"
88,19,2,"ج ب ل"
88,19,3,"ك ي ف"
88,19,4,"ن ص ب"
88,20,1,"إِلَىٰ"
88,20,2,"ا ر ض"
88,20,3,"ك ي ف"
88,20,4,"س ط ح"
88,21,1,"ذ ك ر"
88,21,4,"ذ ك ر"
88,22,1,"ل ي س"
88,22,3,"س ط ر"
88,23,1,"إِلَّا"
88,23,3,"و ل ي"
88,23,4,"ك ف ر"
88,24,1,"ع ذ ب"
88,24,2,"ا ل ه"
88,24,3,"ع ذ ب"
88,24,4,"ك ب ر"
88,25,2,"إِلَىٰ"
88,25,3,"ا و ب"
88,26,4,"ح س ب"
89,1,1,"ف ج ر"
89,2,1,"ل ي ل"
89,2,2,"ع ش ر"
89,3,1,"ش ف ع"
89,3,2,"و ت ر"
89,4,1,"ل ي ل"
89,4,2,"إِذَا"
89,4,3,"س ر ي"
89,5,4,"ق س م"
89,5,6,"ح ج ر"
89,6,2,"ر ا ي"
89,6,3,"ك ي ف"
89,6,4,"ف ع ل"
89,6,5,"ر ب ب"
89,6,6,"ع و د"
89,7,1,"إِرَم"
89,7,3,"ع م د"
89,8,1,"ٱلَّذِى"
89,8,3,"خ ل ق"
89,8,4,"م ث ل"
89,8,6,"ب ل د"
89,9,2,"ٱلَّذِى"
89,9,3,"ج و ب"
89,9,4,"ص خ ر"
89,9,5,"و د ي"
89,10,3,"و ت د"
89,11,1,"ٱلَّذِى"
89,11,2,"ط غ ي"
89,11,4,"ب ل د"
89,12,1,"ك ث ر"
89,12,3,"ف س د"
89,13,1,"ص ب ب"
89,13,3,"ر ب ب"
89,13,4,"س و ط"
89,13,5,"ع ذ ب"
89,14,2,"ر ب ب"
89,14,3,"ر ص د"
89,15,1,"أَمَّا"
89,15,2,"ا ن س"
89,15,3,"إِذَا"
89,15,5,"ب ل و"
89,15,6,"ر ب ب"
89,15,7,"ك ر م"
89,15,8,"ن ع م"
89,15,9,"ق و ل"
89,15,10,"ر ب ب"
89,15,11,"ك ر م"
89,16,1,"أَمَّا"
89,16,2,"إِذَا"
89,16,4,"ب ل و"
89,16,5,"ق د ر"
89,16,7,"ر ز ق"
89,16,8,"ق و ل"
89,16,9,"ر ب ب"
89,16,10,"ه و ن"
89,17,4,"ك ر م"
89,17,5,"ي ت م"
89,18,2,"ح ض ض"
89,18,4,"ط ع م"
89,18,5,"س ك ن"
89,19,1,"ا ك ل"
89,19,2,"و ر ث"
89,19,3,"ا ك ل"
89,19,4,"ل م م"
89,20,1,"ح ب ب"
89,20,2,"م و ل"
89,20,3,"ح ب ب"
89,20,4,"ج م م"
89,21,2,"إِذَا"
89,21,3,"د ك ك"
89,21,4,"ا ر ض"
89,21,5,"د ك ك"
89,21,6,"د ك ك"
89,22,1,"ج ي ا"
89,22,2,"ر ب ب"
89,22,3,"م ل ك"
89,22,4,"ص ف ف"
89,22,5,"ص ف ف"
89,23,1,"ج ي ا"
89,23,5,"ذ ك ر"
89,23,6,"ا ن س"
89,23,7,"ا ن ي"
89,23,9,"ذ ك ر"
89,24,1,"ق و ل"
89,24,3,"ق د م"
89,24,4,"ح ي ي"
89,25,3,"ع ذ ب"
89,25,4,"ع ذ ب"
89,25,5,"ا ح د"
89,26,2,"و ث ق"
89,26,3,"و ث ق"
89,26,4,"ا ح د"
89,27,2,"ن ف س"
89,27,3,"ط م ن"
89,28,1,"ر ج ع"
89,28,2,"إِلَىٰ"
89,28,3,"ر ب ب"
89,28,4,"ر ض و"
89,28,5,"ر ض و"
89,29,1,"د خ ل"
89,29,3,"ع ب د"
89,30,1,"د خ ل"
89,30,2,"ج ن ن"
90,1,2,"ق س م"
90,1,4,"ب ل د"
90,2,2,"ح ل ل"
90,2,4,"ب ل د"
90,3,1,"و ل د"
90,3,3,"و ل د"
90,4,2,"خ ل ق"
90,4,3,"ا ن س"
90,4,5,"ك ب د"
90,5,1,"ح س ب"
90,5,4,"ق د ر"
90,5,6,"ا ح د"
90,6,1,"ق و ل"
90,6,2,"ه ل ك"
90,6,3,"م و ل"
90,6,4,"ل ب د"
90,7,1,"ح س ب"
90,7,4,"ر ا ي"
90,7,5,"ا ح د"
90,8,2,"ج ع ل"
90,8,4,"ع ي ن"
90,9,1,"ل س ن"
90,9,2,"ش ف ه"
90,10,1,"ه د ي"
90,10,2,"ن ج د"
90,11,2,"ق ح م"
90,11,3,"ع ق ب"
90,12,2,"د ر ي"
90,12,4,"ع ق ب"
90,13,1,"ف ك ك"
90,13,2,"ر ق ب"
90,14,2,"ط ع م"
90,14,4,"ي و م"
90,14,6,"س غ ب"
90,15,1,"ي ت م"
90,15,3,"ق ر ب"
90,16,2,"س ك ن"
90,16,4,"ت ر ب"
90,17,2,"ك و ن"
90,17,4,"ٱلَّذِى"
90,17,5,"ا م ن"
90,17,6,"و ص ي"
90,17,7,"ص ب ر"
90,17,8,"و ص ي"
90,17,9,"ر ح م"
90,18,2,"ص ح ب"
90,18,3,"ي م ن"
90,19,1,"ٱلَّذِى"
90,19,2,"ك ف ر"
90,19,3,"ا ي ي"
90,19,5,"ص ح ب"
90,19,6,"ش ا م"
90,20,2,"ن و ر"
90,20,3,"و ص د"
91,1,1,"ش م س"
91,1,2,"ض ح و"
91,2,1,"ق م ر"
91,2,2,"إِذَا"
91,2,3,"ت ل و"
91,3,1,"ن ه ر"
91,3,2,"إِذَا"
91,3,3,"ج ل و"
91,4,1,"ل ي ل"
91,4,2,"إِذَا"
91,4,3,"غ ش و"
91,5,1,"س م و"
91,5,3,"ب ن ي"
91,6,1,"ا ر ض"
91,6,3,"ط ح و"
91,7,1,"ن ف س"
91,7,3,"س و ي"
91,8,1,"ل ه م"
91,8,2,"ف ج ر"
91,8,3,"و ق ي"
91,9,2,"ف ل ح"
91,9,4,"ز ك و"
91,10,2,"خ ي ب"
91,10,4,"د س و"
91,11,1,"ك ذ ب"
91,11,3,"ط غ ي"
91,12,1,"إِذ"
91,12,2,"ب ع ث"
91,12,3,"ش ق و"
91,13,1,"ق و ل"
91,13,3,"ر س ل"
91,13,4,"ا ل ه"
91,13,5,"ن و ق"
91,13,6,"ا ل ه"
91,13,7,"س ق ي"
91,14,1,"ك ذ ب"
91,14,2,"ع ق ر"
91,14,3,"د م د م"
91,14,5,"ر ب ب"
91,14,6,"ذ ن ب"
91,14,7,"س و ي"
91,15,2,"خ و ف"
91,15,3,"ع ق ب"
92,1,1,"ل ي ل"
92,1,2,"إِذَا"
92,1,3,"غ ش و"
92,2,1,"ن ه ر"
92,2,2,"إِذَا"
92,2,3,"ج ل و"
92,3,2,"خ ل ق"
92,3,3,"ذ ك ر"
92,3,4,"ا ن ث"
92,4,2,"س ع ي"
92,4,3,"ش ت ت"
92,5,1,"أَمَّا"
92,5,3,"ع ط و"
92,5,4,"و ق ي"
92,6,1,"ص د ق"
92,6,2,"ح س ن"
92,7,1,"ي س ر"
92,7,2,"ي س ر"
92,8,1,"أَمَّا"
92,8,3,"ب خ ل"
92,8,4,"غ ن ي"
92,9,1,"ك ذ ب"
92,9,2,"ح س ن"
92,10,1,"ي س ر"
92,10,2,"ع س ر"
92,11,2,"غ ن ي"
92,11,4,"م و ل"
92,11,5,"إِذَا"
92,11,6,"ر د ي"
92,12,3,"ه د ي"
92,13,3,"ا خ ر"
92,13,4,"ا و ل"
92,14,1,"ن ذ ر"
92,14,2,"ن و ر"
92,14,3,"ل ظ ي"
92,15,2,"ص ل ي"
92,15,3,"إِلَّا"
92,15,4,"ش ق و"
92,16,1,"ٱلَّذِى"
92,16,2,"ك ذ ب"
92,16,3,"و ل ي"
92,17,1,"ج ن ب"
92,17,2,"و ق ي"
92,18,1,"ٱلَّذِى"
92,18,2,"ا ت ي"
92,18,3,"م و ل"
92,18,4,"ز ك و"
92,19,2,"ا ح د"
92,19,3,"ع ن د"
92,19,5,"ن ع م"
92,19,6,"ج ز ي"
92,20,1,"إِلَّا"
92,20,2,"ب غ ي"
92,20,3,"و ج ه"
92,20,4,"ر ب ب"
92,20,5,"ع ل و"
92,21,2,"ر ض و"
93,1,1,"ض ح و"
93,2,1,"ل ي ل"
93,2,2,"إِذَا"
93,2,3,"س ج و"
93,3,2,"و د ع"
93,3,3,"ر ب ب"
93,3,5,"ق ل ي"
93,4,1,"ا خ ر"
93,4,2,"خ ي ر"
93,4,5,"ا و ل"
93,5,2,"ع ط و"
93,5,3,"ر ب ب"
93,5,4,"ر ض و"
93,6,2,"و ج د"
93,6,3,"ي ت م"
93,6,4,"ا و ي"
93,7,1,"و ج د"
93,7,2,"ض ل ل"
93,7,3,"ه د ي"
93,8,1,"و ج د"
93,8,2,"ع ي ل"
93,8,3,"غ ن ي"
93,9,1,"أَمَّا"
93,9,2,"ي ت م"
93,9,4,"ق ه ر"
93,10,1,"أَمَّا"
93,10,2,"س ا ل"
93,10,4,"ن ه ر"
93,11,1,"أَمَّا"
93,11,2,"ن ع م"
93,11,3,"ر ب ب"
93,11,4,"ح د ث"
94,1,2,"ش ر ح"
94,1,4,"ص د ر"
94,2,1,"و ض ع"
94,2,3,"و ز ر"
94,3,1,"ٱلَّذِى"
94,3,2,"ن ق ض"
94,3,3,"ظ ه ر"
94,4,1,"ر ف ع"
94,4,3,"ذ ك ر"
94,5,3,"ع س ر"
94,5,4,"ي س ر"
94,6,3,"ع س ر"
94,6,4,"ي س ر"
94,7,1,"إِذَا"
94,7,2,"ف ر غ"
94,7,3,"ن ص ب"
94,8,1,"إِلَىٰ"
94,8,2,"ر ب ب"
94,8,3,"ر غ ب"
95,1,1,"ت ي ن"
95,1,2,"ز ي ت"
95,2,1,"ط و ر"
95,3,2,"ب ل د"
95,3,3,"ا م ن"
95,4,2,"خ ل ق"
95,4,3,"ا ن س"
95,4,5,"ح س ن"
95,4,6,"ق و م"
95,5,2,"ر د د"
95,5,3,"س ف ل"
95,5,4,"س ف ل"
95,6,1,"إِلَّا"
95,6,2,"ٱلَّذِى"
95,6,3,"ا م ن"
95,6,4,"ع م ل"
95,6,5,"ص ل ح"
95,6,7,"ا ج ر"
95,6,8,"غ ي ر"
95,6,9,"م ن ن"
95,7,2,"ك ذ ب"
95,7,3,"ب ع د"
95,7,4,"د ي ن"
95,8,1,"ل ي س"
95,8,2,"ا ل ه"
95,8,3,"ح ك م"
95,8,4,"ح ك م"
96,1,1,"ق ر ا"
96,1,2,"س م و"
96,1,3,"ر ب ب"
96,1,4,"ٱلَّذِى"
96,1,5,"خ ل ق"
96,2,1,"خ ل ق"
96,2,2,"ا ن س"
96,2,4,"ع ل ق"
96,3,1,"ق ر ا"
96,3,2,"ر ب ب"
96,3,3,"ك ر م"
96,4,1,"ٱلَّذِى"
96,4,2,"ع ل م"
96,4,3,"ق ل م"
96,5,1,"ع ل م"
96,5,2,"ا ن س"
96,5,5,"ع ل م"
96,6,3,"ا ن س"
96,6,4,"ط غ ي"
96,7,2,"ر ا ي"
96,7,3,"غ ن ي"
96,8,2,"إِلَىٰ"
96,8,3,"ر ب ب"
96,8,4,"ر ج ع"
96,9,1,"ر ا ي"
96,9,2,"ٱلَّذِى"
96,9,3,"ن ه ي"
96,10,1,"ع ب د"
96,10,2,"إِذَا"
96,10,3,"ص ل و"
96,11,1,"ر ا ي"
96,11,3,"ك و ن"
96,11,5,"ه د ي"
96,12,2,"ا م ر"
96,12,3,"و ق ي"
96,13,1,"ر ا ي"
96,13,3,"ك ذ ب"
96,13,4,"و ل ي"
96,14,2,"ع ل م"
96,14,4,"ا ل ه"
96,14,5,"ر ا ي"
96,15,4,"ن ه ي"
96,15,5,"س ف ع"
96,15,6,"ن ص ي"
96,16,1,"ن ص ي"
96,16,2,"ك ذ ب"
96,16,3,"خ ط ا"
96,17,1,"د ع و"
96,17,2,"ن د و"
96,18,1,"د ع و"
96,18,2,"ز ب ن"
96,19,3,"ط و ع"
96,19,4,"س ج د"
96,19,5,"ق ر ب"
97,1,2,"ن ز ل"
97,1,4,"ل ي ل"
97,1,5,"ق د ر"
97,2,2,"د ر ي"
97,2,4,"ل ي ل"
97,2,5,"ق د ر"
97,3,1,"ل ي ل"
97,3,2,"ق د ر"
97,3,3,"خ ي ر"
97,3,5,"ا ل ف"
97,3,6,"ش ه ر"
97,4,1,"ن ز ل"
97,4,2,"م ل ك"
97,4,3,"ر و ح"
97,4,5,"ا ذ ن"
97,4,6,"ر ب ب"
97,4,8,"ك ل ل"
97,4,9,"ا م ر"
97,5,1,"س ل م"
97,5,4,"ط ل ع"
97,5,5,"ف ج ر"
98,1,2,"ك و ن"
98,1,3,"ٱلَّذِى"
98,1,4,"ك ف ر"
98,1,6,"ا ه ل"
98,1,7,"ك ت ب"
98,1,8,"ش ر ك"
98,1,9,"ف ك ك"
98,1,11,"ا ت ي"
98,1,12,"ب ي ن"
98,2,1,"ر س ل"
98,2,3,"ا ل ه"
98,2,4,"ت ل و"
98,2,5,"ص ح ف"
98,2,6,"ط ه ر"
98,3,2,"ك ت ب"
98,3,3,"ق و م"
98,4,2,"ف ر ق"
98,4,3,"ٱلَّذِى"
98,4,4,"ا ت ي"
98,4,5,"ك ت ب"
98,4,6,"إِلَّا"
98,4,8,"ب ع د"
98,4,10,"ج ي ا"
98,4,11,"ب ي ن"
98,5,2,"ا م ر"
98,5,3,"إِلَّا"
98,5,4,"ع ب د"
98,5,5,"ا ل ه"
98,5,6,"خ ل ص"
98,5,8,"د ي ن"
98,5,9,"ح ن ف"
98,5,10,"ق و م"
98,5,11,"ص ل و"
98,5,12,"ا ت ي"
98,5,13,"ز ك و"
98,5,15,"د ي ن"
98,5,16,"ق و م"
98,6,2,"ٱلَّذِى"
98,6,3,"ك ف ر"
98,6,5,"ا ه ل"
98,6,6,"ك ت ب"
98,6,7,"ش ر ك"
98,6,9,"ن و ر"
98,6,11,"خ ل د"
98,6,15,"ش ر ر"
98,6,16,"ب ر ا"
98,7,2,"ٱلَّذِى"
98,7,3,"ا م ن"
98,7,4,"ع م ل"
98,7,5,"ص ل ح"
98,7,8,"خ ي ر"
98,7,9,"ب ر ا"
98,8,1,"ج ز ي"
98,8,2,"ع ن د"
98,8,3,"ر ب ب"
98,8,4,"ج ن ن"
98,8,6,"ج ر ي"
98,8,8,"ت ح ت"
98,8,9,"ن ه ر"
98,8,10,"خ ل د"
98,8,12,"ا ب د"
98,8,13,"ر ض و"
98,8,14,"ا ل ه"
98,8,16,"ر ض و"
98,8,20,"خ ش ي"
98,8,21,"ر ب ب"
99,1,1,"إِذَا"
99,1,2,"ز ل ز ل"
99,1,3,"ا ر ض"
99,1,4,"ز ل ز ل"
99,2,1,"خ ر ج"
99,2,2,"ا ر ض"
99,2,3,"ث ق ل"
99,3,1,"ق و ل"
99,3,2,"ا ن س"
99,4,2,"ح د ث"
99,4,3,"خ ب ر"
99,5,2,"ر ب ب"
99,5,3,"و ح ي"
99,6,2,"ص د ر"
99,6,3,"ن و س"
99,6,4,"ش ت ت"
99,6,5,"ر ا ي"
99,6,6,"ع م ل"
99,7,2,"ع م ل"
99,7,3,"ث ق ل"
99,7,4,"ذ ر ر"
99,7,5,"خ ي ر"
99,7,6,"ر ا ي"
99,8,2,"ع م ل"
99,8,3,"ث ق ل"
99,8,4,"ذ ر ر"
99,8,5,"ش ر ر"
99,8,6,"ر ا ي"
100,1,1,"ع د و"
100,1,2,"ض ب ح"
100,2,1,"و ر ي"
100,2,2,"ق د ح"
100,3,1,"غ ي ر"
100,3,2,"ص ب ح"
100,4,1,"ث و ر"
100,4,3,"ن ق ع"
100,5,1,"و س ط"
100,5,3,"ج م ع"
100,6,2,"ا ن س"
100,6,3,"ر ب ب"
100,6,4,"ك ن د"
100,7,4,"ش ه د"
100,8,2,"ح ب ب"
100,8,3,"خ ي ر"
100,8,4,"ش د د"
100,9,2,"ع ل م"
100,9,3,"إِذَا"
100,9,4,"ب ع ث ر"
100,9,7,"ق ب ر"
100,10,1,"ح ص ل"
100,10,4,"ص د ر"
100,11,2,"ر ب ب"
100,11,5,"خ ب ر"
101,1,1,"ق ر ع"
101,2,2,"ق ر ع"
101,3,2,"د ر ي"
101,3,4,"ق ر ع"
101,4,1,"ي و م"
101,4,2,"ك و ن"
101,4,3,"ن و س"
101,4,4,"ف ر ش"
101,4,5,"ب ث ث"
101,5,1,"ك و ن"
101,5,2,"ج ب ل"
101,5,3,"ع ه ن"
101,5,4,"ن ف ش"
101,6,1,"أَمَّا"
101,6,3,"ث ق ل"
101,6,4,"و ز ن"
101,7,3,"ع ي ش"
101,7,4,"ر ض و"
101,8,1,"أَمَّا"
101,8,3,"خ ف ف"
101,8,4,"و ز ن"
101,9,1,"ا م م"
101,9,2,"ه و ي"
101,10,2,"د ر ي"
101,11,1,"ن و ر"
101,11,2,"ح م ي"
102,1,1,"ل ه و"
102,1,2,"ك ث ر"
102,2,2,"ز و ر"
102,2,3,"ق ب ر"
102,3,3,"ع ل م"
102,4,4,"ع ل م"
102,5,3,"ع ل م"
102,5,4,"ع ل م"
102,5,5,"ي ق ن"
102,6,1,"ر ا ي"
102,6,2,"ج ح م"
102,7,2,"ر ا ي"
102,7,3,"ع ي ن"
102,7,4,"ي ق ن"
102,8,2,"س ا ل"
102,8,5,"ن ع م"
103,1,1,"ع ص ر"
103,2,2,"ا ن س"
103,2,4,"خ س ر"
103,3,1,"إِلَّا"
103,3,2,"ٱلَّذِى"
103,3,3,"ا م ن"
103,3,4,"ع م ل"
103,3,5,"ص ل ح"
103,3,6,"و ص ي"
103,3,7,"ح ق ق"
103,3,8,"و ص ي"
103,3,9,"ص ب ر"
104,1,2,"ك ل ل"
104,1,3,"ه م ز"
104,1,4,"ل م ز"
104,2,1,"ٱلَّذِى"
104,2,2,"ج م ع"
104,2,3,"م و ل"
104,2,4,"ع د د"
104,3,1,"ح س ب"
104,3,3,"م و ل"
104,3,4,"خ ل د"
104,4,2,"ن ب ذ"
104,4,4,"ح ط م"
104,5,2,"د ر ي"
104,5,4,"ح ط م"
104,6,1,"ن و ر"
104,6,2,"ا ل ه"
104,6,3,"و ق د"
104,7,1,"ٱلَّذِى"
104,7,2,"ط ل ع"
104,7,4,"ف ا د"
104,8,3,"و ص د"
104,9,2,"ع م د"
104,9,3,"م د د"
105,1,2,"ر ا ي"
105,1,3,"ك ي ف"
105,1,4,"ف ع ل"
105,1,5,"ر ب ب"
105,1,6,"ص ح ب"
105,1,7,"ف ي ل"
105,2,2,"ج ع ل"
105,2,3,"ك ي د"
105,2,5,"ض ل ل"
105,3,1,"ر س ل"
105,3,3,"ط ي ر"
105,3,4,"ا ب ل"
105,4,1,"ر م ي"
105,4,2,"ح ج ر"
105,4,4,"س ج ل"
105,5,1,"ج ع ل"
105,5,2,"ع ص ف"
105,5,3,"ا ك ل"
106,1,1,"ا ل ف"
106,2,1,"ا ل ف"
106,2,2,"ر ح ل"
106,2,3,"ش ت و"
106,2,4,"ص ي ف"
106,3,1,"ع ب د"
106,3,2,"ر ب ب"
106,3,4,"ب ي ت"
106,4,1,"ٱلَّذِى"
106,4,2,"ط ع م"
106,4,4,"ج و ع"
106,4,5,"ا م ن"
106,4,7,"خ و ف"
107,1,1,"ر ا ي"
107,1,2,"ٱلَّذِى"
107,1,3,"ك ذ ب"
107,1,4,"د ي ن"
107,2,2,"ٱلَّذِى"
107,2,3,"د ع ع"
107,2,4,"ي ت م"
107,3,2,"ح ض ض"
107,3,4,"ط ع م"
107,3,5,"س ك ن"
107,4,2,"ص ل و"
107,5,1,"ٱلَّذِى"
107,5,4,"ص ل و"
107,5,5,"س ه و"
107,6,1,"ٱلَّذِى"
107,6,3,"ر ا ي"
107,7,1,"م ن ع"
107,7,2,"م ع ن"
108,1,2,"ع ط و"
108,1,3,"ك ث ر"
108,2,1,"ص ل و"
108,2,2,"ر ب ب"
108,2,3,"ن ح ر"
108,3,2,"ش ن ا"
108,3,4,"ب ت ر"
109,1,1,"ق و ل"
109,1,3,"ك ف ر"
109,2,2,"ع ب د"
109,2,4,"ع ب د"
109,3,3,"ع ب د"
109,3,5,"ع ب د"
109,4,3,"ع ب د"
109,4,5,"ع ب د"
109,5,3,"ع ب د"
109,5,5,"ع ب د"
109,6,2,"د ي ن"
109,6,4,"د ي ن"
110,1,1,"إِذَا"
110,1,2,"ج ي ا"
110,1,3,"ن ص ر"
110,1,4,"ا ل ه"
110,1,5,"ف ت ح"
110,2,1,"ر ا ي"
110,2,2,"ن و س"
110,2,3,"د خ ل"
110,2,5,"د ي ن"
110,2,6,"ا ل ه"
110,2,7,"ف و ج"
110,3,1,"س ب ح"
110,3,2,"ح م د"
110,3,3,"ر ب ب"
110,3,4,"غ ف ر"
110,3,6,"ك و ن"
110,3,7,"ت و ب"
111,1,1,"ت ب ب"
111,1,2,"ي د ي"
111,1,3,"ا ب و"
111,1,4,"ل ه ب"
111,1,5,"ت ب ب"
111,2,2,"غ ن ي"
111,2,4,"م و ل"
111,2,6,"ك س ب"
111,3,1,"ص ل ي"
111,3,2,"ن و ر"
111,3,4,"ل ه ب"
111,4,1,"م ر ا"
111,4,2,"ح م ل"
111,4,3,"ح ط ب"
111,5,2,"ج ي د"
111,5,3,"ح ب ل"
111,5,5,"م س د"
112,1,1,"ق و ل"
112,1,3,"ا ل ه"
112,1,4,"ا ح د"
112,2,1,"ا ل ه"
112,2,2,"ص م د"
112,3,2,"و ل د"
112,3,4,"و ل د"
112,4,2,"ك و ن"
112,4,4,"ك ف ا"
112,4,5,"ا ح د"
113,1,1,"ق و ل"
113,1,2,"ع و ذ"
113,1,3,"ر ب ب"
113,1,4,"ف ل ق"
113,2,2,"ش ر ر"
113,2,4,"خ ل ق"
113,3,2,"ش ر ر"
113,3,3,"غ س ق"
113,3,4,"إِذَا"
113,3,5,"و ق ب"
113,4,2,"ش ر ر"
113,4,3,"ن ف ث"
113,4,5,"ع ق د"
113,5,2,"ش ر ر"
113,5,3,"ح س د"
113,5,4,"إِذَا"
113,5,5,"ح س د"
114,1,1,"ق و ل"
114,1,2,"ع و ذ"
114,1,3,"ر ب ب"
114,1,4,"ن و س"
114,2,1,"م ل ك"
114,2,2,"ن و س"
114,3,1,"ا ل ه"
114,3,2,"ن و س"
114,4,2,"ش ر ر"
114,4,3,"و س و س"
114,4,4,"خ ن س"
114,5,1,"ٱلَّذِى"
114,5,2,"و س و س"
114,5,4,"ص د ر"
114,5,5,"ن و س"
114,6,2,"ج ن ن"
114,6,3,"ن و س"